event_id,timestamp,container_id,yard_zone,gate_event,cargo_status,manifest_change,action,destination_code,event_label,incident_id
CARGO-00000,2026-06-02T13:41:19Z,CONT-005198,YARD-A,GATE_OUT,RECEIVED,NO,GATE_OUT,DST-C,NORMAL,
CARGO-00001,2026-06-15T05:43:24Z,CONT-001468,YARD-C,GATE_IN,RECEIVED,NO,UNLOAD,DST-D,NORMAL,
CARGO-00002,2026-06-16T06:13:50Z,CONT-006260,YARD-C,NONE,IN_YARD,NO,GATE_OUT,DST-A,NORMAL,
CARGO-00003,2026-06-18T01:21:11Z,CONT-007965,YARD-C,GATE_OUT,HOLD,NO,GATE_OUT,DST-A,NORMAL,
CARGO-00004,2026-06-24T15:23:41Z,CONT-003575,YARD-C,GATE_IN,HOLD,NO,GATE_OUT,DST-D,NORMAL,
CARGO-00005,2026-06-21T13:15:53Z,CONT-008894,YARD-C,NONE,HOLD,NO,GATE_IN,DST-C,NORMAL,
CARGO-00006,2026-06-16T09:42:45Z,CONT-006538,YARD-A,GATE_IN,IN_YARD,NO,UNLOAD,DST-C,NORMAL,
CARGO-00007,2026-06-19T05:32:31Z,CONT-005544,YARD-B,GATE_OUT,CLEARED,NO,UNLOAD,DST-C,NORMAL,
CARGO-00008,2026-06-06T22:11:57Z,CONT-000175,YARD-A,GATE_IN,IN_YARD,NO,GATE_OUT,DST-B,NORMAL,
CARGO-00009,2026-06-11T04:05:39Z,CONT-006540,YARD-C,NONE,LOADED,NO,MANIFEST_REVIEW,DST-A,NORMAL,
CARGO-00010,2026-06-23T21:01:47Z,CONT-001615,YARD-C,GATE_IN,CLEARED,NO,GATE_OUT,DST-C,NORMAL,
CARGO-00011,2026-06-29T14:08:19Z,CONT-000320,YARD-B,GATE_OUT,RECEIVED,NO,UNLOAD,DST-D,NORMAL,
CARGO-00012,2026-06-27T17:11:31Z,CONT-001664,YARD-A,NONE,IN_YARD,NO,UNLOAD,DST-A,NORMAL,
CARGO-00013,2026-06-26T18:20:36Z,CONT-003013,YARD-B,GATE_IN,HOLD,NO,GATE_OUT,DST-A,NORMAL,
CARGO-00014,2026-06-28T12:34:46Z,CONT-008102,YARD-A,GATE_IN,LOADED,NO,LOAD,DST-C,NORMAL,
CARGO-00015,2026-06-11T13:42:22Z,CONT-008776,YARD-A,GATE_OUT,LOADED,YES,MANIFEST_CHANGE,DST-A,NORMAL,
CARGO-00016,2026-06-27T21:34:01Z,CONT-002991,YARD-B,NONE,RECEIVED,NO,UNLOAD,DST-A,NORMAL,
CARGO-00017,2026-06-09T08:03:25Z,CONT-007902,YARD-B,GATE_OUT,LOADED,NO,YARD_MOVE,DST-D,NORMAL,
CARGO-00018,2026-06-13T03:38:53Z,CONT-003502,YARD-C,NONE,LOADED,NO,MANIFEST_REVIEW,DST-A,NORMAL,
CARGO-00019,2026-06-16T08:35:18Z,CONT-001698,YARD-B,GATE_IN,LOADED,YES,MANIFEST_CHANGE,DST-D,NORMAL,
CARGO-00020,2026-06-16T07:57:25Z,CONT-004094,YARD-B,GATE_IN,HOLD,NO,YARD_MOVE,DST-A,NORMAL,
CARGO-00021,2026-06-29T10:10:29Z,CONT-005890,YARD-C,GATE_IN,HOLD,NO,GATE_IN,DST-A,NORMAL,
CARGO-00022,2026-06-20T22:17:12Z,CONT-001058,YARD-A,GATE_OUT,IN_YARD,NO,YARD_MOVE,DST-B,NORMAL,
CARGO-00023,2026-06-22T00:08:46Z,CONT-003195,YARD-A,NONE,HOLD,NO,YARD_MOVE,DST-C,NORMAL,
CARGO-00024,2026-06-03T08:31:08Z,CONT-002416,YARD-C,GATE_IN,HOLD,NO,UNLOAD,DST-D,NORMAL,
CARGO-00025,2026-06-25T21:14:33Z,CONT-006523,YARD-A,NONE,CLEARED,NO,YARD_MOVE,DST-C,NORMAL,
CARGO-00026,2026-06-11T06:50:30Z,CONT-002558,YARD-A,NONE,RECEIVED,YES,MANIFEST_CHANGE,DST-C,NORMAL,
CARGO-00027,2026-06-09T16:35:14Z,CONT-003576,YARD-B,GATE_OUT,RECEIVED,YES,MANIFEST_CHANGE,DST-C,NORMAL,
CARGO-00028,2026-06-30T09:54:45Z,CONT-007671,YARD-B,NONE,HOLD,NO,YARD_MOVE,DST-B,NORMAL,
CARGO-00029,2026-06-26T00:00:27Z,CONT-002948,YARD-A,NONE,IN_YARD,NO,GATE_OUT,DST-C,NORMAL,
CARGO-00030,2026-06-06T15:14:04Z,CONT-005679,YARD-A,GATE_IN,CLEARED,NO,LOAD,DST-C,NORMAL,
CARGO-00031,2026-06-29T04:17:49Z,CONT-004217,YARD-C,GATE_IN,IN_YARD,NO,GATE_IN,DST-A,NORMAL,
CARGO-00032,2026-06-18T00:29:28Z,CONT-003116,YARD-A,GATE_IN,HOLD,YES,MANIFEST_CHANGE,DST-B,SUSPICIOUS,
CARGO-00033,2026-06-12T07:23:21Z,CONT-002569,YARD-B,GATE_OUT,IN_YARD,NO,UNLOAD,DST-B,NORMAL,
CARGO-00034,2026-06-25T15:45:14Z,CONT-000027,YARD-A,NONE,RECEIVED,NO,GATE_IN,DST-A,NORMAL,
CARGO-00035,2026-06-03T11:44:25Z,CONT-004352,YARD-B,GATE_IN,IN_YARD,NO,UNLOAD,DST-D,NORMAL,
CARGO-00036,2026-06-15T20:29:59Z,CONT-006697,YARD-A,GATE_OUT,IN_YARD,NO,GATE_IN,DST-C,NORMAL,
CARGO-00037,2026-06-15T15:05:06Z,CONT-002229,YARD-C,GATE_OUT,HOLD,NO,GATE_OUT,DST-B,NORMAL,
CARGO-00038,2026-06-30T03:28:58Z,CONT-006615,YARD-A,GATE_IN,IN_YARD,NO,MANIFEST_REVIEW,DST-D,NORMAL,
CARGO-00039,2026-06-18T00:22:15Z,CONT-004164,YARD-A,NONE,CLEARED,NO,YARD_MOVE,DST-D,NORMAL,
CARGO-00040,2026-06-03T01:59:36Z,CONT-003672,YARD-B,GATE_IN,IN_YARD,YES,MANIFEST_CHANGE,DST-A,NORMAL,
CARGO-00041,2026-06-29T11:42:34Z,CONT-006310,YARD-A,GATE_IN,HOLD,NO,UNLOAD,DST-A,NORMAL,
CARGO-00042,2026-06-06T17:31:05Z,CONT-002380,YARD-C,GATE_IN,HOLD,NO,GATE_OUT,DST-D,NORMAL,
CARGO-00043,2026-06-03T03:06:45Z,CONT-005401,YARD-C,NONE,HOLD,NO,MANIFEST_REVIEW,DST-C,NORMAL,
CARGO-00044,2026-06-10T18:14:27Z,CONT-005112,YARD-C,GATE_IN,RECEIVED,NO,LOAD,DST-B,NORMAL,
CARGO-00045,2026-06-12T04:40:43Z,CONT-002739,YARD-C,GATE_IN,CLEARED,NO,MANIFEST_REVIEW,DST-A,NORMAL,
CARGO-00046,2026-06-10T18:29:11Z,CONT-007399,YARD-C,GATE_OUT,RECEIVED,YES,MANIFEST_CHANGE,DST-D,NORMAL,
CARGO-00047,2026-06-05T18:00:03Z,CONT-008377,YARD-C,GATE_OUT,CLEARED,NO,YARD_MOVE,DST-B,NORMAL,
CARGO-00048,2026-06-03T03:30:44Z,CONT-001769,YARD-B,GATE_OUT,RECEIVED,NO,MANIFEST_REVIEW,DST-C,NORMAL,
CARGO-00049,2026-06-05T16:19:31Z,CONT-006355,YARD-B,GATE_OUT,HOLD,NO,MANIFEST_REVIEW,DST-D,NORMAL,
CARGO-00050,2026-06-24T08:28:03Z,CONT-002077,YARD-C,GATE_IN,IN_YARD,NO,MANIFEST_REVIEW,DST-A,NORMAL,
CARGO-00051,2026-06-21T14:16:05Z,CONT-003337,YARD-C,GATE_OUT,HOLD,NO,MANIFEST_REVIEW,DST-B,NORMAL,
CARGO-00052,2026-06-23T14:30:21Z,CONT-004583,YARD-C,GATE_OUT,CLEARED,NO,LOAD,DST-D,NORMAL,
CARGO-00053,2026-06-23T11:57:40Z,CONT-001758,YARD-C,GATE_OUT,CLEARED,YES,MANIFEST_CHANGE,DST-D,NORMAL,
CARGO-00054,2026-06-30T21:57:46Z,CONT-002824,YARD-A,NONE,IN_YARD,NO,GATE_IN,DST-C,NORMAL,
CARGO-00055,2026-06-17T14:08:38Z,CONT-004568,YARD-A,GATE_IN,CLEARED,NO,YARD_MOVE,DST-B,NORMAL,
CARGO-00056,2026-06-03T07:24:32Z,CONT-008122,YARD-C,GATE_OUT,LOADED,NO,GATE_OUT,DST-B,NORMAL,
CARGO-00057,2026-06-21T12:32:30Z,CONT-000567,YARD-B,GATE_OUT,HOLD,NO,LOAD,DST-C,NORMAL,
CARGO-00058,2026-06-22T08:57:00Z,CONT-007179,YARD-A,GATE_IN,HOLD,NO,GATE_IN,DST-C,NORMAL,
CARGO-00059,2026-06-13T01:40:30Z,CONT-000144,YARD-A,GATE_OUT,IN_YARD,NO,YARD_MOVE,DST-C,NORMAL,
CARGO-00060,2026-06-17T09:28:15Z,CONT-007316,YARD-A,GATE_IN,LOADED,NO,YARD_MOVE,DST-D,NORMAL,
CARGO-00061,2026-06-09T22:48:50Z,CONT-008047,YARD-B,GATE_OUT,LOADED,NO,LOAD,DST-D,NORMAL,
CARGO-00062,2026-06-01T00:21:43Z,CONT-001684,YARD-A,NONE,RECEIVED,YES,MANIFEST_CHANGE,DST-D,NORMAL,
CARGO-00063,2026-06-10T07:09:41Z,CONT-002011,YARD-B,NONE,LOADED,NO,UNLOAD,DST-B,NORMAL,
CARGO-00064,2026-06-15T16:30:43Z,CONT-001496,YARD-C,GATE_OUT,LOADED,NO,GATE_OUT,DST-B,NORMAL,
CARGO-00065,2026-06-29T17:49:39Z,CONT-002076,YARD-B,NONE,LOADED,YES,MANIFEST_CHANGE,DST-A,NORMAL,
CARGO-00066,2026-06-21T17:59:04Z,CONT-000927,YARD-B,NONE,RECEIVED,YES,MANIFEST_CHANGE,DST-B,NORMAL,
CARGO-00067,2026-06-14T18:12:09Z,CONT-008516,YARD-A,GATE_OUT,CLEARED,NO,LOAD,DST-D,NORMAL,
CARGO-00068,2026-06-05T11:25:07Z,CONT-006912,YARD-C,GATE_IN,CLEARED,NO,MANIFEST_REVIEW,DST-D,NORMAL,
CARGO-00069,2026-06-01T12:20:32Z,CONT-008972,YARD-B,NONE,LOADED,NO,GATE_IN,DST-D,NORMAL,
CARGO-00070,2026-06-23T04:46:16Z,CONT-008105,YARD-B,GATE_IN,HOLD,NO,YARD_MOVE,DST-A,NORMAL,
CARGO-00071,2026-06-08T12:44:50Z,CONT-004053,YARD-A,GATE_OUT,RECEIVED,NO,MANIFEST_REVIEW,DST-A,NORMAL,
CARGO-00072,2026-06-13T06:14:19Z,CONT-006807,YARD-A,GATE_IN,RECEIVED,YES,MANIFEST_CHANGE,DST-C,NORMAL,
CARGO-00073,2026-06-03T00:04:44Z,CONT-004052,YARD-A,GATE_OUT,IN_YARD,NO,GATE_IN,DST-D,NORMAL,
CARGO-00074,2026-06-13T09:02:10Z,CONT-004766,YARD-B,GATE_OUT,RECEIVED,NO,GATE_IN,DST-D,NORMAL,
CARGO-00075,2026-06-21T17:23:59Z,CONT-006497,YARD-A,NONE,HOLD,NO,GATE_OUT,DST-C,NORMAL,
CARGO-00076,2026-06-03T17:02:41Z,CONT-003530,YARD-A,NONE,HOLD,NO,GATE_IN,DST-A,NORMAL,
CARGO-00077,2026-06-12T15:14:47Z,CONT-004999,YARD-A,NONE,CLEARED,NO,YARD_MOVE,DST-D,NORMAL,
CARGO-00078,2026-06-14T13:00:19Z,CONT-002014,YARD-B,GATE_OUT,LOADED,NO,UNLOAD,DST-A,NORMAL,
CARGO-00079,2026-06-08T18:02:10Z,CONT-002936,YARD-B,GATE_OUT,RECEIVED,NO,MANIFEST_REVIEW,DST-B,NORMAL,
CARGO-00080,2026-06-29T05:54:28Z,CONT-007170,YARD-C,NONE,LOADED,NO,GATE_IN,DST-D,NORMAL,
CARGO-00081,2026-06-30T01:38:37Z,CONT-006315,YARD-A,NONE,CLEARED,NO,GATE_IN,DST-B,NORMAL,
CARGO-00082,2026-06-11T14:34:41Z,CONT-007152,YARD-B,GATE_OUT,RECEIVED,NO,LOAD,DST-B,NORMAL,
CARGO-00083,2026-06-29T08:58:49Z,CONT-008939,YARD-C,NONE,LOADED,YES,MANIFEST_CHANGE,DST-C,NORMAL,
CARGO-00084,2026-06-07T15:56:52Z,CONT-004651,YARD-C,GATE_OUT,LOADED,NO,LOAD,DST-D,NORMAL,
CARGO-00085,2026-06-22T20:05:36Z,CONT-002129,YARD-A,GATE_IN,IN_YARD,NO,LOAD,DST-D,NORMAL,
CARGO-00086,2026-06-27T02:02:56Z,CONT-006033,YARD-C,NONE,IN_YARD,YES,MANIFEST_CHANGE,DST-C,NORMAL,
CARGO-00087,2026-06-10T09:24:53Z,CONT-006051,YARD-A,GATE_OUT,IN_YARD,YES,MANIFEST_CHANGE,DST-B,NORMAL,
CARGO-00088,2026-06-21T06:38:14Z,CONT-006986,YARD-C,NONE,LOADED,NO,UNLOAD,DST-B,NORMAL,
CARGO-00089,2026-06-12T00:43:12Z,CONT-001349,YARD-A,GATE_IN,IN_YARD,YES,MANIFEST_CHANGE,DST-B,NORMAL,
CARGO-00090,2026-06-06T23:46:09Z,CONT-002875,YARD-B,GATE_OUT,HOLD,NO,UNLOAD,DST-C,NORMAL,
CARGO-00091,2026-06-29T05:48:01Z,CONT-004797,YARD-A,GATE_OUT,RECEIVED,NO,MANIFEST_REVIEW,DST-D,NORMAL,
CARGO-00092,2026-06-18T06:45:54Z,CONT-001906,YARD-B,GATE_IN,CLEARED,NO,GATE_IN,DST-B,NORMAL,
CARGO-00093,2026-06-03T16:25:10Z,CONT-004994,YARD-A,NONE,CLEARED,NO,GATE_IN,DST-B,NORMAL,
CARGO-00094,2026-06-28T03:57:40Z,CONT-001745,YARD-C,GATE_OUT,RECEIVED,NO,LOAD,DST-B,NORMAL,
CARGO-00095,2026-06-07T22:14:37Z,CONT-003030,YARD-A,GATE_IN,RECEIVED,NO,MANIFEST_REVIEW,DST-D,NORMAL,
CARGO-00096,2026-06-06T12:44:32Z,CONT-007946,YARD-A,GATE_IN,CLEARED,NO,MANIFEST_REVIEW,DST-B,NORMAL,
CARGO-00097,2026-06-12T06:06:54Z,CONT-003632,YARD-B,NONE,RECEIVED,NO,LOAD,DST-B,NORMAL,
CARGO-00098,2026-06-07T15:33:54Z,CONT-008436,YARD-A,NONE,IN_YARD,NO,LOAD,DST-D,NORMAL,
CARGO-00099,2026-06-21T06:07:33Z,CONT-007463,YARD-B,GATE_IN,HOLD,NO,LOAD,DST-C,NORMAL,
CARGO-00100,2026-06-17T00:28:41Z,CONT-001620,YARD-C,NONE,RECEIVED,YES,MANIFEST_CHANGE,DST-D,NORMAL,
CARGO-00101,2026-06-17T02:30:35Z,CONT-005121,YARD-C,NONE,CLEARED,YES,MANIFEST_CHANGE,DST-A,NORMAL,
CARGO-00102,2026-06-25T05:50:36Z,CONT-001877,YARD-B,GATE_OUT,LOADED,NO,GATE_OUT,DST-B,NORMAL,
CARGO-00103,2026-06-29T20:04:22Z,CONT-001716,YARD-B,NONE,RECEIVED,NO,LOAD,DST-A,NORMAL,
CARGO-00104,2026-06-12T06:12:20Z,CONT-000177,YARD-A,NONE,IN_YARD,NO,MANIFEST_REVIEW,DST-C,NORMAL,
CARGO-00105,2026-06-05T04:06:21Z,CONT-008775,YARD-B,GATE_OUT,RECEIVED,NO,YARD_MOVE,DST-B,NORMAL,
CARGO-00106,2026-06-09T15:18:42Z,CONT-006122,YARD-A,NONE,LOADED,NO,UNLOAD,DST-C,NORMAL,
CARGO-00107,2026-06-24T14:51:21Z,CONT-001150,YARD-C,NONE,LOADED,NO,GATE_OUT,DST-A,NORMAL,
CARGO-00108,2026-06-04T02:10:11Z,CONT-008442,YARD-B,GATE_OUT,LOADED,NO,LOAD,DST-A,NORMAL,
CARGO-00109,2026-06-20T08:35:43Z,CONT-005872,YARD-A,GATE_IN,CLEARED,NO,YARD_MOVE,DST-D,NORMAL,
CARGO-00110,2026-06-22T00:21:42Z,CONT-002610,YARD-A,NONE,HOLD,NO,GATE_IN,DST-A,NORMAL,
CARGO-00111,2026-06-06T11:52:53Z,CONT-002981,YARD-B,NONE,CLEARED,NO,GATE_OUT,DST-A,NORMAL,
CARGO-00112,2026-06-12T16:58:36Z,CONT-000104,YARD-A,GATE_IN,RECEIVED,NO,GATE_IN,DST-C,NORMAL,
CARGO-00113,2026-06-25T18:23:14Z,CONT-001408,YARD-C,NONE,IN_YARD,YES,MANIFEST_CHANGE,DST-C,SUSPICIOUS,
CARGO-00114,2026-06-21T05:49:23Z,CONT-006298,YARD-B,GATE_IN,IN_YARD,YES,MANIFEST_CHANGE,DST-B,SUSPICIOUS,
CARGO-00115,2026-06-28T17:39:17Z,CONT-004062,YARD-B,NONE,CLEARED,NO,MANIFEST_REVIEW,DST-B,NORMAL,
CARGO-00116,2026-06-11T06:52:05Z,CONT-002813,YARD-A,GATE_OUT,IN_YARD,NO,LOAD,DST-C,NORMAL,
CARGO-00117,2026-06-15T09:51:45Z,CONT-002871,YARD-C,GATE_OUT,IN_YARD,NO,YARD_MOVE,DST-A,NORMAL,
CARGO-00118,2026-06-21T05:22:28Z,CONT-005766,YARD-A,NONE,LOADED,NO,GATE_IN,DST-D,NORMAL,
CARGO-00119,2026-06-02T07:40:14Z,CONT-001681,YARD-B,NONE,CLEARED,NO,MANIFEST_REVIEW,DST-B,NORMAL,
CARGO-00120,2026-06-18T02:42:18Z,CONT-002163,YARD-B,NONE,HOLD,NO,UNLOAD,DST-A,NORMAL,
CARGO-00121,2026-06-04T16:40:04Z,CONT-006846,YARD-C,NONE,IN_YARD,NO,LOAD,DST-B,NORMAL,
CARGO-00122,2026-06-25T07:42:53Z,CONT-007026,YARD-C,NONE,IN_YARD,NO,LOAD,DST-D,NORMAL,
CARGO-00123,2026-06-12T17:35:37Z,CONT-003574,YARD-A,NONE,RECEIVED,YES,MANIFEST_CHANGE,DST-A,NORMAL,
CARGO-00124,2026-06-26T07:15:14Z,CONT-007913,YARD-A,GATE_OUT,CLEARED,NO,MANIFEST_REVIEW,DST-A,NORMAL,
CARGO-00125,2026-06-24T23:08:23Z,CONT-003850,YARD-A,GATE_OUT,LOADED,NO,GATE_IN,DST-B,NORMAL,
CARGO-00126,2026-06-16T06:36:09Z,CONT-000793,YARD-B,GATE_IN,RECEIVED,NO,UNLOAD,DST-A,NORMAL,
CARGO-00127,2026-06-10T14:21:22Z,CONT-003725,YARD-A,GATE_OUT,HOLD,NO,UNLOAD,DST-B,NORMAL,
CARGO-00128,2026-06-25T23:44:48Z,CONT-000978,YARD-A,NONE,CLEARED,NO,MANIFEST_REVIEW,DST-D,NORMAL,
CARGO-00129,2026-06-13T08:50:18Z,CONT-000386,YARD-A,NONE,IN_YARD,YES,MANIFEST_CHANGE,DST-A,SUSPICIOUS,
CARGO-00130,2026-06-10T13:11:21Z,CONT-000508,YARD-B,NONE,RECEIVED,YES,MANIFEST_CHANGE,DST-B,SUSPICIOUS,
CARGO-00131,2026-06-27T12:50:37Z,CONT-005470,YARD-B,GATE_OUT,IN_YARD,NO,MANIFEST_REVIEW,DST-D,NORMAL,
CARGO-00132,2026-06-23T03:46:59Z,CONT-000747,YARD-C,GATE_OUT,HOLD,NO,GATE_OUT,DST-A,NORMAL,
CARGO-00133,2026-06-27T03:51:06Z,CONT-003516,YARD-B,GATE_IN,CLEARED,YES,MANIFEST_CHANGE,DST-D,NORMAL,
CARGO-00134,2026-06-02T13:54:47Z,CONT-002580,YARD-C,GATE_OUT,CLEARED,NO,LOAD,DST-A,NORMAL,
CARGO-00135,2026-06-24T23:49:09Z,CONT-006508,YARD-B,GATE_IN,LOADED,YES,MANIFEST_CHANGE,DST-A,SUSPICIOUS,
CARGO-00136,2026-06-23T12:00:34Z,CONT-005167,YARD-B,NONE,CLEARED,NO,YARD_MOVE,DST-D,NORMAL,
CARGO-00137,2026-06-13T21:29:55Z,CONT-005503,YARD-B,NONE,CLEARED,YES,MANIFEST_CHANGE,DST-D,NORMAL,
CARGO-00138,2026-06-15T01:39:45Z,CONT-000607,YARD-C,GATE_OUT,HOLD,NO,GATE_OUT,DST-D,NORMAL,
CARGO-00139,2026-06-12T19:33:26Z,CONT-004724,YARD-A,GATE_OUT,RECEIVED,YES,MANIFEST_CHANGE,DST-D,SUSPICIOUS,
CARGO-00140,2026-06-10T22:56:07Z,CONT-005293,YARD-A,GATE_OUT,LOADED,NO,GATE_IN,DST-D,NORMAL,
CARGO-00141,2026-06-18T12:50:13Z,CONT-000588,YARD-C,GATE_OUT,HOLD,NO,MANIFEST_REVIEW,DST-C,NORMAL,
CARGO-00142,2026-06-25T22:07:26Z,CONT-006731,YARD-B,NONE,CLEARED,NO,UNLOAD,DST-B,NORMAL,
CARGO-00143,2026-06-01T21:39:28Z,CONT-000314,YARD-C,GATE_IN,RECEIVED,NO,GATE_OUT,DST-D,NORMAL,
CARGO-00144,2026-06-21T19:32:03Z,CONT-001024,YARD-B,GATE_OUT,IN_YARD,NO,YARD_MOVE,DST-D,NORMAL,
CARGO-00145,2026-06-16T20:43:53Z,CONT-006739,YARD-C,NONE,LOADED,NO,LOAD,DST-D,NORMAL,
CARGO-00146,2026-06-15T02:21:14Z,CONT-000728,YARD-B,GATE_IN,HOLD,NO,YARD_MOVE,DST-A,NORMAL,
CARGO-00147,2026-06-06T15:09:21Z,CONT-005222,YARD-A,GATE_IN,HOLD,NO,GATE_IN,DST-C,NORMAL,
CARGO-00148,2026-06-07T16:31:42Z,CONT-008459,YARD-C,GATE_IN,CLEARED,YES,MANIFEST_CHANGE,DST-B,NORMAL,
CARGO-00149,2026-06-12T04:45:27Z,CONT-001286,YARD-B,NONE,HOLD,NO,MANIFEST_REVIEW,DST-D,NORMAL,
CARGO-00150,2026-06-21T10:07:58Z,CONT-005998,YARD-B,NONE,IN_YARD,YES,MANIFEST_CHANGE,DST-D,NORMAL,
CARGO-00151,2026-06-21T08:20:31Z,CONT-000091,YARD-B,NONE,RECEIVED,NO,LOAD,DST-C,NORMAL,
CARGO-00152,2026-06-28T13:15:26Z,CONT-007461,YARD-A,GATE_IN,LOADED,YES,MANIFEST_CHANGE,DST-A,SUSPICIOUS,
CARGO-00153,2026-06-01T11:02:16Z,CONT-000335,YARD-B,GATE_OUT,CLEARED,YES,MANIFEST_CHANGE,DST-D,NORMAL,
CARGO-00154,2026-06-11T16:48:57Z,CONT-007377,YARD-C,NONE,HOLD,YES,MANIFEST_CHANGE,DST-A,NORMAL,
CARGO-00155,2026-06-09T02:31:32Z,CONT-002094,YARD-B,NONE,CLEARED,NO,LOAD,DST-B,NORMAL,
CARGO-00156,2026-06-02T07:14:38Z,CONT-007704,YARD-A,GATE_OUT,LOADED,NO,GATE_OUT,DST-A,NORMAL,
CARGO-00157,2026-06-28T08:45:16Z,CONT-008062,YARD-A,GATE_OUT,CLEARED,NO,GATE_IN,DST-D,NORMAL,
CARGO-00158,2026-06-04T07:01:19Z,CONT-005740,YARD-A,GATE_IN,HOLD,NO,LOAD,DST-B,NORMAL,
CARGO-00159,2026-06-29T03:16:09Z,CONT-008642,YARD-B,GATE_IN,RECEIVED,NO,UNLOAD,DST-A,NORMAL,
CARGO-00160,2026-06-22T00:56:34Z,CONT-002995,YARD-C,GATE_OUT,RECEIVED,NO,GATE_IN,DST-C,NORMAL,
CARGO-00161,2026-06-21T09:25:28Z,CONT-002757,YARD-A,GATE_OUT,IN_YARD,YES,MANIFEST_CHANGE,DST-D,NORMAL,
CARGO-00162,2026-06-28T03:36:55Z,CONT-007891,YARD-C,NONE,RECEIVED,YES,MANIFEST_CHANGE,DST-C,NORMAL,
CARGO-00163,2026-06-21T02:10:42Z,CONT-004477,YARD-C,GATE_IN,RECEIVED,NO,MANIFEST_REVIEW,DST-C,NORMAL,
CARGO-00164,2026-06-16T11:23:15Z,CONT-003632,YARD-C,GATE_OUT,RECEIVED,NO,LOAD,DST-A,NORMAL,
CARGO-00165,2026-06-03T03:34:17Z,CONT-003994,YARD-C,GATE_OUT,CLEARED,NO,GATE_OUT,DST-D,NORMAL,
CARGO-00166,2026-06-15T07:52:37Z,CONT-008068,YARD-B,GATE_OUT,IN_YARD,NO,GATE_OUT,DST-C,NORMAL,
CARGO-00167,2026-06-10T08:22:05Z,CONT-006335,YARD-A,NONE,HOLD,NO,GATE_IN,DST-C,NORMAL,
CARGO-00168,2026-06-11T18:45:08Z,CONT-006714,YARD-B,NONE,CLEARED,NO,GATE_IN,DST-C,NORMAL,
CARGO-00169,2026-06-04T04:28:28Z,CONT-006605,YARD-A,NONE,LOADED,NO,UNLOAD,DST-C,NORMAL,
CARGO-00170,2026-06-08T22:44:33Z,CONT-003237,YARD-A,GATE_OUT,LOADED,NO,MANIFEST_REVIEW,DST-A,NORMAL,
CARGO-00171,2026-06-15T08:36:18Z,CONT-008089,YARD-B,GATE_OUT,LOADED,YES,MANIFEST_CHANGE,DST-D,NORMAL,
CARGO-00172,2026-06-01T03:49:20Z,CONT-008614,YARD-A,GATE_OUT,RECEIVED,NO,UNLOAD,DST-A,NORMAL,
CARGO-00173,2026-06-30T21:46:03Z,CONT-003834,YARD-B,NONE,IN_YARD,NO,YARD_MOVE,DST-A,NORMAL,
CARGO-00174,2026-06-25T00:57:37Z,CONT-008512,YARD-A,NONE,IN_YARD,YES,MANIFEST_CHANGE,DST-D,SUSPICIOUS,
CARGO-00175,2026-06-03T01:56:15Z,CONT-000679,YARD-A,GATE_IN,HOLD,YES,MANIFEST_CHANGE,DST-B,NORMAL,
CARGO-00176,2026-06-14T04:51:38Z,CONT-007489,YARD-C,GATE_IN,LOADED,NO,YARD_MOVE,DST-C,NORMAL,
CARGO-00177,2026-06-28T02:09:48Z,CONT-005270,YARD-A,NONE,LOADED,NO,MANIFEST_REVIEW,DST-B,NORMAL,
CARGO-00178,2026-06-14T03:21:56Z,CONT-007233,YARD-A,NONE,HOLD,NO,LOAD,DST-C,NORMAL,
CARGO-00179,2026-06-17T06:07:37Z,CONT-008523,YARD-A,GATE_IN,IN_YARD,NO,MANIFEST_REVIEW,DST-B,NORMAL,
CARGO-00180,2026-06-24T10:48:53Z,CONT-008055,YARD-B,GATE_IN,CLEARED,NO,UNLOAD,DST-B,NORMAL,
CARGO-00181,2026-06-16T15:31:46Z,CONT-000703,YARD-C,NONE,IN_YARD,NO,YARD_MOVE,DST-B,NORMAL,
CARGO-00182,2026-06-20T07:04:07Z,CONT-005491,YARD-B,NONE,CLEARED,NO,GATE_IN,DST-C,NORMAL,
CARGO-00183,2026-06-08T21:00:13Z,CONT-008720,YARD-B,NONE,IN_YARD,NO,LOAD,DST-B,NORMAL,
CARGO-00184,2026-06-30T09:14:04Z,CONT-008813,YARD-C,GATE_IN,IN_YARD,NO,YARD_MOVE,DST-A,NORMAL,
CARGO-00185,2026-06-13T02:04:40Z,CONT-006586,YARD-A,GATE_IN,IN_YARD,YES,MANIFEST_CHANGE,DST-B,NORMAL,
CARGO-00186,2026-06-14T06:30:30Z,CONT-000597,YARD-C,GATE_OUT,IN_YARD,NO,UNLOAD,DST-B,NORMAL,
CARGO-00187,2026-06-22T15:57:27Z,CONT-002949,YARD-C,GATE_IN,IN_YARD,NO,LOAD,DST-C,NORMAL,
CARGO-00188,2026-06-25T23:04:07Z,CONT-003139,YARD-B,GATE_OUT,HOLD,NO,LOAD,DST-C,NORMAL,
CARGO-00189,2026-06-03T11:17:19Z,CONT-000033,YARD-A,GATE_IN,HOLD,NO,YARD_MOVE,DST-C,NORMAL,
CARGO-00190,2026-06-02T14:30:27Z,CONT-003920,YARD-C,NONE,HOLD,NO,GATE_OUT,DST-A,NORMAL,
CARGO-00191,2026-06-18T12:53:47Z,CONT-007363,YARD-B,NONE,HOLD,NO,MANIFEST_REVIEW,DST-D,NORMAL,
CARGO-00192,2026-06-17T21:59:46Z,CONT-005212,YARD-C,GATE_IN,RECEIVED,NO,YARD_MOVE,DST-B,NORMAL,
CARGO-00193,2026-06-25T05:10:31Z,CONT-006710,YARD-B,GATE_OUT,IN_YARD,NO,GATE_OUT,DST-D,NORMAL,
CARGO-00194,2026-06-28T23:40:48Z,CONT-007106,YARD-C,GATE_IN,IN_YARD,NO,UNLOAD,DST-C,NORMAL,
CARGO-00195,2026-06-01T07:25:43Z,CONT-008326,YARD-A,GATE_IN,HOLD,NO,UNLOAD,DST-B,NORMAL,
CARGO-00196,2026-06-28T19:01:19Z,CONT-004335,YARD-C,GATE_IN,RECEIVED,NO,UNLOAD,DST-B,NORMAL,
CARGO-00197,2026-06-13T13:47:42Z,CONT-008981,YARD-C,GATE_OUT,IN_YARD,NO,GATE_IN,DST-C,NORMAL,
CARGO-00198,2026-06-12T09:23:46Z,CONT-001842,YARD-C,NONE,HOLD,NO,LOAD,DST-C,NORMAL,
CARGO-00199,2026-06-30T11:05:02Z,CONT-002361,YARD-A,NONE,HOLD,NO,LOAD,DST-D,NORMAL,
CARGO-00200,2026-06-01T11:51:45Z,CONT-004310,YARD-C,GATE_IN,RECEIVED,NO,GATE_IN,DST-C,NORMAL,
CARGO-00201,2026-06-15T02:49:08Z,CONT-003773,YARD-B,GATE_OUT,LOADED,YES,MANIFEST_CHANGE,DST-B,NORMAL,
CARGO-00202,2026-06-26T06:40:08Z,CONT-004316,YARD-B,GATE_IN,CLEARED,YES,MANIFEST_CHANGE,DST-A,NORMAL,
CARGO-00203,2026-06-22T15:27:35Z,CONT-007320,YARD-C,NONE,HOLD,NO,YARD_MOVE,DST-C,NORMAL,
CARGO-00204,2026-06-24T06:36:49Z,CONT-001669,YARD-A,GATE_OUT,RECEIVED,YES,MANIFEST_CHANGE,DST-D,NORMAL,
CARGO-00205,2026-06-18T16:11:10Z,CONT-008257,YARD-A,NONE,HOLD,NO,YARD_MOVE,DST-C,NORMAL,
CARGO-00206,2026-06-30T08:04:44Z,CONT-005271,YARD-C,GATE_OUT,IN_YARD,YES,MANIFEST_CHANGE,DST-A,NORMAL,
CARGO-00207,2026-06-07T18:08:12Z,CONT-000754,YARD-B,NONE,CLEARED,YES,MANIFEST_CHANGE,DST-B,NORMAL,
CARGO-00208,2026-06-01T01:37:03Z,CONT-008732,YARD-B,NONE,CLEARED,NO,YARD_MOVE,DST-C,NORMAL,
CARGO-00209,2026-06-09T06:32:57Z,CONT-005036,YARD-C,GATE_IN,HOLD,NO,LOAD,DST-C,NORMAL,
CARGO-00210,2026-06-28T09:54:16Z,CONT-002267,YARD-A,NONE,RECEIVED,YES,MANIFEST_CHANGE,DST-D,SUSPICIOUS,
CARGO-00211,2026-06-18T11:24:10Z,CONT-007690,YARD-C,GATE_IN,RECEIVED,NO,LOAD,DST-B,NORMAL,
CARGO-00212,2026-06-16T05:19:55Z,CONT-007674,YARD-C,GATE_OUT,LOADED,NO,GATE_OUT,DST-A,NORMAL,
CARGO-00213,2026-06-23T23:25:36Z,CONT-003235,YARD-C,GATE_IN,CLEARED,NO,MANIFEST_REVIEW,DST-B,NORMAL,
CARGO-00214,2026-06-12T15:48:40Z,CONT-005226,YARD-C,GATE_IN,HOLD,NO,GATE_OUT,DST-C,NORMAL,
CARGO-00215,2026-06-24T13:07:12Z,CONT-005481,YARD-C,NONE,IN_YARD,NO,YARD_MOVE,DST-C,NORMAL,
CARGO-00216,2026-06-07T19:45:00Z,CONT-005336,YARD-C,GATE_OUT,LOADED,NO,UNLOAD,DST-A,NORMAL,
CARGO-00217,2026-06-19T07:59:07Z,CONT-003236,YARD-B,NONE,HOLD,NO,YARD_MOVE,DST-A,NORMAL,
CARGO-00218,2026-06-13T12:00:32Z,CONT-008582,YARD-A,NONE,CLEARED,NO,UNLOAD,DST-C,NORMAL,
CARGO-00219,2026-06-12T08:04:37Z,CONT-005939,YARD-C,NONE,LOADED,NO,GATE_IN,DST-B,NORMAL,
CARGO-00220,2026-06-18T08:12:30Z,CONT-006520,YARD-B,GATE_OUT,LOADED,YES,MANIFEST_CHANGE,DST-C,NORMAL,
CARGO-00221,2026-06-23T04:55:19Z,CONT-000386,YARD-C,NONE,RECEIVED,NO,UNLOAD,DST-A,NORMAL,
CARGO-00222,2026-06-20T19:54:59Z,CONT-008978,YARD-C,GATE_IN,IN_YARD,YES,MANIFEST_CHANGE,DST-C,NORMAL,
CARGO-00223,2026-06-06T22:07:26Z,CONT-005322,YARD-C,NONE,HOLD,YES,MANIFEST_CHANGE,DST-C,NORMAL,
CARGO-00224,2026-06-10T10:10:33Z,CONT-002663,YARD-C,GATE_IN,HOLD,NO,MANIFEST_REVIEW,DST-C,NORMAL,
CARGO-00225,2026-06-03T21:56:55Z,CONT-003914,YARD-C,GATE_OUT,IN_YARD,NO,GATE_OUT,DST-A,NORMAL,
CARGO-00226,2026-06-03T22:13:01Z,CONT-008725,YARD-C,NONE,IN_YARD,NO,GATE_OUT,DST-B,NORMAL,
CARGO-00227,2026-06-07T19:10:37Z,CONT-005835,YARD-C,NONE,HOLD,NO,GATE_OUT,DST-C,NORMAL,
CARGO-00228,2026-06-20T07:30:15Z,CONT-001130,YARD-A,GATE_OUT,RECEIVED,NO,GATE_OUT,DST-B,NORMAL,
CARGO-00229,2026-06-21T07:20:12Z,CONT-001649,YARD-A,GATE_IN,IN_YARD,NO,YARD_MOVE,DST-D,NORMAL,
CARGO-00230,2026-06-13T13:28:57Z,CONT-008185,YARD-A,GATE_OUT,IN_YARD,NO,MANIFEST_REVIEW,DST-A,NORMAL,
CARGO-00231,2026-06-01T06:36:20Z,CONT-008018,YARD-A,GATE_IN,HOLD,NO,GATE_IN,DST-A,NORMAL,
CARGO-00232,2026-06-03T09:12:03Z,CONT-006051,YARD-C,NONE,HOLD,NO,UNLOAD,DST-C,NORMAL,
CARGO-00233,2026-06-21T19:48:04Z,CONT-005147,YARD-C,NONE,HOLD,NO,LOAD,DST-A,NORMAL,
CARGO-00234,2026-06-21T08:36:36Z,CONT-001787,YARD-A,GATE_IN,CLEARED,NO,GATE_OUT,DST-B,NORMAL,
CARGO-00235,2026-06-26T23:39:04Z,CONT-005817,YARD-B,GATE_OUT,RECEIVED,NO,LOAD,DST-D,NORMAL,
CARGO-00236,2026-06-10T07:39:46Z,CONT-008069,YARD-C,NONE,IN_YARD,NO,GATE_IN,DST-C,NORMAL,
CARGO-00237,2026-06-16T21:18:51Z,CONT-000605,YARD-A,GATE_IN,HOLD,NO,UNLOAD,DST-B,NORMAL,
CARGO-00238,2026-06-18T14:13:36Z,CONT-005612,YARD-C,GATE_OUT,LOADED,NO,UNLOAD,DST-C,NORMAL,
CARGO-00239,2026-06-23T00:29:48Z,CONT-000636,YARD-C,GATE_OUT,CLEARED,NO,LOAD,DST-C,NORMAL,
CARGO-00240,2026-06-30T01:38:25Z,CONT-008137,YARD-A,GATE_OUT,LOADED,YES,MANIFEST_CHANGE,DST-A,NORMAL,
CARGO-00241,2026-06-24T13:24:07Z,CONT-001189,YARD-B,NONE,HOLD,NO,MANIFEST_REVIEW,DST-A,NORMAL,
CARGO-00242,2026-06-09T12:34:51Z,CONT-002189,YARD-B,NONE,HOLD,NO,LOAD,DST-C,NORMAL,
CARGO-00243,2026-06-07T06:59:23Z,CONT-008107,YARD-A,GATE_OUT,IN_YARD,NO,GATE_IN,DST-D,NORMAL,
CARGO-00244,2026-06-18T22:28:32Z,CONT-003842,YARD-B,NONE,LOADED,NO,GATE_IN,DST-B,NORMAL,
CARGO-00245,2026-06-18T06:56:19Z,CONT-002554,YARD-B,GATE_OUT,LOADED,NO,MANIFEST_REVIEW,DST-A,NORMAL,
CARGO-00246,2026-06-24T13:13:18Z,CONT-000932,YARD-C,NONE,HOLD,NO,GATE_IN,DST-D,NORMAL,
CARGO-00247,2026-06-06T23:00:06Z,CONT-002882,YARD-B,NONE,HOLD,NO,LOAD,DST-D,NORMAL,
CARGO-00248,2026-06-26T10:28:42Z,CONT-000579,YARD-C,GATE_OUT,LOADED,NO,GATE_OUT,DST-B,NORMAL,
CARGO-00249,2026-06-22T20:57:30Z,CONT-004969,YARD-A,GATE_OUT,RECEIVED,NO,MANIFEST_REVIEW,DST-D,NORMAL,
CARGO-00250,2026-06-01T00:10:04Z,CONT-005579,YARD-A,GATE_IN,LOADED,NO,MANIFEST_REVIEW,DST-D,NORMAL,
CARGO-00251,2026-06-04T00:04:41Z,CONT-003097,YARD-B,GATE_OUT,HOLD,NO,LOAD,DST-C,NORMAL,
CARGO-00252,2026-06-28T03:19:27Z,CONT-001761,YARD-C,GATE_IN,IN_YARD,YES,MANIFEST_CHANGE,DST-A,NORMAL,
CARGO-00253,2026-06-06T01:04:14Z,CONT-001696,YARD-C,GATE_IN,HOLD,NO,GATE_OUT,DST-C,NORMAL,
CARGO-00254,2026-06-12T03:36:47Z,CONT-004842,YARD-A,NONE,IN_YARD,NO,GATE_IN,DST-B,NORMAL,
CARGO-00255,2026-06-22T00:01:13Z,CONT-004817,YARD-A,GATE_IN,RECEIVED,YES,MANIFEST_CHANGE,DST-C,NORMAL,
CARGO-00256,2026-06-09T21:29:12Z,CONT-006093,YARD-A,NONE,LOADED,NO,MANIFEST_REVIEW,DST-B,NORMAL,
CARGO-00257,2026-06-07T16:19:43Z,CONT-007559,YARD-C,GATE_IN,RECEIVED,NO,UNLOAD,DST-C,NORMAL,
CARGO-00258,2026-06-14T08:07:28Z,CONT-004027,YARD-A,GATE_OUT,HOLD,NO,GATE_OUT,DST-D,NORMAL,
CARGO-00259,2026-06-19T04:51:25Z,CONT-001114,YARD-A,GATE_IN,CLEARED,NO,LOAD,DST-C,NORMAL,
CARGO-00260,2026-06-10T06:47:57Z,CONT-007388,YARD-B,GATE_OUT,CLEARED,NO,GATE_OUT,DST-A,NORMAL,
CARGO-00261,2026-06-25T20:19:51Z,CONT-007570,YARD-C,GATE_OUT,HOLD,NO,GATE_OUT,DST-D,NORMAL,
CARGO-00262,2026-06-06T08:12:43Z,CONT-005084,YARD-A,GATE_IN,LOADED,YES,MANIFEST_CHANGE,DST-A,NORMAL,
CARGO-00263,2026-06-07T18:37:57Z,CONT-004046,YARD-C,GATE_IN,LOADED,NO,MANIFEST_REVIEW,DST-B,NORMAL,
CARGO-00264,2026-06-10T17:27:40Z,CONT-005480,YARD-C,NONE,HOLD,YES,MANIFEST_CHANGE,DST-A,NORMAL,
CARGO-00265,2026-06-18T05:58:14Z,CONT-000489,YARD-B,NONE,IN_YARD,NO,UNLOAD,DST-B,NORMAL,
CARGO-00266,2026-06-19T09:29:20Z,CONT-002615,YARD-C,GATE_IN,CLEARED,NO,GATE_IN,DST-D,NORMAL,
CARGO-00267,2026-06-02T22:06:40Z,CONT-007344,YARD-C,NONE,IN_YARD,NO,GATE_IN,DST-A,NORMAL,
CARGO-00268,2026-06-03T04:40:32Z,CONT-007314,YARD-C,GATE_IN,LOADED,NO,YARD_MOVE,DST-C,NORMAL,
CARGO-00269,2026-06-06T20:34:21Z,CONT-007859,YARD-C,NONE,HOLD,NO,GATE_OUT,DST-D,NORMAL,
CARGO-00270,2026-06-10T10:20:11Z,CONT-007776,YARD-C,GATE_OUT,CLEARED,YES,MANIFEST_CHANGE,DST-B,NORMAL,
CARGO-00271,2026-06-19T14:59:33Z,CONT-002720,YARD-C,GATE_IN,RECEIVED,NO,YARD_MOVE,DST-B,NORMAL,
CARGO-00272,2026-06-01T16:44:39Z,CONT-003399,YARD-B,GATE_OUT,CLEARED,NO,YARD_MOVE,DST-C,NORMAL,
CARGO-00273,2026-06-20T03:43:43Z,CONT-002544,YARD-A,GATE_IN,CLEARED,NO,YARD_MOVE,DST-B,NORMAL,
CARGO-00274,2026-06-15T01:38:27Z,CONT-004695,YARD-C,GATE_OUT,HOLD,NO,GATE_OUT,DST-C,NORMAL,
CARGO-00275,2026-06-08T14:21:21Z,CONT-006429,YARD-C,GATE_OUT,LOADED,YES,MANIFEST_CHANGE,DST-B,NORMAL,
CARGO-00276,2026-06-09T01:00:10Z,CONT-003189,YARD-C,GATE_IN,CLEARED,NO,GATE_OUT,DST-A,NORMAL,
CARGO-00277,2026-06-26T10:29:58Z,CONT-007566,YARD-C,GATE_IN,IN_YARD,NO,YARD_MOVE,DST-C,NORMAL,
CARGO-00278,2026-06-27T05:13:38Z,CONT-002675,YARD-A,GATE_IN,HOLD,YES,MANIFEST_CHANGE,DST-A,NORMAL,
CARGO-00279,2026-06-17T18:32:36Z,CONT-000705,YARD-C,GATE_OUT,RECEIVED,NO,GATE_IN,DST-A,NORMAL,
CARGO-00280,2026-06-29T12:41:52Z,CONT-006887,YARD-B,NONE,HOLD,NO,YARD_MOVE,DST-D,NORMAL,
CARGO-00281,2026-06-27T00:15:39Z,CONT-001717,YARD-A,GATE_IN,HOLD,YES,MANIFEST_CHANGE,DST-D,NORMAL,
CARGO-00282,2026-06-26T18:35:25Z,CONT-004341,YARD-B,GATE_IN,CLEARED,NO,MANIFEST_REVIEW,DST-B,NORMAL,
CARGO-00283,2026-06-12T07:19:10Z,CONT-000046,YARD-A,NONE,HOLD,YES,MANIFEST_CHANGE,DST-A,NORMAL,
CARGO-00284,2026-06-09T00:07:11Z,CONT-000736,YARD-B,GATE_OUT,HOLD,NO,GATE_IN,DST-D,NORMAL,
CARGO-00285,2026-06-20T22:51:15Z,CONT-004952,YARD-A,NONE,CLEARED,NO,LOAD,DST-C,NORMAL,
CARGO-00286,2026-06-16T19:37:49Z,CONT-003373,YARD-A,GATE_IN,RECEIVED,NO,GATE_OUT,DST-D,NORMAL,
CARGO-00287,2026-06-29T08:29:49Z,CONT-008088,YARD-A,NONE,IN_YARD,NO,YARD_MOVE,DST-D,NORMAL,
CARGO-00288,2026-06-25T12:28:13Z,CONT-006796,YARD-B,GATE_OUT,LOADED,NO,LOAD,DST-A,NORMAL,
CARGO-00289,2026-06-11T12:17:28Z,CONT-002282,YARD-B,GATE_IN,LOADED,NO,GATE_OUT,DST-A,NORMAL,
CARGO-00290,2026-06-28T12:23:54Z,CONT-002243,YARD-B,NONE,HOLD,YES,MANIFEST_CHANGE,DST-A,NORMAL,
CARGO-00291,2026-06-28T21:36:27Z,CONT-003778,YARD-C,NONE,IN_YARD,NO,MANIFEST_REVIEW,DST-C,NORMAL,
CARGO-00292,2026-06-03T09:06:42Z,CONT-003441,YARD-C,GATE_IN,IN_YARD,YES,MANIFEST_CHANGE,DST-B,NORMAL,
CARGO-00293,2026-06-20T11:41:09Z,CONT-003208,YARD-B,NONE,LOADED,NO,MANIFEST_REVIEW,DST-A,NORMAL,
CARGO-00294,2026-06-16T11:13:04Z,CONT-002448,YARD-B,NONE,LOADED,NO,UNLOAD,DST-A,NORMAL,
CARGO-00295,2026-06-09T21:02:42Z,CONT-002526,YARD-A,GATE_IN,RECEIVED,YES,MANIFEST_CHANGE,DST-A,NORMAL,
CARGO-00296,2026-06-22T02:46:56Z,CONT-002183,YARD-B,GATE_OUT,LOADED,NO,GATE_OUT,DST-B,NORMAL,
CARGO-00297,2026-06-19T09:16:39Z,CONT-006806,YARD-B,NONE,RECEIVED,NO,MANIFEST_REVIEW,DST-C,NORMAL,
CARGO-00298,2026-06-05T01:58:54Z,CONT-004745,YARD-B,GATE_IN,RECEIVED,NO,YARD_MOVE,DST-A,NORMAL,
CARGO-00299,2026-06-20T02:03:31Z,CONT-001242,YARD-B,GATE_IN,IN_YARD,NO,GATE_OUT,DST-C,NORMAL,
CARGO-00300,2026-06-07T02:12:17Z,CONT-003583,YARD-B,NONE,LOADED,NO,GATE_OUT,DST-B,NORMAL,
CARGO-00301,2026-06-11T22:14:27Z,CONT-004137,YARD-A,NONE,RECEIVED,NO,YARD_MOVE,DST-C,NORMAL,
CARGO-00302,2026-06-05T12:29:32Z,CONT-004873,YARD-A,NONE,IN_YARD,YES,MANIFEST_CHANGE,DST-D,SUSPICIOUS,
CARGO-00303,2026-06-21T03:56:00Z,CONT-000345,YARD-B,NONE,CLEARED,NO,MANIFEST_REVIEW,DST-D,NORMAL,
CARGO-00304,2026-06-19T07:27:20Z,CONT-008500,YARD-B,GATE_OUT,CLEARED,YES,MANIFEST_CHANGE,DST-B,NORMAL,
CARGO-00305,2026-06-11T01:51:20Z,CONT-007870,YARD-A,NONE,LOADED,NO,MANIFEST_REVIEW,DST-A,NORMAL,
CARGO-00306,2026-06-19T17:12:08Z,CONT-007328,YARD-B,GATE_OUT,LOADED,NO,YARD_MOVE,DST-B,NORMAL,
CARGO-00307,2026-06-20T01:01:15Z,CONT-001286,YARD-B,GATE_IN,HOLD,YES,MANIFEST_CHANGE,DST-D,NORMAL,
CARGO-00308,2026-06-02T09:54:43Z,CONT-007614,YARD-C,GATE_IN,LOADED,NO,LOAD,DST-D,NORMAL,
CARGO-00309,2026-06-23T15:57:10Z,CONT-000516,YARD-C,GATE_IN,RECEIVED,NO,UNLOAD,DST-C,NORMAL,
CARGO-00310,2026-06-06T12:14:10Z,CONT-000534,YARD-C,GATE_OUT,CLEARED,NO,GATE_OUT,DST-D,NORMAL,
CARGO-00311,2026-06-09T21:47:08Z,CONT-006137,YARD-B,NONE,HOLD,NO,MANIFEST_REVIEW,DST-C,NORMAL,
CARGO-00312,2026-06-26T21:43:00Z,CONT-001618,YARD-C,GATE_IN,RECEIVED,YES,MANIFEST_CHANGE,DST-D,NORMAL,
CARGO-00313,2026-06-29T02:36:00Z,CONT-004314,YARD-A,GATE_OUT,CLEARED,NO,GATE_OUT,DST-C,NORMAL,
CARGO-00314,2026-06-24T20:04:45Z,CONT-006215,YARD-A,NONE,LOADED,NO,GATE_IN,DST-C,NORMAL,
CARGO-00315,2026-06-23T08:42:08Z,CONT-004987,YARD-A,GATE_IN,RECEIVED,NO,MANIFEST_REVIEW,DST-A,NORMAL,
CARGO-00316,2026-06-23T11:53:06Z,CONT-006568,YARD-A,GATE_OUT,IN_YARD,YES,MANIFEST_CHANGE,DST-D,SUSPICIOUS,
CARGO-00317,2026-06-05T09:32:45Z,CONT-008743,YARD-C,GATE_OUT,LOADED,NO,MANIFEST_REVIEW,DST-A,NORMAL,
CARGO-00318,2026-06-11T19:58:43Z,CONT-001913,YARD-A,GATE_IN,RECEIVED,NO,LOAD,DST-C,NORMAL,
CARGO-00319,2026-06-04T23:19:02Z,CONT-007568,YARD-B,NONE,RECEIVED,YES,MANIFEST_CHANGE,DST-A,NORMAL,
CARGO-00320,2026-06-02T00:57:26Z,CONT-005662,YARD-A,GATE_IN,CLEARED,NO,UNLOAD,DST-B,NORMAL,
CARGO-00321,2026-06-15T19:48:51Z,CONT-001689,YARD-A,GATE_OUT,LOADED,YES,MANIFEST_CHANGE,DST-D,NORMAL,
CARGO-00322,2026-06-01T03:35:07Z,CONT-005590,YARD-A,GATE_OUT,LOADED,NO,YARD_MOVE,DST-C,NORMAL,
CARGO-00323,2026-06-12T20:03:48Z,CONT-007003,YARD-C,GATE_IN,HOLD,NO,LOAD,DST-B,NORMAL,
CARGO-00324,2026-06-18T06:07:43Z,CONT-008967,YARD-C,GATE_IN,CLEARED,NO,GATE_OUT,DST-D,NORMAL,
CARGO-00325,2026-06-06T14:43:01Z,CONT-004146,YARD-A,GATE_OUT,IN_YARD,NO,UNLOAD,DST-B,NORMAL,
CARGO-00326,2026-06-21T22:41:52Z,CONT-003580,YARD-A,GATE_IN,HOLD,YES,MANIFEST_CHANGE,DST-B,NORMAL,
CARGO-00327,2026-06-27T10:58:56Z,CONT-001347,YARD-B,GATE_OUT,IN_YARD,NO,GATE_IN,DST-A,NORMAL,
CARGO-00328,2026-06-19T12:04:07Z,CONT-004022,YARD-A,GATE_OUT,IN_YARD,NO,YARD_MOVE,DST-A,NORMAL,
CARGO-00329,2026-06-14T06:50:22Z,CONT-005055,YARD-C,NONE,HOLD,NO,LOAD,DST-B,NORMAL,
CARGO-00330,2026-06-03T18:26:35Z,CONT-007573,YARD-A,GATE_OUT,CLEARED,NO,GATE_IN,DST-D,NORMAL,
CARGO-00331,2026-06-10T10:49:22Z,CONT-000574,YARD-B,GATE_OUT,HOLD,NO,GATE_IN,DST-A,NORMAL,
CARGO-00332,2026-06-21T11:37:25Z,CONT-004955,YARD-A,GATE_OUT,LOADED,NO,YARD_MOVE,DST-C,NORMAL,
CARGO-00333,2026-06-01T19:52:22Z,CONT-003382,YARD-C,GATE_OUT,LOADED,NO,GATE_IN,DST-C,NORMAL,
CARGO-00334,2026-06-03T07:33:22Z,CONT-002920,YARD-C,GATE_OUT,HOLD,YES,MANIFEST_CHANGE,DST-D,NORMAL,
CARGO-00335,2026-06-18T10:54:49Z,CONT-007633,YARD-A,GATE_IN,RECEIVED,NO,LOAD,DST-D,NORMAL,
CARGO-00336,2026-06-30T14:57:26Z,CONT-006571,YARD-A,NONE,HOLD,NO,GATE_OUT,DST-C,NORMAL,
CARGO-00337,2026-06-09T09:11:01Z,CONT-005390,YARD-B,NONE,LOADED,NO,YARD_MOVE,DST-C,NORMAL,
CARGO-00338,2026-06-18T08:56:39Z,CONT-001697,YARD-A,GATE_IN,IN_YARD,NO,YARD_MOVE,DST-D,NORMAL,
CARGO-00339,2026-06-30T02:49:03Z,CONT-005655,YARD-C,GATE_OUT,HOLD,YES,MANIFEST_CHANGE,DST-C,NORMAL,
CARGO-00340,2026-06-19T09:12:09Z,CONT-004660,YARD-B,NONE,LOADED,NO,GATE_OUT,DST-B,NORMAL,
CARGO-00341,2026-06-12T17:08:35Z,CONT-006205,YARD-C,NONE,RECEIVED,NO,MANIFEST_REVIEW,DST-A,NORMAL,
CARGO-00342,2026-06-30T02:41:45Z,CONT-004065,YARD-B,NONE,RECEIVED,NO,MANIFEST_REVIEW,DST-B,NORMAL,
CARGO-00343,2026-06-30T03:20:23Z,CONT-006292,YARD-B,NONE,HOLD,NO,UNLOAD,DST-C,NORMAL,
CARGO-00344,2026-06-03T21:57:17Z,CONT-001400,YARD-A,GATE_IN,LOADED,NO,UNLOAD,DST-D,NORMAL,
CARGO-00345,2026-06-06T07:42:33Z,CONT-003570,YARD-C,GATE_OUT,HOLD,NO,LOAD,DST-C,NORMAL,
CARGO-00346,2026-06-21T04:54:23Z,CONT-004167,YARD-C,GATE_OUT,CLEARED,NO,YARD_MOVE,DST-A,NORMAL,
CARGO-00347,2026-06-26T04:08:34Z,CONT-004965,YARD-A,GATE_IN,IN_YARD,NO,GATE_IN,DST-B,NORMAL,
CARGO-00348,2026-06-11T07:01:12Z,CONT-006402,YARD-C,GATE_OUT,IN_YARD,NO,MANIFEST_REVIEW,DST-C,NORMAL,
CARGO-00349,2026-06-17T13:35:08Z,CONT-002531,YARD-B,NONE,RECEIVED,NO,LOAD,DST-B,NORMAL,
CARGO-00350,2026-06-13T07:39:29Z,CONT-008678,YARD-A,GATE_IN,CLEARED,NO,GATE_IN,DST-A,NORMAL,
CARGO-00351,2026-06-20T08:18:53Z,CONT-005965,YARD-A,NONE,CLEARED,YES,MANIFEST_CHANGE,DST-A,NORMAL,
CARGO-00352,2026-06-19T18:54:06Z,CONT-006193,YARD-C,NONE,LOADED,NO,LOAD,DST-D,NORMAL,
CARGO-00353,2026-06-17T22:38:31Z,CONT-006056,YARD-A,NONE,CLEARED,NO,GATE_IN,DST-D,NORMAL,
CARGO-00354,2026-06-23T22:20:43Z,CONT-007721,YARD-A,NONE,IN_YARD,NO,GATE_OUT,DST-D,NORMAL,
CARGO-00355,2026-06-06T19:52:23Z,CONT-000384,YARD-C,NONE,IN_YARD,NO,LOAD,DST-B,NORMAL,
CARGO-00356,2026-06-12T05:28:31Z,CONT-002297,YARD-C,GATE_IN,RECEIVED,NO,YARD_MOVE,DST-D,NORMAL,
CARGO-00357,2026-06-06T04:18:32Z,CONT-004483,YARD-B,GATE_OUT,RECEIVED,NO,LOAD,DST-B,NORMAL,
CARGO-00358,2026-06-28T15:38:24Z,CONT-007261,YARD-C,GATE_OUT,RECEIVED,YES,MANIFEST_CHANGE,DST-B,NORMAL,
CARGO-00359,2026-06-18T09:22:31Z,CONT-001238,YARD-B,GATE_OUT,HOLD,NO,MANIFEST_REVIEW,DST-A,NORMAL,
CARGO-00360,2026-06-11T22:51:39Z,CONT-006237,YARD-A,GATE_OUT,HOLD,NO,GATE_IN,DST-C,NORMAL,
CARGO-00361,2026-06-16T13:24:47Z,CONT-006875,YARD-C,GATE_OUT,CLEARED,NO,UNLOAD,DST-D,NORMAL,
CARGO-00362,2026-06-22T08:27:19Z,CONT-005551,YARD-A,GATE_OUT,CLEARED,NO,GATE_OUT,DST-D,NORMAL,
CARGO-00363,2026-06-13T13:02:17Z,CONT-008718,YARD-C,GATE_IN,IN_YARD,NO,YARD_MOVE,DST-B,NORMAL,
CARGO-00364,2026-06-02T18:31:55Z,CONT-004075,YARD-C,GATE_OUT,CLEARED,NO,MANIFEST_REVIEW,DST-D,NORMAL,
CARGO-00365,2026-06-04T05:11:14Z,CONT-003177,YARD-A,GATE_OUT,CLEARED,NO,UNLOAD,DST-B,NORMAL,
CARGO-00366,2026-06-27T19:23:55Z,CONT-008814,YARD-B,GATE_IN,IN_YARD,NO,MANIFEST_REVIEW,DST-A,NORMAL,
CARGO-00367,2026-06-25T12:25:41Z,CONT-006287,YARD-A,GATE_IN,RECEIVED,YES,MANIFEST_CHANGE,DST-D,SUSPICIOUS,
CARGO-00368,2026-06-06T18:49:52Z,CONT-004208,YARD-A,GATE_IN,RECEIVED,NO,YARD_MOVE,DST-A,NORMAL,
CARGO-00369,2026-06-27T05:26:35Z,CONT-000865,YARD-C,NONE,CLEARED,NO,YARD_MOVE,DST-C,NORMAL,
CARGO-00370,2026-06-20T14:49:47Z,CONT-002531,YARD-B,GATE_OUT,HOLD,NO,LOAD,DST-C,NORMAL,
CARGO-00371,2026-06-06T20:19:14Z,CONT-008731,YARD-C,GATE_OUT,CLEARED,NO,LOAD,DST-D,NORMAL,
CARGO-00372,2026-06-27T07:56:33Z,CONT-007993,YARD-B,GATE_IN,CLEARED,NO,GATE_OUT,DST-A,NORMAL,
CARGO-00373,2026-06-05T21:52:14Z,CONT-007732,YARD-A,GATE_IN,HOLD,NO,GATE_IN,DST-C,NORMAL,
CARGO-00374,2026-06-11T13:11:56Z,CONT-008560,YARD-A,GATE_IN,HOLD,NO,GATE_IN,DST-C,NORMAL,
CARGO-00375,2026-06-17T14:40:17Z,CONT-000482,YARD-A,NONE,IN_YARD,NO,UNLOAD,DST-B,NORMAL,
CARGO-00376,2026-06-06T22:12:03Z,CONT-001682,YARD-C,GATE_IN,IN_YARD,NO,GATE_OUT,DST-C,NORMAL,
CARGO-00377,2026-06-18T21:51:22Z,CONT-006330,YARD-B,GATE_IN,LOADED,NO,LOAD,DST-A,NORMAL,
CARGO-00378,2026-06-22T16:17:21Z,CONT-001590,YARD-A,GATE_OUT,RECEIVED,NO,GATE_OUT,DST-B,NORMAL,
CARGO-00379,2026-06-19T07:02:25Z,CONT-002138,YARD-B,NONE,RECEIVED,NO,YARD_MOVE,DST-B,NORMAL,
CARGO-00380,2026-06-12T19:22:05Z,CONT-006700,YARD-C,NONE,HOLD,NO,LOAD,DST-D,NORMAL,
CARGO-00381,2026-06-19T12:24:39Z,CONT-001983,YARD-A,GATE_OUT,CLEARED,NO,GATE_IN,DST-A,NORMAL,
CARGO-00382,2026-06-18T11:06:32Z,CONT-004258,YARD-A,GATE_OUT,RECEIVED,YES,MANIFEST_CHANGE,DST-B,SUSPICIOUS,
CARGO-00383,2026-06-08T14:13:10Z,CONT-004540,YARD-B,NONE,LOADED,NO,YARD_MOVE,DST-B,NORMAL,
CARGO-00384,2026-06-20T07:06:06Z,CONT-003004,YARD-B,GATE_OUT,CLEARED,NO,UNLOAD,DST-C,NORMAL,
CARGO-00385,2026-06-21T14:17:35Z,CONT-005539,YARD-A,GATE_OUT,LOADED,NO,UNLOAD,DST-D,NORMAL,
CARGO-00386,2026-06-04T06:07:02Z,CONT-000990,YARD-B,NONE,IN_YARD,NO,UNLOAD,DST-B,NORMAL,
CARGO-00387,2026-06-04T08:11:03Z,CONT-004352,YARD-B,NONE,RECEIVED,NO,GATE_OUT,DST-C,NORMAL,
CARGO-00388,2026-06-29T17:05:37Z,CONT-002659,YARD-B,NONE,LOADED,NO,LOAD,DST-A,NORMAL,
CARGO-00389,2026-06-28T19:31:47Z,CONT-008137,YARD-C,GATE_OUT,HOLD,NO,GATE_IN,DST-D,NORMAL,
CARGO-00390,2026-06-03T11:24:13Z,CONT-000216,YARD-A,GATE_OUT,HOLD,NO,GATE_OUT,DST-A,NORMAL,
CARGO-00391,2026-06-20T08:17:35Z,CONT-007158,YARD-C,GATE_OUT,LOADED,NO,GATE_IN,DST-B,NORMAL,
CARGO-00392,2026-06-30T18:10:34Z,CONT-006351,YARD-B,GATE_OUT,CLEARED,NO,MANIFEST_REVIEW,DST-C,NORMAL,
CARGO-00393,2026-06-26T03:25:06Z,CONT-008472,YARD-C,GATE_IN,CLEARED,NO,YARD_MOVE,DST-B,NORMAL,
CARGO-00394,2026-06-17T19:14:23Z,CONT-007358,YARD-C,GATE_IN,RECEIVED,NO,GATE_IN,DST-D,NORMAL,
CARGO-00395,2026-06-10T10:48:16Z,CONT-004733,YARD-C,NONE,HOLD,YES,MANIFEST_CHANGE,DST-D,SUSPICIOUS,
CARGO-00396,2026-06-08T08:56:15Z,CONT-004173,YARD-C,GATE_IN,CLEARED,NO,GATE_OUT,DST-B,NORMAL,
CARGO-00397,2026-06-23T04:59:10Z,CONT-001758,YARD-B,NONE,CLEARED,NO,MANIFEST_REVIEW,DST-B,NORMAL,
CARGO-00398,2026-06-29T06:22:30Z,CONT-003873,YARD-C,GATE_IN,IN_YARD,NO,UNLOAD,DST-D,NORMAL,
CARGO-00399,2026-06-13T14:28:25Z,CONT-003355,YARD-C,NONE,LOADED,NO,YARD_MOVE,DST-A,NORMAL,
CARGO-00400,2026-06-29T17:47:32Z,CONT-001886,YARD-B,NONE,HOLD,YES,MANIFEST_CHANGE,DST-B,NORMAL,
CARGO-00401,2026-06-17T16:50:20Z,CONT-007373,YARD-C,NONE,RECEIVED,NO,GATE_OUT,DST-B,NORMAL,
CARGO-00402,2026-06-20T07:08:57Z,CONT-003152,YARD-B,GATE_OUT,CLEARED,NO,GATE_IN,DST-B,NORMAL,
CARGO-00403,2026-06-15T17:39:43Z,CONT-001885,YARD-B,GATE_IN,LOADED,NO,UNLOAD,DST-C,NORMAL,
CARGO-00404,2026-06-29T19:31:40Z,CONT-008815,YARD-B,NONE,IN_YARD,NO,LOAD,DST-C,NORMAL,
CARGO-00405,2026-06-04T18:06:51Z,CONT-008190,YARD-C,NONE,RECEIVED,YES,MANIFEST_CHANGE,DST-D,NORMAL,
CARGO-00406,2026-06-12T23:36:51Z,CONT-005225,YARD-A,GATE_OUT,CLEARED,NO,GATE_OUT,DST-B,NORMAL,
CARGO-00407,2026-06-08T03:23:26Z,CONT-004064,YARD-C,NONE,LOADED,NO,UNLOAD,DST-C,NORMAL,
CARGO-00408,2026-06-02T06:49:01Z,CONT-006735,YARD-C,NONE,RECEIVED,NO,LOAD,DST-D,NORMAL,
CARGO-00409,2026-06-17T06:56:09Z,CONT-000667,YARD-A,NONE,HOLD,NO,LOAD,DST-A,NORMAL,
CARGO-00410,2026-06-04T14:35:03Z,CONT-001982,YARD-A,NONE,HOLD,YES,MANIFEST_CHANGE,DST-B,SUSPICIOUS,
CARGO-00411,2026-06-22T09:46:31Z,CONT-001339,YARD-A,GATE_IN,LOADED,NO,YARD_MOVE,DST-D,NORMAL,
CARGO-00412,2026-06-10T02:20:30Z,CONT-006884,YARD-B,GATE_OUT,CLEARED,NO,UNLOAD,DST-D,NORMAL,
CARGO-00413,2026-06-20T09:24:57Z,CONT-007028,YARD-C,NONE,CLEARED,NO,UNLOAD,DST-D,NORMAL,
CARGO-00414,2026-06-25T14:00:29Z,CONT-004821,YARD-A,NONE,HOLD,NO,LOAD,DST-D,NORMAL,
CARGO-00415,2026-06-15T06:16:34Z,CONT-006335,YARD-B,GATE_OUT,LOADED,YES,MANIFEST_CHANGE,DST-C,NORMAL,
CARGO-00416,2026-06-25T02:39:48Z,CONT-005472,YARD-A,NONE,HOLD,NO,LOAD,DST-A,NORMAL,
CARGO-00417,2026-06-19T08:23:20Z,CONT-003739,YARD-C,GATE_OUT,IN_YARD,YES,MANIFEST_CHANGE,DST-B,NORMAL,
CARGO-00418,2026-06-05T10:49:19Z,CONT-008597,YARD-A,GATE_OUT,LOADED,NO,MANIFEST_REVIEW,DST-D,NORMAL,
CARGO-00419,2026-06-01T00:41:06Z,CONT-008083,YARD-A,GATE_IN,CLEARED,NO,LOAD,DST-A,NORMAL,
CARGO-00420,2026-06-12T21:59:59Z,CONT-008094,YARD-A,NONE,CLEARED,NO,MANIFEST_REVIEW,DST-C,NORMAL,
CARGO-00421,2026-06-06T23:11:59Z,CONT-008860,YARD-C,GATE_OUT,IN_YARD,YES,MANIFEST_CHANGE,DST-C,NORMAL,
CARGO-00422,2026-06-17T17:20:54Z,CONT-001983,YARD-B,GATE_OUT,RECEIVED,NO,YARD_MOVE,DST-C,NORMAL,
CARGO-00423,2026-06-25T00:52:14Z,CONT-000626,YARD-A,NONE,RECEIVED,NO,UNLOAD,DST-D,NORMAL,
CARGO-00424,2026-06-26T05:59:55Z,CONT-008875,YARD-A,GATE_IN,CLEARED,NO,GATE_IN,DST-C,NORMAL,
CARGO-00425,2026-06-02T09:19:08Z,CONT-004813,YARD-B,GATE_OUT,IN_YARD,NO,LOAD,DST-A,NORMAL,
CARGO-00426,2026-06-27T19:41:25Z,CONT-001817,YARD-B,NONE,IN_YARD,NO,LOAD,DST-D,NORMAL,
CARGO-00427,2026-06-29T20:36:46Z,CONT-003971,YARD-C,GATE_IN,HOLD,NO,YARD_MOVE,DST-A,NORMAL,
CARGO-00428,2026-06-10T13:52:08Z,CONT-002533,YARD-C,NONE,LOADED,YES,MANIFEST_CHANGE,DST-B,NORMAL,
CARGO-00429,2026-06-11T07:50:31Z,CONT-006909,YARD-B,NONE,IN_YARD,NO,YARD_MOVE,DST-C,NORMAL,
CARGO-00430,2026-06-02T07:44:44Z,CONT-000178,YARD-B,NONE,RECEIVED,NO,LOAD,DST-B,NORMAL,
CARGO-00431,2026-06-12T05:43:26Z,CONT-007692,YARD-A,GATE_IN,LOADED,NO,GATE_IN,DST-B,NORMAL,
CARGO-00432,2026-06-23T09:05:11Z,CONT-003057,YARD-B,GATE_OUT,LOADED,NO,YARD_MOVE,DST-C,NORMAL,
CARGO-00433,2026-06-06T23:22:22Z,CONT-002864,YARD-C,GATE_OUT,HOLD,NO,LOAD,DST-B,NORMAL,
CARGO-00434,2026-06-28T16:01:04Z,CONT-001810,YARD-A,GATE_OUT,CLEARED,NO,GATE_IN,DST-C,NORMAL,
CARGO-00435,2026-06-21T03:03:00Z,CONT-004986,YARD-B,GATE_OUT,HOLD,NO,YARD_MOVE,DST-A,NORMAL,
CARGO-00436,2026-06-04T18:07:30Z,CONT-000865,YARD-C,GATE_IN,LOADED,NO,YARD_MOVE,DST-A,NORMAL,
CARGO-00437,2026-06-26T04:10:44Z,CONT-002002,YARD-C,GATE_IN,HOLD,YES,MANIFEST_CHANGE,DST-D,NORMAL,
CARGO-00438,2026-06-12T18:09:07Z,CONT-008964,YARD-B,GATE_OUT,HOLD,NO,UNLOAD,DST-D,NORMAL,
CARGO-00439,2026-06-17T21:21:24Z,CONT-003272,YARD-A,GATE_OUT,RECEIVED,NO,MANIFEST_REVIEW,DST-D,NORMAL,
CARGO-00440,2026-06-19T03:00:44Z,CONT-002492,YARD-A,GATE_OUT,CLEARED,NO,GATE_OUT,DST-C,NORMAL,
CARGO-00441,2026-06-23T07:42:26Z,CONT-004137,YARD-B,GATE_IN,HOLD,NO,GATE_OUT,DST-B,NORMAL,
CARGO-00442,2026-06-20T06:05:08Z,CONT-002749,YARD-C,GATE_OUT,CLEARED,NO,YARD_MOVE,DST-C,NORMAL,
CARGO-00443,2026-06-06T22:34:15Z,CONT-008552,YARD-C,GATE_IN,RECEIVED,YES,MANIFEST_CHANGE,DST-C,NORMAL,
CARGO-00444,2026-06-09T23:58:53Z,CONT-002452,YARD-B,NONE,RECEIVED,NO,GATE_OUT,DST-A,NORMAL,
CARGO-00445,2026-06-08T02:12:19Z,CONT-003815,YARD-C,NONE,RECEIVED,NO,MANIFEST_REVIEW,DST-A,NORMAL,
CARGO-00446,2026-06-08T00:46:31Z,CONT-003243,YARD-A,GATE_IN,RECEIVED,NO,GATE_OUT,DST-C,NORMAL,
CARGO-00447,2026-06-10T22:27:31Z,CONT-000003,YARD-B,NONE,RECEIVED,NO,GATE_OUT,DST-B,NORMAL,
CARGO-00448,2026-06-17T16:13:16Z,CONT-004684,YARD-C,GATE_IN,IN_YARD,NO,LOAD,DST-D,NORMAL,
CARGO-00449,2026-06-15T21:31:50Z,CONT-008890,YARD-B,NONE,HOLD,NO,YARD_MOVE,DST-C,NORMAL,
CARGO-00450,2026-06-02T06:29:34Z,CONT-003780,YARD-A,GATE_IN,RECEIVED,NO,GATE_OUT,DST-D,NORMAL,
CARGO-00451,2026-06-02T07:40:30Z,CONT-001318,YARD-C,GATE_OUT,LOADED,NO,YARD_MOVE,DST-D,NORMAL,
CARGO-00452,2026-06-06T22:32:51Z,CONT-000103,YARD-C,NONE,CLEARED,NO,GATE_IN,DST-C,NORMAL,
CARGO-00453,2026-06-10T13:44:57Z,CONT-008584,YARD-C,GATE_OUT,LOADED,NO,YARD_MOVE,DST-C,NORMAL,
CARGO-00454,2026-06-15T16:06:11Z,CONT-007038,YARD-B,GATE_OUT,IN_YARD,NO,GATE_IN,DST-B,NORMAL,
CARGO-00455,2026-06-25T23:45:50Z,CONT-004770,YARD-B,NONE,IN_YARD,YES,MANIFEST_CHANGE,DST-C,NORMAL,
CARGO-00456,2026-06-30T08:00:15Z,CONT-000017,YARD-B,GATE_IN,CLEARED,NO,MANIFEST_REVIEW,DST-B,NORMAL,
CARGO-00457,2026-06-29T03:30:00Z,CONT-003666,YARD-C,NONE,IN_YARD,YES,MANIFEST_CHANGE,DST-D,NORMAL,
CARGO-00458,2026-06-06T09:38:28Z,CONT-002766,YARD-B,GATE_OUT,HOLD,NO,MANIFEST_REVIEW,DST-D,NORMAL,
CARGO-00459,2026-06-30T00:46:46Z,CONT-004931,YARD-C,GATE_OUT,CLEARED,NO,MANIFEST_REVIEW,DST-D,NORMAL,
CARGO-00460,2026-06-09T16:25:30Z,CONT-008741,YARD-A,NONE,HOLD,NO,GATE_IN,DST-B,NORMAL,
CARGO-00461,2026-06-21T07:01:25Z,CONT-001247,YARD-C,GATE_IN,RECEIVED,NO,YARD_MOVE,DST-D,NORMAL,
CARGO-00462,2026-06-03T06:06:27Z,CONT-005575,YARD-C,GATE_OUT,IN_YARD,YES,MANIFEST_CHANGE,DST-D,NORMAL,
CARGO-00463,2026-06-30T09:01:36Z,CONT-002610,YARD-B,GATE_OUT,CLEARED,NO,GATE_OUT,DST-A,NORMAL,
CARGO-00464,2026-06-29T12:12:14Z,CONT-006729,YARD-A,GATE_IN,IN_YARD,YES,MANIFEST_CHANGE,DST-B,NORMAL,
CARGO-00465,2026-06-15T12:51:21Z,CONT-000636,YARD-B,GATE_OUT,IN_YARD,NO,YARD_MOVE,DST-A,NORMAL,
CARGO-00466,2026-06-07T03:32:50Z,CONT-004790,YARD-B,GATE_OUT,IN_YARD,NO,GATE_OUT,DST-C,NORMAL,
CARGO-00467,2026-06-17T21:24:44Z,CONT-007155,YARD-A,NONE,CLEARED,NO,LOAD,DST-B,NORMAL,
CARGO-00468,2026-06-25T07:17:28Z,CONT-002227,YARD-C,GATE_IN,LOADED,NO,GATE_OUT,DST-D,NORMAL,
CARGO-00469,2026-06-06T09:56:08Z,CONT-005522,YARD-C,GATE_IN,LOADED,NO,MANIFEST_REVIEW,DST-B,NORMAL,
CARGO-00470,2026-06-16T14:03:28Z,CONT-001417,YARD-A,GATE_OUT,IN_YARD,YES,MANIFEST_CHANGE,DST-A,SUSPICIOUS,
CARGO-00471,2026-06-19T07:02:05Z,CONT-003747,YARD-B,GATE_OUT,CLEARED,NO,GATE_OUT,DST-D,NORMAL,
CARGO-00472,2026-06-11T12:05:10Z,CONT-003184,YARD-A,GATE_IN,LOADED,NO,GATE_OUT,DST-A,NORMAL,
CARGO-00473,2026-06-26T19:19:47Z,CONT-003537,YARD-A,GATE_IN,LOADED,NO,GATE_OUT,DST-A,NORMAL,
CARGO-00474,2026-06-01T13:06:37Z,CONT-008292,YARD-C,GATE_OUT,RECEIVED,NO,LOAD,DST-B,NORMAL,
CARGO-00475,2026-06-06T01:24:06Z,CONT-005019,YARD-C,GATE_OUT,LOADED,NO,YARD_MOVE,DST-B,NORMAL,
CARGO-00476,2026-06-14T08:13:49Z,CONT-004008,YARD-A,GATE_IN,RECEIVED,YES,MANIFEST_CHANGE,DST-B,NORMAL,
CARGO-00477,2026-06-04T02:23:12Z,CONT-006216,YARD-C,GATE_IN,IN_YARD,YES,MANIFEST_CHANGE,DST-D,SUSPICIOUS,
CARGO-00478,2026-06-30T17:21:08Z,CONT-001194,YARD-B,GATE_IN,HOLD,NO,GATE_OUT,DST-B,NORMAL,
CARGO-00479,2026-06-19T06:17:41Z,CONT-008037,YARD-C,GATE_IN,RECEIVED,NO,UNLOAD,DST-A,NORMAL,
CARGO-00480,2026-06-05T13:34:39Z,CONT-004799,YARD-A,NONE,IN_YARD,YES,MANIFEST_CHANGE,DST-C,NORMAL,
CARGO-00481,2026-06-28T15:34:40Z,CONT-006237,YARD-C,NONE,CLEARED,NO,LOAD,DST-C,NORMAL,
CARGO-00482,2026-06-14T19:28:21Z,CONT-002803,YARD-A,NONE,IN_YARD,NO,GATE_IN,DST-B,NORMAL,
CARGO-00483,2026-06-25T11:40:20Z,CONT-004183,YARD-B,GATE_IN,IN_YARD,YES,MANIFEST_CHANGE,DST-D,NORMAL,
CARGO-00484,2026-06-28T19:18:06Z,CONT-002149,YARD-A,GATE_OUT,HOLD,NO,GATE_IN,DST-A,NORMAL,
CARGO-00485,2026-06-22T11:29:36Z,CONT-000824,YARD-B,GATE_IN,HOLD,NO,UNLOAD,DST-C,NORMAL,
CARGO-00486,2026-06-09T22:45:13Z,CONT-001341,YARD-C,GATE_OUT,CLEARED,NO,GATE_OUT,DST-C,NORMAL,
CARGO-00487,2026-06-29T19:20:39Z,CONT-005901,YARD-B,GATE_IN,IN_YARD,NO,GATE_IN,DST-C,NORMAL,
CARGO-00488,2026-06-07T00:26:12Z,CONT-002713,YARD-B,GATE_OUT,RECEIVED,NO,LOAD,DST-C,NORMAL,
CARGO-00489,2026-06-08T12:37:01Z,CONT-005148,YARD-B,GATE_OUT,CLEARED,NO,GATE_IN,DST-C,NORMAL,
CARGO-00490,2026-06-27T19:02:19Z,CONT-002005,YARD-C,GATE_IN,IN_YARD,NO,YARD_MOVE,DST-A,NORMAL,
CARGO-00491,2026-06-27T19:05:22Z,CONT-008648,YARD-C,GATE_OUT,IN_YARD,NO,GATE_OUT,DST-A,NORMAL,
CARGO-00492,2026-06-30T10:58:00Z,CONT-006115,YARD-C,NONE,HOLD,NO,MANIFEST_REVIEW,DST-A,NORMAL,
CARGO-00493,2026-06-16T09:46:23Z,CONT-001945,YARD-C,GATE_OUT,RECEIVED,NO,MANIFEST_REVIEW,DST-A,NORMAL,
CARGO-00494,2026-06-09T09:15:41Z,CONT-001784,YARD-A,NONE,IN_YARD,NO,GATE_IN,DST-D,NORMAL,
CARGO-00495,2026-06-23T23:01:29Z,CONT-007104,YARD-A,GATE_IN,RECEIVED,NO,YARD_MOVE,DST-C,NORMAL,
CARGO-00496,2026-06-27T14:43:23Z,CONT-002787,YARD-B,GATE_IN,HOLD,NO,GATE_IN,DST-A,NORMAL,
CARGO-00497,2026-06-21T22:31:31Z,CONT-000348,YARD-C,NONE,IN_YARD,NO,GATE_IN,DST-B,NORMAL,
CARGO-00498,2026-06-24T16:58:24Z,CONT-004900,YARD-C,GATE_IN,RECEIVED,NO,GATE_IN,DST-C,NORMAL,
CARGO-00499,2026-06-01T03:35:15Z,CONT-007467,YARD-A,GATE_IN,CLEARED,NO,UNLOAD,DST-D,NORMAL,
CARGO-00500,2026-06-21T07:52:49Z,CONT-000211,YARD-B,GATE_OUT,LOADED,NO,GATE_IN,DST-D,NORMAL,
CARGO-00501,2026-06-02T00:01:21Z,CONT-003855,YARD-B,GATE_OUT,IN_YARD,NO,LOAD,DST-A,NORMAL,
CARGO-00502,2026-06-26T22:40:04Z,CONT-000872,YARD-C,GATE_IN,IN_YARD,NO,LOAD,DST-D,NORMAL,
CARGO-00503,2026-06-02T02:10:41Z,CONT-000425,YARD-C,GATE_IN,HOLD,NO,GATE_OUT,DST-C,NORMAL,
CARGO-00504,2026-06-12T09:38:04Z,CONT-007626,YARD-B,NONE,LOADED,NO,GATE_IN,DST-B,NORMAL,
CARGO-00505,2026-06-04T22:12:34Z,CONT-006020,YARD-A,GATE_IN,CLEARED,NO,MANIFEST_REVIEW,DST-C,NORMAL,
CARGO-00506,2026-06-15T03:31:00Z,CONT-008186,YARD-C,GATE_OUT,IN_YARD,YES,MANIFEST_CHANGE,DST-B,NORMAL,
CARGO-00507,2026-06-09T10:35:58Z,CONT-006410,YARD-C,NONE,RECEIVED,YES,MANIFEST_CHANGE,DST-A,NORMAL,
CARGO-00508,2026-06-11T20:15:08Z,CONT-006632,YARD-B,NONE,RECEIVED,NO,GATE_IN,DST-A,NORMAL,
CARGO-00509,2026-06-16T16:12:33Z,CONT-004273,YARD-A,NONE,RECEIVED,NO,MANIFEST_REVIEW,DST-D,NORMAL,
CARGO-00510,2026-06-20T18:30:46Z,CONT-004831,YARD-B,GATE_IN,IN_YARD,YES,MANIFEST_CHANGE,DST-A,NORMAL,
CARGO-00511,2026-06-11T06:26:53Z,CONT-005700,YARD-C,NONE,LOADED,NO,UNLOAD,DST-B,NORMAL,
CARGO-00512,2026-06-06T04:10:25Z,CONT-004423,YARD-A,NONE,HOLD,NO,GATE_OUT,DST-A,NORMAL,
CARGO-00513,2026-06-13T03:01:25Z,CONT-006964,YARD-A,NONE,RECEIVED,NO,MANIFEST_REVIEW,DST-D,NORMAL,
CARGO-00514,2026-06-16T05:40:12Z,CONT-006568,YARD-C,GATE_IN,CLEARED,NO,MANIFEST_REVIEW,DST-C,NORMAL,
CARGO-00515,2026-06-18T19:11:08Z,CONT-003011,YARD-A,NONE,IN_YARD,NO,MANIFEST_REVIEW,DST-B,NORMAL,
CARGO-00516,2026-06-07T22:02:43Z,CONT-005897,YARD-C,NONE,RECEIVED,NO,LOAD,DST-D,NORMAL,
CARGO-00517,2026-06-25T10:01:59Z,CONT-001730,YARD-B,GATE_OUT,IN_YARD,NO,MANIFEST_REVIEW,DST-A,NORMAL,
CARGO-00518,2026-06-11T12:23:33Z,CONT-004607,YARD-B,GATE_IN,LOADED,YES,MANIFEST_CHANGE,DST-B,NORMAL,
CARGO-00519,2026-06-30T00:20:10Z,CONT-005421,YARD-B,NONE,LOADED,NO,GATE_IN,DST-D,NORMAL,
CARGO-00520,2026-06-11T17:26:47Z,CONT-001440,YARD-C,GATE_OUT,IN_YARD,NO,MANIFEST_REVIEW,DST-D,NORMAL,
CARGO-00521,2026-06-13T09:42:38Z,CONT-000774,YARD-C,GATE_IN,IN_YARD,YES,MANIFEST_CHANGE,DST-A,SUSPICIOUS,
CARGO-00522,2026-06-08T19:40:13Z,CONT-005879,YARD-B,GATE_IN,CLEARED,NO,YARD_MOVE,DST-B,NORMAL,
CARGO-00523,2026-06-26T04:33:16Z,CONT-002316,YARD-B,GATE_OUT,RECEIVED,NO,YARD_MOVE,DST-B,NORMAL,
CARGO-00524,2026-06-23T16:52:28Z,CONT-001743,YARD-C,NONE,CLEARED,NO,LOAD,DST-A,NORMAL,
CARGO-00525,2026-06-23T01:47:59Z,CONT-006878,YARD-C,GATE_OUT,HOLD,NO,GATE_IN,DST-B,NORMAL,
CARGO-00526,2026-06-28T09:16:18Z,CONT-007780,YARD-B,NONE,HOLD,NO,GATE_OUT,DST-C,NORMAL,
CARGO-00527,2026-06-27T15:12:49Z,CONT-008848,YARD-B,GATE_IN,HOLD,NO,YARD_MOVE,DST-C,NORMAL,
CARGO-00528,2026-06-29T11:12:22Z,CONT-007175,YARD-A,GATE_IN,LOADED,NO,YARD_MOVE,DST-B,NORMAL,
CARGO-00529,2026-06-20T17:30:38Z,CONT-001966,YARD-C,GATE_IN,LOADED,YES,MANIFEST_CHANGE,DST-D,NORMAL,
CARGO-00530,2026-06-22T17:58:33Z,CONT-007358,YARD-C,GATE_IN,LOADED,YES,MANIFEST_CHANGE,DST-D,NORMAL,
CARGO-00531,2026-06-14T16:05:11Z,CONT-000879,YARD-C,NONE,HOLD,NO,GATE_OUT,DST-D,NORMAL,
CARGO-00532,2026-06-17T08:29:25Z,CONT-001235,YARD-A,GATE_IN,LOADED,NO,MANIFEST_REVIEW,DST-B,NORMAL,
CARGO-00533,2026-06-07T08:31:00Z,CONT-004664,YARD-B,GATE_IN,HOLD,NO,UNLOAD,DST-D,NORMAL,
CARGO-00534,2026-06-23T16:08:44Z,CONT-007703,YARD-C,GATE_IN,RECEIVED,NO,UNLOAD,DST-D,NORMAL,
CARGO-00535,2026-06-18T03:30:09Z,CONT-006792,YARD-C,GATE_OUT,IN_YARD,NO,UNLOAD,DST-B,NORMAL,
CARGO-00536,2026-06-26T13:37:57Z,CONT-005014,YARD-B,GATE_OUT,HOLD,NO,GATE_OUT,DST-C,NORMAL,
CARGO-00537,2026-06-11T19:51:52Z,CONT-006070,YARD-B,NONE,CLEARED,YES,MANIFEST_CHANGE,DST-C,NORMAL,
CARGO-00538,2026-06-29T03:59:55Z,CONT-006076,YARD-A,GATE_OUT,LOADED,NO,MANIFEST_REVIEW,DST-A,NORMAL,
CARGO-00539,2026-06-16T23:08:18Z,CONT-008546,YARD-C,NONE,IN_YARD,NO,UNLOAD,DST-A,NORMAL,
CARGO-00540,2026-06-23T01:59:51Z,CONT-000121,YARD-A,NONE,HOLD,NO,GATE_IN,DST-B,NORMAL,
CARGO-00541,2026-06-05T08:59:29Z,CONT-000927,YARD-A,GATE_IN,CLEARED,NO,GATE_OUT,DST-A,NORMAL,
CARGO-00542,2026-06-10T11:26:39Z,CONT-004288,YARD-B,NONE,CLEARED,NO,GATE_OUT,DST-C,NORMAL,
CARGO-00543,2026-06-09T21:44:33Z,CONT-005971,YARD-A,GATE_IN,CLEARED,NO,YARD_MOVE,DST-C,NORMAL,
CARGO-00544,2026-06-15T22:57:04Z,CONT-005281,YARD-C,NONE,IN_YARD,NO,YARD_MOVE,DST-B,NORMAL,
CARGO-00545,2026-06-24T08:54:42Z,CONT-003147,YARD-B,NONE,IN_YARD,NO,GATE_IN,DST-A,NORMAL,
CARGO-00546,2026-06-27T12:27:12Z,CONT-006886,YARD-C,NONE,IN_YARD,YES,MANIFEST_CHANGE,DST-C,NORMAL,
CARGO-00547,2026-06-30T17:12:13Z,CONT-007442,YARD-C,NONE,HOLD,YES,MANIFEST_CHANGE,DST-B,NORMAL,
CARGO-00548,2026-06-02T01:20:48Z,CONT-005497,YARD-C,NONE,HOLD,NO,UNLOAD,DST-A,NORMAL,
CARGO-00549,2026-06-17T19:53:47Z,CONT-006565,YARD-A,NONE,IN_YARD,YES,MANIFEST_CHANGE,DST-D,NORMAL,
CARGO-00550,2026-06-26T23:59:44Z,CONT-000596,YARD-B,GATE_IN,CLEARED,NO,YARD_MOVE,DST-C,NORMAL,
CARGO-00551,2026-06-27T09:55:05Z,CONT-001117,YARD-C,GATE_OUT,LOADED,NO,MANIFEST_REVIEW,DST-A,NORMAL,
CARGO-00552,2026-06-25T12:21:50Z,CONT-004902,YARD-C,GATE_OUT,CLEARED,NO,GATE_IN,DST-B,NORMAL,
CARGO-00553,2026-06-26T07:16:41Z,CONT-008693,YARD-B,NONE,LOADED,NO,YARD_MOVE,DST-A,NORMAL,
CARGO-00554,2026-06-04T23:32:43Z,CONT-006126,YARD-C,NONE,HOLD,NO,GATE_OUT,DST-A,NORMAL,
CARGO-00555,2026-06-11T21:11:23Z,CONT-004975,YARD-B,GATE_IN,IN_YARD,NO,YARD_MOVE,DST-D,NORMAL,
CARGO-00556,2026-06-22T04:37:45Z,CONT-006393,YARD-A,GATE_OUT,CLEARED,YES,MANIFEST_CHANGE,DST-A,NORMAL,
CARGO-00557,2026-06-06T00:58:55Z,CONT-002150,YARD-B,GATE_OUT,RECEIVED,NO,UNLOAD,DST-C,NORMAL,
CARGO-00558,2026-06-10T21:48:20Z,CONT-006401,YARD-A,GATE_OUT,HOLD,NO,LOAD,DST-B,NORMAL,
CARGO-00559,2026-06-13T16:21:50Z,CONT-006586,YARD-C,NONE,HOLD,NO,MANIFEST_REVIEW,DST-A,NORMAL,
CARGO-00560,2026-06-04T08:45:52Z,CONT-008531,YARD-C,GATE_OUT,CLEARED,NO,LOAD,DST-B,NORMAL,
CARGO-00561,2026-06-12T00:39:53Z,CONT-006278,YARD-B,GATE_IN,CLEARED,NO,UNLOAD,DST-D,NORMAL,
CARGO-00562,2026-06-12T01:07:16Z,CONT-002040,YARD-A,GATE_OUT,RECEIVED,NO,YARD_MOVE,DST-D,NORMAL,
CARGO-00563,2026-06-26T02:18:57Z,CONT-001496,YARD-C,NONE,RECEIVED,NO,YARD_MOVE,DST-C,NORMAL,
CARGO-00564,2026-06-28T11:53:53Z,CONT-003810,YARD-A,GATE_OUT,CLEARED,NO,YARD_MOVE,DST-C,NORMAL,
CARGO-00565,2026-06-24T01:08:01Z,CONT-003086,YARD-C,GATE_IN,HOLD,NO,MANIFEST_REVIEW,DST-C,NORMAL,
CARGO-00566,2026-06-08T21:46:14Z,CONT-007445,YARD-A,NONE,HOLD,YES,MANIFEST_CHANGE,DST-C,NORMAL,
CARGO-00567,2026-06-25T01:28:17Z,CONT-007816,YARD-C,GATE_IN,LOADED,YES,MANIFEST_CHANGE,DST-B,NORMAL,
CARGO-00568,2026-06-20T22:17:59Z,CONT-003511,YARD-C,GATE_OUT,RECEIVED,NO,YARD_MOVE,DST-D,NORMAL,
CARGO-00569,2026-06-02T16:08:49Z,CONT-005924,YARD-B,GATE_OUT,LOADED,NO,MANIFEST_REVIEW,DST-B,NORMAL,
CARGO-00570,2026-06-04T07:02:01Z,CONT-006585,YARD-C,GATE_OUT,CLEARED,NO,YARD_MOVE,DST-A,NORMAL,
CARGO-00571,2026-06-25T08:36:37Z,CONT-001907,YARD-A,NONE,IN_YARD,NO,GATE_OUT,DST-B,NORMAL,
CARGO-00572,2026-06-12T21:06:44Z,CONT-002563,YARD-C,GATE_OUT,HOLD,NO,GATE_OUT,DST-D,NORMAL,
CARGO-00573,2026-06-17T10:34:01Z,CONT-001376,YARD-B,GATE_OUT,CLEARED,NO,LOAD,DST-B,NORMAL,
CARGO-00574,2026-06-29T21:18:07Z,CONT-008131,YARD-B,GATE_OUT,RECEIVED,NO,LOAD,DST-D,NORMAL,
CARGO-00575,2026-06-10T23:33:41Z,CONT-005705,YARD-A,GATE_IN,HOLD,NO,GATE_OUT,DST-D,NORMAL,
CARGO-00576,2026-06-08T16:34:25Z,CONT-003201,YARD-C,NONE,RECEIVED,YES,MANIFEST_CHANGE,DST-C,SUSPICIOUS,
CARGO-00577,2026-06-15T00:41:14Z,CONT-004193,YARD-A,NONE,RECEIVED,NO,UNLOAD,DST-A,NORMAL,
CARGO-00578,2026-06-13T21:01:23Z,CONT-002021,YARD-B,GATE_IN,RECEIVED,NO,LOAD,DST-C,NORMAL,
CARGO-00579,2026-06-20T15:42:15Z,CONT-004914,YARD-A,NONE,RECEIVED,NO,YARD_MOVE,DST-A,NORMAL,
CARGO-00580,2026-06-19T22:17:03Z,CONT-008850,YARD-C,GATE_OUT,CLEARED,NO,LOAD,DST-D,NORMAL,
CARGO-00581,2026-06-04T17:49:18Z,CONT-005141,YARD-A,GATE_IN,CLEARED,NO,UNLOAD,DST-A,NORMAL,
CARGO-00582,2026-06-23T22:29:18Z,CONT-003784,YARD-C,GATE_OUT,IN_YARD,YES,MANIFEST_CHANGE,DST-A,NORMAL,
CARGO-00583,2026-06-11T17:20:39Z,CONT-004792,YARD-C,GATE_OUT,HOLD,NO,MANIFEST_REVIEW,DST-B,NORMAL,
CARGO-00584,2026-06-07T01:02:22Z,CONT-006131,YARD-C,NONE,IN_YARD,YES,MANIFEST_CHANGE,DST-C,NORMAL,
CARGO-00585,2026-06-14T11:04:19Z,CONT-006787,YARD-A,NONE,RECEIVED,YES,MANIFEST_CHANGE,DST-B,NORMAL,
CARGO-00586,2026-06-01T14:56:57Z,CONT-004513,YARD-C,GATE_OUT,IN_YARD,YES,MANIFEST_CHANGE,DST-D,NORMAL,
CARGO-00587,2026-06-12T02:55:46Z,CONT-000567,YARD-C,GATE_IN,RECEIVED,NO,MANIFEST_REVIEW,DST-A,NORMAL,
CARGO-00588,2026-06-30T01:54:15Z,CONT-003161,YARD-B,GATE_OUT,HOLD,NO,YARD_MOVE,DST-B,NORMAL,
CARGO-00589,2026-06-24T06:43:11Z,CONT-006074,YARD-A,NONE,CLEARED,NO,MANIFEST_REVIEW,DST-D,NORMAL,
CARGO-00590,2026-06-02T06:06:28Z,CONT-008061,YARD-C,GATE_IN,LOADED,NO,LOAD,DST-C,NORMAL,
CARGO-00591,2026-06-02T11:38:06Z,CONT-008123,YARD-C,GATE_OUT,RECEIVED,YES,MANIFEST_CHANGE,DST-B,NORMAL,
CARGO-00592,2026-06-26T13:38:38Z,CONT-005943,YARD-A,GATE_IN,RECEIVED,NO,MANIFEST_REVIEW,DST-C,NORMAL,
CARGO-00593,2026-06-17T22:00:15Z,CONT-007178,YARD-C,NONE,RECEIVED,NO,MANIFEST_REVIEW,DST-B,NORMAL,
CARGO-00594,2026-06-19T12:32:55Z,CONT-008937,YARD-C,GATE_OUT,IN_YARD,NO,GATE_OUT,DST-B,NORMAL,
CARGO-00595,2026-06-05T19:52:41Z,CONT-000652,YARD-A,GATE_OUT,HOLD,NO,MANIFEST_REVIEW,DST-B,NORMAL,
CARGO-00596,2026-06-05T20:13:55Z,CONT-004088,YARD-C,GATE_OUT,IN_YARD,NO,GATE_IN,DST-C,NORMAL,
CARGO-00597,2026-06-17T05:30:40Z,CONT-008878,YARD-C,GATE_IN,CLEARED,NO,UNLOAD,DST-A,NORMAL,
CARGO-00598,2026-06-04T00:51:34Z,CONT-000447,YARD-A,NONE,HOLD,YES,MANIFEST_CHANGE,DST-A,NORMAL,
CARGO-00599,2026-06-14T15:29:33Z,CONT-002681,YARD-B,GATE_OUT,CLEARED,NO,YARD_MOVE,DST-A,NORMAL,
CARGO-00600,2026-06-30T18:40:06Z,CONT-002350,YARD-C,GATE_OUT,LOADED,NO,UNLOAD,DST-B,NORMAL,
CARGO-00601,2026-06-19T09:09:45Z,CONT-002621,YARD-A,NONE,IN_YARD,NO,MANIFEST_REVIEW,DST-B,NORMAL,
CARGO-00602,2026-06-08T16:31:50Z,CONT-007609,YARD-C,GATE_IN,RECEIVED,NO,UNLOAD,DST-B,NORMAL,
CARGO-00603,2026-06-16T12:20:58Z,CONT-005444,YARD-B,GATE_IN,RECEIVED,NO,UNLOAD,DST-A,NORMAL,
CARGO-00604,2026-06-04T05:26:14Z,CONT-006991,YARD-A,NONE,HOLD,NO,UNLOAD,DST-D,NORMAL,
CARGO-00605,2026-06-20T18:37:20Z,CONT-000893,YARD-C,GATE_IN,RECEIVED,NO,MANIFEST_REVIEW,DST-A,NORMAL,
CARGO-00606,2026-06-13T03:00:16Z,CONT-005122,YARD-A,GATE_IN,RECEIVED,YES,MANIFEST_CHANGE,DST-A,NORMAL,
CARGO-00607,2026-06-05T20:31:39Z,CONT-007162,YARD-B,GATE_OUT,RECEIVED,NO,MANIFEST_REVIEW,DST-A,NORMAL,
CARGO-00608,2026-06-29T02:18:43Z,CONT-003765,YARD-A,GATE_OUT,IN_YARD,NO,GATE_OUT,DST-B,NORMAL,
CARGO-00609,2026-06-03T07:04:32Z,CONT-003013,YARD-C,GATE_IN,CLEARED,NO,LOAD,DST-A,NORMAL,
CARGO-00610,2026-06-06T07:44:55Z,CONT-003391,YARD-C,GATE_IN,IN_YARD,NO,MANIFEST_REVIEW,DST-B,NORMAL,
CARGO-00611,2026-06-11T13:55:16Z,CONT-000603,YARD-C,GATE_IN,RECEIVED,NO,GATE_OUT,DST-C,NORMAL,
CARGO-00612,2026-06-06T08:41:54Z,CONT-002584,YARD-A,NONE,CLEARED,NO,MANIFEST_REVIEW,DST-B,NORMAL,
CARGO-00613,2026-06-04T22:12:07Z,CONT-000152,YARD-B,GATE_IN,LOADED,NO,LOAD,DST-C,NORMAL,
CARGO-00614,2026-06-14T11:13:20Z,CONT-001836,YARD-A,GATE_IN,LOADED,NO,YARD_MOVE,DST-B,NORMAL,
CARGO-00615,2026-06-30T23:16:30Z,CONT-008589,YARD-C,NONE,HOLD,NO,MANIFEST_REVIEW,DST-C,NORMAL,
CARGO-00616,2026-06-27T01:26:37Z,CONT-003825,YARD-A,NONE,LOADED,NO,YARD_MOVE,DST-B,NORMAL,
CARGO-00617,2026-06-15T21:51:18Z,CONT-008593,YARD-B,GATE_IN,LOADED,NO,MANIFEST_REVIEW,DST-D,NORMAL,
CARGO-00618,2026-06-18T10:45:24Z,CONT-006535,YARD-C,GATE_OUT,LOADED,NO,GATE_IN,DST-C,NORMAL,
CARGO-00619,2026-06-07T04:17:39Z,CONT-004708,YARD-B,GATE_OUT,RECEIVED,NO,LOAD,DST-D,NORMAL,
CARGO-00620,2026-06-06T22:12:50Z,CONT-007662,YARD-B,GATE_IN,CLEARED,NO,MANIFEST_REVIEW,DST-D,NORMAL,
CARGO-00621,2026-06-04T08:42:11Z,CONT-007867,YARD-A,GATE_IN,HOLD,NO,MANIFEST_REVIEW,DST-D,NORMAL,
CARGO-00622,2026-06-28T00:30:09Z,CONT-008058,YARD-C,GATE_OUT,CLEARED,NO,LOAD,DST-A,NORMAL,
CARGO-00623,2026-06-20T22:56:10Z,CONT-007096,YARD-C,NONE,HOLD,YES,MANIFEST_CHANGE,DST-A,NORMAL,
CARGO-00624,2026-06-15T07:15:40Z,CONT-001856,YARD-C,GATE_IN,IN_YARD,NO,GATE_IN,DST-B,NORMAL,
CARGO-00625,2026-06-14T16:28:34Z,CONT-001066,YARD-C,NONE,CLEARED,NO,GATE_OUT,DST-A,NORMAL,
CARGO-00626,2026-06-18T22:56:51Z,CONT-002479,YARD-A,GATE_OUT,CLEARED,NO,GATE_OUT,DST-B,NORMAL,
CARGO-00627,2026-06-29T12:01:28Z,CONT-001423,YARD-A,GATE_OUT,RECEIVED,NO,YARD_MOVE,DST-D,NORMAL,
CARGO-00628,2026-06-19T22:47:28Z,CONT-005948,YARD-C,GATE_OUT,LOADED,NO,GATE_IN,DST-A,NORMAL,
CARGO-00629,2026-06-02T04:18:01Z,CONT-005803,YARD-C,GATE_OUT,CLEARED,NO,YARD_MOVE,DST-C,NORMAL,
CARGO-00630,2026-06-16T08:20:47Z,CONT-004660,YARD-B,GATE_OUT,LOADED,NO,UNLOAD,DST-B,NORMAL,
CARGO-00631,2026-06-06T08:02:43Z,CONT-002444,YARD-B,NONE,IN_YARD,YES,MANIFEST_CHANGE,DST-B,NORMAL,
CARGO-00632,2026-06-04T20:58:29Z,CONT-004247,YARD-A,GATE_OUT,CLEARED,NO,UNLOAD,DST-D,NORMAL,
CARGO-00633,2026-06-13T19:50:31Z,CONT-003361,YARD-C,GATE_IN,RECEIVED,NO,MANIFEST_REVIEW,DST-A,NORMAL,
CARGO-00634,2026-06-09T01:09:53Z,CONT-003214,YARD-A,NONE,LOADED,NO,MANIFEST_REVIEW,DST-A,NORMAL,
CARGO-00635,2026-06-30T04:47:09Z,CONT-007961,YARD-C,NONE,CLEARED,YES,MANIFEST_CHANGE,DST-B,NORMAL,
CARGO-00636,2026-06-19T05:42:22Z,CONT-002048,YARD-B,NONE,IN_YARD,NO,MANIFEST_REVIEW,DST-D,NORMAL,
CARGO-00637,2026-06-12T10:14:13Z,CONT-006535,YARD-A,GATE_OUT,IN_YARD,NO,MANIFEST_REVIEW,DST-D,NORMAL,
CARGO-00638,2026-06-12T08:29:51Z,CONT-007207,YARD-B,GATE_IN,CLEARED,NO,GATE_OUT,DST-A,NORMAL,
CARGO-00639,2026-06-14T10:09:17Z,CONT-008818,YARD-A,GATE_IN,HOLD,NO,GATE_OUT,DST-A,NORMAL,
CARGO-00640,2026-06-29T12:21:36Z,CONT-002287,YARD-C,NONE,LOADED,NO,UNLOAD,DST-C,NORMAL,
CARGO-00641,2026-06-14T17:01:25Z,CONT-008059,YARD-A,GATE_OUT,LOADED,NO,LOAD,DST-A,NORMAL,
CARGO-00642,2026-06-08T15:37:35Z,CONT-001549,YARD-C,NONE,LOADED,NO,MANIFEST_REVIEW,DST-D,NORMAL,
CARGO-00643,2026-06-23T02:53:50Z,CONT-006355,YARD-B,GATE_IN,CLEARED,NO,YARD_MOVE,DST-C,NORMAL,
CARGO-00644,2026-06-10T01:33:04Z,CONT-001323,YARD-C,GATE_OUT,CLEARED,NO,MANIFEST_REVIEW,DST-B,NORMAL,
CARGO-00645,2026-06-21T07:35:56Z,CONT-001357,YARD-A,GATE_OUT,CLEARED,NO,YARD_MOVE,DST-B,NORMAL,
CARGO-00646,2026-06-23T04:09:21Z,CONT-004067,YARD-C,NONE,CLEARED,NO,GATE_IN,DST-C,NORMAL,
CARGO-00647,2026-06-08T17:44:43Z,CONT-004376,YARD-A,GATE_OUT,HOLD,YES,MANIFEST_CHANGE,DST-A,SUSPICIOUS,
CARGO-00648,2026-06-19T15:45:52Z,CONT-006991,YARD-B,NONE,HOLD,NO,UNLOAD,DST-A,NORMAL,
CARGO-00649,2026-06-20T15:00:55Z,CONT-006760,YARD-C,NONE,IN_YARD,NO,MANIFEST_REVIEW,DST-B,NORMAL,
CARGO-00650,2026-06-30T14:59:54Z,CONT-006514,YARD-B,GATE_OUT,HOLD,NO,YARD_MOVE,DST-C,NORMAL,
CARGO-00651,2026-06-20T20:23:51Z,CONT-004111,YARD-B,NONE,HOLD,NO,MANIFEST_REVIEW,DST-B,NORMAL,
CARGO-00652,2026-06-28T06:06:39Z,CONT-002836,YARD-A,GATE_OUT,HOLD,NO,MANIFEST_REVIEW,DST-A,NORMAL,
CARGO-00653,2026-06-23T05:50:38Z,CONT-001388,YARD-C,GATE_IN,LOADED,NO,YARD_MOVE,DST-D,NORMAL,
CARGO-00654,2026-06-26T14:23:23Z,CONT-001948,YARD-C,NONE,LOADED,NO,GATE_IN,DST-A,NORMAL,
CARGO-00655,2026-06-22T07:18:08Z,CONT-006597,YARD-A,GATE_IN,LOADED,NO,GATE_IN,DST-B,NORMAL,
CARGO-00656,2026-06-05T05:00:29Z,CONT-007357,YARD-A,GATE_IN,HOLD,NO,MANIFEST_REVIEW,DST-C,NORMAL,
CARGO-00657,2026-06-22T08:43:20Z,CONT-006111,YARD-A,NONE,RECEIVED,YES,MANIFEST_CHANGE,DST-C,NORMAL,
CARGO-00658,2026-06-10T01:41:44Z,CONT-001665,YARD-A,GATE_IN,RECEIVED,NO,YARD_MOVE,DST-C,NORMAL,
CARGO-00659,2026-06-09T20:14:58Z,CONT-006606,YARD-C,NONE,IN_YARD,NO,UNLOAD,DST-C,NORMAL,
CARGO-00660,2026-06-08T11:56:17Z,CONT-007029,YARD-B,NONE,CLEARED,NO,GATE_IN,DST-D,NORMAL,
CARGO-00661,2026-06-14T17:55:03Z,CONT-000178,YARD-B,GATE_OUT,LOADED,NO,GATE_OUT,DST-B,NORMAL,
CARGO-00662,2026-06-20T19:23:56Z,CONT-000731,YARD-A,GATE_IN,IN_YARD,NO,LOAD,DST-A,NORMAL,
CARGO-00663,2026-06-21T22:23:00Z,CONT-002890,YARD-C,GATE_OUT,HOLD,YES,MANIFEST_CHANGE,DST-B,NORMAL,
CARGO-00664,2026-06-22T22:01:28Z,CONT-003171,YARD-B,GATE_OUT,RECEIVED,NO,UNLOAD,DST-D,NORMAL,
CARGO-00665,2026-06-19T15:50:31Z,CONT-004019,YARD-B,GATE_OUT,RECEIVED,YES,MANIFEST_CHANGE,DST-C,SUSPICIOUS,
CARGO-00666,2026-06-07T00:24:27Z,CONT-001651,YARD-B,GATE_OUT,RECEIVED,NO,GATE_OUT,DST-C,NORMAL,
CARGO-00667,2026-06-03T17:31:53Z,CONT-005535,YARD-A,NONE,HOLD,NO,MANIFEST_REVIEW,DST-D,NORMAL,
CARGO-00668,2026-06-19T16:43:12Z,CONT-008206,YARD-C,GATE_IN,LOADED,NO,UNLOAD,DST-C,NORMAL,
CARGO-00669,2026-06-19T16:46:34Z,CONT-005229,YARD-A,GATE_OUT,RECEIVED,YES,MANIFEST_CHANGE,DST-D,SUSPICIOUS,
CARGO-00670,2026-06-12T21:17:54Z,CONT-006059,YARD-C,NONE,HOLD,NO,UNLOAD,DST-D,NORMAL,
CARGO-00671,2026-06-15T19:10:37Z,CONT-007747,YARD-B,GATE_OUT,CLEARED,NO,GATE_OUT,DST-B,NORMAL,
CARGO-00672,2026-06-15T21:41:18Z,CONT-002855,YARD-A,GATE_OUT,LOADED,NO,GATE_IN,DST-D,NORMAL,
CARGO-00673,2026-06-25T22:42:33Z,CONT-005994,YARD-B,GATE_OUT,HOLD,NO,LOAD,DST-A,NORMAL,
CARGO-00674,2026-06-26T16:41:38Z,CONT-000391,YARD-B,GATE_IN,CLEARED,NO,MANIFEST_REVIEW,DST-B,NORMAL,
CARGO-00675,2026-06-29T07:16:34Z,CONT-007007,YARD-C,NONE,LOADED,NO,GATE_OUT,DST-C,NORMAL,
CARGO-00676,2026-06-19T11:31:25Z,CONT-000842,YARD-A,GATE_OUT,IN_YARD,NO,MANIFEST_REVIEW,DST-A,NORMAL,
CARGO-00677,2026-06-27T15:58:22Z,CONT-000504,YARD-C,NONE,RECEIVED,NO,LOAD,DST-C,NORMAL,
CARGO-00678,2026-06-02T19:42:32Z,CONT-004778,YARD-B,NONE,LOADED,NO,LOAD,DST-D,NORMAL,
CARGO-00679,2026-06-02T05:35:40Z,CONT-000722,YARD-C,NONE,CLEARED,YES,MANIFEST_CHANGE,DST-C,NORMAL,
CARGO-00680,2026-06-11T08:41:07Z,CONT-004322,YARD-C,NONE,CLEARED,NO,YARD_MOVE,DST-D,NORMAL,
CARGO-00681,2026-06-13T02:03:37Z,CONT-007175,YARD-A,NONE,HOLD,NO,GATE_OUT,DST-B,NORMAL,
CARGO-00682,2026-06-26T23:11:57Z,CONT-005441,YARD-C,NONE,HOLD,NO,YARD_MOVE,DST-A,NORMAL,
CARGO-00683,2026-06-04T04:46:17Z,CONT-006395,YARD-B,NONE,CLEARED,NO,GATE_IN,DST-A,NORMAL,
CARGO-00684,2026-06-05T04:46:30Z,CONT-006313,YARD-B,NONE,HOLD,NO,LOAD,DST-B,NORMAL,
CARGO-00685,2026-06-12T00:35:32Z,CONT-006927,YARD-B,GATE_OUT,RECEIVED,NO,GATE_OUT,DST-D,NORMAL,
CARGO-00686,2026-06-11T00:06:35Z,CONT-008154,YARD-C,GATE_OUT,HOLD,NO,YARD_MOVE,DST-C,NORMAL,
CARGO-00687,2026-06-05T00:27:19Z,CONT-005305,YARD-B,GATE_IN,IN_YARD,NO,YARD_MOVE,DST-B,NORMAL,
CARGO-00688,2026-06-28T06:25:51Z,CONT-004806,YARD-B,GATE_OUT,LOADED,NO,LOAD,DST-B,NORMAL,
CARGO-00689,2026-06-11T04:21:27Z,CONT-005129,YARD-C,NONE,HOLD,NO,YARD_MOVE,DST-B,NORMAL,
CARGO-00690,2026-06-26T12:41:33Z,CONT-007909,YARD-B,GATE_OUT,IN_YARD,NO,MANIFEST_REVIEW,DST-C,NORMAL,
CARGO-00691,2026-06-27T07:08:14Z,CONT-003355,YARD-A,GATE_OUT,CLEARED,NO,MANIFEST_REVIEW,DST-A,NORMAL,
CARGO-00692,2026-06-18T04:59:27Z,CONT-005704,YARD-A,GATE_OUT,RECEIVED,NO,YARD_MOVE,DST-B,NORMAL,
CARGO-00693,2026-06-13T18:29:42Z,CONT-004990,YARD-B,GATE_IN,RECEIVED,NO,MANIFEST_REVIEW,DST-B,NORMAL,
CARGO-00694,2026-06-27T20:39:43Z,CONT-006503,YARD-B,GATE_OUT,LOADED,NO,GATE_IN,DST-A,NORMAL,
CARGO-00695,2026-06-01T21:50:06Z,CONT-000175,YARD-B,NONE,CLEARED,NO,GATE_IN,DST-A,NORMAL,
CARGO-00696,2026-06-22T19:38:04Z,CONT-008477,YARD-C,GATE_IN,RECEIVED,NO,UNLOAD,DST-B,NORMAL,
CARGO-00697,2026-06-27T23:05:01Z,CONT-002991,YARD-A,GATE_OUT,RECEIVED,NO,GATE_IN,DST-C,NORMAL,
CARGO-00698,2026-06-07T06:06:39Z,CONT-004994,YARD-C,NONE,RECEIVED,NO,GATE_IN,DST-D,NORMAL,
CARGO-00699,2026-06-12T01:54:47Z,CONT-002337,YARD-B,GATE_OUT,IN_YARD,YES,MANIFEST_CHANGE,DST-D,NORMAL,
CARGO-00700,2026-06-27T21:50:22Z,CONT-005218,YARD-B,NONE,LOADED,NO,MANIFEST_REVIEW,DST-B,NORMAL,
CARGO-00701,2026-06-02T06:46:55Z,CONT-005877,YARD-C,GATE_IN,HOLD,NO,YARD_MOVE,DST-D,NORMAL,
CARGO-00702,2026-06-20T15:22:20Z,CONT-003827,YARD-A,NONE,RECEIVED,NO,GATE_IN,DST-A,NORMAL,
CARGO-00703,2026-06-22T07:23:20Z,CONT-008645,YARD-C,NONE,LOADED,NO,GATE_IN,DST-C,NORMAL,
CARGO-00704,2026-06-21T08:31:48Z,CONT-002555,YARD-B,GATE_IN,IN_YARD,YES,MANIFEST_CHANGE,DST-C,NORMAL,
CARGO-00705,2026-06-24T03:54:16Z,CONT-002207,YARD-B,NONE,IN_YARD,NO,MANIFEST_REVIEW,DST-B,NORMAL,
CARGO-00706,2026-06-19T06:45:53Z,CONT-002200,YARD-A,GATE_OUT,LOADED,NO,GATE_IN,DST-C,NORMAL,
CARGO-00707,2026-06-02T01:00:40Z,CONT-001243,YARD-C,GATE_IN,RECEIVED,NO,UNLOAD,DST-D,NORMAL,
CARGO-00708,2026-06-25T02:19:25Z,CONT-006268,YARD-C,GATE_IN,CLEARED,NO,UNLOAD,DST-D,NORMAL,
CARGO-00709,2026-06-08T08:37:23Z,CONT-001918,YARD-A,GATE_OUT,RECEIVED,YES,MANIFEST_CHANGE,DST-C,NORMAL,
CARGO-00710,2026-06-04T07:51:37Z,CONT-005636,YARD-B,GATE_IN,LOADED,YES,MANIFEST_CHANGE,DST-B,NORMAL,
CARGO-00711,2026-06-17T11:33:10Z,CONT-003710,YARD-B,GATE_IN,IN_YARD,NO,LOAD,DST-A,NORMAL,
CARGO-00712,2026-06-11T12:00:53Z,CONT-000054,YARD-B,NONE,RECEIVED,NO,GATE_OUT,DST-C,NORMAL,
CARGO-00713,2026-06-26T02:48:19Z,CONT-002189,YARD-C,GATE_IN,LOADED,YES,MANIFEST_CHANGE,DST-D,NORMAL,
CARGO-00714,2026-06-14T09:30:52Z,CONT-007432,YARD-C,GATE_OUT,IN_YARD,YES,MANIFEST_CHANGE,DST-C,NORMAL,
CARGO-00715,2026-06-16T00:28:33Z,CONT-005994,YARD-A,GATE_OUT,IN_YARD,NO,UNLOAD,DST-A,NORMAL,
CARGO-00716,2026-06-18T03:14:43Z,CONT-007746,YARD-C,GATE_IN,LOADED,NO,YARD_MOVE,DST-C,NORMAL,
CARGO-00717,2026-06-29T13:07:00Z,CONT-003137,YARD-A,GATE_OUT,LOADED,NO,UNLOAD,DST-B,NORMAL,
CARGO-00718,2026-06-25T17:29:19Z,CONT-008404,YARD-C,GATE_OUT,IN_YARD,NO,LOAD,DST-D,NORMAL,
CARGO-00719,2026-06-15T19:27:30Z,CONT-005958,YARD-C,GATE_OUT,CLEARED,NO,MANIFEST_REVIEW,DST-B,NORMAL,
CARGO-00720,2026-06-02T23:39:46Z,CONT-006643,YARD-C,GATE_OUT,CLEARED,YES,MANIFEST_CHANGE,DST-D,NORMAL,
CARGO-00721,2026-06-07T18:29:54Z,CONT-003879,YARD-A,NONE,LOADED,YES,MANIFEST_CHANGE,DST-D,NORMAL,
CARGO-00722,2026-06-13T18:47:58Z,CONT-006239,YARD-A,GATE_OUT,IN_YARD,NO,UNLOAD,DST-A,NORMAL,
CARGO-00723,2026-06-14T14:23:00Z,CONT-007102,YARD-C,GATE_IN,CLEARED,NO,GATE_IN,DST-B,NORMAL,
CARGO-00724,2026-06-28T07:25:08Z,CONT-007665,YARD-C,GATE_IN,CLEARED,YES,MANIFEST_CHANGE,DST-C,SUSPICIOUS,
CARGO-00725,2026-06-16T23:22:25Z,CONT-006180,YARD-B,NONE,CLEARED,NO,UNLOAD,DST-A,NORMAL,
CARGO-00726,2026-06-29T13:33:33Z,CONT-007979,YARD-C,GATE_IN,LOADED,YES,MANIFEST_CHANGE,DST-A,NORMAL,
CARGO-00727,2026-06-14T20:27:39Z,CONT-003556,YARD-A,GATE_IN,RECEIVED,NO,MANIFEST_REVIEW,DST-D,NORMAL,
CARGO-00728,2026-06-30T22:01:04Z,CONT-002268,YARD-C,GATE_OUT,RECEIVED,NO,GATE_OUT,DST-D,NORMAL,
CARGO-00729,2026-06-05T23:31:39Z,CONT-008849,YARD-B,GATE_OUT,HOLD,NO,UNLOAD,DST-D,NORMAL,
CARGO-00730,2026-06-11T06:09:04Z,CONT-006549,YARD-B,GATE_IN,HOLD,NO,YARD_MOVE,DST-A,NORMAL,
CARGO-00731,2026-06-17T13:00:09Z,CONT-008157,YARD-C,NONE,CLEARED,NO,GATE_OUT,DST-B,NORMAL,
CARGO-00732,2026-06-29T07:35:34Z,CONT-003090,YARD-B,NONE,HOLD,NO,UNLOAD,DST-A,NORMAL,
CARGO-00733,2026-06-22T05:41:04Z,CONT-008252,YARD-C,GATE_OUT,RECEIVED,NO,YARD_MOVE,DST-A,NORMAL,
CARGO-00734,2026-06-18T02:05:00Z,CONT-008744,YARD-B,GATE_IN,CLEARED,NO,MANIFEST_REVIEW,DST-C,NORMAL,
CARGO-00735,2026-06-23T09:57:59Z,CONT-007570,YARD-A,GATE_IN,HOLD,NO,MANIFEST_REVIEW,DST-D,NORMAL,
CARGO-00736,2026-06-19T13:34:04Z,CONT-004637,YARD-A,GATE_IN,RECEIVED,YES,MANIFEST_CHANGE,DST-D,SUSPICIOUS,
CARGO-00737,2026-06-22T06:04:15Z,CONT-000179,YARD-C,GATE_OUT,RECEIVED,NO,YARD_MOVE,DST-C,NORMAL,
CARGO-00738,2026-06-28T04:57:25Z,CONT-008386,YARD-A,GATE_OUT,RECEIVED,NO,UNLOAD,DST-A,NORMAL,
CARGO-00739,2026-06-26T17:51:35Z,CONT-004944,YARD-A,GATE_OUT,LOADED,YES,MANIFEST_CHANGE,DST-D,NORMAL,
CARGO-00740,2026-06-13T10:22:25Z,CONT-007325,YARD-C,GATE_IN,IN_YARD,NO,MANIFEST_REVIEW,DST-B,NORMAL,
CARGO-00741,2026-06-15T04:01:38Z,CONT-003616,YARD-C,GATE_OUT,RECEIVED,NO,UNLOAD,DST-D,NORMAL,
CARGO-00742,2026-06-19T15:58:28Z,CONT-008322,YARD-A,NONE,RECEIVED,NO,LOAD,DST-A,NORMAL,
CARGO-00743,2026-06-26T04:45:57Z,CONT-001491,YARD-C,GATE_OUT,HOLD,NO,LOAD,DST-B,NORMAL,
CARGO-00744,2026-06-12T05:59:09Z,CONT-008189,YARD-C,NONE,RECEIVED,YES,MANIFEST_CHANGE,DST-A,NORMAL,
CARGO-00745,2026-06-12T13:32:36Z,CONT-007723,YARD-B,GATE_OUT,RECEIVED,NO,LOAD,DST-B,NORMAL,
CARGO-00746,2026-06-13T10:14:30Z,CONT-005140,YARD-A,NONE,CLEARED,NO,GATE_OUT,DST-B,NORMAL,
CARGO-00747,2026-06-25T12:09:55Z,CONT-001380,YARD-B,GATE_IN,RECEIVED,NO,YARD_MOVE,DST-C,NORMAL,
CARGO-00748,2026-06-15T02:31:32Z,CONT-000166,YARD-C,GATE_IN,HOLD,NO,YARD_MOVE,DST-A,NORMAL,
CARGO-00749,2026-06-01T13:15:53Z,CONT-004227,YARD-C,GATE_OUT,CLEARED,YES,MANIFEST_CHANGE,DST-C,NORMAL,
CARGO-00750,2026-06-04T20:36:38Z,CONT-008512,YARD-C,GATE_OUT,LOADED,NO,YARD_MOVE,DST-D,NORMAL,
CARGO-00751,2026-06-04T21:20:39Z,CONT-001581,YARD-B,GATE_OUT,HOLD,YES,MANIFEST_CHANGE,DST-C,SUSPICIOUS,
CARGO-00752,2026-06-11T11:40:40Z,CONT-003566,YARD-A,GATE_OUT,LOADED,NO,GATE_IN,DST-D,NORMAL,
CARGO-00753,2026-06-26T12:02:26Z,CONT-005093,YARD-B,NONE,HOLD,NO,YARD_MOVE,DST-A,NORMAL,
CARGO-00754,2026-06-07T14:28:40Z,CONT-006124,YARD-B,GATE_IN,HOLD,NO,GATE_OUT,DST-B,NORMAL,
CARGO-00755,2026-06-27T19:04:59Z,CONT-005146,YARD-C,GATE_OUT,IN_YARD,NO,LOAD,DST-A,NORMAL,
CARGO-00756,2026-06-07T17:25:12Z,CONT-000752,YARD-C,GATE_OUT,HOLD,NO,YARD_MOVE,DST-A,NORMAL,
CARGO-00757,2026-06-30T18:03:10Z,CONT-002980,YARD-C,GATE_IN,LOADED,NO,MANIFEST_REVIEW,DST-C,NORMAL,
CARGO-00758,2026-06-09T16:53:09Z,CONT-007582,YARD-A,NONE,CLEARED,NO,YARD_MOVE,DST-D,NORMAL,
CARGO-00759,2026-06-25T02:18:27Z,CONT-008440,YARD-B,GATE_OUT,LOADED,YES,MANIFEST_CHANGE,DST-D,SUSPICIOUS,
CARGO-00760,2026-06-24T07:00:25Z,CONT-001367,YARD-B,NONE,CLEARED,NO,GATE_OUT,DST-A,NORMAL,
CARGO-00761,2026-06-08T12:57:20Z,CONT-008117,YARD-B,GATE_OUT,HOLD,NO,YARD_MOVE,DST-C,NORMAL,
CARGO-00762,2026-06-13T09:37:12Z,CONT-005877,YARD-A,NONE,RECEIVED,NO,YARD_MOVE,DST-A,NORMAL,
CARGO-00763,2026-06-13T23:07:09Z,CONT-005960,YARD-A,GATE_OUT,IN_YARD,NO,MANIFEST_REVIEW,DST-B,NORMAL,
CARGO-00764,2026-06-23T05:26:05Z,CONT-005991,YARD-B,GATE_IN,RECEIVED,NO,YARD_MOVE,DST-C,NORMAL,
CARGO-00765,2026-06-23T12:36:02Z,CONT-005011,YARD-C,GATE_IN,RECEIVED,YES,MANIFEST_CHANGE,DST-A,NORMAL,
CARGO-00766,2026-06-04T00:06:27Z,CONT-007697,YARD-B,GATE_OUT,CLEARED,NO,MANIFEST_REVIEW,DST-A,NORMAL,
CARGO-00767,2026-06-04T21:55:18Z,CONT-003182,YARD-A,GATE_IN,RECEIVED,NO,GATE_IN,DST-A,NORMAL,
CARGO-00768,2026-06-23T18:44:05Z,CONT-005615,YARD-B,NONE,RECEIVED,NO,YARD_MOVE,DST-D,NORMAL,
CARGO-00769,2026-06-26T03:32:41Z,CONT-004324,YARD-A,GATE_OUT,IN_YARD,NO,LOAD,DST-C,NORMAL,
CARGO-00770,2026-06-12T18:20:03Z,CONT-004925,YARD-B,NONE,RECEIVED,NO,YARD_MOVE,DST-C,NORMAL,
CARGO-00771,2026-06-18T03:03:50Z,CONT-008333,YARD-A,NONE,LOADED,NO,GATE_OUT,DST-B,NORMAL,
CARGO-00772,2026-06-12T02:56:32Z,CONT-004340,YARD-A,GATE_IN,LOADED,NO,GATE_OUT,DST-A,NORMAL,
CARGO-00773,2026-06-06T04:03:52Z,CONT-008032,YARD-A,GATE_IN,HOLD,NO,MANIFEST_REVIEW,DST-D,NORMAL,
CARGO-00774,2026-06-28T11:46:58Z,CONT-008294,YARD-A,GATE_OUT,RECEIVED,NO,MANIFEST_REVIEW,DST-B,NORMAL,
CARGO-00775,2026-06-29T05:53:09Z,CONT-008271,YARD-B,GATE_OUT,HOLD,NO,MANIFEST_REVIEW,DST-B,NORMAL,
CARGO-00776,2026-06-25T03:12:15Z,CONT-007878,YARD-C,GATE_IN,RECEIVED,NO,LOAD,DST-C,NORMAL,
CARGO-00777,2026-06-06T15:54:31Z,CONT-003191,YARD-A,NONE,LOADED,NO,GATE_OUT,DST-B,NORMAL,
CARGO-00778,2026-06-08T08:39:17Z,CONT-005648,YARD-A,GATE_OUT,HOLD,NO,UNLOAD,DST-B,NORMAL,
CARGO-00779,2026-06-23T23:48:15Z,CONT-001892,YARD-B,NONE,CLEARED,NO,UNLOAD,DST-B,NORMAL,
CARGO-00780,2026-06-23T19:21:48Z,CONT-006417,YARD-B,NONE,CLEARED,NO,YARD_MOVE,DST-A,NORMAL,
CARGO-00781,2026-06-18T02:34:40Z,CONT-006002,YARD-A,NONE,LOADED,NO,UNLOAD,DST-D,NORMAL,
CARGO-00782,2026-06-23T03:33:27Z,CONT-007361,YARD-A,GATE_OUT,LOADED,NO,UNLOAD,DST-C,NORMAL,
CARGO-00783,2026-06-29T08:16:17Z,CONT-005413,YARD-B,NONE,RECEIVED,NO,UNLOAD,DST-A,NORMAL,
CARGO-00784,2026-06-13T21:09:20Z,CONT-003024,YARD-B,NONE,CLEARED,NO,UNLOAD,DST-B,NORMAL,
CARGO-00785,2026-06-26T03:42:30Z,CONT-005334,YARD-A,NONE,HOLD,NO,MANIFEST_REVIEW,DST-A,NORMAL,
CARGO-00786,2026-06-24T07:02:42Z,CONT-000450,YARD-A,GATE_IN,IN_YARD,NO,LOAD,DST-C,NORMAL,
CARGO-00787,2026-06-17T12:12:51Z,CONT-005221,YARD-C,GATE_IN,CLEARED,NO,UNLOAD,DST-B,NORMAL,
CARGO-00788,2026-06-28T21:58:32Z,CONT-003288,YARD-B,GATE_IN,CLEARED,NO,LOAD,DST-C,NORMAL,
CARGO-00789,2026-06-21T04:51:30Z,CONT-006365,YARD-A,GATE_OUT,HOLD,NO,MANIFEST_REVIEW,DST-B,NORMAL,
CARGO-00790,2026-06-30T01:18:19Z,CONT-004394,YARD-A,GATE_IN,CLEARED,NO,GATE_OUT,DST-C,NORMAL,
CARGO-00791,2026-06-11T15:18:09Z,CONT-000954,YARD-C,GATE_IN,CLEARED,NO,LOAD,DST-D,NORMAL,
CARGO-00792,2026-06-21T00:04:36Z,CONT-007291,YARD-A,NONE,HOLD,NO,GATE_IN,DST-B,NORMAL,
CARGO-00793,2026-06-16T16:20:48Z,CONT-005694,YARD-C,GATE_IN,IN_YARD,NO,GATE_IN,DST-A,NORMAL,
CARGO-00794,2026-06-16T15:27:10Z,CONT-008149,YARD-A,GATE_OUT,LOADED,NO,GATE_OUT,DST-D,NORMAL,
CARGO-00795,2026-06-10T07:15:00Z,CONT-001623,YARD-A,NONE,CLEARED,NO,GATE_OUT,DST-C,NORMAL,
CARGO-00796,2026-06-16T07:01:14Z,CONT-002498,YARD-C,NONE,CLEARED,YES,MANIFEST_CHANGE,DST-D,SUSPICIOUS,
CARGO-00797,2026-06-17T14:39:03Z,CONT-000615,YARD-A,NONE,LOADED,NO,YARD_MOVE,DST-A,NORMAL,
CARGO-00798,2026-06-25T18:47:06Z,CONT-004006,YARD-A,GATE_IN,RECEIVED,NO,GATE_IN,DST-C,NORMAL,
CARGO-00799,2026-06-17T08:05:17Z,CONT-008627,YARD-C,GATE_OUT,IN_YARD,NO,UNLOAD,DST-B,NORMAL,
CARGO-00800,2026-06-15T17:08:38Z,CONT-004651,YARD-C,NONE,RECEIVED,NO,GATE_OUT,DST-B,NORMAL,
CARGO-00801,2026-06-22T23:24:55Z,CONT-003972,YARD-A,GATE_IN,LOADED,NO,GATE_IN,DST-B,NORMAL,
CARGO-00802,2026-06-03T12:57:50Z,CONT-007202,YARD-A,GATE_IN,CLEARED,YES,MANIFEST_CHANGE,DST-D,NORMAL,
CARGO-00803,2026-06-07T05:55:17Z,CONT-005997,YARD-C,GATE_IN,HOLD,NO,GATE_IN,DST-C,NORMAL,
CARGO-00804,2026-06-26T09:25:24Z,CONT-005800,YARD-B,GATE_OUT,HOLD,YES,MANIFEST_CHANGE,DST-C,NORMAL,
CARGO-00805,2026-06-08T16:13:32Z,CONT-001795,YARD-B,GATE_OUT,HOLD,YES,MANIFEST_CHANGE,DST-A,SUSPICIOUS,
CARGO-00806,2026-06-08T19:32:58Z,CONT-007053,YARD-A,GATE_IN,HOLD,YES,MANIFEST_CHANGE,DST-D,NORMAL,
CARGO-00807,2026-06-18T05:40:35Z,CONT-002621,YARD-C,GATE_OUT,LOADED,NO,YARD_MOVE,DST-A,NORMAL,
CARGO-00808,2026-06-12T16:21:05Z,CONT-001460,YARD-B,GATE_IN,RECEIVED,YES,MANIFEST_CHANGE,DST-C,NORMAL,
CARGO-00809,2026-06-16T04:41:59Z,CONT-006677,YARD-B,GATE_IN,HOLD,YES,MANIFEST_CHANGE,DST-D,NORMAL,
CARGO-00810,2026-06-09T14:31:58Z,CONT-007752,YARD-C,GATE_IN,HOLD,NO,GATE_OUT,DST-D,NORMAL,
CARGO-00811,2026-06-10T02:33:28Z,CONT-006794,YARD-A,GATE_IN,HOLD,NO,UNLOAD,DST-A,NORMAL,
CARGO-00812,2026-06-12T08:44:18Z,CONT-004691,YARD-A,GATE_IN,HOLD,YES,MANIFEST_CHANGE,DST-A,NORMAL,
CARGO-00813,2026-06-18T19:43:29Z,CONT-002103,YARD-C,GATE_OUT,CLEARED,NO,MANIFEST_REVIEW,DST-C,NORMAL,
CARGO-00814,2026-06-04T15:35:14Z,CONT-005868,YARD-A,GATE_OUT,RECEIVED,NO,GATE_OUT,DST-D,NORMAL,
CARGO-00815,2026-06-21T04:10:39Z,CONT-008649,YARD-A,GATE_IN,CLEARED,NO,LOAD,DST-A,NORMAL,
CARGO-00816,2026-06-23T02:27:04Z,CONT-000044,YARD-A,GATE_IN,IN_YARD,NO,YARD_MOVE,DST-A,NORMAL,
CARGO-00817,2026-06-08T03:46:22Z,CONT-002762,YARD-C,GATE_IN,HOLD,NO,YARD_MOVE,DST-B,NORMAL,
CARGO-00818,2026-06-11T00:58:24Z,CONT-000227,YARD-A,GATE_IN,RECEIVED,YES,MANIFEST_CHANGE,DST-D,NORMAL,
CARGO-00819,2026-06-17T01:14:20Z,CONT-006667,YARD-B,NONE,RECEIVED,NO,GATE_IN,DST-A,NORMAL,
CARGO-00820,2026-06-23T19:13:33Z,CONT-003133,YARD-A,GATE_OUT,IN_YARD,NO,GATE_OUT,DST-C,NORMAL,
CARGO-00821,2026-06-19T05:11:14Z,CONT-006100,YARD-B,GATE_OUT,IN_YARD,NO,UNLOAD,DST-B,NORMAL,
CARGO-00822,2026-06-18T20:14:23Z,CONT-004627,YARD-B,GATE_IN,LOADED,NO,GATE_OUT,DST-B,NORMAL,
CARGO-00823,2026-06-29T02:23:11Z,CONT-005025,YARD-A,GATE_IN,HOLD,NO,MANIFEST_REVIEW,DST-C,NORMAL,
CARGO-00824,2026-06-11T10:46:01Z,CONT-004513,YARD-C,NONE,CLEARED,NO,GATE_IN,DST-A,NORMAL,
CARGO-00825,2026-06-17T09:23:16Z,CONT-005095,YARD-A,NONE,IN_YARD,NO,LOAD,DST-C,NORMAL,
CARGO-00826,2026-06-15T12:44:21Z,CONT-006233,YARD-A,GATE_OUT,LOADED,NO,YARD_MOVE,DST-A,NORMAL,
CARGO-00827,2026-06-05T03:02:00Z,CONT-001917,YARD-B,GATE_OUT,LOADED,YES,MANIFEST_CHANGE,DST-B,NORMAL,
CARGO-00828,2026-06-15T13:09:53Z,CONT-000668,YARD-B,NONE,CLEARED,YES,MANIFEST_CHANGE,DST-A,NORMAL,
CARGO-00829,2026-06-08T02:13:42Z,CONT-005825,YARD-A,NONE,HOLD,YES,MANIFEST_CHANGE,DST-B,NORMAL,
CARGO-00830,2026-06-06T20:01:02Z,CONT-003351,YARD-A,NONE,HOLD,NO,UNLOAD,DST-B,NORMAL,
CARGO-00831,2026-06-24T06:26:16Z,CONT-001686,YARD-C,GATE_IN,LOADED,NO,GATE_IN,DST-C,NORMAL,
CARGO-00832,2026-06-23T13:42:27Z,CONT-004939,YARD-A,GATE_OUT,RECEIVED,NO,GATE_OUT,DST-A,NORMAL,
CARGO-00833,2026-06-20T07:00:22Z,CONT-002185,YARD-C,GATE_OUT,LOADED,NO,LOAD,DST-C,NORMAL,
CARGO-00834,2026-06-12T16:18:15Z,CONT-008762,YARD-B,GATE_OUT,IN_YARD,YES,MANIFEST_CHANGE,DST-A,SUSPICIOUS,
CARGO-00835,2026-06-08T01:40:33Z,CONT-000450,YARD-A,NONE,RECEIVED,NO,UNLOAD,DST-B,NORMAL,
CARGO-00836,2026-06-28T11:39:35Z,CONT-004544,YARD-B,NONE,RECEIVED,NO,UNLOAD,DST-D,NORMAL,
CARGO-00837,2026-06-07T17:12:12Z,CONT-006476,YARD-C,GATE_OUT,IN_YARD,YES,MANIFEST_CHANGE,DST-C,NORMAL,
CARGO-00838,2026-06-26T10:11:01Z,CONT-001382,YARD-C,GATE_OUT,RECEIVED,YES,MANIFEST_CHANGE,DST-B,NORMAL,
CARGO-00839,2026-06-25T04:33:11Z,CONT-007489,YARD-A,GATE_IN,HOLD,NO,UNLOAD,DST-C,NORMAL,
CARGO-00840,2026-06-23T12:33:01Z,CONT-005831,YARD-C,GATE_OUT,CLEARED,NO,GATE_IN,DST-B,NORMAL,
CARGO-00841,2026-06-12T16:22:30Z,CONT-008368,YARD-C,GATE_IN,LOADED,NO,GATE_OUT,DST-B,NORMAL,
CARGO-00842,2026-06-28T05:53:21Z,CONT-001670,YARD-A,GATE_IN,RECEIVED,NO,GATE_OUT,DST-A,NORMAL,
CARGO-00843,2026-06-01T13:38:16Z,CONT-004966,YARD-B,GATE_IN,CLEARED,NO,MANIFEST_REVIEW,DST-D,NORMAL,
CARGO-00844,2026-06-29T02:17:20Z,CONT-008540,YARD-C,GATE_IN,RECEIVED,YES,MANIFEST_CHANGE,DST-A,NORMAL,
CARGO-00845,2026-06-01T01:36:12Z,CONT-001766,YARD-C,GATE_IN,CLEARED,YES,MANIFEST_CHANGE,DST-B,NORMAL,
CARGO-00846,2026-06-14T07:00:10Z,CONT-007014,YARD-A,NONE,HOLD,NO,MANIFEST_REVIEW,DST-B,NORMAL,
CARGO-00847,2026-06-30T23:53:31Z,CONT-002421,YARD-B,GATE_OUT,CLEARED,NO,GATE_IN,DST-D,NORMAL,
CARGO-00848,2026-06-20T23:07:17Z,CONT-005619,YARD-C,GATE_IN,IN_YARD,NO,YARD_MOVE,DST-C,NORMAL,
CARGO-00849,2026-06-30T20:02:41Z,CONT-007289,YARD-B,NONE,LOADED,YES,MANIFEST_CHANGE,DST-A,NORMAL,
CARGO-00850,2026-06-11T17:09:21Z,CONT-002073,YARD-B,NONE,CLEARED,NO,MANIFEST_REVIEW,DST-A,NORMAL,
CARGO-00851,2026-06-14T04:57:57Z,CONT-004352,YARD-C,GATE_IN,RECEIVED,NO,YARD_MOVE,DST-D,NORMAL,
CARGO-00852,2026-06-19T08:06:46Z,CONT-007048,YARD-A,NONE,IN_YARD,YES,MANIFEST_CHANGE,DST-D,NORMAL,
CARGO-00853,2026-06-21T09:34:07Z,CONT-006081,YARD-B,GATE_OUT,RECEIVED,YES,MANIFEST_CHANGE,DST-C,SUSPICIOUS,
CARGO-00854,2026-06-28T20:32:24Z,CONT-002018,YARD-B,GATE_IN,IN_YARD,NO,LOAD,DST-B,NORMAL,
CARGO-00855,2026-06-19T21:44:06Z,CONT-007130,YARD-A,NONE,IN_YARD,NO,LOAD,DST-A,NORMAL,
CARGO-00856,2026-06-02T11:36:39Z,CONT-004974,YARD-C,GATE_IN,HOLD,NO,GATE_IN,DST-C,NORMAL,
CARGO-00857,2026-06-02T15:25:30Z,CONT-007054,YARD-B,NONE,LOADED,NO,GATE_OUT,DST-B,NORMAL,
CARGO-00858,2026-06-16T14:58:45Z,CONT-007149,YARD-C,GATE_IN,LOADED,NO,GATE_OUT,DST-D,NORMAL,
CARGO-00859,2026-06-20T01:18:26Z,CONT-000917,YARD-B,GATE_IN,RECEIVED,NO,GATE_IN,DST-B,NORMAL,
CARGO-00860,2026-06-26T00:50:47Z,CONT-004700,YARD-A,NONE,HOLD,NO,LOAD,DST-D,NORMAL,
CARGO-00861,2026-06-19T06:16:18Z,CONT-004043,YARD-B,GATE_IN,RECEIVED,NO,GATE_OUT,DST-A,NORMAL,
CARGO-00862,2026-06-14T05:28:17Z,CONT-000779,YARD-A,GATE_IN,LOADED,NO,UNLOAD,DST-D,NORMAL,
CARGO-00863,2026-06-27T23:26:27Z,CONT-000117,YARD-B,NONE,IN_YARD,NO,UNLOAD,DST-B,NORMAL,
CARGO-00864,2026-06-23T02:22:31Z,CONT-002235,YARD-A,GATE_IN,HOLD,NO,YARD_MOVE,DST-D,NORMAL,
CARGO-00865,2026-06-20T08:05:54Z,CONT-003859,YARD-C,NONE,CLEARED,NO,GATE_OUT,DST-D,NORMAL,
CARGO-00866,2026-06-16T04:46:03Z,CONT-004619,YARD-B,NONE,RECEIVED,NO,LOAD,DST-B,NORMAL,
CARGO-00867,2026-06-03T20:30:07Z,CONT-007456,YARD-C,NONE,CLEARED,NO,YARD_MOVE,DST-B,NORMAL,
CARGO-00868,2026-06-22T15:11:37Z,CONT-003924,YARD-B,NONE,LOADED,NO,GATE_IN,DST-A,NORMAL,
CARGO-00869,2026-06-20T02:54:37Z,CONT-004812,YARD-C,GATE_OUT,HOLD,YES,MANIFEST_CHANGE,DST-D,NORMAL,
CARGO-00870,2026-06-17T00:21:53Z,CONT-003339,YARD-B,GATE_IN,RECEIVED,NO,YARD_MOVE,DST-A,NORMAL,
CARGO-00871,2026-06-30T01:57:02Z,CONT-008402,YARD-A,GATE_IN,LOADED,NO,MANIFEST_REVIEW,DST-D,NORMAL,
CARGO-00872,2026-06-11T03:09:24Z,CONT-001988,YARD-A,GATE_IN,IN_YARD,YES,MANIFEST_CHANGE,DST-D,NORMAL,
CARGO-00873,2026-06-01T21:13:36Z,CONT-004870,YARD-B,GATE_OUT,HOLD,NO,GATE_OUT,DST-C,NORMAL,
CARGO-00874,2026-06-12T10:11:50Z,CONT-001209,YARD-A,GATE_IN,IN_YARD,NO,LOAD,DST-B,NORMAL,
CARGO-00875,2026-06-27T02:52:58Z,CONT-003057,YARD-C,NONE,LOADED,NO,GATE_OUT,DST-D,NORMAL,
CARGO-00876,2026-06-19T13:43:12Z,CONT-008660,YARD-C,GATE_OUT,CLEARED,NO,MANIFEST_REVIEW,DST-A,NORMAL,
CARGO-00877,2026-06-09T10:27:33Z,CONT-000067,YARD-C,GATE_IN,LOADED,NO,GATE_OUT,DST-C,NORMAL,
CARGO-00878,2026-06-28T21:43:26Z,CONT-002106,YARD-C,GATE_OUT,RECEIVED,NO,MANIFEST_REVIEW,DST-B,NORMAL,
CARGO-00879,2026-06-08T16:34:33Z,CONT-005435,YARD-C,GATE_IN,HOLD,NO,UNLOAD,DST-C,NORMAL,
CARGO-00880,2026-06-25T05:00:32Z,CONT-004660,YARD-C,GATE_IN,RECEIVED,NO,GATE_OUT,DST-A,NORMAL,
CARGO-00881,2026-06-14T08:20:14Z,CONT-006607,YARD-A,GATE_IN,RECEIVED,NO,GATE_IN,DST-D,NORMAL,
CARGO-00882,2026-06-04T14:21:01Z,CONT-003918,YARD-C,GATE_IN,LOADED,NO,MANIFEST_REVIEW,DST-D,NORMAL,
CARGO-00883,2026-06-19T21:48:04Z,CONT-007509,YARD-B,NONE,RECEIVED,NO,LOAD,DST-D,NORMAL,
CARGO-00884,2026-06-03T16:03:21Z,CONT-000797,YARD-C,GATE_IN,HOLD,NO,MANIFEST_REVIEW,DST-C,NORMAL,
CARGO-00885,2026-06-13T10:32:07Z,CONT-006459,YARD-B,GATE_OUT,CLEARED,NO,GATE_IN,DST-C,NORMAL,
CARGO-00886,2026-06-01T19:15:39Z,CONT-005542,YARD-A,GATE_OUT,IN_YARD,NO,GATE_OUT,DST-C,NORMAL,
CARGO-00887,2026-06-26T17:01:07Z,CONT-007984,YARD-B,GATE_OUT,IN_YARD,NO,GATE_IN,DST-A,NORMAL,
CARGO-00888,2026-06-13T20:37:30Z,CONT-005336,YARD-B,GATE_IN,CLEARED,YES,MANIFEST_CHANGE,DST-D,SUSPICIOUS,
CARGO-00889,2026-06-18T01:34:24Z,CONT-000880,YARD-A,GATE_IN,LOADED,NO,GATE_OUT,DST-A,NORMAL,
CARGO-00890,2026-06-16T11:00:01Z,CONT-004838,YARD-A,GATE_OUT,HOLD,NO,MANIFEST_REVIEW,DST-D,NORMAL,
CARGO-00891,2026-06-08T17:31:51Z,CONT-006821,YARD-C,GATE_OUT,CLEARED,NO,YARD_MOVE,DST-D,NORMAL,
CARGO-00892,2026-06-07T13:18:36Z,CONT-003230,YARD-B,GATE_IN,IN_YARD,NO,GATE_OUT,DST-A,NORMAL,
CARGO-00893,2026-06-25T22:32:13Z,CONT-006855,YARD-B,NONE,HOLD,YES,MANIFEST_CHANGE,DST-D,NORMAL,
CARGO-00894,2026-06-30T06:05:20Z,CONT-007790,YARD-B,GATE_IN,LOADED,NO,LOAD,DST-D,NORMAL,
CARGO-00895,2026-06-05T13:49:21Z,CONT-000234,YARD-B,GATE_IN,IN_YARD,YES,MANIFEST_CHANGE,DST-A,NORMAL,
CARGO-00896,2026-06-14T11:17:39Z,CONT-008845,YARD-B,GATE_IN,IN_YARD,NO,YARD_MOVE,DST-D,NORMAL,
CARGO-00897,2026-06-17T02:07:53Z,CONT-001803,YARD-C,GATE_IN,RECEIVED,YES,MANIFEST_CHANGE,DST-B,NORMAL,
CARGO-00898,2026-06-30T16:44:32Z,CONT-001861,YARD-B,GATE_IN,IN_YARD,NO,GATE_IN,DST-B,NORMAL,
CARGO-00899,2026-06-14T09:34:57Z,CONT-007239,YARD-A,GATE_OUT,CLEARED,NO,YARD_MOVE,DST-C,NORMAL,
CARGO-00900,2026-06-04T09:49:01Z,CONT-002897,YARD-B,NONE,IN_YARD,NO,UNLOAD,DST-C,NORMAL,
CARGO-00901,2026-06-16T05:05:36Z,CONT-002776,YARD-C,GATE_IN,LOADED,NO,MANIFEST_REVIEW,DST-C,NORMAL,
CARGO-00902,2026-06-17T23:02:36Z,CONT-001843,YARD-C,NONE,LOADED,NO,YARD_MOVE,DST-B,NORMAL,
CARGO-00903,2026-06-06T01:56:57Z,CONT-002814,YARD-C,GATE_OUT,HOLD,NO,LOAD,DST-B,NORMAL,
CARGO-00904,2026-06-16T07:48:48Z,CONT-005297,YARD-C,GATE_OUT,RECEIVED,NO,YARD_MOVE,DST-A,NORMAL,
CARGO-00905,2026-06-11T18:17:21Z,CONT-008704,YARD-A,GATE_IN,LOADED,NO,MANIFEST_REVIEW,DST-A,NORMAL,
CARGO-00906,2026-06-29T10:18:27Z,CONT-004988,YARD-C,GATE_IN,CLEARED,NO,MANIFEST_REVIEW,DST-D,NORMAL,
CARGO-00907,2026-06-08T00:42:39Z,CONT-002122,YARD-B,GATE_OUT,HOLD,NO,GATE_OUT,DST-C,NORMAL,
CARGO-00908,2026-06-24T12:43:56Z,CONT-001113,YARD-B,GATE_IN,RECEIVED,NO,LOAD,DST-B,NORMAL,
CARGO-00909,2026-06-03T22:34:23Z,CONT-001148,YARD-A,NONE,LOADED,YES,MANIFEST_CHANGE,DST-A,SUSPICIOUS,
CARGO-00910,2026-06-10T10:52:21Z,CONT-006259,YARD-A,NONE,HOLD,NO,YARD_MOVE,DST-D,NORMAL,
CARGO-00911,2026-06-18T07:31:26Z,CONT-000451,YARD-C,GATE_IN,IN_YARD,NO,UNLOAD,DST-D,NORMAL,
CARGO-00912,2026-06-04T19:28:28Z,CONT-000157,YARD-A,GATE_OUT,HOLD,YES,MANIFEST_CHANGE,DST-D,NORMAL,
CARGO-00913,2026-06-15T18:01:55Z,CONT-005463,YARD-C,NONE,RECEIVED,YES,MANIFEST_CHANGE,DST-C,SUSPICIOUS,
CARGO-00914,2026-06-21T11:01:00Z,CONT-002391,YARD-C,NONE,HOLD,NO,LOAD,DST-D,NORMAL,
CARGO-00915,2026-06-23T01:51:35Z,CONT-007034,YARD-B,GATE_OUT,HOLD,NO,YARD_MOVE,DST-C,NORMAL,
CARGO-00916,2026-06-13T18:15:41Z,CONT-007325,YARD-A,GATE_IN,LOADED,NO,LOAD,DST-C,NORMAL,
CARGO-00917,2026-06-12T03:13:37Z,CONT-002416,YARD-B,GATE_IN,RECEIVED,NO,GATE_OUT,DST-D,NORMAL,
CARGO-00918,2026-06-07T18:00:38Z,CONT-006555,YARD-C,NONE,HOLD,YES,MANIFEST_CHANGE,DST-C,NORMAL,
CARGO-00919,2026-06-30T23:11:22Z,CONT-008176,YARD-B,NONE,LOADED,NO,UNLOAD,DST-A,NORMAL,
CARGO-00920,2026-06-22T20:41:30Z,CONT-005831,YARD-A,GATE_IN,RECEIVED,NO,UNLOAD,DST-D,NORMAL,
CARGO-00921,2026-06-01T13:17:12Z,CONT-004823,YARD-A,GATE_IN,IN_YARD,YES,MANIFEST_CHANGE,DST-B,NORMAL,
CARGO-00922,2026-06-14T11:04:38Z,CONT-004263,YARD-A,GATE_OUT,IN_YARD,NO,YARD_MOVE,DST-B,NORMAL,
CARGO-00923,2026-06-20T08:02:11Z,CONT-001383,YARD-B,GATE_IN,RECEIVED,NO,MANIFEST_REVIEW,DST-D,NORMAL,
CARGO-00924,2026-06-08T12:36:49Z,CONT-008873,YARD-A,GATE_OUT,RECEIVED,NO,GATE_IN,DST-A,NORMAL,
CARGO-00925,2026-06-07T14:18:35Z,CONT-004027,YARD-A,GATE_OUT,IN_YARD,YES,MANIFEST_CHANGE,DST-C,NORMAL,
CARGO-00926,2026-06-20T16:00:18Z,CONT-004017,YARD-C,GATE_IN,IN_YARD,NO,MANIFEST_REVIEW,DST-D,NORMAL,
CARGO-00927,2026-06-18T03:43:51Z,CONT-004474,YARD-A,GATE_OUT,CLEARED,NO,GATE_OUT,DST-D,NORMAL,
CARGO-00928,2026-06-21T04:53:44Z,CONT-002018,YARD-B,GATE_IN,HOLD,NO,GATE_OUT,DST-B,NORMAL,
CARGO-00929,2026-06-17T12:00:53Z,CONT-003040,YARD-B,GATE_IN,HOLD,NO,GATE_IN,DST-C,NORMAL,
CARGO-00930,2026-06-25T22:43:52Z,CONT-005290,YARD-C,GATE_OUT,CLEARED,NO,MANIFEST_REVIEW,DST-B,NORMAL,
CARGO-00931,2026-06-21T03:30:24Z,CONT-003143,YARD-B,NONE,RECEIVED,NO,UNLOAD,DST-B,NORMAL,
CARGO-00932,2026-06-09T15:21:25Z,CONT-008745,YARD-A,NONE,RECEIVED,NO,LOAD,DST-A,NORMAL,
CARGO-00933,2026-06-25T02:12:42Z,CONT-005412,YARD-C,GATE_IN,IN_YARD,NO,MANIFEST_REVIEW,DST-C,NORMAL,
CARGO-00934,2026-06-02T05:30:37Z,CONT-008150,YARD-B,GATE_IN,IN_YARD,NO,GATE_OUT,DST-B,NORMAL,
CARGO-00935,2026-06-30T05:35:55Z,CONT-000674,YARD-A,GATE_IN,HOLD,NO,GATE_OUT,DST-A,NORMAL,
CARGO-00936,2026-06-06T10:55:18Z,CONT-005579,YARD-C,GATE_OUT,HOLD,NO,GATE_IN,DST-B,NORMAL,
CARGO-00937,2026-06-05T10:19:38Z,CONT-007803,YARD-C,GATE_OUT,LOADED,NO,YARD_MOVE,DST-B,NORMAL,
CARGO-00938,2026-06-07T16:41:00Z,CONT-000013,YARD-C,GATE_OUT,RECEIVED,NO,GATE_IN,DST-A,NORMAL,
CARGO-00939,2026-06-20T06:11:39Z,CONT-008079,YARD-A,NONE,HOLD,NO,GATE_IN,DST-A,NORMAL,
CARGO-00940,2026-06-15T13:23:28Z,CONT-006761,YARD-B,GATE_IN,HOLD,YES,MANIFEST_CHANGE,DST-B,NORMAL,
CARGO-00941,2026-06-16T09:30:14Z,CONT-006188,YARD-C,NONE,IN_YARD,NO,GATE_OUT,DST-D,NORMAL,
CARGO-00942,2026-06-12T06:53:08Z,CONT-000694,YARD-C,GATE_IN,HOLD,YES,MANIFEST_CHANGE,DST-D,NORMAL,
CARGO-00943,2026-06-06T18:24:40Z,CONT-003913,YARD-A,GATE_OUT,LOADED,NO,GATE_OUT,DST-B,NORMAL,
CARGO-00944,2026-06-15T15:47:00Z,CONT-004658,YARD-B,NONE,RECEIVED,NO,GATE_IN,DST-B,NORMAL,
CARGO-00945,2026-06-29T16:50:39Z,CONT-006850,YARD-B,GATE_IN,HOLD,NO,GATE_OUT,DST-A,NORMAL,
CARGO-00946,2026-06-10T21:52:07Z,CONT-007855,YARD-A,NONE,IN_YARD,NO,UNLOAD,DST-A,NORMAL,
CARGO-00947,2026-06-30T09:07:19Z,CONT-000741,YARD-B,NONE,HOLD,YES,MANIFEST_CHANGE,DST-A,SUSPICIOUS,
CARGO-00948,2026-06-03T13:02:10Z,CONT-007000,YARD-B,GATE_IN,IN_YARD,NO,YARD_MOVE,DST-C,NORMAL,
CARGO-00949,2026-06-27T23:23:58Z,CONT-003602,YARD-A,GATE_OUT,HOLD,NO,YARD_MOVE,DST-B,NORMAL,
CARGO-00950,2026-06-24T13:16:07Z,CONT-006730,YARD-C,GATE_IN,RECEIVED,NO,UNLOAD,DST-A,NORMAL,
CARGO-00951,2026-06-15T08:18:25Z,CONT-007872,YARD-B,GATE_OUT,LOADED,NO,YARD_MOVE,DST-B,NORMAL,
CARGO-00952,2026-06-08T10:57:55Z,CONT-002144,YARD-C,GATE_IN,HOLD,NO,GATE_OUT,DST-B,NORMAL,
CARGO-00953,2026-06-25T06:41:53Z,CONT-000209,YARD-A,GATE_OUT,CLEARED,YES,MANIFEST_CHANGE,DST-B,NORMAL,
CARGO-00954,2026-06-27T06:38:44Z,CONT-007343,YARD-A,GATE_IN,HOLD,NO,UNLOAD,DST-D,NORMAL,
CARGO-00955,2026-06-30T08:44:19Z,CONT-001325,YARD-B,NONE,HOLD,NO,MANIFEST_REVIEW,DST-D,NORMAL,
CARGO-00956,2026-06-08T00:43:03Z,CONT-004005,YARD-B,GATE_IN,RECEIVED,NO,LOAD,DST-C,NORMAL,
CARGO-00957,2026-06-07T22:53:45Z,CONT-007480,YARD-A,GATE_IN,LOADED,NO,GATE_OUT,DST-A,NORMAL,
CARGO-00958,2026-06-01T07:15:18Z,CONT-001435,YARD-C,GATE_OUT,HOLD,NO,GATE_IN,DST-A,NORMAL,
CARGO-00959,2026-06-28T13:50:04Z,CONT-002196,YARD-C,GATE_IN,LOADED,NO,YARD_MOVE,DST-D,NORMAL,
CARGO-00960,2026-06-09T00:38:36Z,CONT-003990,YARD-B,GATE_OUT,IN_YARD,NO,UNLOAD,DST-A,NORMAL,
CARGO-00961,2026-06-26T02:41:02Z,CONT-006363,YARD-B,GATE_OUT,CLEARED,NO,GATE_IN,DST-A,NORMAL,
CARGO-00962,2026-06-04T02:32:42Z,CONT-008863,YARD-A,NONE,LOADED,NO,UNLOAD,DST-B,NORMAL,
CARGO-00963,2026-06-03T06:53:19Z,CONT-006490,YARD-C,NONE,LOADED,NO,YARD_MOVE,DST-C,NORMAL,
CARGO-00964,2026-06-30T14:50:59Z,CONT-005857,YARD-B,NONE,HOLD,NO,YARD_MOVE,DST-A,NORMAL,
CARGO-00965,2026-06-19T05:05:28Z,CONT-001322,YARD-C,GATE_IN,CLEARED,NO,UNLOAD,DST-A,NORMAL,
CARGO-00966,2026-06-15T08:15:26Z,CONT-007500,YARD-C,NONE,LOADED,NO,YARD_MOVE,DST-C,NORMAL,
CARGO-00967,2026-06-16T09:10:23Z,CONT-003414,YARD-B,NONE,IN_YARD,NO,YARD_MOVE,DST-B,NORMAL,
CARGO-00968,2026-06-24T01:31:59Z,CONT-008543,YARD-A,GATE_OUT,IN_YARD,NO,GATE_IN,DST-C,NORMAL,
CARGO-00969,2026-06-11T07:07:33Z,CONT-003679,YARD-C,GATE_OUT,CLEARED,NO,MANIFEST_REVIEW,DST-B,NORMAL,
CARGO-00970,2026-06-16T00:38:51Z,CONT-004965,YARD-B,GATE_OUT,CLEARED,NO,YARD_MOVE,DST-A,NORMAL,
CARGO-00971,2026-06-23T15:29:00Z,CONT-002777,YARD-C,NONE,RECEIVED,NO,GATE_IN,DST-D,NORMAL,
CARGO-00972,2026-06-03T15:26:31Z,CONT-003473,YARD-A,GATE_OUT,LOADED,NO,GATE_IN,DST-A,NORMAL,
CARGO-00973,2026-06-06T08:18:08Z,CONT-004461,YARD-C,NONE,IN_YARD,NO,GATE_IN,DST-C,NORMAL,
CARGO-00974,2026-06-06T03:50:20Z,CONT-001338,YARD-A,NONE,IN_YARD,NO,UNLOAD,DST-B,NORMAL,
CARGO-00975,2026-06-22T05:53:54Z,CONT-003116,YARD-B,NONE,CLEARED,NO,UNLOAD,DST-C,NORMAL,
CARGO-00976,2026-06-26T21:31:29Z,CONT-006497,YARD-A,GATE_OUT,LOADED,NO,UNLOAD,DST-C,NORMAL,
CARGO-00977,2026-06-30T02:44:05Z,CONT-005751,YARD-A,GATE_OUT,LOADED,NO,MANIFEST_REVIEW,DST-C,NORMAL,
CARGO-00978,2026-06-01T20:17:17Z,CONT-002273,YARD-C,NONE,CLEARED,NO,UNLOAD,DST-C,NORMAL,
CARGO-00979,2026-06-07T04:26:38Z,CONT-008294,YARD-B,GATE_OUT,IN_YARD,NO,LOAD,DST-C,NORMAL,
CARGO-00980,2026-06-25T12:31:06Z,CONT-000963,YARD-B,NONE,LOADED,NO,GATE_OUT,DST-C,NORMAL,
CARGO-00981,2026-06-03T12:47:19Z,CONT-002586,YARD-A,NONE,IN_YARD,NO,MANIFEST_REVIEW,DST-C,NORMAL,
CARGO-00982,2026-06-04T07:25:16Z,CONT-005611,YARD-A,NONE,LOADED,YES,MANIFEST_CHANGE,DST-C,NORMAL,
CARGO-00983,2026-06-14T15:17:43Z,CONT-004087,YARD-A,GATE_IN,IN_YARD,YES,MANIFEST_CHANGE,DST-B,NORMAL,
CARGO-00984,2026-06-30T08:15:44Z,CONT-005098,YARD-C,GATE_OUT,HOLD,NO,LOAD,DST-B,NORMAL,
CARGO-00985,2026-06-28T03:00:52Z,CONT-001562,YARD-A,GATE_IN,RECEIVED,NO,MANIFEST_REVIEW,DST-C,NORMAL,
CARGO-00986,2026-06-10T10:21:56Z,CONT-000029,YARD-C,NONE,LOADED,NO,GATE_OUT,DST-C,NORMAL,
CARGO-00987,2026-06-12T01:38:00Z,CONT-004249,YARD-C,NONE,HOLD,NO,YARD_MOVE,DST-C,NORMAL,
CARGO-00988,2026-06-06T01:48:59Z,CONT-005625,YARD-C,GATE_IN,RECEIVED,NO,LOAD,DST-D,NORMAL,
CARGO-00989,2026-06-15T04:36:39Z,CONT-005878,YARD-B,NONE,LOADED,NO,UNLOAD,DST-A,NORMAL,
CARGO-00990,2026-06-25T09:21:37Z,CONT-002825,YARD-C,GATE_IN,RECEIVED,NO,GATE_IN,DST-D,NORMAL,
CARGO-00991,2026-06-13T06:21:11Z,CONT-006711,YARD-B,NONE,LOADED,NO,GATE_OUT,DST-D,NORMAL,
CARGO-00992,2026-06-16T05:49:40Z,CONT-006191,YARD-B,NONE,HOLD,NO,UNLOAD,DST-D,NORMAL,
CARGO-00993,2026-06-16T12:10:14Z,CONT-007745,YARD-B,NONE,HOLD,NO,GATE_OUT,DST-A,NORMAL,
CARGO-00994,2026-06-06T00:19:53Z,CONT-001479,YARD-B,GATE_IN,LOADED,NO,LOAD,DST-D,NORMAL,
CARGO-00995,2026-06-23T05:37:54Z,CONT-008481,YARD-C,NONE,CLEARED,NO,MANIFEST_REVIEW,DST-C,NORMAL,
CARGO-00996,2026-06-11T17:16:41Z,CONT-005385,YARD-C,GATE_IN,RECEIVED,YES,MANIFEST_CHANGE,DST-A,SUSPICIOUS,
CARGO-00997,2026-06-25T04:23:28Z,CONT-007546,YARD-A,GATE_IN,IN_YARD,NO,LOAD,DST-A,NORMAL,
CARGO-00998,2026-06-12T10:33:58Z,CONT-006799,YARD-C,NONE,CLEARED,NO,LOAD,DST-A,NORMAL,
CARGO-00999,2026-06-20T11:25:32Z,CONT-003771,YARD-C,GATE_IN,RECEIVED,NO,MANIFEST_REVIEW,DST-A,NORMAL,
CARGO-01000,2026-06-29T20:20:10Z,CONT-007295,YARD-B,GATE_OUT,RECEIVED,NO,UNLOAD,DST-B,NORMAL,
CARGO-01001,2026-06-19T22:01:04Z,CONT-005772,YARD-B,GATE_IN,HOLD,NO,YARD_MOVE,DST-A,NORMAL,
CARGO-01002,2026-06-04T04:00:41Z,CONT-002207,YARD-A,GATE_IN,CLEARED,NO,MANIFEST_REVIEW,DST-A,NORMAL,
CARGO-01003,2026-06-11T01:53:34Z,CONT-002275,YARD-A,GATE_OUT,LOADED,YES,MANIFEST_CHANGE,DST-D,NORMAL,
CARGO-01004,2026-06-24T06:59:57Z,CONT-000102,YARD-A,NONE,HOLD,NO,GATE_OUT,DST-B,NORMAL,
CARGO-01005,2026-06-11T17:55:11Z,CONT-001404,YARD-B,GATE_IN,IN_YARD,NO,LOAD,DST-C,NORMAL,
CARGO-01006,2026-06-17T21:45:11Z,CONT-002165,YARD-A,GATE_OUT,IN_YARD,NO,GATE_IN,DST-B,NORMAL,
CARGO-01007,2026-06-13T20:33:01Z,CONT-003731,YARD-C,NONE,LOADED,NO,MANIFEST_REVIEW,DST-C,NORMAL,
CARGO-01008,2026-06-24T05:51:05Z,CONT-004870,YARD-B,GATE_IN,HOLD,NO,GATE_IN,DST-D,NORMAL,
CARGO-01009,2026-06-26T04:57:12Z,CONT-008377,YARD-C,GATE_IN,CLEARED,YES,MANIFEST_CHANGE,DST-D,NORMAL,
CARGO-01010,2026-06-20T13:04:55Z,CONT-000807,YARD-A,GATE_IN,HOLD,NO,GATE_OUT,DST-A,NORMAL,
CARGO-01011,2026-06-14T22:25:27Z,CONT-005172,YARD-A,GATE_IN,CLEARED,NO,GATE_OUT,DST-C,NORMAL,
CARGO-01012,2026-06-14T22:49:21Z,CONT-002767,YARD-B,NONE,RECEIVED,NO,MANIFEST_REVIEW,DST-D,NORMAL,
CARGO-01013,2026-06-19T06:33:55Z,CONT-008233,YARD-C,GATE_OUT,IN_YARD,YES,MANIFEST_CHANGE,DST-C,NORMAL,
CARGO-01014,2026-06-13T15:53:59Z,CONT-008963,YARD-B,NONE,RECEIVED,NO,GATE_IN,DST-B,NORMAL,
CARGO-01015,2026-06-26T01:03:30Z,CONT-007148,YARD-B,NONE,HOLD,NO,GATE_IN,DST-C,NORMAL,
CARGO-01016,2026-06-04T23:29:57Z,CONT-006289,YARD-A,GATE_IN,IN_YARD,NO,LOAD,DST-C,NORMAL,
CARGO-01017,2026-06-25T11:16:52Z,CONT-006457,YARD-B,GATE_OUT,LOADED,NO,GATE_OUT,DST-A,NORMAL,
CARGO-01018,2026-06-18T04:59:09Z,CONT-002531,YARD-B,GATE_OUT,LOADED,NO,GATE_OUT,DST-B,NORMAL,
CARGO-01019,2026-06-18T07:40:40Z,CONT-001062,YARD-C,GATE_OUT,CLEARED,NO,UNLOAD,DST-A,NORMAL,
CARGO-01020,2026-06-10T05:26:58Z,CONT-007164,YARD-C,GATE_IN,HOLD,NO,GATE_IN,DST-B,NORMAL,
CARGO-01021,2026-06-22T01:55:46Z,CONT-006504,YARD-A,NONE,RECEIVED,NO,GATE_IN,DST-C,NORMAL,
CARGO-01022,2026-06-24T05:58:46Z,CONT-003152,YARD-B,NONE,HOLD,NO,GATE_OUT,DST-D,NORMAL,
CARGO-01023,2026-06-11T19:15:41Z,CONT-001810,YARD-A,GATE_IN,HOLD,YES,MANIFEST_CHANGE,DST-B,NORMAL,
CARGO-01024,2026-06-16T20:59:47Z,CONT-005555,YARD-C,GATE_OUT,IN_YARD,NO,UNLOAD,DST-C,NORMAL,
CARGO-01025,2026-06-09T11:32:00Z,CONT-006587,YARD-C,GATE_OUT,HOLD,NO,YARD_MOVE,DST-D,NORMAL,
CARGO-01026,2026-06-30T02:52:42Z,CONT-004481,YARD-A,GATE_IN,RECEIVED,NO,YARD_MOVE,DST-C,NORMAL,
CARGO-01027,2026-06-30T20:08:50Z,CONT-005620,YARD-A,NONE,CLEARED,NO,LOAD,DST-D,NORMAL,
CARGO-01028,2026-06-01T15:54:29Z,CONT-008080,YARD-C,NONE,CLEARED,NO,GATE_IN,DST-C,NORMAL,
CARGO-01029,2026-06-30T17:41:27Z,CONT-004202,YARD-C,NONE,LOADED,NO,YARD_MOVE,DST-A,NORMAL,
CARGO-01030,2026-06-10T20:06:52Z,CONT-000041,YARD-A,GATE_IN,HOLD,YES,MANIFEST_CHANGE,DST-D,NORMAL,
CARGO-01031,2026-06-09T09:19:36Z,CONT-007293,YARD-C,NONE,RECEIVED,NO,GATE_IN,DST-D,NORMAL,
CARGO-01032,2026-06-06T20:18:52Z,CONT-003929,YARD-A,GATE_IN,CLEARED,NO,YARD_MOVE,DST-D,NORMAL,
CARGO-01033,2026-06-21T17:36:04Z,CONT-005757,YARD-C,GATE_IN,LOADED,NO,UNLOAD,DST-C,NORMAL,
CARGO-01034,2026-06-14T10:44:04Z,CONT-001557,YARD-A,GATE_OUT,LOADED,YES,MANIFEST_CHANGE,DST-B,NORMAL,
CARGO-01035,2026-06-27T09:18:32Z,CONT-003252,YARD-B,NONE,IN_YARD,NO,GATE_IN,DST-D,NORMAL,
CARGO-01036,2026-06-05T13:31:51Z,CONT-003957,YARD-C,NONE,LOADED,YES,MANIFEST_CHANGE,DST-D,SUSPICIOUS,
CARGO-01037,2026-06-07T07:12:40Z,CONT-007002,YARD-C,NONE,CLEARED,NO,YARD_MOVE,DST-D,NORMAL,
CARGO-01038,2026-06-15T00:26:40Z,CONT-007325,YARD-C,GATE_IN,HOLD,YES,MANIFEST_CHANGE,DST-B,NORMAL,
CARGO-01039,2026-06-24T20:44:45Z,CONT-000016,YARD-C,GATE_IN,LOADED,NO,UNLOAD,DST-A,NORMAL,
CARGO-01040,2026-06-06T10:32:21Z,CONT-005183,YARD-A,GATE_OUT,HOLD,NO,GATE_IN,DST-C,NORMAL,
CARGO-01041,2026-06-25T14:45:49Z,CONT-008177,YARD-A,GATE_OUT,IN_YARD,NO,MANIFEST_REVIEW,DST-C,NORMAL,
CARGO-01042,2026-06-14T13:51:54Z,CONT-002530,YARD-C,NONE,HOLD,YES,MANIFEST_CHANGE,DST-B,NORMAL,
CARGO-01043,2026-06-05T02:18:54Z,CONT-007362,YARD-C,GATE_IN,HOLD,NO,YARD_MOVE,DST-C,NORMAL,
CARGO-01044,2026-06-22T06:30:46Z,CONT-003173,YARD-A,GATE_OUT,LOADED,NO,MANIFEST_REVIEW,DST-B,NORMAL,
CARGO-01045,2026-06-06T11:45:09Z,CONT-002651,YARD-B,GATE_IN,RECEIVED,NO,GATE_OUT,DST-A,NORMAL,
CARGO-01046,2026-06-30T19:47:39Z,CONT-008716,YARD-C,NONE,CLEARED,NO,UNLOAD,DST-B,NORMAL,
CARGO-01047,2026-06-28T19:25:32Z,CONT-002369,YARD-B,GATE_IN,CLEARED,NO,UNLOAD,DST-C,NORMAL,
CARGO-01048,2026-06-22T02:27:16Z,CONT-008504,YARD-B,GATE_OUT,CLEARED,NO,LOAD,DST-D,NORMAL,
CARGO-01049,2026-06-23T20:21:39Z,CONT-001561,YARD-C,GATE_OUT,LOADED,NO,MANIFEST_REVIEW,DST-D,NORMAL,
CARGO-01050,2026-06-18T20:49:15Z,CONT-007287,YARD-C,NONE,HOLD,NO,LOAD,DST-D,NORMAL,
CARGO-01051,2026-06-19T17:37:54Z,CONT-007010,YARD-C,GATE_OUT,LOADED,NO,GATE_IN,DST-C,NORMAL,
CARGO-01052,2026-06-05T09:43:24Z,CONT-006564,YARD-A,NONE,RECEIVED,NO,GATE_IN,DST-A,NORMAL,
CARGO-01053,2026-06-12T17:11:24Z,CONT-004111,YARD-B,GATE_IN,RECEIVED,NO,GATE_OUT,DST-B,NORMAL,
CARGO-01054,2026-06-29T02:14:44Z,CONT-001040,YARD-B,GATE_OUT,HOLD,NO,UNLOAD,DST-B,NORMAL,
CARGO-01055,2026-06-25T16:04:05Z,CONT-008126,YARD-B,GATE_IN,LOADED,NO,MANIFEST_REVIEW,DST-C,NORMAL,
CARGO-01056,2026-06-28T06:39:48Z,CONT-003218,YARD-A,GATE_IN,IN_YARD,NO,UNLOAD,DST-C,NORMAL,
CARGO-01057,2026-06-21T06:02:17Z,CONT-005547,YARD-A,GATE_OUT,IN_YARD,YES,MANIFEST_CHANGE,DST-B,SUSPICIOUS,
CARGO-01058,2026-06-13T09:16:26Z,CONT-006217,YARD-B,GATE_IN,IN_YARD,NO,GATE_OUT,DST-D,NORMAL,
CARGO-01059,2026-06-24T00:05:12Z,CONT-001785,YARD-C,GATE_OUT,RECEIVED,YES,MANIFEST_CHANGE,DST-D,NORMAL,
CARGO-01060,2026-06-04T21:25:53Z,CONT-003719,YARD-A,NONE,RECEIVED,YES,MANIFEST_CHANGE,DST-C,NORMAL,
CARGO-01061,2026-06-27T15:24:10Z,CONT-005923,YARD-A,NONE,HOLD,NO,MANIFEST_REVIEW,DST-A,NORMAL,
CARGO-01062,2026-06-21T12:18:14Z,CONT-004149,YARD-A,NONE,RECEIVED,NO,YARD_MOVE,DST-B,NORMAL,
CARGO-01063,2026-06-21T12:18:11Z,CONT-004988,YARD-C,GATE_OUT,IN_YARD,YES,MANIFEST_CHANGE,DST-D,NORMAL,
CARGO-01064,2026-06-04T04:49:37Z,CONT-000748,YARD-B,NONE,HOLD,NO,GATE_IN,DST-D,NORMAL,
CARGO-01065,2026-06-21T04:23:55Z,CONT-000700,YARD-B,GATE_OUT,HOLD,NO,GATE_OUT,DST-A,NORMAL,
CARGO-01066,2026-06-16T12:55:59Z,CONT-004453,YARD-C,NONE,CLEARED,NO,YARD_MOVE,DST-B,NORMAL,
CARGO-01067,2026-06-03T09:39:00Z,CONT-000631,YARD-C,GATE_OUT,HOLD,NO,LOAD,DST-C,NORMAL,
CARGO-01068,2026-06-21T15:08:36Z,CONT-006674,YARD-C,GATE_IN,IN_YARD,NO,YARD_MOVE,DST-A,NORMAL,
CARGO-01069,2026-06-10T16:34:05Z,CONT-006714,YARD-B,GATE_OUT,IN_YARD,NO,YARD_MOVE,DST-A,NORMAL,
CARGO-01070,2026-06-18T16:29:40Z,CONT-008268,YARD-C,GATE_IN,LOADED,NO,UNLOAD,DST-B,NORMAL,
CARGO-01071,2026-06-25T09:52:04Z,CONT-003024,YARD-B,GATE_IN,HOLD,YES,MANIFEST_CHANGE,DST-C,NORMAL,
CARGO-01072,2026-06-10T19:39:20Z,CONT-003510,YARD-B,GATE_OUT,RECEIVED,NO,YARD_MOVE,DST-A,NORMAL,
CARGO-01073,2026-06-09T11:23:24Z,CONT-002126,YARD-C,GATE_IN,CLEARED,NO,GATE_IN,DST-A,NORMAL,
CARGO-01074,2026-06-24T05:32:59Z,CONT-002270,YARD-A,GATE_OUT,RECEIVED,NO,UNLOAD,DST-A,NORMAL,
CARGO-01075,2026-06-02T15:34:36Z,CONT-002455,YARD-A,NONE,HOLD,NO,GATE_OUT,DST-B,NORMAL,
CARGO-01076,2026-06-23T02:24:30Z,CONT-000720,YARD-B,GATE_OUT,RECEIVED,NO,LOAD,DST-D,NORMAL,
CARGO-01077,2026-06-25T06:02:44Z,CONT-007332,YARD-B,GATE_IN,RECEIVED,NO,YARD_MOVE,DST-D,NORMAL,
CARGO-01078,2026-06-04T19:33:36Z,CONT-005719,YARD-A,GATE_IN,LOADED,NO,YARD_MOVE,DST-B,NORMAL,
CARGO-01079,2026-06-12T06:31:58Z,CONT-005568,YARD-A,GATE_IN,LOADED,NO,UNLOAD,DST-B,NORMAL,
CARGO-01080,2026-06-01T22:19:11Z,CONT-002316,YARD-B,NONE,IN_YARD,NO,LOAD,DST-A,NORMAL,
CARGO-01081,2026-06-19T01:14:50Z,CONT-005537,YARD-B,GATE_IN,IN_YARD,NO,UNLOAD,DST-A,NORMAL,
CARGO-01082,2026-06-19T20:06:55Z,CONT-003647,YARD-C,GATE_OUT,RECEIVED,NO,MANIFEST_REVIEW,DST-C,NORMAL,
CARGO-01083,2026-06-01T23:09:40Z,CONT-004949,YARD-C,GATE_IN,LOADED,NO,GATE_IN,DST-D,NORMAL,
CARGO-01084,2026-06-13T04:55:27Z,CONT-000528,YARD-C,GATE_IN,HOLD,NO,UNLOAD,DST-A,NORMAL,
CARGO-01085,2026-06-17T17:41:47Z,CONT-003900,YARD-B,NONE,HOLD,NO,UNLOAD,DST-D,NORMAL,
CARGO-01086,2026-06-02T07:38:12Z,CONT-008022,YARD-C,NONE,CLEARED,NO,MANIFEST_REVIEW,DST-D,NORMAL,
CARGO-01087,2026-06-14T09:07:40Z,CONT-006522,YARD-B,GATE_IN,IN_YARD,NO,GATE_IN,DST-A,NORMAL,
CARGO-01088,2026-06-13T21:08:19Z,CONT-002537,YARD-A,GATE_IN,HOLD,NO,GATE_OUT,DST-B,NORMAL,
CARGO-01089,2026-06-15T04:53:48Z,CONT-004668,YARD-C,NONE,RECEIVED,NO,UNLOAD,DST-A,NORMAL,
CARGO-01090,2026-06-12T20:05:00Z,CONT-001928,YARD-B,GATE_OUT,RECEIVED,NO,UNLOAD,DST-A,NORMAL,
CARGO-01091,2026-06-25T14:06:29Z,CONT-000798,YARD-C,NONE,LOADED,NO,YARD_MOVE,DST-D,NORMAL,
CARGO-01092,2026-06-14T15:38:29Z,CONT-008461,YARD-C,GATE_OUT,RECEIVED,NO,YARD_MOVE,DST-A,NORMAL,
CARGO-01093,2026-06-01T04:11:57Z,CONT-006091,YARD-B,GATE_OUT,HOLD,NO,LOAD,DST-C,NORMAL,
CARGO-01094,2026-06-05T11:48:40Z,CONT-000830,YARD-A,NONE,LOADED,NO,YARD_MOVE,DST-D,NORMAL,
CARGO-01095,2026-06-30T16:19:50Z,CONT-002667,YARD-A,NONE,RECEIVED,NO,YARD_MOVE,DST-C,NORMAL,
CARGO-01096,2026-06-05T19:43:57Z,CONT-000725,YARD-B,NONE,LOADED,NO,UNLOAD,DST-B,NORMAL,
CARGO-01097,2026-06-13T21:04:24Z,CONT-003738,YARD-C,GATE_OUT,RECEIVED,NO,LOAD,DST-A,NORMAL,
CARGO-01098,2026-06-06T15:40:22Z,CONT-006011,YARD-B,NONE,LOADED,NO,GATE_IN,DST-D,NORMAL,
CARGO-01099,2026-06-04T17:58:03Z,CONT-008909,YARD-C,GATE_OUT,RECEIVED,NO,UNLOAD,DST-A,NORMAL,
CARGO-01100,2026-06-20T22:52:14Z,CONT-004863,YARD-B,GATE_OUT,HOLD,YES,MANIFEST_CHANGE,DST-C,NORMAL,
CARGO-01101,2026-06-03T20:24:04Z,CONT-007921,YARD-B,GATE_IN,HOLD,YES,MANIFEST_CHANGE,DST-A,NORMAL,
CARGO-01102,2026-06-17T08:22:30Z,CONT-001672,YARD-B,NONE,LOADED,NO,MANIFEST_REVIEW,DST-C,NORMAL,
CARGO-01103,2026-06-29T13:47:13Z,CONT-000938,YARD-C,GATE_OUT,IN_YARD,NO,GATE_OUT,DST-B,NORMAL,
CARGO-01104,2026-06-23T18:57:00Z,CONT-006572,YARD-B,NONE,HOLD,NO,LOAD,DST-D,NORMAL,
CARGO-01105,2026-06-17T08:54:49Z,CONT-002194,YARD-B,NONE,RECEIVED,YES,MANIFEST_CHANGE,DST-B,NORMAL,
CARGO-01106,2026-06-05T20:25:54Z,CONT-003533,YARD-B,GATE_IN,IN_YARD,NO,GATE_OUT,DST-A,NORMAL,
CARGO-01107,2026-06-24T14:09:20Z,CONT-001455,YARD-A,GATE_OUT,HOLD,NO,UNLOAD,DST-B,NORMAL,
CARGO-01108,2026-06-04T02:15:21Z,CONT-003444,YARD-A,GATE_IN,IN_YARD,NO,UNLOAD,DST-B,NORMAL,
CARGO-01109,2026-06-17T02:48:04Z,CONT-006159,YARD-C,GATE_OUT,HOLD,NO,UNLOAD,DST-C,NORMAL,
CARGO-01110,2026-06-26T16:12:45Z,CONT-005325,YARD-A,NONE,RECEIVED,YES,MANIFEST_CHANGE,DST-A,NORMAL,
CARGO-01111,2026-06-16T08:17:07Z,CONT-007071,YARD-A,GATE_IN,RECEIVED,NO,MANIFEST_REVIEW,DST-A,NORMAL,
CARGO-01112,2026-06-30T17:20:10Z,CONT-002191,YARD-A,NONE,IN_YARD,YES,MANIFEST_CHANGE,DST-B,NORMAL,
CARGO-01113,2026-06-12T16:17:14Z,CONT-008285,YARD-A,GATE_IN,RECEIVED,NO,GATE_IN,DST-A,NORMAL,
CARGO-01114,2026-06-07T15:41:57Z,CONT-005951,YARD-A,GATE_IN,LOADED,NO,UNLOAD,DST-A,NORMAL,
CARGO-01115,2026-06-10T18:20:36Z,CONT-001922,YARD-B,GATE_IN,HOLD,NO,GATE_IN,DST-A,NORMAL,
CARGO-01116,2026-06-19T13:59:45Z,CONT-000523,YARD-A,NONE,LOADED,NO,GATE_OUT,DST-C,NORMAL,
CARGO-01117,2026-06-02T10:48:12Z,CONT-004784,YARD-A,NONE,CLEARED,YES,MANIFEST_CHANGE,DST-A,SUSPICIOUS,
CARGO-01118,2026-06-21T01:26:27Z,CONT-005581,YARD-C,GATE_IN,LOADED,NO,GATE_IN,DST-D,NORMAL,
CARGO-01119,2026-06-09T19:24:39Z,CONT-000909,YARD-A,NONE,CLEARED,NO,GATE_OUT,DST-A,NORMAL,
CARGO-01120,2026-06-02T16:47:50Z,CONT-003407,YARD-B,NONE,LOADED,NO,GATE_IN,DST-B,NORMAL,
CARGO-01121,2026-06-12T14:43:45Z,CONT-007142,YARD-B,GATE_IN,CLEARED,NO,GATE_IN,DST-C,NORMAL,
CARGO-01122,2026-06-25T02:28:02Z,CONT-006592,YARD-A,GATE_OUT,RECEIVED,NO,GATE_IN,DST-A,NORMAL,
CARGO-01123,2026-06-30T06:03:58Z,CONT-005659,YARD-B,GATE_OUT,CLEARED,NO,YARD_MOVE,DST-A,NORMAL,
CARGO-01124,2026-06-22T07:43:56Z,CONT-007355,YARD-C,NONE,RECEIVED,NO,GATE_OUT,DST-C,NORMAL,
CARGO-01125,2026-06-07T19:32:21Z,CONT-006954,YARD-A,GATE_IN,CLEARED,NO,GATE_IN,DST-C,NORMAL,
CARGO-01126,2026-06-22T04:35:50Z,CONT-002383,YARD-A,GATE_OUT,LOADED,NO,UNLOAD,DST-A,NORMAL,
CARGO-01127,2026-06-15T04:16:16Z,CONT-004874,YARD-A,GATE_OUT,CLEARED,NO,UNLOAD,DST-D,NORMAL,
CARGO-01128,2026-06-09T10:21:15Z,CONT-006070,YARD-C,NONE,RECEIVED,NO,YARD_MOVE,DST-D,NORMAL,
CARGO-01129,2026-06-15T18:19:24Z,CONT-007966,YARD-A,GATE_OUT,LOADED,NO,GATE_OUT,DST-B,NORMAL,
CARGO-01130,2026-06-23T05:40:40Z,CONT-004049,YARD-A,GATE_IN,LOADED,NO,LOAD,DST-D,NORMAL,
CARGO-01131,2026-06-10T11:21:03Z,CONT-005048,YARD-B,GATE_OUT,RECEIVED,NO,GATE_IN,DST-D,NORMAL,
CARGO-01132,2026-06-16T18:25:45Z,CONT-000527,YARD-A,GATE_IN,IN_YARD,NO,GATE_IN,DST-B,NORMAL,
CARGO-01133,2026-06-30T08:38:38Z,CONT-008525,YARD-C,NONE,RECEIVED,NO,LOAD,DST-B,NORMAL,
CARGO-01134,2026-06-04T15:13:45Z,CONT-003358,YARD-C,GATE_IN,HOLD,YES,MANIFEST_CHANGE,DST-B,NORMAL,
CARGO-01135,2026-06-14T06:19:40Z,CONT-000128,YARD-B,GATE_IN,IN_YARD,NO,LOAD,DST-B,NORMAL,
CARGO-01136,2026-06-29T13:13:24Z,CONT-006265,YARD-A,GATE_IN,HOLD,YES,MANIFEST_CHANGE,DST-C,NORMAL,
CARGO-01137,2026-06-15T01:45:14Z,CONT-002073,YARD-C,GATE_OUT,HOLD,NO,LOAD,DST-D,NORMAL,
CARGO-01138,2026-06-16T16:04:28Z,CONT-006821,YARD-C,NONE,IN_YARD,YES,MANIFEST_CHANGE,DST-A,NORMAL,
CARGO-01139,2026-06-22T14:56:29Z,CONT-006119,YARD-C,NONE,LOADED,NO,GATE_OUT,DST-C,NORMAL,
CARGO-01140,2026-06-16T14:00:26Z,CONT-005073,YARD-C,GATE_IN,HOLD,NO,LOAD,DST-D,NORMAL,
CARGO-01141,2026-06-18T06:24:36Z,CONT-004647,YARD-B,NONE,CLEARED,NO,UNLOAD,DST-B,NORMAL,
CARGO-01142,2026-06-28T16:28:09Z,CONT-002298,YARD-C,NONE,IN_YARD,NO,UNLOAD,DST-B,NORMAL,
CARGO-01143,2026-06-23T04:49:00Z,CONT-007918,YARD-C,GATE_OUT,LOADED,NO,GATE_IN,DST-C,NORMAL,
CARGO-01144,2026-06-20T21:00:51Z,CONT-003460,YARD-B,NONE,CLEARED,NO,GATE_OUT,DST-B,NORMAL,
CARGO-01145,2026-06-29T09:15:01Z,CONT-001899,YARD-B,GATE_OUT,LOADED,NO,GATE_IN,DST-B,NORMAL,
CARGO-01146,2026-06-30T17:30:40Z,CONT-006698,YARD-B,GATE_OUT,LOADED,NO,YARD_MOVE,DST-D,NORMAL,
CARGO-01147,2026-06-21T12:02:32Z,CONT-007333,YARD-B,GATE_OUT,CLEARED,YES,MANIFEST_CHANGE,DST-D,NORMAL,
CARGO-01148,2026-06-15T00:04:53Z,CONT-004667,YARD-C,GATE_IN,HOLD,NO,GATE_IN,DST-A,NORMAL,
CARGO-01149,2026-06-03T16:20:06Z,CONT-007160,YARD-B,GATE_OUT,IN_YARD,NO,GATE_OUT,DST-B,NORMAL,
CARGO-01150,2026-06-25T05:48:13Z,CONT-005228,YARD-B,GATE_OUT,LOADED,NO,UNLOAD,DST-D,NORMAL,
CARGO-01151,2026-06-02T06:52:14Z,CONT-006302,YARD-A,GATE_OUT,HOLD,YES,MANIFEST_CHANGE,DST-C,NORMAL,
CARGO-01152,2026-06-11T09:17:40Z,CONT-000240,YARD-C,GATE_IN,HOLD,NO,UNLOAD,DST-D,NORMAL,
CARGO-01153,2026-06-14T14:33:14Z,CONT-008987,YARD-B,GATE_IN,HOLD,NO,YARD_MOVE,DST-A,NORMAL,
CARGO-01154,2026-06-18T02:45:53Z,CONT-003677,YARD-B,NONE,LOADED,NO,GATE_OUT,DST-B,NORMAL,
CARGO-01155,2026-06-14T01:06:17Z,CONT-006485,YARD-B,GATE_IN,RECEIVED,NO,YARD_MOVE,DST-A,NORMAL,
CARGO-01156,2026-06-10T15:50:51Z,CONT-007020,YARD-B,GATE_OUT,HOLD,YES,MANIFEST_CHANGE,DST-A,NORMAL,
CARGO-01157,2026-06-26T10:54:34Z,CONT-004033,YARD-C,GATE_OUT,CLEARED,NO,GATE_IN,DST-D,NORMAL,
CARGO-01158,2026-06-23T05:55:17Z,CONT-004159,YARD-C,GATE_OUT,RECEIVED,NO,GATE_OUT,DST-B,NORMAL,
CARGO-01159,2026-06-28T21:14:31Z,CONT-003699,YARD-C,NONE,HOLD,YES,MANIFEST_CHANGE,DST-B,SUSPICIOUS,
CARGO-01160,2026-06-23T05:23:01Z,CONT-007320,YARD-A,GATE_IN,IN_YARD,NO,GATE_OUT,DST-A,NORMAL,
CARGO-01161,2026-06-28T00:06:22Z,CONT-006174,YARD-C,GATE_OUT,IN_YARD,NO,YARD_MOVE,DST-B,NORMAL,
CARGO-01162,2026-06-09T08:27:00Z,CONT-008145,YARD-C,GATE_OUT,LOADED,NO,MANIFEST_REVIEW,DST-B,NORMAL,
CARGO-01163,2026-06-09T00:29:08Z,CONT-005866,YARD-A,GATE_IN,CLEARED,NO,UNLOAD,DST-C,NORMAL,
CARGO-01164,2026-06-10T17:28:21Z,CONT-004299,YARD-C,GATE_OUT,RECEIVED,NO,UNLOAD,DST-A,NORMAL,
CARGO-01165,2026-06-07T17:40:24Z,CONT-004201,YARD-B,NONE,HOLD,NO,UNLOAD,DST-D,NORMAL,
CARGO-01166,2026-06-04T20:34:13Z,CONT-002690,YARD-A,GATE_OUT,LOADED,NO,GATE_IN,DST-C,NORMAL,
CARGO-01167,2026-06-30T19:30:07Z,CONT-004706,YARD-A,NONE,LOADED,NO,GATE_OUT,DST-C,NORMAL,
CARGO-01168,2026-06-14T17:53:54Z,CONT-008149,YARD-C,GATE_IN,LOADED,NO,GATE_IN,DST-A,NORMAL,
CARGO-01169,2026-06-01T09:40:20Z,CONT-006071,YARD-B,GATE_OUT,CLEARED,NO,LOAD,DST-A,NORMAL,
CARGO-01170,2026-06-27T04:46:47Z,CONT-004182,YARD-A,GATE_OUT,CLEARED,YES,MANIFEST_CHANGE,DST-D,NORMAL,
CARGO-01171,2026-06-21T11:24:24Z,CONT-005184,YARD-A,GATE_OUT,IN_YARD,NO,LOAD,DST-A,NORMAL,
CARGO-01172,2026-06-17T18:09:41Z,CONT-003632,YARD-B,GATE_OUT,HOLD,NO,UNLOAD,DST-C,NORMAL,
CARGO-01173,2026-06-24T17:45:36Z,CONT-003844,YARD-A,NONE,HOLD,NO,MANIFEST_REVIEW,DST-A,NORMAL,
CARGO-01174,2026-06-22T08:42:12Z,CONT-001277,YARD-C,NONE,RECEIVED,YES,MANIFEST_CHANGE,DST-B,NORMAL,
CARGO-01175,2026-06-25T07:29:15Z,CONT-005243,YARD-C,NONE,IN_YARD,NO,MANIFEST_REVIEW,DST-C,NORMAL,
CARGO-01176,2026-06-16T11:01:47Z,CONT-000125,YARD-A,NONE,RECEIVED,NO,LOAD,DST-D,NORMAL,
CARGO-01177,2026-06-27T08:24:59Z,CONT-006218,YARD-C,GATE_IN,IN_YARD,NO,LOAD,DST-C,NORMAL,
CARGO-01178,2026-06-06T04:57:46Z,CONT-008342,YARD-A,GATE_IN,RECEIVED,NO,MANIFEST_REVIEW,DST-B,NORMAL,
CARGO-01179,2026-06-22T18:26:55Z,CONT-004474,YARD-C,GATE_OUT,LOADED,NO,UNLOAD,DST-B,NORMAL,
CARGO-01180,2026-06-29T03:20:27Z,CONT-000682,YARD-C,GATE_IN,RECEIVED,NO,YARD_MOVE,DST-B,NORMAL,
CARGO-01181,2026-06-09T07:42:18Z,CONT-000463,YARD-C,GATE_OUT,HOLD,NO,GATE_IN,DST-C,NORMAL,
CARGO-01182,2026-06-26T02:58:52Z,CONT-006725,YARD-B,GATE_IN,HOLD,NO,MANIFEST_REVIEW,DST-A,NORMAL,
CARGO-01183,2026-06-27T17:25:04Z,CONT-000894,YARD-C,NONE,IN_YARD,NO,GATE_OUT,DST-D,NORMAL,
CARGO-01184,2026-06-23T08:01:46Z,CONT-004027,YARD-A,GATE_IN,HOLD,YES,MANIFEST_CHANGE,DST-B,NORMAL,
CARGO-01185,2026-06-16T12:29:45Z,CONT-003912,YARD-A,GATE_IN,CLEARED,NO,MANIFEST_REVIEW,DST-B,NORMAL,
CARGO-01186,2026-06-23T16:20:27Z,CONT-005042,YARD-A,GATE_IN,IN_YARD,NO,GATE_IN,DST-B,NORMAL,
CARGO-01187,2026-06-09T19:07:54Z,CONT-005616,YARD-B,GATE_OUT,LOADED,YES,MANIFEST_CHANGE,DST-A,NORMAL,
CARGO-01188,2026-06-28T19:59:44Z,CONT-006898,YARD-C,GATE_OUT,CLEARED,NO,GATE_OUT,DST-B,NORMAL,
CARGO-01189,2026-06-16T22:43:37Z,CONT-000076,YARD-A,GATE_OUT,LOADED,NO,UNLOAD,DST-B,NORMAL,
CARGO-01190,2026-06-22T21:25:40Z,CONT-004450,YARD-C,GATE_IN,CLEARED,NO,UNLOAD,DST-B,NORMAL,
CARGO-01191,2026-06-08T17:17:51Z,CONT-000886,YARD-A,NONE,IN_YARD,NO,UNLOAD,DST-C,NORMAL,
CARGO-01192,2026-06-15T07:34:49Z,CONT-005070,YARD-B,GATE_OUT,HOLD,NO,LOAD,DST-B,NORMAL,
CARGO-01193,2026-06-28T09:39:54Z,CONT-004038,YARD-A,GATE_IN,IN_YARD,NO,GATE_OUT,DST-A,NORMAL,
CARGO-01194,2026-06-15T15:09:24Z,CONT-007147,YARD-C,GATE_IN,HOLD,NO,LOAD,DST-B,NORMAL,
CARGO-01195,2026-06-09T12:25:52Z,CONT-001625,YARD-C,GATE_IN,LOADED,NO,GATE_IN,DST-D,NORMAL,
CARGO-01196,2026-06-03T19:11:38Z,CONT-004033,YARD-C,GATE_OUT,HOLD,NO,YARD_MOVE,DST-B,NORMAL,
CARGO-01197,2026-06-25T03:06:35Z,CONT-008674,YARD-A,GATE_IN,HOLD,NO,YARD_MOVE,DST-C,NORMAL,
CARGO-01198,2026-06-26T17:20:07Z,CONT-003861,YARD-A,NONE,LOADED,NO,UNLOAD,DST-C,NORMAL,
CARGO-01199,2026-06-08T07:33:56Z,CONT-003905,YARD-C,GATE_IN,LOADED,NO,LOAD,DST-C,NORMAL,
CARGO-INC-001,2026-06-05T22:51:00Z,CONT-004821,YARD-C,NONE,CLEARED,YES,MANIFEST_CHANGE,DST-Z,INCIDENT,INC-T21-001
CARGO-INC-002,2026-06-12T01:26:00Z,CONT-003118,YARD-C,NONE,CLEARED,YES,MANIFEST_CHANGE,DST-Z,INCIDENT,INC-T21-002
CARGO-INC-003,2026-06-18T23:16:00Z,CONT-006904,YARD-C,NONE,CLEARED,YES,MANIFEST_CHANGE,DST-Z,INCIDENT,INC-T21-003
CARGO-INC-004,2026-06-24T19:41:00Z,CONT-002775,YARD-C,NONE,CLEARED,YES,MANIFEST_CHANGE,DST-Z,INCIDENT,INC-T21-004
