event_id,timestamp,source,event_label,event_label_binary,incident_id
CARGO-00250,2026-06-01 00:10:04+00:00,CARGO,NORMAL,0,
CARGO-00062,2026-06-01 00:21:43+00:00,CARGO,NORMAL,0,
PHY-00111,2026-06-01 00:28:11+00:00,PHYSICAL,NORMAL,0,
PHY-00642,2026-06-01 00:37:17+00:00,PHYSICAL,NORMAL,0,
NOTE-00296,2026-06-01 00:39:19+00:00,TEXT,SUSPICIOUS,1,
CARGO-00419,2026-06-01 00:41:06+00:00,CARGO,NORMAL,0,
EDR-00881,2026-06-01 00:44:32+00:00,ENDPOINT,NORMAL,0,
NET-01958,2026-06-01 00:47:32+00:00,NETWORK,NORMAL,0,
EDR-00323,2026-06-01 00:55:48+00:00,ENDPOINT,NORMAL,0,
NET-00570,2026-06-01 01:02:52+00:00,NETWORK,NORMAL,0,
PHY-00426,2026-06-01 01:04:26+00:00,PHYSICAL,NORMAL,0,
OT-00463,2026-06-01 01:13:26+00:00,OT_SCADA,NORMAL,0,
OT-00402,2026-06-01 01:21:02+00:00,OT_SCADA,NORMAL,0,
OT-00781,2026-06-01 01:24:20+00:00,OT_SCADA,NORMAL,0,
NET-01940,2026-06-01 01:24:32+00:00,NETWORK,NORMAL,0,
PHY-00770,2026-06-01 01:27:45+00:00,PHYSICAL,NORMAL,0,
VPN-01566,2026-06-01 01:31:11+00:00,VPN_IAM,NORMAL,0,
PHY-00683,2026-06-01 01:31:18+00:00,PHYSICAL,NORMAL,0,
CARGO-00845,2026-06-01 01:36:12+00:00,CARGO,NORMAL,0,
VPN-01222,2026-06-01 01:36:47+00:00,VPN_IAM,NORMAL,0,
CARGO-00208,2026-06-01 01:37:03+00:00,CARGO,NORMAL,0,
EDR-00224,2026-06-01 01:39:47+00:00,ENDPOINT,NORMAL,0,
OT-01759,2026-06-01 01:40:53+00:00,OT_SCADA,NORMAL,0,
EDR-00915,2026-06-01 01:50:58+00:00,ENDPOINT,NORMAL,0,
EDR-00917,2026-06-01 01:54:38+00:00,ENDPOINT,NORMAL,0,
NET-01109,2026-06-01 01:55:08+00:00,NETWORK,NORMAL,0,
NET-00592,2026-06-01 02:00:42+00:00,NETWORK,NORMAL,0,
NET-01972,2026-06-01 02:06:18+00:00,NETWORK,NORMAL,0,
PHY-00360,2026-06-01 02:08:05+00:00,PHYSICAL,NORMAL,0,
VPN-00306,2026-06-01 02:11:34+00:00,VPN_IAM,NORMAL,0,
OT-00903,2026-06-01 02:20:12+00:00,OT_SCADA,NORMAL,0,
EDR-00711,2026-06-01 02:25:35+00:00,ENDPOINT,NORMAL,0,
VPN-00164,2026-06-01 02:26:59+00:00,VPN_IAM,NORMAL,0,
OT-01619,2026-06-01 02:28:24+00:00,OT_SCADA,NORMAL,0,
PHY-00876,2026-06-01 02:29:11+00:00,PHYSICAL,NORMAL,0,
EDR-01047,2026-06-01 02:31:54+00:00,ENDPOINT,NORMAL,0,
VPN-01778,2026-06-01 02:33:33+00:00,VPN_IAM,NORMAL,0,
OT-01691,2026-06-01 02:36:20+00:00,OT_SCADA,NORMAL,0,
OT-00381,2026-06-01 02:40:13+00:00,OT_SCADA,NORMAL,0,
OT-01996,2026-06-01 02:42:06+00:00,OT_SCADA,NORMAL,0,
VPN-01788,2026-06-01 02:50:24+00:00,VPN_IAM,NORMAL,0,
OT-01893,2026-06-01 02:52:39+00:00,OT_SCADA,NORMAL,0,
EDR-00311,2026-06-01 02:53:52+00:00,ENDPOINT,NORMAL,0,
PHY-00177,2026-06-01 03:00:13+00:00,PHYSICAL,NORMAL,0,
OT-01463,2026-06-01 03:08:53+00:00,OT_SCADA,NORMAL,0,
PHY-00780,2026-06-01 03:13:23+00:00,PHYSICAL,NORMAL,0,
VPN-01771,2026-06-01 03:17:39+00:00,VPN_IAM,NORMAL,0,
VPN-00504,2026-06-01 03:20:33+00:00,VPN_IAM,NORMAL,0,
PHY-00237,2026-06-01 03:21:19+00:00,PHYSICAL,NORMAL,0,
OT-00506,2026-06-01 03:23:10+00:00,OT_SCADA,NORMAL,0,
VPN-00276,2026-06-01 03:29:32+00:00,VPN_IAM,NORMAL,0,
EDR-00890,2026-06-01 03:33:24+00:00,ENDPOINT,NORMAL,0,
PHY-00666,2026-06-01 03:34:11+00:00,PHYSICAL,NORMAL,0,
CARGO-00322,2026-06-01 03:35:07+00:00,CARGO,NORMAL,0,
CARGO-00499,2026-06-01 03:35:15+00:00,CARGO,NORMAL,0,
OT-01083,2026-06-01 03:36:03+00:00,OT_SCADA,NORMAL,0,
EDR-01084,2026-06-01 03:36:13+00:00,ENDPOINT,NORMAL,0,
PHY-00679,2026-06-01 03:37:05+00:00,PHYSICAL,NORMAL,0,
EDR-00027,2026-06-01 03:39:20+00:00,ENDPOINT,NORMAL,0,
VPN-00110,2026-06-01 03:42:48+00:00,VPN_IAM,NORMAL,0,
NET-01747,2026-06-01 03:49:09+00:00,NETWORK,SUSPICIOUS,1,
CARGO-00172,2026-06-01 03:49:20+00:00,CARGO,NORMAL,0,
NET-00836,2026-06-01 03:51:04+00:00,NETWORK,NORMAL,0,
VPN-00520,2026-06-01 03:52:07+00:00,VPN_IAM,NORMAL,0,
PHY-00065,2026-06-01 03:52:13+00:00,PHYSICAL,NORMAL,0,
NET-00075,2026-06-01 03:53:44+00:00,NETWORK,NORMAL,0,
EDR-00897,2026-06-01 04:04:13+00:00,ENDPOINT,NORMAL,0,
VPN-00528,2026-06-01 04:06:33+00:00,VPN_IAM,NORMAL,0,
CARGO-01093,2026-06-01 04:11:57+00:00,CARGO,NORMAL,0,
NOTE-00076,2026-06-01 04:12:53+00:00,TEXT,SUSPICIOUS,1,
OT-01930,2026-06-01 04:13:33+00:00,OT_SCADA,NORMAL,0,
NET-01213,2026-06-01 04:14:41+00:00,NETWORK,NORMAL,0,
NOTE-00006,2026-06-01 04:18:30+00:00,TEXT,NORMAL,0,
NET-01480,2026-06-01 04:24:38+00:00,NETWORK,NORMAL,0,
OT-01147,2026-06-01 04:37:45+00:00,OT_SCADA,NORMAL,0,
OT-01301,2026-06-01 04:41:44+00:00,OT_SCADA,NORMAL,0,
OT-00503,2026-06-01 04:45:09+00:00,OT_SCADA,NORMAL,0,
EDR-00759,2026-06-01 04:46:39+00:00,ENDPOINT,NORMAL,0,
VPN-00106,2026-06-01 04:47:25+00:00,VPN_IAM,NORMAL,0,
PHY-00594,2026-06-01 04:51:10+00:00,PHYSICAL,NORMAL,0,
VPN-00829,2026-06-01 04:53:47+00:00,VPN_IAM,NORMAL,0,
VPN-01153,2026-06-01 04:53:53+00:00,VPN_IAM,NORMAL,0,
PHY-00940,2026-06-01 04:55:09+00:00,PHYSICAL,NORMAL,0,
EDR-01081,2026-06-01 04:58:51+00:00,ENDPOINT,NORMAL,0,
VPN-01445,2026-06-01 05:05:30+00:00,VPN_IAM,NORMAL,0,
VPN-00244,2026-06-01 05:17:58+00:00,VPN_IAM,NORMAL,0,
NET-00294,2026-06-01 05:21:45+00:00,NETWORK,NORMAL,0,
VPN-00550,2026-06-01 05:26:46+00:00,VPN_IAM,NORMAL,0,
NET-00887,2026-06-01 05:30:37+00:00,NETWORK,NORMAL,0,
PHY-00314,2026-06-01 05:33:23+00:00,PHYSICAL,NORMAL,0,
NET-02161,2026-06-01 05:36:00+00:00,NETWORK,NORMAL,0,
VPN-01373,2026-06-01 05:37:14+00:00,VPN_IAM,NORMAL,0,
EDR-00544,2026-06-01 05:51:36+00:00,ENDPOINT,NORMAL,0,
PHY-00358,2026-06-01 05:53:06+00:00,PHYSICAL,NORMAL,0,
EDR-00609,2026-06-01 05:54:24+00:00,ENDPOINT,NORMAL,0,
PHY-00888,2026-06-01 05:55:24+00:00,PHYSICAL,NORMAL,0,
NET-00442,2026-06-01 06:02:41+00:00,NETWORK,NORMAL,0,
PHY-00787,2026-06-01 06:19:17+00:00,PHYSICAL,NORMAL,0,
NET-01297,2026-06-01 06:21:01+00:00,NETWORK,NORMAL,0,
OT-00430,2026-06-01 06:30:04+00:00,OT_SCADA,NORMAL,0,
OT-00419,2026-06-01 06:30:52+00:00,OT_SCADA,NORMAL,0,
CARGO-00231,2026-06-01 06:36:20+00:00,CARGO,NORMAL,0,
EDR-01022,2026-06-01 06:38:36+00:00,ENDPOINT,SUSPICIOUS,1,
NET-00529,2026-06-01 06:43:04+00:00,NETWORK,NORMAL,0,
VPN-00836,2026-06-01 06:48:49+00:00,VPN_IAM,NORMAL,0,
VPN-00012,2026-06-01 06:55:38+00:00,VPN_IAM,NORMAL,0,
OT-01994,2026-06-01 06:56:23+00:00,OT_SCADA,NORMAL,0,
CARGO-00958,2026-06-01 07:15:18+00:00,CARGO,NORMAL,0,
CARGO-00195,2026-06-01 07:25:43+00:00,CARGO,NORMAL,0,
VPN-00647,2026-06-01 07:32:20+00:00,VPN_IAM,NORMAL,0,
EDR-00895,2026-06-01 07:35:24+00:00,ENDPOINT,NORMAL,0,
VPN-00228,2026-06-01 07:36:12+00:00,VPN_IAM,NORMAL,0,
NET-00893,2026-06-01 07:44:51+00:00,NETWORK,NORMAL,0,
OT-01102,2026-06-01 07:48:40+00:00,OT_SCADA,NORMAL,0,
VPN-01201,2026-06-01 07:51:11+00:00,VPN_IAM,NORMAL,0,
EDR-00043,2026-06-01 07:58:18+00:00,ENDPOINT,NORMAL,0,
NET-00525,2026-06-01 07:58:39+00:00,NETWORK,NORMAL,0,
NET-00097,2026-06-01 08:03:40+00:00,NETWORK,NORMAL,0,
OT-01094,2026-06-01 08:26:57+00:00,OT_SCADA,NORMAL,0,
OT-00068,2026-06-01 08:27:54+00:00,OT_SCADA,NORMAL,0,
OT-01824,2026-06-01 08:32:23+00:00,OT_SCADA,NORMAL,0,
EDR-00621,2026-06-01 08:48:05+00:00,ENDPOINT,NORMAL,0,
NET-00588,2026-06-01 08:49:26+00:00,NETWORK,NORMAL,0,
NET-02030,2026-06-01 08:52:44+00:00,NETWORK,NORMAL,0,
OT-01634,2026-06-01 09:03:10+00:00,OT_SCADA,NORMAL,0,
PHY-00767,2026-06-01 09:07:25+00:00,PHYSICAL,NORMAL,0,
NET-00630,2026-06-01 09:21:03+00:00,NETWORK,NORMAL,0,
VPN-00921,2026-06-01 09:28:08+00:00,VPN_IAM,NORMAL,0,
EDR-00742,2026-06-01 09:33:27+00:00,ENDPOINT,NORMAL,0,
VPN-00844,2026-06-01 09:35:57+00:00,VPN_IAM,NORMAL,0,
CARGO-01169,2026-06-01 09:40:20+00:00,CARGO,NORMAL,0,
NET-00335,2026-06-01 09:43:24+00:00,NETWORK,NORMAL,0,
NET-00404,2026-06-01 09:47:35+00:00,NETWORK,NORMAL,0,
NET-00023,2026-06-01 09:57:23+00:00,NETWORK,SUSPICIOUS,1,
OT-01900,2026-06-01 10:07:14+00:00,OT_SCADA,NORMAL,0,
PHY-00241,2026-06-01 10:11:22+00:00,PHYSICAL,NORMAL,0,
PHY-00284,2026-06-01 10:12:36+00:00,PHYSICAL,NORMAL,0,
VPN-00769,2026-06-01 10:14:43+00:00,VPN_IAM,NORMAL,0,
EDR-01199,2026-06-01 10:17:35+00:00,ENDPOINT,NORMAL,0,
NET-00892,2026-06-01 10:30:17+00:00,NETWORK,NORMAL,0,
NET-00389,2026-06-01 10:32:30+00:00,NETWORK,NORMAL,0,
NET-01792,2026-06-01 10:34:53+00:00,NETWORK,NORMAL,0,
OT-00037,2026-06-01 10:38:35+00:00,OT_SCADA,NORMAL,0,
OT-01557,2026-06-01 10:39:00+00:00,OT_SCADA,NORMAL,0,
VPN-01240,2026-06-01 10:40:48+00:00,VPN_IAM,NORMAL,0,
NET-00081,2026-06-01 10:44:46+00:00,NETWORK,NORMAL,0,
NOTE-00192,2026-06-01 10:45:19+00:00,TEXT,NORMAL,0,
NOTE-00068,2026-06-01 10:47:17+00:00,TEXT,SUSPICIOUS,1,
NET-00395,2026-06-01 10:53:56+00:00,NETWORK,NORMAL,0,
VPN-01143,2026-06-01 10:55:34+00:00,VPN_IAM,NORMAL,0,
OT-01235,2026-06-01 10:56:06+00:00,OT_SCADA,NORMAL,0,
PHY-00723,2026-06-01 10:56:26+00:00,PHYSICAL,NORMAL,0,
CARGO-00153,2026-06-01 11:02:16+00:00,CARGO,NORMAL,0,
EDR-01034,2026-06-01 11:02:27+00:00,ENDPOINT,NORMAL,0,
EDR-00074,2026-06-01 11:10:10+00:00,ENDPOINT,NORMAL,0,
EDR-00548,2026-06-01 11:13:04+00:00,ENDPOINT,NORMAL,0,
EDR-00845,2026-06-01 11:14:35+00:00,ENDPOINT,SUSPICIOUS,1,
NET-01144,2026-06-01 11:14:36+00:00,NETWORK,NORMAL,0,
NET-01030,2026-06-01 11:29:17+00:00,NETWORK,NORMAL,0,
OT-01270,2026-06-01 11:31:18+00:00,OT_SCADA,SUSPICIOUS,1,
NET-01720,2026-06-01 11:31:48+00:00,NETWORK,SUSPICIOUS,1,
PHY-00114,2026-06-01 11:42:54+00:00,PHYSICAL,NORMAL,0,
CARGO-00200,2026-06-01 11:51:45+00:00,CARGO,NORMAL,0,
OT-01983,2026-06-01 11:56:04+00:00,OT_SCADA,NORMAL,0,
PHY-00465,2026-06-01 11:59:41+00:00,PHYSICAL,NORMAL,0,
VPN-01688,2026-06-01 12:01:48+00:00,VPN_IAM,NORMAL,0,
OT-01627,2026-06-01 12:11:02+00:00,OT_SCADA,NORMAL,0,
NET-01665,2026-06-01 12:15:16+00:00,NETWORK,SUSPICIOUS,1,
VPN-00322,2026-06-01 12:19:27+00:00,VPN_IAM,NORMAL,0,
CARGO-00069,2026-06-01 12:20:32+00:00,CARGO,NORMAL,0,
VPN-01280,2026-06-01 12:22:14+00:00,VPN_IAM,NORMAL,0,
VPN-01134,2026-06-01 12:25:44+00:00,VPN_IAM,NORMAL,0,
PHY-00667,2026-06-01 12:36:36+00:00,PHYSICAL,NORMAL,0,
EDR-00933,2026-06-01 12:39:55+00:00,ENDPOINT,NORMAL,0,
VPN-00063,2026-06-01 12:44:07+00:00,VPN_IAM,NORMAL,0,
VPN-00339,2026-06-01 12:49:01+00:00,VPN_IAM,NORMAL,0,
OT-01974,2026-06-01 12:54:09+00:00,OT_SCADA,NORMAL,0,
PHY-00728,2026-06-01 12:54:21+00:00,PHYSICAL,NORMAL,0,
VPN-00112,2026-06-01 12:55:08+00:00,VPN_IAM,NORMAL,0,
VPN-01376,2026-06-01 12:55:59+00:00,VPN_IAM,NORMAL,0,
OT-00679,2026-06-01 13:00:26+00:00,OT_SCADA,NORMAL,0,
NET-01451,2026-06-01 13:01:55+00:00,NETWORK,NORMAL,0,
OT-01202,2026-06-01 13:02:44+00:00,OT_SCADA,NORMAL,0,
NET-00902,2026-06-01 13:04:22+00:00,NETWORK,NORMAL,0,
CARGO-00474,2026-06-01 13:06:37+00:00,CARGO,NORMAL,0,
NET-01754,2026-06-01 13:09:58+00:00,NETWORK,NORMAL,0,
OT-00391,2026-06-01 13:12:21+00:00,OT_SCADA,NORMAL,0,
CARGO-00749,2026-06-01 13:15:53+00:00,CARGO,NORMAL,0,
CARGO-00921,2026-06-01 13:17:12+00:00,CARGO,NORMAL,0,
OT-00725,2026-06-01 13:19:45+00:00,OT_SCADA,NORMAL,0,
OT-00476,2026-06-01 13:24:30+00:00,OT_SCADA,SUSPICIOUS,1,
OT-01916,2026-06-01 13:28:25+00:00,OT_SCADA,NORMAL,0,
NOTE-00074,2026-06-01 13:29:02+00:00,TEXT,NORMAL,0,
CARGO-00843,2026-06-01 13:38:16+00:00,CARGO,NORMAL,0,
PHY-00581,2026-06-01 13:40:51+00:00,PHYSICAL,NORMAL,0,
VPN-00880,2026-06-01 13:47:03+00:00,VPN_IAM,NORMAL,0,
OT-01449,2026-06-01 13:51:44+00:00,OT_SCADA,NORMAL,0,
VPN-00482,2026-06-01 13:53:05+00:00,VPN_IAM,NORMAL,0,
PHY-00308,2026-06-01 13:55:19+00:00,PHYSICAL,NORMAL,0,
VPN-01165,2026-06-01 14:04:15+00:00,VPN_IAM,NORMAL,0,
OT-00530,2026-06-01 14:08:45+00:00,OT_SCADA,SUSPICIOUS,1,
OT-01705,2026-06-01 14:11:26+00:00,OT_SCADA,NORMAL,0,
OT-00302,2026-06-01 14:14:49+00:00,OT_SCADA,NORMAL,0,
NET-00603,2026-06-01 14:17:36+00:00,NETWORK,NORMAL,0,
PHY-00256,2026-06-01 14:30:13+00:00,PHYSICAL,NORMAL,0,
PHY-00804,2026-06-01 14:40:00+00:00,PHYSICAL,NORMAL,0,
VPN-00803,2026-06-01 14:42:20+00:00,VPN_IAM,NORMAL,0,
NET-00840,2026-06-01 14:43:59+00:00,NETWORK,SUSPICIOUS,1,
NET-01412,2026-06-01 14:50:47+00:00,NETWORK,NORMAL,0,
CARGO-00586,2026-06-01 14:56:57+00:00,CARGO,NORMAL,0,
NET-01203,2026-06-01 14:57:28+00:00,NETWORK,NORMAL,0,
VPN-01367,2026-06-01 14:59:57+00:00,VPN_IAM,NORMAL,0,
OT-01008,2026-06-01 15:02:51+00:00,OT_SCADA,NORMAL,0,
OT-01945,2026-06-01 15:08:47+00:00,OT_SCADA,NORMAL,0,
OT-00017,2026-06-01 15:10:02+00:00,OT_SCADA,NORMAL,0,
OT-00451,2026-06-01 15:14:55+00:00,OT_SCADA,NORMAL,0,
VPN-00264,2026-06-01 15:20:32+00:00,VPN_IAM,NORMAL,0,
OT-00231,2026-06-01 15:20:54+00:00,OT_SCADA,NORMAL,0,
NOTE-00299,2026-06-01 15:21:47+00:00,TEXT,NORMAL,0,
VPN-00938,2026-06-01 15:36:17+00:00,VPN_IAM,NORMAL,0,
PHY-00382,2026-06-01 15:39:19+00:00,PHYSICAL,NORMAL,0,
VPN-00181,2026-06-01 15:41:16+00:00,VPN_IAM,NORMAL,0,
EDR-00839,2026-06-01 15:42:24+00:00,ENDPOINT,NORMAL,0,
CARGO-01028,2026-06-01 15:54:29+00:00,CARGO,NORMAL,0,
NET-02024,2026-06-01 16:00:43+00:00,NETWORK,NORMAL,0,
PHY-00045,2026-06-01 16:05:19+00:00,PHYSICAL,NORMAL,0,
NET-00518,2026-06-01 16:06:20+00:00,NETWORK,NORMAL,0,
VPN-00768,2026-06-01 16:10:37+00:00,VPN_IAM,NORMAL,0,
OT-00997,2026-06-01 16:23:40+00:00,OT_SCADA,NORMAL,0,
NET-00692,2026-06-01 16:25:45+00:00,NETWORK,NORMAL,0,
VPN-00890,2026-06-01 16:36:30+00:00,VPN_IAM,NORMAL,0,
NOTE-00257,2026-06-01 16:43:03+00:00,TEXT,NORMAL,0,
CARGO-00272,2026-06-01 16:44:39+00:00,CARGO,NORMAL,0,
NET-00695,2026-06-01 16:53:17+00:00,NETWORK,NORMAL,0,
OT-01636,2026-06-01 16:58:49+00:00,OT_SCADA,NORMAL,0,
VPN-00662,2026-06-01 17:01:27+00:00,VPN_IAM,NORMAL,0,
NET-01189,2026-06-01 17:03:11+00:00,NETWORK,NORMAL,0,
PHY-00649,2026-06-01 17:04:16+00:00,PHYSICAL,NORMAL,0,
OT-01594,2026-06-01 17:08:24+00:00,OT_SCADA,NORMAL,0,
NET-00196,2026-06-01 17:10:05+00:00,NETWORK,NORMAL,0,
OT-00961,2026-06-01 17:13:13+00:00,OT_SCADA,NORMAL,0,
OT-01674,2026-06-01 17:19:50+00:00,OT_SCADA,NORMAL,0,
NET-00685,2026-06-01 17:20:32+00:00,NETWORK,NORMAL,0,
PHY-00420,2026-06-01 17:33:16+00:00,PHYSICAL,NORMAL,0,
OT-01903,2026-06-01 17:43:50+00:00,OT_SCADA,NORMAL,0,
VPN-00141,2026-06-01 17:48:07+00:00,VPN_IAM,NORMAL,0,
OT-00407,2026-06-01 17:52:35+00:00,OT_SCADA,NORMAL,0,
VPN-00765,2026-06-01 18:02:25+00:00,VPN_IAM,NORMAL,0,
NET-00544,2026-06-01 18:03:52+00:00,NETWORK,NORMAL,0,
NET-00457,2026-06-01 18:07:03+00:00,NETWORK,NORMAL,0,
NET-00781,2026-06-01 18:13:01+00:00,NETWORK,NORMAL,0,
VPN-00826,2026-06-01 18:19:22+00:00,VPN_IAM,NORMAL,0,
EDR-00585,2026-06-01 18:22:31+00:00,ENDPOINT,NORMAL,0,
NOTE-00029,2026-06-01 18:24:27+00:00,TEXT,SUSPICIOUS,1,
NET-00729,2026-06-01 18:29:59+00:00,NETWORK,NORMAL,0,
VPN-00897,2026-06-01 18:39:40+00:00,VPN_IAM,NORMAL,0,
OT-00688,2026-06-01 18:45:35+00:00,OT_SCADA,NORMAL,0,
VPN-00237,2026-06-01 18:46:22+00:00,VPN_IAM,NORMAL,0,
OT-01399,2026-06-01 18:46:47+00:00,OT_SCADA,NORMAL,0,
PHY-00783,2026-06-01 18:48:40+00:00,PHYSICAL,NORMAL,0,
PHY-00364,2026-06-01 18:57:59+00:00,PHYSICAL,NORMAL,0,
VPN-01621,2026-06-01 19:06:41+00:00,VPN_IAM,NORMAL,0,
EDR-01012,2026-06-01 19:06:48+00:00,ENDPOINT,NORMAL,0,
OT-01013,2026-06-01 19:12:01+00:00,OT_SCADA,NORMAL,0,
OT-01247,2026-06-01 19:12:23+00:00,OT_SCADA,NORMAL,0,
CARGO-00886,2026-06-01 19:15:39+00:00,CARGO,NORMAL,0,
NET-00533,2026-06-01 19:17:48+00:00,NETWORK,SUSPICIOUS,1,
VPN-00327,2026-06-01 19:21:01+00:00,VPN_IAM,NORMAL,0,
OT-00865,2026-06-01 19:21:27+00:00,OT_SCADA,NORMAL,0,
NOTE-00025,2026-06-01 19:23:16+00:00,TEXT,NORMAL,0,
PHY-00319,2026-06-01 19:26:24+00:00,PHYSICAL,NORMAL,0,
OT-00718,2026-06-01 19:36:23+00:00,OT_SCADA,NORMAL,0,
OT-00030,2026-06-01 19:50:39+00:00,OT_SCADA,NORMAL,0,
CARGO-00333,2026-06-01 19:52:22+00:00,CARGO,NORMAL,0,
NET-01890,2026-06-01 19:54:50+00:00,NETWORK,NORMAL,0,
PHY-00604,2026-06-01 19:56:41+00:00,PHYSICAL,NORMAL,0,
NET-01205,2026-06-01 19:56:59+00:00,NETWORK,NORMAL,0,
NET-00564,2026-06-01 20:02:46+00:00,NETWORK,NORMAL,0,
OT-01485,2026-06-01 20:03:47+00:00,OT_SCADA,NORMAL,0,
PHY-00962,2026-06-01 20:05:21+00:00,PHYSICAL,SUSPICIOUS,1,
NOTE-00195,2026-06-01 20:08:39+00:00,TEXT,SUSPICIOUS,1,
PHY-00923,2026-06-01 20:17:15+00:00,PHYSICAL,NORMAL,0,
CARGO-00978,2026-06-01 20:17:17+00:00,CARGO,NORMAL,0,
OT-01337,2026-06-01 20:23:30+00:00,OT_SCADA,NORMAL,0,
PHY-00844,2026-06-01 20:25:48+00:00,PHYSICAL,NORMAL,0,
PHY-00449,2026-06-01 20:26:04+00:00,PHYSICAL,NORMAL,0,
PHY-00785,2026-06-01 20:26:56+00:00,PHYSICAL,NORMAL,0,
OT-01370,2026-06-01 20:38:56+00:00,OT_SCADA,NORMAL,0,
NET-00424,2026-06-01 20:45:47+00:00,NETWORK,NORMAL,0,
EDR-00587,2026-06-01 20:46:52+00:00,ENDPOINT,NORMAL,0,
OT-00457,2026-06-01 20:49:40+00:00,OT_SCADA,NORMAL,0,
NET-01048,2026-06-01 20:56:49+00:00,NETWORK,NORMAL,0,
VPN-01293,2026-06-01 20:58:49+00:00,VPN_IAM,NORMAL,0,
VPN-00034,2026-06-01 21:00:24+00:00,VPN_IAM,NORMAL,0,
NET-00450,2026-06-01 21:13:27+00:00,NETWORK,NORMAL,0,
CARGO-00873,2026-06-01 21:13:36+00:00,CARGO,NORMAL,0,
NET-01755,2026-06-01 21:18:10+00:00,NETWORK,NORMAL,0,
VPN-01197,2026-06-01 21:26:56+00:00,VPN_IAM,NORMAL,0,
VPN-00388,2026-06-01 21:27:56+00:00,VPN_IAM,NORMAL,0,
NET-00202,2026-06-01 21:30:37+00:00,NETWORK,NORMAL,0,
NET-00370,2026-06-01 21:32:56+00:00,NETWORK,NORMAL,0,
OT-00427,2026-06-01 21:34:54+00:00,OT_SCADA,NORMAL,0,
CARGO-00143,2026-06-01 21:39:28+00:00,CARGO,NORMAL,0,
OT-01606,2026-06-01 21:42:51+00:00,OT_SCADA,NORMAL,0,
CARGO-00695,2026-06-01 21:50:06+00:00,CARGO,NORMAL,0,
EDR-00199,2026-06-01 21:50:19+00:00,ENDPOINT,SUSPICIOUS,1,
VPN-00294,2026-06-01 21:51:14+00:00,VPN_IAM,SUSPICIOUS,1,
VPN-01458,2026-06-01 21:51:55+00:00,VPN_IAM,NORMAL,0,
NET-00939,2026-06-01 21:52:34+00:00,NETWORK,NORMAL,0,
PHY-00829,2026-06-01 21:58:28+00:00,PHYSICAL,NORMAL,0,
NET-00881,2026-06-01 22:00:44+00:00,NETWORK,NORMAL,0,
VPN-01244,2026-06-01 22:02:17+00:00,VPN_IAM,NORMAL,0,
OT-01712,2026-06-01 22:02:39+00:00,OT_SCADA,NORMAL,0,
NET-00006,2026-06-01 22:03:46+00:00,NETWORK,NORMAL,0,
VPN-00125,2026-06-01 22:04:36+00:00,VPN_IAM,NORMAL,0,
EDR-00868,2026-06-01 22:07:30+00:00,ENDPOINT,NORMAL,0,
EDR-00718,2026-06-01 22:16:21+00:00,ENDPOINT,SUSPICIOUS,1,
CARGO-01080,2026-06-01 22:19:11+00:00,CARGO,NORMAL,0,
VPN-01431,2026-06-01 22:27:38+00:00,VPN_IAM,NORMAL,0,
VPN-01354,2026-06-01 22:34:37+00:00,VPN_IAM,NORMAL,0,
PHY-00656,2026-06-01 22:42:52+00:00,PHYSICAL,NORMAL,0,
PHY-00514,2026-06-01 22:50:30+00:00,PHYSICAL,NORMAL,0,
OT-00707,2026-06-01 22:56:00+00:00,OT_SCADA,NORMAL,0,
CARGO-01083,2026-06-01 23:09:40+00:00,CARGO,NORMAL,0,
OT-01115,2026-06-01 23:16:59+00:00,OT_SCADA,NORMAL,0,
VPN-01726,2026-06-01 23:19:07+00:00,VPN_IAM,NORMAL,0,
VPN-01402,2026-06-01 23:19:32+00:00,VPN_IAM,NORMAL,0,
NET-00734,2026-06-01 23:23:32+00:00,NETWORK,NORMAL,0,
OT-01300,2026-06-01 23:23:58+00:00,OT_SCADA,NORMAL,0,
VPN-01475,2026-06-01 23:25:56+00:00,VPN_IAM,NORMAL,0,
EDR-01056,2026-06-01 23:29:58+00:00,ENDPOINT,NORMAL,0,
OT-01258,2026-06-01 23:38:19+00:00,OT_SCADA,NORMAL,0,
OT-00656,2026-06-01 23:49:38+00:00,OT_SCADA,NORMAL,0,
EDR-00986,2026-06-01 23:55:42+00:00,ENDPOINT,NORMAL,0,
CARGO-00501,2026-06-02 00:01:21+00:00,CARGO,NORMAL,0,
PHY-00796,2026-06-02 00:04:58+00:00,PHYSICAL,NORMAL,0,
NET-00182,2026-06-02 00:10:42+00:00,NETWORK,NORMAL,0,
NET-01607,2026-06-02 00:13:36+00:00,NETWORK,NORMAL,0,
OT-01042,2026-06-02 00:16:12+00:00,OT_SCADA,NORMAL,0,
OT-01725,2026-06-02 00:17:12+00:00,OT_SCADA,NORMAL,0,
NET-01759,2026-06-02 00:17:41+00:00,NETWORK,NORMAL,0,
VPN-00459,2026-06-02 00:34:13+00:00,VPN_IAM,NORMAL,0,
EDR-00946,2026-06-02 00:42:18+00:00,ENDPOINT,NORMAL,0,
NET-02054,2026-06-02 00:54:38+00:00,NETWORK,NORMAL,0,
CARGO-00320,2026-06-02 00:57:26+00:00,CARGO,NORMAL,0,
NET-01396,2026-06-02 00:59:52+00:00,NETWORK,NORMAL,0,
CARGO-00707,2026-06-02 01:00:40+00:00,CARGO,NORMAL,0,
NOTE-00169,2026-06-02 01:06:58+00:00,TEXT,NORMAL,0,
CARGO-00548,2026-06-02 01:20:48+00:00,CARGO,NORMAL,0,
PHY-00873,2026-06-02 01:24:26+00:00,PHYSICAL,NORMAL,0,
VPN-01667,2026-06-02 01:24:57+00:00,VPN_IAM,NORMAL,0,
OT-01002,2026-06-02 01:25:34+00:00,OT_SCADA,NORMAL,0,
NET-01298,2026-06-02 01:30:25+00:00,NETWORK,NORMAL,0,
EDR-00088,2026-06-02 01:31:50+00:00,ENDPOINT,NORMAL,0,
PHY-00187,2026-06-02 01:45:56+00:00,PHYSICAL,NORMAL,0,
VPN-01148,2026-06-02 01:53:21+00:00,VPN_IAM,NORMAL,0,
NET-00517,2026-06-02 01:54:56+00:00,NETWORK,NORMAL,0,
VPN-00037,2026-06-02 01:57:30+00:00,VPN_IAM,NORMAL,0,
NET-00455,2026-06-02 02:01:17+00:00,NETWORK,NORMAL,0,
NET-00064,2026-06-02 02:03:23+00:00,NETWORK,NORMAL,0,
EDR-00551,2026-06-02 02:04:15+00:00,ENDPOINT,NORMAL,0,
OT-00852,2026-06-02 02:04:45+00:00,OT_SCADA,NORMAL,0,
EDR-01013,2026-06-02 02:08:16+00:00,ENDPOINT,NORMAL,0,
CARGO-00503,2026-06-02 02:10:41+00:00,CARGO,NORMAL,0,
EDR-01008,2026-06-02 02:15:32+00:00,ENDPOINT,NORMAL,0,
PHY-00932,2026-06-02 02:16:10+00:00,PHYSICAL,NORMAL,0,
VPN-01144,2026-06-02 02:18:48+00:00,VPN_IAM,SUSPICIOUS,1,
VPN-00480,2026-06-02 02:29:52+00:00,VPN_IAM,NORMAL,0,
OT-00581,2026-06-02 02:31:11+00:00,OT_SCADA,NORMAL,0,
NET-00648,2026-06-02 02:41:29+00:00,NETWORK,NORMAL,0,
VPN-01680,2026-06-02 02:41:51+00:00,VPN_IAM,NORMAL,0,
OT-01050,2026-06-02 02:53:14+00:00,OT_SCADA,NORMAL,0,
NET-00997,2026-06-02 02:53:41+00:00,NETWORK,NORMAL,0,
VPN-01045,2026-06-02 03:04:02+00:00,VPN_IAM,NORMAL,0,
EDR-00961,2026-06-02 03:19:47+00:00,ENDPOINT,NORMAL,0,
NET-01347,2026-06-02 03:20:30+00:00,NETWORK,NORMAL,0,
EDR-01118,2026-06-02 03:22:35+00:00,ENDPOINT,NORMAL,0,
NET-01341,2026-06-02 03:31:55+00:00,NETWORK,NORMAL,0,
NET-01223,2026-06-02 03:34:52+00:00,NETWORK,NORMAL,0,
PHY-00896,2026-06-02 03:35:23+00:00,PHYSICAL,NORMAL,0,
EDR-00246,2026-06-02 03:38:43+00:00,ENDPOINT,NORMAL,0,
OT-00558,2026-06-02 03:45:21+00:00,OT_SCADA,NORMAL,0,
NET-00456,2026-06-02 04:01:52+00:00,NETWORK,NORMAL,0,
NET-01484,2026-06-02 04:06:27+00:00,NETWORK,NORMAL,0,
EDR-00080,2026-06-02 04:10:03+00:00,ENDPOINT,NORMAL,0,
EDR-00520,2026-06-02 04:11:39+00:00,ENDPOINT,NORMAL,0,
NET-00377,2026-06-02 04:14:24+00:00,NETWORK,NORMAL,0,
CARGO-00629,2026-06-02 04:18:01+00:00,CARGO,NORMAL,0,
PHY-00376,2026-06-02 04:21:59+00:00,PHYSICAL,NORMAL,0,
OT-00577,2026-06-02 04:24:24+00:00,OT_SCADA,NORMAL,0,
EDR-00277,2026-06-02 04:26:56+00:00,ENDPOINT,NORMAL,0,
EDR-00348,2026-06-02 04:27:37+00:00,ENDPOINT,NORMAL,0,
OT-00536,2026-06-02 04:38:39+00:00,OT_SCADA,NORMAL,0,
OT-00580,2026-06-02 04:42:27+00:00,OT_SCADA,NORMAL,0,
EDR-00017,2026-06-02 05:03:06+00:00,ENDPOINT,NORMAL,0,
VPN-01731,2026-06-02 05:13:07+00:00,VPN_IAM,SUSPICIOUS,1,
OT-00200,2026-06-02 05:13:25+00:00,OT_SCADA,NORMAL,0,
EDR-00675,2026-06-02 05:22:13+00:00,ENDPOINT,NORMAL,0,
PHY-00757,2026-06-02 05:22:59+00:00,PHYSICAL,NORMAL,0,
OT-00560,2026-06-02 05:29:22+00:00,OT_SCADA,NORMAL,0,
NET-00163,2026-06-02 05:29:31+00:00,NETWORK,NORMAL,0,
CARGO-00934,2026-06-02 05:30:37+00:00,CARGO,NORMAL,0,
NET-00211,2026-06-02 05:31:30+00:00,NETWORK,SUSPICIOUS,1,
OT-01596,2026-06-02 05:34:59+00:00,OT_SCADA,NORMAL,0,
VPN-00569,2026-06-02 05:35:32+00:00,VPN_IAM,NORMAL,0,
CARGO-00679,2026-06-02 05:35:40+00:00,CARGO,NORMAL,0,
VPN-00460,2026-06-02 05:41:06+00:00,VPN_IAM,NORMAL,0,
EDR-00750,2026-06-02 05:46:10+00:00,ENDPOINT,NORMAL,0,
EDR-00850,2026-06-02 05:47:50+00:00,ENDPOINT,NORMAL,0,
VPN-00700,2026-06-02 05:51:44+00:00,VPN_IAM,NORMAL,0,
NET-01241,2026-06-02 05:54:04+00:00,NETWORK,NORMAL,0,
EDR-00673,2026-06-02 05:54:11+00:00,ENDPOINT,NORMAL,0,
OT-01993,2026-06-02 05:56:46+00:00,OT_SCADA,NORMAL,0,
PHY-00470,2026-06-02 05:57:29+00:00,PHYSICAL,NORMAL,0,
CARGO-00590,2026-06-02 06:06:28+00:00,CARGO,NORMAL,0,
NET-00010,2026-06-02 06:06:51+00:00,NETWORK,NORMAL,0,
PHY-00668,2026-06-02 06:17:41+00:00,PHYSICAL,NORMAL,0,
NET-00883,2026-06-02 06:24:04+00:00,NETWORK,NORMAL,0,
OT-01911,2026-06-02 06:26:27+00:00,OT_SCADA,NORMAL,0,
CARGO-00450,2026-06-02 06:29:34+00:00,CARGO,NORMAL,0,
EDR-00282,2026-06-02 06:34:30+00:00,ENDPOINT,NORMAL,0,
OT-01188,2026-06-02 06:37:58+00:00,OT_SCADA,NORMAL,0,
CARGO-00701,2026-06-02 06:46:55+00:00,CARGO,NORMAL,0,
CARGO-00408,2026-06-02 06:49:01+00:00,CARGO,NORMAL,0,
CARGO-01151,2026-06-02 06:52:14+00:00,CARGO,NORMAL,0,
OT-00238,2026-06-02 07:02:52+00:00,OT_SCADA,NORMAL,0,
PHY-00878,2026-06-02 07:03:16+00:00,PHYSICAL,NORMAL,0,
NET-00059,2026-06-02 07:06:13+00:00,NETWORK,SUSPICIOUS,1,
PHY-00340,2026-06-02 07:12:24+00:00,PHYSICAL,NORMAL,0,
OT-00882,2026-06-02 07:13:09+00:00,OT_SCADA,NORMAL,0,
VPN-01385,2026-06-02 07:14:21+00:00,VPN_IAM,NORMAL,0,
CARGO-00156,2026-06-02 07:14:38+00:00,CARGO,NORMAL,0,
PHY-00678,2026-06-02 07:24:58+00:00,PHYSICAL,NORMAL,0,
OT-00240,2026-06-02 07:30:11+00:00,OT_SCADA,NORMAL,0,
PHY-00602,2026-06-02 07:33:57+00:00,PHYSICAL,NORMAL,0,
OT-00892,2026-06-02 07:34:28+00:00,OT_SCADA,NORMAL,0,
VPN-01339,2026-06-02 07:38:10+00:00,VPN_IAM,NORMAL,0,
CARGO-01086,2026-06-02 07:38:12+00:00,CARGO,NORMAL,0,
CARGO-00119,2026-06-02 07:40:14+00:00,CARGO,NORMAL,0,
CARGO-00451,2026-06-02 07:40:30+00:00,CARGO,NORMAL,0,
CARGO-00430,2026-06-02 07:44:44+00:00,CARGO,NORMAL,0,
EDR-00005,2026-06-02 07:50:34+00:00,ENDPOINT,NORMAL,0,
EDR-00798,2026-06-02 07:50:37+00:00,ENDPOINT,NORMAL,0,
OT-00424,2026-06-02 07:59:18+00:00,OT_SCADA,SUSPICIOUS,1,
OT-00158,2026-06-02 08:08:23+00:00,OT_SCADA,SUSPICIOUS,1,
NET-00815,2026-06-02 08:20:36+00:00,NETWORK,NORMAL,0,
VPN-01749,2026-06-02 08:29:08+00:00,VPN_IAM,NORMAL,0,
VPN-01494,2026-06-02 08:32:39+00:00,VPN_IAM,NORMAL,0,
NET-00149,2026-06-02 08:33:32+00:00,NETWORK,NORMAL,0,
OT-01248,2026-06-02 09:02:49+00:00,OT_SCADA,NORMAL,0,
NET-00443,2026-06-02 09:06:40+00:00,NETWORK,NORMAL,0,
EDR-00404,2026-06-02 09:15:54+00:00,ENDPOINT,NORMAL,0,
OT-01027,2026-06-02 09:18:45+00:00,OT_SCADA,NORMAL,0,
CARGO-00425,2026-06-02 09:19:08+00:00,CARGO,NORMAL,0,
OT-01610,2026-06-02 09:23:36+00:00,OT_SCADA,NORMAL,0,
NET-01701,2026-06-02 09:44:02+00:00,NETWORK,NORMAL,0,
OT-01242,2026-06-02 09:44:36+00:00,OT_SCADA,NORMAL,0,
NET-01058,2026-06-02 09:53:09+00:00,NETWORK,NORMAL,0,
CARGO-00308,2026-06-02 09:54:43+00:00,CARGO,NORMAL,0,
OT-01453,2026-06-02 09:55:21+00:00,OT_SCADA,NORMAL,0,
NET-00375,2026-06-02 10:11:45+00:00,NETWORK,NORMAL,0,
EDR-00794,2026-06-02 10:18:15+00:00,ENDPOINT,NORMAL,0,
OT-00754,2026-06-02 10:20:08+00:00,OT_SCADA,NORMAL,0,
OT-01855,2026-06-02 10:31:33+00:00,OT_SCADA,NORMAL,0,
OT-00296,2026-06-02 10:46:13+00:00,OT_SCADA,NORMAL,0,
CARGO-01117,2026-06-02 10:48:12+00:00,CARGO,SUSPICIOUS,1,
OT-00821,2026-06-02 10:59:14+00:00,OT_SCADA,NORMAL,0,
VPN-01396,2026-06-02 11:09:14+00:00,VPN_IAM,NORMAL,0,
EDR-00724,2026-06-02 11:09:56+00:00,ENDPOINT,NORMAL,0,
OT-00146,2026-06-02 11:12:56+00:00,OT_SCADA,NORMAL,0,
OT-01266,2026-06-02 11:22:23+00:00,OT_SCADA,NORMAL,0,
NET-01681,2026-06-02 11:24:28+00:00,NETWORK,NORMAL,0,
NET-01968,2026-06-02 11:29:36+00:00,NETWORK,NORMAL,0,
VPN-00311,2026-06-02 11:35:07+00:00,VPN_IAM,NORMAL,0,
CARGO-00856,2026-06-02 11:36:39+00:00,CARGO,NORMAL,0,
NOTE-00223,2026-06-02 11:37:30+00:00,TEXT,NORMAL,0,
CARGO-00591,2026-06-02 11:38:06+00:00,CARGO,NORMAL,0,
PHY-00346,2026-06-02 11:49:29+00:00,PHYSICAL,NORMAL,0,
EDR-00153,2026-06-02 12:05:30+00:00,ENDPOINT,NORMAL,0,
VPN-00151,2026-06-02 12:07:23+00:00,VPN_IAM,NORMAL,0,
PHY-00992,2026-06-02 12:10:01+00:00,PHYSICAL,NORMAL,0,
PHY-00754,2026-06-02 12:16:26+00:00,PHYSICAL,NORMAL,0,
VPN-00808,2026-06-02 12:22:30+00:00,VPN_IAM,NORMAL,0,
NET-00879,2026-06-02 12:26:52+00:00,NETWORK,NORMAL,0,
VPN-01029,2026-06-02 12:34:39+00:00,VPN_IAM,NORMAL,0,
NET-00466,2026-06-02 12:39:42+00:00,NETWORK,NORMAL,0,
VPN-00854,2026-06-02 12:43:23+00:00,VPN_IAM,NORMAL,0,
NOTE-00047,2026-06-02 12:54:22+00:00,TEXT,SUSPICIOUS,1,
OT-01622,2026-06-02 12:57:27+00:00,OT_SCADA,NORMAL,0,
EDR-01198,2026-06-02 13:09:28+00:00,ENDPOINT,NORMAL,0,
NET-01152,2026-06-02 13:09:32+00:00,NETWORK,NORMAL,0,
VPN-01269,2026-06-02 13:10:25+00:00,VPN_IAM,NORMAL,0,
OT-01289,2026-06-02 13:16:15+00:00,OT_SCADA,NORMAL,0,
VPN-01355,2026-06-02 13:17:27+00:00,VPN_IAM,NORMAL,0,
EDR-00727,2026-06-02 13:24:04+00:00,ENDPOINT,NORMAL,0,
CARGO-00000,2026-06-02 13:41:19+00:00,CARGO,NORMAL,0,
EDR-00342,2026-06-02 13:46:09+00:00,ENDPOINT,NORMAL,0,
OT-00449,2026-06-02 13:54:36+00:00,OT_SCADA,NORMAL,0,
CARGO-00134,2026-06-02 13:54:47+00:00,CARGO,NORMAL,0,
NET-00926,2026-06-02 13:59:19+00:00,NETWORK,NORMAL,0,
OT-00543,2026-06-02 13:59:42+00:00,OT_SCADA,NORMAL,0,
VPN-00927,2026-06-02 14:02:42+00:00,VPN_IAM,NORMAL,0,
OT-00912,2026-06-02 14:03:40+00:00,OT_SCADA,NORMAL,0,
OT-01087,2026-06-02 14:05:49+00:00,OT_SCADA,NORMAL,0,
PHY-00395,2026-06-02 14:06:39+00:00,PHYSICAL,NORMAL,0,
NET-00944,2026-06-02 14:08:19+00:00,NETWORK,SUSPICIOUS,1,
NOTE-00225,2026-06-02 14:19:44+00:00,TEXT,NORMAL,0,
NET-01521,2026-06-02 14:20:55+00:00,NETWORK,NORMAL,0,
VPN-00706,2026-06-02 14:25:04+00:00,VPN_IAM,NORMAL,0,
VPN-01083,2026-06-02 14:28:33+00:00,VPN_IAM,NORMAL,0,
CARGO-00190,2026-06-02 14:30:27+00:00,CARGO,NORMAL,0,
VPN-01372,2026-06-02 14:47:05+00:00,VPN_IAM,NORMAL,0,
EDR-00476,2026-06-02 14:58:27+00:00,ENDPOINT,NORMAL,0,
OT-01121,2026-06-02 15:22:26+00:00,OT_SCADA,NORMAL,0,
OT-01078,2026-06-02 15:23:48+00:00,OT_SCADA,NORMAL,0,
CARGO-00857,2026-06-02 15:25:30+00:00,CARGO,NORMAL,0,
CARGO-01075,2026-06-02 15:34:36+00:00,CARGO,NORMAL,0,
NET-00510,2026-06-02 15:41:21+00:00,NETWORK,NORMAL,0,
NET-00236,2026-06-02 15:42:10+00:00,NETWORK,NORMAL,0,
NET-00505,2026-06-02 15:43:21+00:00,NETWORK,SUSPICIOUS,1,
OT-01255,2026-06-02 15:52:59+00:00,OT_SCADA,NORMAL,0,
OT-01641,2026-06-02 16:01:38+00:00,OT_SCADA,SUSPICIOUS,1,
NET-00222,2026-06-02 16:05:25+00:00,NETWORK,NORMAL,0,
CARGO-00569,2026-06-02 16:08:49+00:00,CARGO,NORMAL,0,
NET-00882,2026-06-02 16:11:31+00:00,NETWORK,NORMAL,0,
VPN-01060,2026-06-02 16:25:42+00:00,VPN_IAM,NORMAL,0,
VPN-00693,2026-06-02 16:26:55+00:00,VPN_IAM,NORMAL,0,
VPN-00146,2026-06-02 16:29:17+00:00,VPN_IAM,NORMAL,0,
PHY-00146,2026-06-02 16:43:35+00:00,PHYSICAL,NORMAL,0,
NET-00347,2026-06-02 16:47:40+00:00,NETWORK,NORMAL,0,
CARGO-01120,2026-06-02 16:47:50+00:00,CARGO,NORMAL,0,
OT-01104,2026-06-02 16:49:33+00:00,OT_SCADA,NORMAL,0,
PHY-00441,2026-06-02 16:50:11+00:00,PHYSICAL,NORMAL,0,
OT-01914,2026-06-02 16:50:40+00:00,OT_SCADA,NORMAL,0,
PHY-00797,2026-06-02 16:54:40+00:00,PHYSICAL,NORMAL,0,
OT-00902,2026-06-02 16:55:31+00:00,OT_SCADA,NORMAL,0,
EDR-00821,2026-06-02 16:57:10+00:00,ENDPOINT,NORMAL,0,
VPN-00963,2026-06-02 17:00:16+00:00,VPN_IAM,NORMAL,0,
EDR-00815,2026-06-02 17:00:56+00:00,ENDPOINT,NORMAL,0,
VPN-01227,2026-06-02 17:03:23+00:00,VPN_IAM,NORMAL,0,
PHY-00717,2026-06-02 17:08:19+00:00,PHYSICAL,NORMAL,0,
EDR-00200,2026-06-02 17:08:33+00:00,ENDPOINT,NORMAL,0,
NET-01369,2026-06-02 17:11:41+00:00,NETWORK,NORMAL,0,
VPN-01039,2026-06-02 17:15:22+00:00,VPN_IAM,NORMAL,0,
OT-00837,2026-06-02 17:20:07+00:00,OT_SCADA,NORMAL,0,
NET-00153,2026-06-02 17:20:46+00:00,NETWORK,NORMAL,0,
OT-01887,2026-06-02 17:39:20+00:00,OT_SCADA,NORMAL,0,
VPN-01094,2026-06-02 17:42:54+00:00,VPN_IAM,NORMAL,0,
EDR-00368,2026-06-02 17:45:53+00:00,ENDPOINT,NORMAL,0,
NET-00252,2026-06-02 17:52:16+00:00,NETWORK,NORMAL,0,
VPN-00708,2026-06-02 17:58:49+00:00,VPN_IAM,NORMAL,0,
OT-01541,2026-06-02 18:01:24+00:00,OT_SCADA,NORMAL,0,
PHY-00563,2026-06-02 18:10:15+00:00,PHYSICAL,NORMAL,0,
VPN-00072,2026-06-02 18:15:11+00:00,VPN_IAM,NORMAL,0,
OT-01854,2026-06-02 18:18:21+00:00,OT_SCADA,NORMAL,0,
NET-01501,2026-06-02 18:25:50+00:00,NETWORK,NORMAL,0,
NET-01658,2026-06-02 18:28:57+00:00,NETWORK,NORMAL,0,
OT-00035,2026-06-02 18:30:46+00:00,OT_SCADA,SUSPICIOUS,1,
CARGO-00364,2026-06-02 18:31:55+00:00,CARGO,NORMAL,0,
NET-00427,2026-06-02 18:34:19+00:00,NETWORK,SUSPICIOUS,1,
OT-01632,2026-06-02 18:42:24+00:00,OT_SCADA,NORMAL,0,
NET-02131,2026-06-02 18:44:37+00:00,NETWORK,NORMAL,0,
VPN-01683,2026-06-02 18:51:40+00:00,VPN_IAM,NORMAL,0,
NOTE-00238,2026-06-02 18:53:51+00:00,TEXT,NORMAL,0,
NET-00860,2026-06-02 18:57:30+00:00,NETWORK,NORMAL,0,
OT-01575,2026-06-02 19:02:04+00:00,OT_SCADA,NORMAL,0,
PHY-00615,2026-06-02 19:05:33+00:00,PHYSICAL,NORMAL,0,
EDR-01123,2026-06-02 19:05:55+00:00,ENDPOINT,NORMAL,0,
VPN-01283,2026-06-02 19:14:49+00:00,VPN_IAM,NORMAL,0,
NET-01802,2026-06-02 19:17:27+00:00,NETWORK,NORMAL,0,
EDR-00981,2026-06-02 19:21:01+00:00,ENDPOINT,NORMAL,0,
OT-01304,2026-06-02 19:24:25+00:00,OT_SCADA,NORMAL,0,
VPN-01524,2026-06-02 19:28:12+00:00,VPN_IAM,NORMAL,0,
OT-00079,2026-06-02 19:38:00+00:00,OT_SCADA,NORMAL,0,
CARGO-00678,2026-06-02 19:42:32+00:00,CARGO,NORMAL,0,
PHY-00195,2026-06-02 19:45:38+00:00,PHYSICAL,NORMAL,0,
PHY-00798,2026-06-02 19:48:08+00:00,PHYSICAL,NORMAL,0,
VPN-01504,2026-06-02 19:54:01+00:00,VPN_IAM,SUSPICIOUS,1,
PHY-00450,2026-06-02 19:57:05+00:00,PHYSICAL,NORMAL,0,
NET-02138,2026-06-02 19:58:56+00:00,NETWORK,NORMAL,0,
NET-00171,2026-06-02 20:00:54+00:00,NETWORK,NORMAL,0,
VPN-01505,2026-06-02 20:01:59+00:00,VPN_IAM,NORMAL,0,
EDR-01054,2026-06-02 20:32:46+00:00,ENDPOINT,NORMAL,0,
OT-01001,2026-06-02 20:34:38+00:00,OT_SCADA,NORMAL,0,
EDR-01164,2026-06-02 20:40:32+00:00,ENDPOINT,NORMAL,0,
NET-00740,2026-06-02 20:41:09+00:00,NETWORK,NORMAL,0,
NET-00821,2026-06-02 20:45:05+00:00,NETWORK,NORMAL,0,
VPN-00236,2026-06-02 20:49:31+00:00,VPN_IAM,NORMAL,0,
VPN-01768,2026-06-02 21:02:34+00:00,VPN_IAM,NORMAL,0,
PHY-00860,2026-06-02 21:03:31+00:00,PHYSICAL,NORMAL,0,
OT-01006,2026-06-02 21:07:23+00:00,OT_SCADA,NORMAL,0,
PHY-00946,2026-06-02 21:25:54+00:00,PHYSICAL,NORMAL,0,
VPN-00250,2026-06-02 21:31:56+00:00,VPN_IAM,NORMAL,0,
EDR-00339,2026-06-02 21:39:06+00:00,ENDPOINT,NORMAL,0,
OT-01129,2026-06-02 21:39:10+00:00,OT_SCADA,NORMAL,0,
NET-00161,2026-06-02 21:39:49+00:00,NETWORK,NORMAL,0,
OT-00660,2026-06-02 21:43:54+00:00,OT_SCADA,NORMAL,0,
PHY-00841,2026-06-02 21:44:47+00:00,PHYSICAL,NORMAL,0,
VPN-01297,2026-06-02 21:45:17+00:00,VPN_IAM,NORMAL,0,
EDR-00197,2026-06-02 21:45:25+00:00,ENDPOINT,NORMAL,0,
EDR-00111,2026-06-02 21:50:06+00:00,ENDPOINT,NORMAL,0,
EDR-00518,2026-06-02 21:52:20+00:00,ENDPOINT,NORMAL,0,
PHY-00431,2026-06-02 21:55:42+00:00,PHYSICAL,NORMAL,0,
NET-00419,2026-06-02 21:57:16+00:00,NETWORK,NORMAL,0,
EDR-00147,2026-06-02 22:03:50+00:00,ENDPOINT,NORMAL,0,
CARGO-00267,2026-06-02 22:06:40+00:00,CARGO,NORMAL,0,
VPN-01021,2026-06-02 22:11:27+00:00,VPN_IAM,NORMAL,0,
NET-01867,2026-06-02 22:13:02+00:00,NETWORK,NORMAL,0,
OT-00198,2026-06-02 22:20:45+00:00,OT_SCADA,NORMAL,0,
NET-00052,2026-06-02 22:29:36+00:00,NETWORK,SUSPICIOUS,1,
NET-01098,2026-06-02 22:30:45+00:00,NETWORK,SUSPICIOUS,1,
NET-00453,2026-06-02 22:39:46+00:00,NETWORK,NORMAL,0,
OT-01052,2026-06-02 22:40:49+00:00,OT_SCADA,NORMAL,0,
EDR-00372,2026-06-02 23:15:05+00:00,ENDPOINT,NORMAL,0,
NET-00543,2026-06-02 23:20:05+00:00,NETWORK,NORMAL,0,
PHY-00255,2026-06-02 23:28:27+00:00,PHYSICAL,NORMAL,0,
PHY-00110,2026-06-02 23:38:32+00:00,PHYSICAL,NORMAL,0,
CARGO-00720,2026-06-02 23:39:46+00:00,CARGO,NORMAL,0,
PHY-00488,2026-06-02 23:46:37+00:00,PHYSICAL,SUSPICIOUS,1,
OT-00564,2026-06-02 23:48:06+00:00,OT_SCADA,NORMAL,0,
NET-00494,2026-06-02 23:51:59+00:00,NETWORK,NORMAL,0,
VPN-00948,2026-06-02 23:54:07+00:00,VPN_IAM,NORMAL,0,
NET-01919,2026-06-02 23:54:39+00:00,NETWORK,NORMAL,0,
PHY-00853,2026-06-02 23:56:06+00:00,PHYSICAL,NORMAL,0,
OT-01999,2026-06-02 23:59:15+00:00,OT_SCADA,NORMAL,0,
NET-01566,2026-06-03 00:00:45+00:00,NETWORK,NORMAL,0,
CARGO-00073,2026-06-03 00:04:44+00:00,CARGO,NORMAL,0,
NET-00388,2026-06-03 00:22:44+00:00,NETWORK,NORMAL,0,
VPN-00819,2026-06-03 00:27:12+00:00,VPN_IAM,NORMAL,0,
OT-01025,2026-06-03 00:27:34+00:00,OT_SCADA,NORMAL,0,
NOTE-00119,2026-06-03 00:28:13+00:00,TEXT,NORMAL,0,
PHY-00176,2026-06-03 00:36:45+00:00,PHYSICAL,NORMAL,0,
EDR-01062,2026-06-03 00:39:49+00:00,ENDPOINT,NORMAL,0,
NET-00674,2026-06-03 00:48:07+00:00,NETWORK,NORMAL,0,
EDR-00552,2026-06-03 00:57:52+00:00,ENDPOINT,NORMAL,0,
EDR-01185,2026-06-03 01:09:46+00:00,ENDPOINT,NORMAL,0,
EDR-00655,2026-06-03 01:14:31+00:00,ENDPOINT,NORMAL,0,
PHY-00654,2026-06-03 01:18:20+00:00,PHYSICAL,NORMAL,0,
OT-00308,2026-06-03 01:27:46+00:00,OT_SCADA,NORMAL,0,
VPN-01792,2026-06-03 01:28:43+00:00,VPN_IAM,NORMAL,0,
VPN-00494,2026-06-03 01:31:16+00:00,VPN_IAM,NORMAL,0,
VPN-00763,2026-06-03 01:33:00+00:00,VPN_IAM,NORMAL,0,
OT-00054,2026-06-03 01:49:02+00:00,OT_SCADA,NORMAL,0,
OT-01849,2026-06-03 01:53:58+00:00,OT_SCADA,NORMAL,0,
EDR-00262,2026-06-03 01:54:48+00:00,ENDPOINT,NORMAL,0,
CARGO-00175,2026-06-03 01:56:15+00:00,CARGO,NORMAL,0,
CARGO-00040,2026-06-03 01:59:36+00:00,CARGO,NORMAL,0,
OT-00366,2026-06-03 01:59:53+00:00,OT_SCADA,NORMAL,0,
NET-01286,2026-06-03 02:00:58+00:00,NETWORK,NORMAL,0,
VPN-01265,2026-06-03 02:01:29+00:00,VPN_IAM,SUSPICIOUS,1,
OT-01491,2026-06-03 02:03:22+00:00,OT_SCADA,NORMAL,0,
NET-00817,2026-06-03 02:18:23+00:00,NETWORK,NORMAL,0,
NET-01023,2026-06-03 02:24:21+00:00,NETWORK,NORMAL,0,
PHY-00845,2026-06-03 02:28:07+00:00,PHYSICAL,NORMAL,0,
NET-00185,2026-06-03 02:29:58+00:00,NETWORK,NORMAL,0,
VPN-00953,2026-06-03 02:34:59+00:00,VPN_IAM,NORMAL,0,
PHY-00838,2026-06-03 02:35:51+00:00,PHYSICAL,NORMAL,0,
OT-00537,2026-06-03 02:36:31+00:00,OT_SCADA,NORMAL,0,
OT-01138,2026-06-03 02:41:15+00:00,OT_SCADA,NORMAL,0,
NET-01143,2026-06-03 02:49:48+00:00,NETWORK,NORMAL,0,
NET-00344,2026-06-03 02:50:01+00:00,NETWORK,NORMAL,0,
NET-01571,2026-06-03 02:51:54+00:00,NETWORK,NORMAL,0,
PHY-00221,2026-06-03 02:53:57+00:00,PHYSICAL,NORMAL,0,
CARGO-00043,2026-06-03 03:06:45+00:00,CARGO,NORMAL,0,
OT-01598,2026-06-03 03:09:25+00:00,OT_SCADA,NORMAL,0,
EDR-00216,2026-06-03 03:30:26+00:00,ENDPOINT,NORMAL,0,
OT-00668,2026-06-03 03:30:35+00:00,OT_SCADA,NORMAL,0,
CARGO-00048,2026-06-03 03:30:44+00:00,CARGO,NORMAL,0,
CARGO-00165,2026-06-03 03:34:17+00:00,CARGO,NORMAL,0,
VPN-01151,2026-06-03 03:39:40+00:00,VPN_IAM,NORMAL,0,
NET-01830,2026-06-03 03:47:09+00:00,NETWORK,NORMAL,0,
NOTE-00083,2026-06-03 03:50:31+00:00,TEXT,SUSPICIOUS,1,
VPN-00954,2026-06-03 03:51:08+00:00,VPN_IAM,NORMAL,0,
NET-01559,2026-06-03 03:54:00+00:00,NETWORK,NORMAL,0,
VPN-00960,2026-06-03 03:54:12+00:00,VPN_IAM,NORMAL,0,
VPN-00848,2026-06-03 03:56:31+00:00,VPN_IAM,NORMAL,0,
OT-00112,2026-06-03 04:19:56+00:00,OT_SCADA,NORMAL,0,
NOTE-00165,2026-06-03 04:20:12+00:00,TEXT,NORMAL,0,
NET-00407,2026-06-03 04:22:22+00:00,NETWORK,NORMAL,0,
PHY-00041,2026-06-03 04:23:56+00:00,PHYSICAL,SUSPICIOUS,1,
VPN-00636,2026-06-03 04:28:02+00:00,VPN_IAM,NORMAL,0,
EDR-00786,2026-06-03 04:35:55+00:00,ENDPOINT,NORMAL,0,
EDR-00251,2026-06-03 04:37:22+00:00,ENDPOINT,NORMAL,0,
CARGO-00268,2026-06-03 04:40:32+00:00,CARGO,NORMAL,0,
NOTE-00126,2026-06-03 04:40:52+00:00,TEXT,NORMAL,0,
VPN-01780,2026-06-03 04:50:43+00:00,VPN_IAM,NORMAL,0,
NET-01264,2026-06-03 04:51:36+00:00,NETWORK,NORMAL,0,
VPN-00177,2026-06-03 05:04:19+00:00,VPN_IAM,SUSPICIOUS,1,
NET-00823,2026-06-03 05:07:49+00:00,NETWORK,NORMAL,0,
NET-01032,2026-06-03 05:12:04+00:00,NETWORK,NORMAL,0,
OT-00164,2026-06-03 05:12:17+00:00,OT_SCADA,NORMAL,0,
VPN-00813,2026-06-03 05:17:17+00:00,VPN_IAM,NORMAL,0,
OT-00807,2026-06-03 05:26:45+00:00,OT_SCADA,NORMAL,0,
PHY-00614,2026-06-03 05:30:07+00:00,PHYSICAL,NORMAL,0,
VPN-01561,2026-06-03 05:30:12+00:00,VPN_IAM,NORMAL,0,
EDR-00969,2026-06-03 05:31:57+00:00,ENDPOINT,NORMAL,0,
VPN-00811,2026-06-03 05:36:29+00:00,VPN_IAM,NORMAL,0,
OT-00390,2026-06-03 05:38:19+00:00,OT_SCADA,NORMAL,0,
NET-01823,2026-06-03 05:47:28+00:00,NETWORK,NORMAL,0,
OT-00606,2026-06-03 05:56:05+00:00,OT_SCADA,NORMAL,0,
NET-00397,2026-06-03 05:56:12+00:00,NETWORK,NORMAL,0,
CARGO-00462,2026-06-03 06:06:27+00:00,CARGO,NORMAL,0,
NET-01910,2026-06-03 06:10:33+00:00,NETWORK,NORMAL,0,
NET-01862,2026-06-03 06:19:06+00:00,NETWORK,NORMAL,0,
NET-00918,2026-06-03 06:20:57+00:00,NETWORK,NORMAL,0,
NET-00061,2026-06-03 06:31:35+00:00,NETWORK,NORMAL,0,
OT-00188,2026-06-03 06:44:39+00:00,OT_SCADA,NORMAL,0,
PHY-00379,2026-06-03 06:47:39+00:00,PHYSICAL,NORMAL,0,
NET-00073,2026-06-03 06:49:59+00:00,NETWORK,NORMAL,0,
NOTE-00211,2026-06-03 06:51:55+00:00,TEXT,SUSPICIOUS,1,
CARGO-00963,2026-06-03 06:53:19+00:00,CARGO,NORMAL,0,
PHY-00711,2026-06-03 06:55:17+00:00,PHYSICAL,NORMAL,0,
EDR-00506,2026-06-03 07:04:30+00:00,ENDPOINT,NORMAL,0,
CARGO-00609,2026-06-03 07:04:32+00:00,CARGO,NORMAL,0,
NET-01092,2026-06-03 07:05:55+00:00,NETWORK,NORMAL,0,
OT-00728,2026-06-03 07:09:26+00:00,OT_SCADA,NORMAL,0,
VPN-00278,2026-06-03 07:19:01+00:00,VPN_IAM,NORMAL,0,
CARGO-00056,2026-06-03 07:24:32+00:00,CARGO,NORMAL,0,
OT-01024,2026-06-03 07:26:26+00:00,OT_SCADA,NORMAL,0,
OT-01281,2026-06-03 07:26:53+00:00,OT_SCADA,NORMAL,0,
NET-01663,2026-06-03 07:27:51+00:00,NETWORK,NORMAL,0,
OT-01069,2026-06-03 07:31:32+00:00,OT_SCADA,NORMAL,0,
CARGO-00334,2026-06-03 07:33:22+00:00,CARGO,NORMAL,0,
VPN-01038,2026-06-03 07:52:14+00:00,VPN_IAM,NORMAL,0,
NET-00048,2026-06-03 07:59:12+00:00,NETWORK,NORMAL,0,
EDR-00583,2026-06-03 08:01:02+00:00,ENDPOINT,NORMAL,0,
EDR-00478,2026-06-03 08:03:48+00:00,ENDPOINT,NORMAL,0,
PHY-00305,2026-06-03 08:16:49+00:00,PHYSICAL,NORMAL,0,
VPN-01599,2026-06-03 08:19:10+00:00,VPN_IAM,NORMAL,0,
CARGO-00024,2026-06-03 08:31:08+00:00,CARGO,NORMAL,0,
VPN-00557,2026-06-03 08:36:39+00:00,VPN_IAM,NORMAL,0,
VPN-00438,2026-06-03 08:41:44+00:00,VPN_IAM,NORMAL,0,
VPN-00841,2026-06-03 08:42:02+00:00,VPN_IAM,NORMAL,0,
OT-00952,2026-06-03 08:46:35+00:00,OT_SCADA,NORMAL,0,
NET-00328,2026-06-03 08:50:44+00:00,NETWORK,NORMAL,0,
NET-00906,2026-06-03 08:53:26+00:00,NETWORK,NORMAL,0,
VPN-00837,2026-06-03 09:03:37+00:00,VPN_IAM,NORMAL,0,
PHY-00750,2026-06-03 09:04:55+00:00,PHYSICAL,NORMAL,0,
CARGO-00292,2026-06-03 09:06:42+00:00,CARGO,NORMAL,0,
NET-01477,2026-06-03 09:07:29+00:00,NETWORK,NORMAL,0,
OT-00044,2026-06-03 09:08:17+00:00,OT_SCADA,NORMAL,0,
OT-01722,2026-06-03 09:10:20+00:00,OT_SCADA,NORMAL,0,
NET-00785,2026-06-03 09:11:45+00:00,NETWORK,NORMAL,0,
CARGO-00232,2026-06-03 09:12:03+00:00,CARGO,NORMAL,0,
NET-00038,2026-06-03 09:12:21+00:00,NETWORK,NORMAL,0,
NOTE-00289,2026-06-03 09:13:00+00:00,TEXT,NORMAL,0,
NET-00448,2026-06-03 09:15:33+00:00,NETWORK,NORMAL,0,
NET-01313,2026-06-03 09:17:33+00:00,NETWORK,NORMAL,0,
PHY-00801,2026-06-03 09:19:57+00:00,PHYSICAL,NORMAL,0,
EDR-00925,2026-06-03 09:30:26+00:00,ENDPOINT,NORMAL,0,
CARGO-01067,2026-06-03 09:39:00+00:00,CARGO,NORMAL,0,
OT-00055,2026-06-03 09:42:54+00:00,OT_SCADA,NORMAL,0,
VPN-01551,2026-06-03 09:49:54+00:00,VPN_IAM,NORMAL,0,
NET-01426,2026-06-03 09:54:08+00:00,NETWORK,NORMAL,0,
NET-01552,2026-06-03 10:04:23+00:00,NETWORK,NORMAL,0,
VPN-00247,2026-06-03 10:06:53+00:00,VPN_IAM,NORMAL,0,
NET-00467,2026-06-03 10:11:13+00:00,NETWORK,NORMAL,0,
OT-01332,2026-06-03 10:13:37+00:00,OT_SCADA,NORMAL,0,
NET-00300,2026-06-03 10:33:33+00:00,NETWORK,NORMAL,0,
PHY-00218,2026-06-03 10:34:15+00:00,PHYSICAL,NORMAL,0,
VPN-00524,2026-06-03 10:36:21+00:00,VPN_IAM,NORMAL,0,
OT-01085,2026-06-03 10:38:23+00:00,OT_SCADA,NORMAL,0,
NET-00681,2026-06-03 10:49:53+00:00,NETWORK,NORMAL,0,
PHY-00908,2026-06-03 11:06:28+00:00,PHYSICAL,NORMAL,0,
CARGO-00189,2026-06-03 11:17:19+00:00,CARGO,NORMAL,0,
EDR-00668,2026-06-03 11:17:33+00:00,ENDPOINT,SUSPICIOUS,1,
VPN-00868,2026-06-03 11:20:48+00:00,VPN_IAM,NORMAL,0,
VPN-00163,2026-06-03 11:23:20+00:00,VPN_IAM,NORMAL,0,
CARGO-00390,2026-06-03 11:24:13+00:00,CARGO,NORMAL,0,
EDR-00914,2026-06-03 11:26:51+00:00,ENDPOINT,NORMAL,0,
OT-00967,2026-06-03 11:37:00+00:00,OT_SCADA,NORMAL,0,
CARGO-00035,2026-06-03 11:44:25+00:00,CARGO,NORMAL,0,
VPN-01617,2026-06-03 12:05:33+00:00,VPN_IAM,NORMAL,0,
NET-01863,2026-06-03 12:11:43+00:00,NETWORK,NORMAL,0,
NET-01270,2026-06-03 12:27:50+00:00,NETWORK,NORMAL,0,
OT-00315,2026-06-03 12:28:15+00:00,OT_SCADA,NORMAL,0,
EDR-00039,2026-06-03 12:40:55+00:00,ENDPOINT,NORMAL,0,
OT-01814,2026-06-03 12:41:41+00:00,OT_SCADA,NORMAL,0,
CARGO-00981,2026-06-03 12:47:19+00:00,CARGO,NORMAL,0,
NET-00870,2026-06-03 12:49:08+00:00,NETWORK,NORMAL,0,
EDR-00670,2026-06-03 12:53:31+00:00,ENDPOINT,NORMAL,0,
NET-01424,2026-06-03 12:54:58+00:00,NETWORK,NORMAL,0,
CARGO-00802,2026-06-03 12:57:50+00:00,CARGO,NORMAL,0,
NET-01219,2026-06-03 13:01:00+00:00,NETWORK,SUSPICIOUS,1,
OT-00204,2026-06-03 13:01:30+00:00,OT_SCADA,NORMAL,0,
CARGO-00948,2026-06-03 13:02:10+00:00,CARGO,NORMAL,0,
NET-01827,2026-06-03 13:17:20+00:00,NETWORK,NORMAL,0,
VPN-01417,2026-06-03 13:19:08+00:00,VPN_IAM,NORMAL,0,
PHY-00691,2026-06-03 13:20:43+00:00,PHYSICAL,NORMAL,0,
VPN-00027,2026-06-03 13:25:44+00:00,VPN_IAM,NORMAL,0,
OT-01421,2026-06-03 13:32:34+00:00,OT_SCADA,NORMAL,0,
NET-01260,2026-06-03 13:34:43+00:00,NETWORK,SUSPICIOUS,1,
OT-01022,2026-06-03 13:34:54+00:00,OT_SCADA,NORMAL,0,
EDR-00469,2026-06-03 13:36:11+00:00,ENDPOINT,NORMAL,0,
EDR-00443,2026-06-03 13:38:35+00:00,ENDPOINT,NORMAL,0,
VPN-01700,2026-06-03 13:43:56+00:00,VPN_IAM,NORMAL,0,
NET-02185,2026-06-03 13:53:50+00:00,NETWORK,NORMAL,0,
VPN-00383,2026-06-03 13:54:12+00:00,VPN_IAM,NORMAL,0,
VPN-01233,2026-06-03 13:54:55+00:00,VPN_IAM,NORMAL,0,
EDR-00948,2026-06-03 14:01:00+00:00,ENDPOINT,NORMAL,0,
OT-01205,2026-06-03 14:11:45+00:00,OT_SCADA,SUSPICIOUS,1,
VPN-01242,2026-06-03 14:18:28+00:00,VPN_IAM,NORMAL,0,
EDR-01158,2026-06-03 14:19:23+00:00,ENDPOINT,NORMAL,0,
VPN-01405,2026-06-03 14:31:06+00:00,VPN_IAM,NORMAL,0,
EDR-00892,2026-06-03 14:36:46+00:00,ENDPOINT,NORMAL,0,
VPN-00926,2026-06-03 14:39:48+00:00,VPN_IAM,NORMAL,0,
NET-01779,2026-06-03 14:40:54+00:00,NETWORK,NORMAL,0,
EDR-01011,2026-06-03 14:44:58+00:00,ENDPOINT,NORMAL,0,
EDR-00628,2026-06-03 14:47:35+00:00,ENDPOINT,NORMAL,0,
VPN-00461,2026-06-03 14:54:17+00:00,VPN_IAM,NORMAL,0,
NET-01328,2026-06-03 15:05:26+00:00,NETWORK,NORMAL,0,
OT-00462,2026-06-03 15:05:52+00:00,OT_SCADA,NORMAL,0,
VPN-01687,2026-06-03 15:06:54+00:00,VPN_IAM,NORMAL,0,
OT-00026,2026-06-03 15:08:01+00:00,OT_SCADA,NORMAL,0,
NET-01869,2026-06-03 15:09:20+00:00,NETWORK,NORMAL,0,
VPN-00595,2026-06-03 15:11:46+00:00,VPN_IAM,NORMAL,0,
OT-00890,2026-06-03 15:12:59+00:00,OT_SCADA,NORMAL,0,
EDR-01004,2026-06-03 15:17:58+00:00,ENDPOINT,SUSPICIOUS,1,
NET-00031,2026-06-03 15:20:23+00:00,NETWORK,NORMAL,0,
CARGO-00972,2026-06-03 15:26:31+00:00,CARGO,NORMAL,0,
NET-00757,2026-06-03 15:43:09+00:00,NETWORK,NORMAL,0,
VPN-00413,2026-06-03 15:44:21+00:00,VPN_IAM,NORMAL,0,
EDR-00543,2026-06-03 15:56:39+00:00,ENDPOINT,NORMAL,0,
NET-00342,2026-06-03 15:58:21+00:00,NETWORK,NORMAL,0,
EDR-00316,2026-06-03 15:58:34+00:00,ENDPOINT,NORMAL,0,
CARGO-00884,2026-06-03 16:03:21+00:00,CARGO,NORMAL,0,
OT-00433,2026-06-03 16:05:21+00:00,OT_SCADA,NORMAL,0,
NET-01811,2026-06-03 16:05:44+00:00,NETWORK,NORMAL,0,
VPN-00033,2026-06-03 16:08:10+00:00,VPN_IAM,NORMAL,0,
OT-00505,2026-06-03 16:15:33+00:00,OT_SCADA,NORMAL,0,
EDR-00704,2026-06-03 16:20:02+00:00,ENDPOINT,NORMAL,0,
CARGO-01149,2026-06-03 16:20:06+00:00,CARGO,NORMAL,0,
CARGO-00093,2026-06-03 16:25:10+00:00,CARGO,NORMAL,0,
EDR-01088,2026-06-03 16:28:42+00:00,ENDPOINT,NORMAL,0,
OT-01420,2026-06-03 16:32:40+00:00,OT_SCADA,NORMAL,0,
EDR-00247,2026-06-03 16:33:39+00:00,ENDPOINT,NORMAL,0,
OT-00666,2026-06-03 16:34:48+00:00,OT_SCADA,NORMAL,0,
NOTE-00026,2026-06-03 16:35:19+00:00,TEXT,NORMAL,0,
NET-01766,2026-06-03 16:54:21+00:00,NETWORK,NORMAL,0,
OT-01707,2026-06-03 16:59:24+00:00,OT_SCADA,NORMAL,0,
CARGO-00076,2026-06-03 17:02:41+00:00,CARGO,NORMAL,0,
NET-00127,2026-06-03 17:06:23+00:00,NETWORK,NORMAL,0,
PHY-00054,2026-06-03 17:09:14+00:00,PHYSICAL,NORMAL,0,
PHY-00367,2026-06-03 17:10:22+00:00,PHYSICAL,NORMAL,0,
PHY-00988,2026-06-03 17:10:55+00:00,PHYSICAL,NORMAL,0,
EDR-00449,2026-06-03 17:11:58+00:00,ENDPOINT,NORMAL,0,
VPN-00111,2026-06-03 17:12:14+00:00,VPN_IAM,NORMAL,0,
NET-00880,2026-06-03 17:19:18+00:00,NETWORK,NORMAL,0,
VPN-01133,2026-06-03 17:22:19+00:00,VPN_IAM,NORMAL,0,
EDR-00808,2026-06-03 17:22:24+00:00,ENDPOINT,NORMAL,0,
OT-01309,2026-06-03 17:26:21+00:00,OT_SCADA,NORMAL,0,
EDR-00031,2026-06-03 17:28:58+00:00,ENDPOINT,SUSPICIOUS,1,
CARGO-00667,2026-06-03 17:31:53+00:00,CARGO,NORMAL,0,
OT-00051,2026-06-03 17:32:10+00:00,OT_SCADA,NORMAL,0,
PHY-00910,2026-06-03 17:36:06+00:00,PHYSICAL,NORMAL,0,
NET-01253,2026-06-03 17:42:36+00:00,NETWORK,NORMAL,0,
EDR-00304,2026-06-03 17:43:34+00:00,ENDPOINT,NORMAL,0,
PHY-00995,2026-06-03 17:44:11+00:00,PHYSICAL,NORMAL,0,
NOTE-00078,2026-06-03 17:46:36+00:00,TEXT,SUSPICIOUS,1,
PHY-00101,2026-06-03 18:05:54+00:00,PHYSICAL,NORMAL,0,
OT-00992,2026-06-03 18:08:01+00:00,OT_SCADA,NORMAL,0,
NET-00208,2026-06-03 18:17:17+00:00,NETWORK,NORMAL,0,
OT-00769,2026-06-03 18:22:21+00:00,OT_SCADA,SUSPICIOUS,1,
CARGO-00330,2026-06-03 18:26:35+00:00,CARGO,NORMAL,0,
VPN-01666,2026-06-03 18:30:27+00:00,VPN_IAM,NORMAL,0,
PHY-00998,2026-06-03 18:34:44+00:00,PHYSICAL,NORMAL,0,
VPN-00747,2026-06-03 18:40:41+00:00,VPN_IAM,NORMAL,0,
VPN-00348,2026-06-03 18:42:58+00:00,VPN_IAM,NORMAL,0,
VPN-00119,2026-06-03 18:44:51+00:00,VPN_IAM,NORMAL,0,
NOTE-00033,2026-06-03 18:47:11+00:00,TEXT,SUSPICIOUS,1,
OT-00177,2026-06-03 18:56:40+00:00,OT_SCADA,NORMAL,0,
NET-01563,2026-06-03 18:59:22+00:00,NETWORK,NORMAL,0,
VPN-00038,2026-06-03 18:59:45+00:00,VPN_IAM,NORMAL,0,
VPN-00975,2026-06-03 19:02:06+00:00,VPN_IAM,NORMAL,0,
VPN-00561,2026-06-03 19:03:59+00:00,VPN_IAM,NORMAL,0,
CARGO-01196,2026-06-03 19:11:38+00:00,CARGO,NORMAL,0,
PHY-00895,2026-06-03 19:13:45+00:00,PHYSICAL,NORMAL,0,
EDR-00834,2026-06-03 19:17:03+00:00,ENDPOINT,NORMAL,0,
PHY-00945,2026-06-03 19:21:40+00:00,PHYSICAL,NORMAL,0,
NET-01071,2026-06-03 19:33:15+00:00,NETWORK,NORMAL,0,
NOTE-00243,2026-06-03 19:35:00+00:00,TEXT,NORMAL,0,
OT-00545,2026-06-03 19:41:57+00:00,OT_SCADA,NORMAL,0,
VPN-00583,2026-06-03 19:44:33+00:00,VPN_IAM,NORMAL,0,
PHY-00202,2026-06-03 19:50:10+00:00,PHYSICAL,NORMAL,0,
OT-00991,2026-06-03 19:54:22+00:00,OT_SCADA,NORMAL,0,
OT-00908,2026-06-03 20:06:43+00:00,OT_SCADA,NORMAL,0,
OT-00102,2026-06-03 20:15:15+00:00,OT_SCADA,NORMAL,0,
CARGO-01101,2026-06-03 20:24:04+00:00,CARGO,NORMAL,0,
OT-01141,2026-06-03 20:28:00+00:00,OT_SCADA,NORMAL,0,
CARGO-00867,2026-06-03 20:30:07+00:00,CARGO,NORMAL,0,
OT-01393,2026-06-03 20:30:15+00:00,OT_SCADA,NORMAL,0,
VPN-01547,2026-06-03 20:39:44+00:00,VPN_IAM,NORMAL,0,
VPN-01147,2026-06-03 20:49:03+00:00,VPN_IAM,NORMAL,0,
EDR-00641,2026-06-03 20:57:29+00:00,ENDPOINT,NORMAL,0,
VPN-00858,2026-06-03 21:03:40+00:00,VPN_IAM,NORMAL,0,
OT-00494,2026-06-03 21:08:18+00:00,OT_SCADA,NORMAL,0,
OT-00756,2026-06-03 21:12:36+00:00,OT_SCADA,NORMAL,0,
NET-01973,2026-06-03 21:19:01+00:00,NETWORK,NORMAL,0,
OT-00599,2026-06-03 21:23:50+00:00,OT_SCADA,NORMAL,0,
VPN-00887,2026-06-03 21:26:03+00:00,VPN_IAM,NORMAL,0,
OT-01018,2026-06-03 21:28:42+00:00,OT_SCADA,NORMAL,0,
NET-01248,2026-06-03 21:29:16+00:00,NETWORK,NORMAL,0,
VPN-01370,2026-06-03 21:33:20+00:00,VPN_IAM,NORMAL,0,
OT-01582,2026-06-03 21:35:59+00:00,OT_SCADA,NORMAL,0,
VPN-01646,2026-06-03 21:36:15+00:00,VPN_IAM,NORMAL,0,
NET-01301,2026-06-03 21:49:47+00:00,NETWORK,NORMAL,0,
OT-01751,2026-06-03 21:50:22+00:00,OT_SCADA,NORMAL,0,
NET-01240,2026-06-03 21:51:23+00:00,NETWORK,NORMAL,0,
VPN-01711,2026-06-03 21:52:58+00:00,VPN_IAM,NORMAL,0,
CARGO-00225,2026-06-03 21:56:55+00:00,CARGO,NORMAL,0,
CARGO-00344,2026-06-03 21:57:17+00:00,CARGO,NORMAL,0,
EDR-00674,2026-06-03 21:58:37+00:00,ENDPOINT,NORMAL,0,
NET-01981,2026-06-03 22:09:11+00:00,NETWORK,NORMAL,0,
OT-01320,2026-06-03 22:12:05+00:00,OT_SCADA,NORMAL,0,
CARGO-00226,2026-06-03 22:13:01+00:00,CARGO,NORMAL,0,
NET-00669,2026-06-03 22:13:44+00:00,NETWORK,NORMAL,0,
VPN-01568,2026-06-03 22:17:32+00:00,VPN_IAM,NORMAL,0,
OT-01733,2026-06-03 22:20:19+00:00,OT_SCADA,NORMAL,0,
EDR-00035,2026-06-03 22:24:01+00:00,ENDPOINT,NORMAL,0,
NET-00179,2026-06-03 22:32:06+00:00,NETWORK,NORMAL,0,
CARGO-00909,2026-06-03 22:34:23+00:00,CARGO,SUSPICIOUS,1,
NET-02125,2026-06-03 22:34:54+00:00,NETWORK,NORMAL,0,
PHY-00573,2026-06-03 22:36:27+00:00,PHYSICAL,NORMAL,0,
VPN-01734,2026-06-03 22:38:49+00:00,VPN_IAM,NORMAL,0,
PHY-00463,2026-06-03 22:41:14+00:00,PHYSICAL,NORMAL,0,
PHY-00240,2026-06-03 22:55:57+00:00,PHYSICAL,NORMAL,0,
VPN-01532,2026-06-03 22:56:53+00:00,VPN_IAM,NORMAL,0,
EDR-00642,2026-06-03 22:57:12+00:00,ENDPOINT,NORMAL,0,
OT-00638,2026-06-03 22:58:47+00:00,OT_SCADA,NORMAL,0,
EDR-00326,2026-06-03 23:00:02+00:00,ENDPOINT,NORMAL,0,
EDR-00139,2026-06-03 23:05:42+00:00,ENDPOINT,NORMAL,0,
PHY-00192,2026-06-03 23:18:52+00:00,PHYSICAL,NORMAL,0,
OT-00418,2026-06-03 23:21:18+00:00,OT_SCADA,NORMAL,0,
OT-00681,2026-06-03 23:36:16+00:00,OT_SCADA,NORMAL,0,
PHY-00665,2026-06-03 23:39:03+00:00,PHYSICAL,NORMAL,0,
VPN-00732,2026-06-03 23:41:58+00:00,VPN_IAM,NORMAL,0,
VPN-00912,2026-06-03 23:43:52+00:00,VPN_IAM,NORMAL,0,
NET-00560,2026-06-03 23:44:29+00:00,NETWORK,NORMAL,0,
OT-00482,2026-06-03 23:50:56+00:00,OT_SCADA,NORMAL,0,
VPN-00335,2026-06-04 00:03:48+00:00,VPN_IAM,NORMAL,0,
CARGO-00251,2026-06-04 00:04:41+00:00,CARGO,NORMAL,0,
CARGO-00766,2026-06-04 00:06:27+00:00,CARGO,NORMAL,0,
NET-00478,2026-06-04 00:08:32+00:00,NETWORK,NORMAL,0,
VPN-01358,2026-06-04 00:12:01+00:00,VPN_IAM,NORMAL,0,
EDR-01110,2026-06-04 00:17:11+00:00,ENDPOINT,NORMAL,0,
NET-00155,2026-06-04 00:20:04+00:00,NETWORK,NORMAL,0,
VPN-00094,2026-06-04 00:24:53+00:00,VPN_IAM,NORMAL,0,
VPN-01705,2026-06-04 00:25:28+00:00,VPN_IAM,NORMAL,0,
PHY-00663,2026-06-04 00:30:54+00:00,PHYSICAL,NORMAL,0,
OT-01748,2026-06-04 00:44:21+00:00,OT_SCADA,NORMAL,0,
OT-01117,2026-06-04 00:48:45+00:00,OT_SCADA,NORMAL,0,
CARGO-00598,2026-06-04 00:51:34+00:00,CARGO,NORMAL,0,
OT-00060,2026-06-04 00:56:55+00:00,OT_SCADA,NORMAL,0,
PHY-00225,2026-06-04 01:04:53+00:00,PHYSICAL,NORMAL,0,
OT-00244,2026-06-04 01:10:27+00:00,OT_SCADA,NORMAL,0,
VPN-01560,2026-06-04 01:10:29+00:00,VPN_IAM,NORMAL,0,
OT-00312,2026-06-04 01:13:10+00:00,OT_SCADA,NORMAL,0,
PHY-00150,2026-06-04 01:15:45+00:00,PHYSICAL,SUSPICIOUS,1,
EDR-00070,2026-06-04 01:28:14+00:00,ENDPOINT,NORMAL,0,
VPN-01536,2026-06-04 01:31:06+00:00,VPN_IAM,NORMAL,0,
EDR-01061,2026-06-04 01:47:21+00:00,ENDPOINT,SUSPICIOUS,1,
NET-01506,2026-06-04 01:50:22+00:00,NETWORK,NORMAL,0,
VPN-00149,2026-06-04 01:51:10+00:00,VPN_IAM,SUSPICIOUS,1,
NET-01655,2026-06-04 01:55:51+00:00,NETWORK,NORMAL,0,
NET-02084,2026-06-04 02:09:30+00:00,NETWORK,NORMAL,0,
VPN-01113,2026-06-04 02:09:52+00:00,VPN_IAM,NORMAL,0,
CARGO-00108,2026-06-04 02:10:11+00:00,CARGO,NORMAL,0,
OT-00210,2026-06-04 02:13:13+00:00,OT_SCADA,NORMAL,0,
CARGO-01108,2026-06-04 02:15:21+00:00,CARGO,NORMAL,0,
PHY-00194,2026-06-04 02:15:37+00:00,PHYSICAL,NORMAL,0,
EDR-00121,2026-06-04 02:19:26+00:00,ENDPOINT,NORMAL,0,
CARGO-00477,2026-06-04 02:23:12+00:00,CARGO,SUSPICIOUS,1,
PHY-00885,2026-06-04 02:27:25+00:00,PHYSICAL,NORMAL,0,
CARGO-00962,2026-06-04 02:32:42+00:00,CARGO,NORMAL,0,
VPN-00546,2026-06-04 02:36:34+00:00,VPN_IAM,NORMAL,0,
VPN-00825,2026-06-04 02:38:44+00:00,VPN_IAM,NORMAL,0,
NOTE-00253,2026-06-04 02:43:20+00:00,TEXT,NORMAL,0,
PHY-00636,2026-06-04 02:51:26+00:00,PHYSICAL,NORMAL,0,
VPN-01108,2026-06-04 02:57:39+00:00,VPN_IAM,NORMAL,0,
VPN-00471,2026-06-04 03:05:50+00:00,VPN_IAM,NORMAL,0,
VPN-00199,2026-06-04 03:09:35+00:00,VPN_IAM,SUSPICIOUS,1,
PHY-00664,2026-06-04 03:12:06+00:00,PHYSICAL,NORMAL,0,
NOTE-00100,2026-06-04 03:14:26+00:00,TEXT,NORMAL,0,
PHY-00008,2026-06-04 03:18:08+00:00,PHYSICAL,NORMAL,0,
NET-01470,2026-06-04 03:33:33+00:00,NETWORK,NORMAL,0,
NET-00766,2026-06-04 03:33:59+00:00,NETWORK,NORMAL,0,
VPN-01065,2026-06-04 03:39:20+00:00,VPN_IAM,NORMAL,0,
EDR-01016,2026-06-04 03:40:56+00:00,ENDPOINT,NORMAL,0,
NET-02055,2026-06-04 03:42:35+00:00,NETWORK,NORMAL,0,
VPN-01307,2026-06-04 03:54:02+00:00,VPN_IAM,NORMAL,0,
EDR-00290,2026-06-04 03:58:12+00:00,ENDPOINT,NORMAL,0,
OT-01989,2026-06-04 03:58:55+00:00,OT_SCADA,NORMAL,0,
CARGO-01002,2026-06-04 04:00:41+00:00,CARGO,NORMAL,0,
PHY-00281,2026-06-04 04:02:55+00:00,PHYSICAL,NORMAL,0,
EDR-00060,2026-06-04 04:03:30+00:00,ENDPOINT,NORMAL,0,
OT-00918,2026-06-04 04:06:02+00:00,OT_SCADA,NORMAL,0,
VPN-00718,2026-06-04 04:24:54+00:00,VPN_IAM,NORMAL,0,
CARGO-00169,2026-06-04 04:28:28+00:00,CARGO,NORMAL,0,
VPN-01005,2026-06-04 04:34:05+00:00,VPN_IAM,SUSPICIOUS,1,
CARGO-00683,2026-06-04 04:46:17+00:00,CARGO,NORMAL,0,
PHY-00509,2026-06-04 04:47:25+00:00,PHYSICAL,NORMAL,0,
CARGO-01064,2026-06-04 04:49:37+00:00,CARGO,NORMAL,0,
OT-01879,2026-06-04 04:57:28+00:00,OT_SCADA,NORMAL,0,
PHY-00252,2026-06-04 05:01:53+00:00,PHYSICAL,NORMAL,0,
OT-01089,2026-06-04 05:08:19+00:00,OT_SCADA,NORMAL,0,
EDR-00785,2026-06-04 05:08:37+00:00,ENDPOINT,NORMAL,0,
CARGO-00365,2026-06-04 05:11:14+00:00,CARGO,NORMAL,0,
OT-00003,2026-06-04 05:13:24+00:00,OT_SCADA,NORMAL,0,
EDR-00201,2026-06-04 05:16:16+00:00,ENDPOINT,NORMAL,0,
VPN-01048,2026-06-04 05:20:34+00:00,VPN_IAM,NORMAL,0,
OT-00573,2026-06-04 05:25:35+00:00,OT_SCADA,NORMAL,0,
CARGO-00604,2026-06-04 05:26:14+00:00,CARGO,NORMAL,0,
VPN-00087,2026-06-04 05:26:21+00:00,VPN_IAM,NORMAL,0,
OT-00323,2026-06-04 05:27:01+00:00,OT_SCADA,NORMAL,0,
NET-01980,2026-06-04 05:27:20+00:00,NETWORK,SUSPICIOUS,1,
OT-00676,2026-06-04 05:28:12+00:00,OT_SCADA,NORMAL,0,
NET-01289,2026-06-04 05:35:00+00:00,NETWORK,SUSPICIOUS,1,
NET-00192,2026-06-04 05:44:14+00:00,NETWORK,NORMAL,0,
EDR-00977,2026-06-04 05:44:40+00:00,ENDPOINT,NORMAL,0,
OT-00224,2026-06-04 05:53:13+00:00,OT_SCADA,NORMAL,0,
VPN-00686,2026-06-04 05:53:49+00:00,VPN_IAM,NORMAL,0,
OT-00845,2026-06-04 05:55:59+00:00,OT_SCADA,NORMAL,0,
PHY-00349,2026-06-04 05:57:09+00:00,PHYSICAL,NORMAL,0,
VPN-00619,2026-06-04 05:57:27+00:00,VPN_IAM,NORMAL,0,
VPN-01024,2026-06-04 06:00:27+00:00,VPN_IAM,NORMAL,0,
OT-00563,2026-06-04 06:00:33+00:00,OT_SCADA,NORMAL,0,
EDR-00658,2026-06-04 06:01:09+00:00,ENDPOINT,NORMAL,0,
VPN-00375,2026-06-04 06:02:16+00:00,VPN_IAM,NORMAL,0,
OT-01589,2026-06-04 06:04:30+00:00,OT_SCADA,SUSPICIOUS,1,
CARGO-00386,2026-06-04 06:07:02+00:00,CARGO,NORMAL,0,
EDR-00853,2026-06-04 06:25:23+00:00,ENDPOINT,NORMAL,0,
OT-01758,2026-06-04 06:25:50+00:00,OT_SCADA,NORMAL,0,
NET-01314,2026-06-04 06:27:18+00:00,NETWORK,NORMAL,0,
NET-00780,2026-06-04 07:00:17+00:00,NETWORK,NORMAL,0,
CARGO-00158,2026-06-04 07:01:19+00:00,CARGO,NORMAL,0,
CARGO-00570,2026-06-04 07:02:01+00:00,CARGO,NORMAL,0,
OT-01820,2026-06-04 07:03:05+00:00,OT_SCADA,NORMAL,0,
NET-00351,2026-06-04 07:05:54+00:00,NETWORK,NORMAL,0,
NET-02059,2026-06-04 07:09:02+00:00,NETWORK,NORMAL,0,
PHY-00000,2026-06-04 07:09:52+00:00,PHYSICAL,NORMAL,0,
EDR-00025,2026-06-04 07:10:39+00:00,ENDPOINT,NORMAL,0,
NET-01367,2026-06-04 07:11:32+00:00,NETWORK,NORMAL,0,
VPN-00743,2026-06-04 07:13:08+00:00,VPN_IAM,NORMAL,0,
VPN-00751,2026-06-04 07:18:13+00:00,VPN_IAM,NORMAL,0,
EDR-00363,2026-06-04 07:20:04+00:00,ENDPOINT,NORMAL,0,
CARGO-00982,2026-06-04 07:25:16+00:00,CARGO,NORMAL,0,
EDR-01178,2026-06-04 07:25:50+00:00,ENDPOINT,NORMAL,0,
NOTE-00016,2026-06-04 07:32:46+00:00,TEXT,NORMAL,0,
NET-00125,2026-06-04 07:42:19+00:00,NETWORK,NORMAL,0,
VPN-00835,2026-06-04 07:42:50+00:00,VPN_IAM,NORMAL,0,
EDR-00805,2026-06-04 07:48:27+00:00,ENDPOINT,NORMAL,0,
CARGO-00710,2026-06-04 07:51:37+00:00,CARGO,NORMAL,0,
NET-01160,2026-06-04 07:58:44+00:00,NETWORK,NORMAL,0,
EDR-00801,2026-06-04 08:01:07+00:00,ENDPOINT,NORMAL,0,
OT-00477,2026-06-04 08:01:37+00:00,OT_SCADA,NORMAL,0,
NET-00778,2026-06-04 08:03:34+00:00,NETWORK,NORMAL,0,
CARGO-00387,2026-06-04 08:11:03+00:00,CARGO,NORMAL,0,
PHY-00824,2026-06-04 08:15:35+00:00,PHYSICAL,NORMAL,0,
NET-00498,2026-06-04 08:18:34+00:00,NETWORK,NORMAL,0,
NET-00215,2026-06-04 08:24:13+00:00,NETWORK,NORMAL,0,
VPN-01535,2026-06-04 08:32:14+00:00,VPN_IAM,NORMAL,0,
CARGO-00621,2026-06-04 08:42:11+00:00,CARGO,NORMAL,0,
CARGO-00560,2026-06-04 08:45:52+00:00,CARGO,NORMAL,0,
VPN-01722,2026-06-04 08:49:02+00:00,VPN_IAM,NORMAL,0,
NET-00304,2026-06-04 08:51:12+00:00,NETWORK,NORMAL,0,
VPN-01263,2026-06-04 08:52:28+00:00,VPN_IAM,NORMAL,0,
OT-00614,2026-06-04 08:53:38+00:00,OT_SCADA,NORMAL,0,
EDR-00133,2026-06-04 08:56:24+00:00,ENDPOINT,NORMAL,0,
NET-01854,2026-06-04 08:57:43+00:00,NETWORK,NORMAL,0,
OT-00225,2026-06-04 09:04:30+00:00,OT_SCADA,NORMAL,0,
VPN-00519,2026-06-04 09:04:37+00:00,VPN_IAM,NORMAL,0,
NET-01625,2026-06-04 09:05:44+00:00,NETWORK,NORMAL,0,
OT-00699,2026-06-04 09:14:01+00:00,OT_SCADA,NORMAL,0,
EDR-01120,2026-06-04 09:18:06+00:00,ENDPOINT,NORMAL,0,
PHY-00338,2026-06-04 09:23:12+00:00,PHYSICAL,NORMAL,0,
OT-01377,2026-06-04 09:23:36+00:00,OT_SCADA,NORMAL,0,
VPN-01642,2026-06-04 09:24:11+00:00,VPN_IAM,NORMAL,0,
OT-00349,2026-06-04 09:29:48+00:00,OT_SCADA,NORMAL,0,
PHY-00497,2026-06-04 09:35:28+00:00,PHYSICAL,NORMAL,0,
PHY-00455,2026-06-04 09:37:24+00:00,PHYSICAL,NORMAL,0,
OT-01767,2026-06-04 09:48:45+00:00,OT_SCADA,NORMAL,0,
CARGO-00900,2026-06-04 09:49:01+00:00,CARGO,NORMAL,0,
VPN-01579,2026-06-04 09:49:20+00:00,VPN_IAM,NORMAL,0,
OT-01969,2026-06-04 09:49:34+00:00,OT_SCADA,NORMAL,0,
NET-00624,2026-06-04 09:52:56+00:00,NETWORK,NORMAL,0,
NET-00225,2026-06-04 09:55:21+00:00,NETWORK,NORMAL,0,
NET-00976,2026-06-04 09:56:01+00:00,NETWORK,NORMAL,0,
OT-01241,2026-06-04 09:57:03+00:00,OT_SCADA,NORMAL,0,
EDR-01105,2026-06-04 10:00:39+00:00,ENDPOINT,NORMAL,0,
VPN-01436,2026-06-04 10:01:18+00:00,VPN_IAM,NORMAL,0,
OT-01543,2026-06-04 10:07:28+00:00,OT_SCADA,NORMAL,0,
VPN-01055,2026-06-04 10:14:12+00:00,VPN_IAM,SUSPICIOUS,1,
EDR-00966,2026-06-04 10:24:19+00:00,ENDPOINT,NORMAL,0,
VPN-00312,2026-06-04 10:24:54+00:00,VPN_IAM,NORMAL,0,
EDR-00106,2026-06-04 10:27:32+00:00,ENDPOINT,NORMAL,0,
NET-00283,2026-06-04 10:31:49+00:00,NETWORK,SUSPICIOUS,1,
PHY-00099,2026-06-04 10:44:26+00:00,PHYSICAL,NORMAL,0,
PHY-00467,2026-06-04 10:46:44+00:00,PHYSICAL,NORMAL,0,
NET-01222,2026-06-04 10:52:11+00:00,NETWORK,NORMAL,0,
NET-00327,2026-06-04 10:53:40+00:00,NETWORK,NORMAL,0,
NET-00207,2026-06-04 11:12:53+00:00,NETWORK,NORMAL,0,
NET-01712,2026-06-04 11:30:03+00:00,NETWORK,NORMAL,0,
OT-01191,2026-06-04 11:30:14+00:00,OT_SCADA,NORMAL,0,
EDR-00244,2026-06-04 11:30:18+00:00,ENDPOINT,NORMAL,0,
NET-01125,2026-06-04 11:38:51+00:00,NETWORK,NORMAL,0,
VPN-00773,2026-06-04 11:40:13+00:00,VPN_IAM,NORMAL,0,
PHY-00180,2026-06-04 11:40:26+00:00,PHYSICAL,NORMAL,0,
NET-00702,2026-06-04 11:40:33+00:00,NETWORK,NORMAL,0,
EDR-00182,2026-06-04 11:40:53+00:00,ENDPOINT,NORMAL,0,
VPN-01234,2026-06-04 11:41:07+00:00,VPN_IAM,NORMAL,0,
PHY-00772,2026-06-04 11:45:53+00:00,PHYSICAL,SUSPICIOUS,1,
OT-00526,2026-06-04 11:49:34+00:00,OT_SCADA,NORMAL,0,
VPN-01605,2026-06-04 11:51:35+00:00,VPN_IAM,NORMAL,0,
VPN-01334,2026-06-04 12:02:42+00:00,VPN_IAM,NORMAL,0,
NET-00105,2026-06-04 12:10:07+00:00,NETWORK,NORMAL,0,
NET-02186,2026-06-04 12:13:38+00:00,NETWORK,NORMAL,0,
NET-01305,2026-06-04 12:16:31+00:00,NETWORK,NORMAL,0,
NET-02067,2026-06-04 12:29:25+00:00,NETWORK,NORMAL,0,
VPN-01310,2026-06-04 12:43:53+00:00,VPN_IAM,NORMAL,0,
OT-00851,2026-06-04 12:45:43+00:00,OT_SCADA,NORMAL,0,
NET-00122,2026-06-04 12:45:56+00:00,NETWORK,NORMAL,0,
VPN-00919,2026-06-04 12:50:56+00:00,VPN_IAM,NORMAL,0,
NET-00812,2026-06-04 12:55:36+00:00,NETWORK,NORMAL,0,
EDR-01042,2026-06-04 13:04:36+00:00,ENDPOINT,NORMAL,0,
OT-00181,2026-06-04 13:07:03+00:00,OT_SCADA,SUSPICIOUS,1,
NET-01990,2026-06-04 13:19:23+00:00,NETWORK,NORMAL,0,
VPN-00093,2026-06-04 13:19:50+00:00,VPN_IAM,NORMAL,0,
VPN-00121,2026-06-04 13:22:23+00:00,VPN_IAM,NORMAL,0,
NET-00372,2026-06-04 13:27:59+00:00,NETWORK,SUSPICIOUS,1,
VPN-00716,2026-06-04 13:29:15+00:00,VPN_IAM,NORMAL,0,
VPN-00148,2026-06-04 13:33:51+00:00,VPN_IAM,NORMAL,0,
EDR-00076,2026-06-04 13:35:29+00:00,ENDPOINT,NORMAL,0,
NET-00332,2026-06-04 13:44:50+00:00,NETWORK,NORMAL,0,
OT-00493,2026-06-04 13:49:53+00:00,OT_SCADA,NORMAL,0,
VPN-00805,2026-06-04 13:50:33+00:00,VPN_IAM,NORMAL,0,
NET-01113,2026-06-04 13:54:53+00:00,NETWORK,NORMAL,0,
NET-01351,2026-06-04 13:55:15+00:00,NETWORK,NORMAL,0,
NET-02083,2026-06-04 14:11:41+00:00,NETWORK,NORMAL,0,
EDR-00856,2026-06-04 14:19:51+00:00,ENDPOINT,NORMAL,0,
CARGO-00882,2026-06-04 14:21:01+00:00,CARGO,NORMAL,0,
NET-00513,2026-06-04 14:27:11+00:00,NETWORK,NORMAL,0,
OT-01761,2026-06-04 14:27:13+00:00,OT_SCADA,NORMAL,0,
PHY-00740,2026-06-04 14:31:41+00:00,PHYSICAL,NORMAL,0,
CARGO-00410,2026-06-04 14:35:03+00:00,CARGO,SUSPICIOUS,1,
PHY-00302,2026-06-04 14:38:23+00:00,PHYSICAL,NORMAL,0,
EDR-00854,2026-06-04 14:40:08+00:00,ENDPOINT,NORMAL,0,
VPN-00002,2026-06-04 14:41:26+00:00,VPN_IAM,NORMAL,0,
OT-00849,2026-06-04 14:48:37+00:00,OT_SCADA,NORMAL,0,
OT-01811,2026-06-04 15:10:59+00:00,OT_SCADA,NORMAL,0,
OT-01967,2026-06-04 15:11:25+00:00,OT_SCADA,NORMAL,0,
CARGO-01134,2026-06-04 15:13:45+00:00,CARGO,NORMAL,0,
NET-00018,2026-06-04 15:23:28+00:00,NETWORK,NORMAL,0,
NET-02096,2026-06-04 15:32:01+00:00,NETWORK,NORMAL,0,
EDR-00213,2026-06-04 15:32:38+00:00,ENDPOINT,NORMAL,0,
CARGO-00814,2026-06-04 15:35:14+00:00,CARGO,NORMAL,0,
EDR-00266,2026-06-04 15:37:38+00:00,ENDPOINT,NORMAL,0,
NET-01357,2026-06-04 15:37:48+00:00,NETWORK,NORMAL,0,
PHY-00831,2026-06-04 15:43:27+00:00,PHYSICAL,NORMAL,0,
EDR-00671,2026-06-04 15:50:24+00:00,ENDPOINT,NORMAL,0,
EDR-01035,2026-06-04 15:56:42+00:00,ENDPOINT,NORMAL,0,
PHY-00473,2026-06-04 15:56:55+00:00,PHYSICAL,NORMAL,0,
EDR-00228,2026-06-04 15:57:09+00:00,ENDPOINT,NORMAL,0,
VPN-00389,2026-06-04 16:01:18+00:00,VPN_IAM,NORMAL,0,
VPN-00737,2026-06-04 16:06:30+00:00,VPN_IAM,NORMAL,0,
VPN-01652,2026-06-04 16:18:30+00:00,VPN_IAM,SUSPICIOUS,1,
OT-01845,2026-06-04 16:26:08+00:00,OT_SCADA,NORMAL,0,
OT-01716,2026-06-04 16:38:23+00:00,OT_SCADA,NORMAL,0,
CARGO-00121,2026-06-04 16:40:04+00:00,CARGO,NORMAL,0,
EDR-00593,2026-06-04 16:46:27+00:00,ENDPOINT,NORMAL,0,
PHY-00339,2026-06-04 16:48:40+00:00,PHYSICAL,NORMAL,0,
NET-01475,2026-06-04 16:54:12+00:00,NETWORK,NORMAL,0,
NET-01041,2026-06-04 17:01:08+00:00,NETWORK,NORMAL,0,
NET-00774,2026-06-04 17:12:06+00:00,NETWORK,NORMAL,0,
PHY-00052,2026-06-04 17:24:29+00:00,PHYSICAL,NORMAL,0,
VPN-01286,2026-06-04 17:27:21+00:00,VPN_IAM,NORMAL,0,
NET-00901,2026-06-04 17:30:17+00:00,NETWORK,NORMAL,0,
OT-01282,2026-06-04 17:33:52+00:00,OT_SCADA,NORMAL,0,
OT-00806,2026-06-04 17:34:25+00:00,OT_SCADA,NORMAL,0,
EDR-01020,2026-06-04 17:36:17+00:00,ENDPOINT,NORMAL,0,
VPN-00045,2026-06-04 17:36:42+00:00,VPN_IAM,NORMAL,0,
NOTE-00244,2026-06-04 17:37:04+00:00,TEXT,NORMAL,0,
VPN-00320,2026-06-04 17:37:52+00:00,VPN_IAM,NORMAL,0,
NET-00895,2026-06-04 17:40:48+00:00,NETWORK,NORMAL,0,
VPN-00785,2026-06-04 17:41:41+00:00,VPN_IAM,NORMAL,0,
VPN-00091,2026-06-04 17:43:45+00:00,VPN_IAM,NORMAL,0,
EDR-00306,2026-06-04 17:45:34+00:00,ENDPOINT,NORMAL,0,
OT-01405,2026-06-04 17:45:39+00:00,OT_SCADA,NORMAL,0,
PHY-00119,2026-06-04 17:48:26+00:00,PHYSICAL,NORMAL,0,
NET-00581,2026-06-04 17:48:26+00:00,NETWORK,NORMAL,0,
CARGO-00581,2026-06-04 17:49:18+00:00,CARGO,NORMAL,0,
EDR-00227,2026-06-04 17:53:30+00:00,ENDPOINT,NORMAL,0,
CARGO-01099,2026-06-04 17:58:03+00:00,CARGO,NORMAL,0,
NET-00178,2026-06-04 18:01:37+00:00,NETWORK,NORMAL,0,
CARGO-00405,2026-06-04 18:06:51+00:00,CARGO,NORMAL,0,
CARGO-00436,2026-06-04 18:07:30+00:00,CARGO,NORMAL,0,
EDR-00082,2026-06-04 18:12:41+00:00,ENDPOINT,SUSPICIOUS,1,
VPN-00793,2026-06-04 18:21:58+00:00,VPN_IAM,NORMAL,0,
VPN-00641,2026-06-04 18:22:33+00:00,VPN_IAM,NORMAL,0,
EDR-00104,2026-06-04 18:33:08+00:00,ENDPOINT,NORMAL,0,
NET-00465,2026-06-04 18:41:35+00:00,NETWORK,NORMAL,0,
OT-01106,2026-06-04 18:44:48+00:00,OT_SCADA,NORMAL,0,
PHY-00939,2026-06-04 18:48:29+00:00,PHYSICAL,NORMAL,0,
EDR-01138,2026-06-04 18:51:13+00:00,ENDPOINT,NORMAL,0,
VPN-00234,2026-06-04 18:51:36+00:00,VPN_IAM,NORMAL,0,
EDR-00608,2026-06-04 19:07:15+00:00,ENDPOINT,NORMAL,0,
OT-01699,2026-06-04 19:09:25+00:00,OT_SCADA,NORMAL,0,
NET-00277,2026-06-04 19:15:44+00:00,NETWORK,NORMAL,0,
PHY-00973,2026-06-04 19:17:36+00:00,PHYSICAL,NORMAL,0,
VPN-01712,2026-06-04 19:18:07+00:00,VPN_IAM,NORMAL,0,
OT-00212,2026-06-04 19:18:46+00:00,OT_SCADA,NORMAL,0,
OT-00750,2026-06-04 19:20:48+00:00,OT_SCADA,NORMAL,0,
CARGO-00912,2026-06-04 19:28:28+00:00,CARGO,NORMAL,0,
CARGO-01078,2026-06-04 19:33:36+00:00,CARGO,NORMAL,0,
EDR-00956,2026-06-04 19:41:22+00:00,ENDPOINT,NORMAL,0,
VPN-00878,2026-06-04 19:43:24+00:00,VPN_IAM,NORMAL,0,
OT-00483,2026-06-04 19:43:42+00:00,OT_SCADA,NORMAL,0,
OT-00411,2026-06-04 19:44:52+00:00,OT_SCADA,NORMAL,0,
VPN-01257,2026-06-04 19:50:39+00:00,VPN_IAM,NORMAL,0,
NET-00480,2026-06-04 19:52:10+00:00,NETWORK,NORMAL,0,
VPN-00020,2026-06-04 19:52:50+00:00,VPN_IAM,NORMAL,0,
EDR-00595,2026-06-04 19:53:44+00:00,ENDPOINT,NORMAL,0,
OT-00855,2026-06-04 20:08:38+00:00,OT_SCADA,NORMAL,0,
VPN-00191,2026-06-04 20:11:13+00:00,VPN_IAM,NORMAL,0,
VPN-00822,2026-06-04 20:21:23+00:00,VPN_IAM,NORMAL,0,
OT-01682,2026-06-04 20:21:53+00:00,OT_SCADA,NORMAL,0,
NET-01546,2026-06-04 20:22:11+00:00,NETWORK,NORMAL,0,
CARGO-01166,2026-06-04 20:34:13+00:00,CARGO,NORMAL,0,
CARGO-00750,2026-06-04 20:36:38+00:00,CARGO,NORMAL,0,
NET-02039,2026-06-04 20:39:55+00:00,NETWORK,NORMAL,0,
EDR-00936,2026-06-04 20:52:08+00:00,ENDPOINT,NORMAL,0,
VPN-01209,2026-06-04 20:52:38+00:00,VPN_IAM,NORMAL,0,
OT-00868,2026-06-04 20:53:42+00:00,OT_SCADA,NORMAL,0,
CARGO-00632,2026-06-04 20:58:29+00:00,CARGO,NORMAL,0,
NET-00132,2026-06-04 21:05:46+00:00,NETWORK,NORMAL,0,
CARGO-00751,2026-06-04 21:20:39+00:00,CARGO,SUSPICIOUS,1,
OT-00825,2026-06-04 21:25:07+00:00,OT_SCADA,NORMAL,0,
CARGO-01060,2026-06-04 21:25:53+00:00,CARGO,NORMAL,0,
PHY-00898,2026-06-04 21:33:14+00:00,PHYSICAL,NORMAL,0,
VPN-00453,2026-06-04 21:41:42+00:00,VPN_IAM,NORMAL,0,
OT-01724,2026-06-04 21:43:43+00:00,OT_SCADA,NORMAL,0,
VPN-00670,2026-06-04 21:50:30+00:00,VPN_IAM,NORMAL,0,
VPN-00203,2026-06-04 21:55:08+00:00,VPN_IAM,NORMAL,0,
CARGO-00767,2026-06-04 21:55:18+00:00,CARGO,NORMAL,0,
NET-01195,2026-06-04 21:55:48+00:00,NETWORK,NORMAL,0,
PHY-00258,2026-06-04 22:02:09+00:00,PHYSICAL,NORMAL,0,
OT-01133,2026-06-04 22:05:53+00:00,OT_SCADA,NORMAL,0,
VPN-01601,2026-06-04 22:05:53+00:00,VPN_IAM,NORMAL,0,
CARGO-00613,2026-06-04 22:12:07+00:00,CARGO,NORMAL,0,
CARGO-00505,2026-06-04 22:12:34+00:00,CARGO,NORMAL,0,
VPN-00421,2026-06-04 22:20:36+00:00,VPN_IAM,NORMAL,0,
VPN-01032,2026-06-04 22:23:00+00:00,VPN_IAM,NORMAL,0,
NET-00666,2026-06-04 22:29:50+00:00,NETWORK,NORMAL,0,
VPN-01476,2026-06-04 22:33:59+00:00,VPN_IAM,NORMAL,0,
NET-00405,2026-06-04 22:38:18+00:00,NETWORK,NORMAL,0,
VPN-00906,2026-06-04 23:03:12+00:00,VPN_IAM,NORMAL,0,
VPN-01095,2026-06-04 23:09:39+00:00,VPN_IAM,NORMAL,0,
NET-01916,2026-06-04 23:16:58+00:00,NETWORK,NORMAL,0,
CARGO-00319,2026-06-04 23:19:02+00:00,CARGO,NORMAL,0,
VPN-00760,2026-06-04 23:20:12+00:00,VPN_IAM,NORMAL,0,
OT-01076,2026-06-04 23:22:51+00:00,OT_SCADA,NORMAL,0,
OT-00395,2026-06-04 23:27:03+00:00,OT_SCADA,NORMAL,0,
PHY-00523,2026-06-04 23:28:46+00:00,PHYSICAL,NORMAL,0,
CARGO-01016,2026-06-04 23:29:57+00:00,CARGO,NORMAL,0,
OT-00592,2026-06-04 23:30:35+00:00,OT_SCADA,NORMAL,0,
CARGO-00554,2026-06-04 23:32:43+00:00,CARGO,NORMAL,0,
NET-00988,2026-06-04 23:36:17+00:00,NETWORK,NORMAL,0,
OT-01572,2026-06-04 23:37:54+00:00,OT_SCADA,NORMAL,0,
NET-00425,2026-06-04 23:38:18+00:00,NETWORK,NORMAL,0,
NET-00134,2026-06-04 23:40:38+00:00,NETWORK,NORMAL,0,
NET-01857,2026-06-04 23:41:24+00:00,NETWORK,NORMAL,0,
OT-00152,2026-06-04 23:42:08+00:00,OT_SCADA,NORMAL,0,
EDR-01150,2026-06-04 23:44:17+00:00,ENDPOINT,NORMAL,0,
NET-01603,2026-06-04 23:48:05+00:00,NETWORK,NORMAL,0,
EDR-00495,2026-06-05 00:00:47+00:00,ENDPOINT,NORMAL,0,
NET-01215,2026-06-05 00:00:59+00:00,NETWORK,SUSPICIOUS,1,
VPN-01713,2026-06-05 00:04:26+00:00,VPN_IAM,SUSPICIOUS,1,
NET-00333,2026-06-05 00:04:34+00:00,NETWORK,NORMAL,0,
NET-02144,2026-06-05 00:05:12+00:00,NETWORK,SUSPICIOUS,1,
NOTE-00010,2026-06-05 00:10:05+00:00,TEXT,NORMAL,0,
NET-01767,2026-06-05 00:27:06+00:00,NETWORK,NORMAL,0,
CARGO-00687,2026-06-05 00:27:19+00:00,CARGO,NORMAL,0,
NET-02087,2026-06-05 00:33:07+00:00,NETWORK,NORMAL,0,
NET-00608,2026-06-05 00:36:51+00:00,NETWORK,NORMAL,0,
EDR-00041,2026-06-05 00:44:20+00:00,ENDPOINT,NORMAL,0,
OT-01692,2026-06-05 00:45:02+00:00,OT_SCADA,NORMAL,0,
OT-00830,2026-06-05 00:48:50+00:00,OT_SCADA,NORMAL,0,
PHY-00574,2026-06-05 00:51:18+00:00,PHYSICAL,NORMAL,0,
NET-01698,2026-06-05 00:58:04+00:00,NETWORK,NORMAL,0,
VPN-01715,2026-06-05 01:11:58+00:00,VPN_IAM,NORMAL,0,
EDR-00208,2026-06-05 01:19:21+00:00,ENDPOINT,NORMAL,0,
PHY-00280,2026-06-05 01:25:33+00:00,PHYSICAL,NORMAL,0,
VPN-00295,2026-06-05 01:30:00+00:00,VPN_IAM,NORMAL,0,
VPN-01779,2026-06-05 01:39:28+00:00,VPN_IAM,NORMAL,0,
VPN-01484,2026-06-05 01:45:11+00:00,VPN_IAM,NORMAL,0,
PHY-00967,2026-06-05 01:50:24+00:00,PHYSICAL,NORMAL,0,
PHY-00330,2026-06-05 01:53:51+00:00,PHYSICAL,NORMAL,0,
CARGO-00298,2026-06-05 01:58:54+00:00,CARGO,NORMAL,0,
OT-00965,2026-06-05 01:59:21+00:00,OT_SCADA,NORMAL,0,
VPN-00931,2026-06-05 02:01:45+00:00,VPN_IAM,NORMAL,0,
NOTE-00040,2026-06-05 02:02:03+00:00,TEXT,NORMAL,0,
OT-00309,2026-06-05 02:08:20+00:00,OT_SCADA,NORMAL,0,
OT-00103,2026-06-05 02:13:57+00:00,OT_SCADA,NORMAL,0,
VPN-01591,2026-06-05 02:14:19+00:00,VPN_IAM,NORMAL,0,
CARGO-01043,2026-06-05 02:18:54+00:00,CARGO,NORMAL,0,
NET-01004,2026-06-05 02:24:02+00:00,NETWORK,NORMAL,0,
VPN-01416,2026-06-05 02:25:11+00:00,VPN_IAM,NORMAL,0,
EDR-00884,2026-06-05 02:25:20+00:00,ENDPOINT,NORMAL,0,
OT-01979,2026-06-05 02:27:19+00:00,OT_SCADA,NORMAL,0,
OT-00186,2026-06-05 02:31:57+00:00,OT_SCADA,NORMAL,0,
PHY-00439,2026-06-05 02:44:23+00:00,PHYSICAL,NORMAL,0,
OT-01259,2026-06-05 02:45:59+00:00,OT_SCADA,NORMAL,0,
NET-00015,2026-06-05 02:51:12+00:00,NETWORK,NORMAL,0,
NET-01060,2026-06-05 02:56:18+00:00,NETWORK,NORMAL,0,
PHY-00239,2026-06-05 02:57:52+00:00,PHYSICAL,NORMAL,0,
PHY-00530,2026-06-05 02:59:02+00:00,PHYSICAL,NORMAL,0,
CARGO-00827,2026-06-05 03:02:00+00:00,CARGO,NORMAL,0,
VPN-00162,2026-06-05 03:09:51+00:00,VPN_IAM,NORMAL,0,
OT-00710,2026-06-05 03:10:49+00:00,OT_SCADA,NORMAL,0,
OT-00936,2026-06-05 03:13:48+00:00,OT_SCADA,NORMAL,0,
NET-00943,2026-06-05 03:19:13+00:00,NETWORK,NORMAL,0,
NET-00001,2026-06-05 03:21:20+00:00,NETWORK,NORMAL,0,
OT-00333,2026-06-05 03:32:10+00:00,OT_SCADA,NORMAL,0,
OT-01488,2026-06-05 03:33:55+00:00,OT_SCADA,NORMAL,0,
NET-00071,2026-06-05 03:35:30+00:00,NETWORK,NORMAL,0,
OT-00863,2026-06-05 03:42:59+00:00,OT_SCADA,NORMAL,0,
NET-02121,2026-06-05 03:43:20+00:00,NETWORK,NORMAL,0,
VPN-01071,2026-06-05 03:52:07+00:00,VPN_IAM,NORMAL,0,
NET-02014,2026-06-05 04:02:00+00:00,NETWORK,SUSPICIOUS,1,
VPN-00612,2026-06-05 04:03:55+00:00,VPN_IAM,NORMAL,0,
CARGO-00105,2026-06-05 04:06:21+00:00,CARGO,NORMAL,0,
EDR-00540,2026-06-05 04:09:06+00:00,ENDPOINT,NORMAL,0,
OT-01784,2026-06-05 04:09:27+00:00,OT_SCADA,NORMAL,0,
NET-00320,2026-06-05 04:14:24+00:00,NETWORK,NORMAL,0,
EDR-00700,2026-06-05 04:17:26+00:00,ENDPOINT,NORMAL,0,
VPN-00450,2026-06-05 04:17:54+00:00,VPN_IAM,NORMAL,0,
OT-01353,2026-06-05 04:19:22+00:00,OT_SCADA,NORMAL,0,
NET-00767,2026-06-05 04:21:33+00:00,NETWORK,NORMAL,0,
NET-01986,2026-06-05 04:27:33+00:00,NETWORK,NORMAL,0,
EDR-00189,2026-06-05 04:36:28+00:00,ENDPOINT,NORMAL,0,
OT-00408,2026-06-05 04:36:53+00:00,OT_SCADA,NORMAL,0,
OT-00690,2026-06-05 04:39:56+00:00,OT_SCADA,NORMAL,0,
NET-02168,2026-06-05 04:41:21+00:00,NETWORK,NORMAL,0,
CARGO-00684,2026-06-05 04:46:30+00:00,CARGO,NORMAL,0,
NET-01706,2026-06-05 04:59:26+00:00,NETWORK,NORMAL,0,
CARGO-00656,2026-06-05 05:00:29+00:00,CARGO,NORMAL,0,
NET-01794,2026-06-05 05:03:58+00:00,NETWORK,NORMAL,0,
NET-00705,2026-06-05 05:07:06+00:00,NETWORK,NORMAL,0,
EDR-01038,2026-06-05 05:08:00+00:00,ENDPOINT,NORMAL,0,
VPN-00726,2026-06-05 05:28:14+00:00,VPN_IAM,SUSPICIOUS,1,
VPN-01136,2026-06-05 05:30:17+00:00,VPN_IAM,NORMAL,0,
VPN-01174,2026-06-05 05:49:42+00:00,VPN_IAM,SUSPICIOUS,1,
PHY-00342,2026-06-05 05:52:24+00:00,PHYSICAL,NORMAL,0,
VPN-01663,2026-06-05 05:54:10+00:00,VPN_IAM,NORMAL,0,
EDR-00591,2026-06-05 06:20:00+00:00,ENDPOINT,SUSPICIOUS,1,
EDR-00233,2026-06-05 06:20:02+00:00,ENDPOINT,NORMAL,0,
PHY-00196,2026-06-05 06:29:57+00:00,PHYSICAL,NORMAL,0,
OT-00464,2026-06-05 06:30:15+00:00,OT_SCADA,NORMAL,0,
VPN-00281,2026-06-05 06:31:02+00:00,VPN_IAM,NORMAL,0,
NET-01953,2026-06-05 06:35:25+00:00,NETWORK,SUSPICIOUS,1,
OT-01190,2026-06-05 06:39:02+00:00,OT_SCADA,SUSPICIOUS,1,
NET-00727,2026-06-05 06:42:53+00:00,NETWORK,NORMAL,0,
OT-00895,2026-06-05 06:43:18+00:00,OT_SCADA,NORMAL,0,
PHY-00490,2026-06-05 06:44:14+00:00,PHYSICAL,SUSPICIOUS,1,
NET-01277,2026-06-05 06:52:10+00:00,NETWORK,NORMAL,0,
OT-00161,2026-06-05 06:53:41+00:00,OT_SCADA,NORMAL,0,
VPN-00658,2026-06-05 07:00:10+00:00,VPN_IAM,NORMAL,0,
EDR-00730,2026-06-05 07:07:37+00:00,ENDPOINT,NORMAL,0,
VPN-00032,2026-06-05 07:08:47+00:00,VPN_IAM,NORMAL,0,
PHY-00921,2026-06-05 07:09:40+00:00,PHYSICAL,NORMAL,0,
OT-00520,2026-06-05 07:18:47+00:00,OT_SCADA,NORMAL,0,
OT-00645,2026-06-05 07:21:26+00:00,OT_SCADA,NORMAL,0,
OT-00189,2026-06-05 07:34:24+00:00,OT_SCADA,NORMAL,0,
NET-02199,2026-06-05 07:43:50+00:00,NETWORK,NORMAL,0,
OT-01864,2026-06-05 07:46:21+00:00,OT_SCADA,NORMAL,0,
PHY-00822,2026-06-05 07:49:34+00:00,PHYSICAL,NORMAL,0,
EDR-00740,2026-06-05 07:52:45+00:00,ENDPOINT,NORMAL,0,
VPN-01247,2026-06-05 08:01:05+00:00,VPN_IAM,NORMAL,0,
OT-01831,2026-06-05 08:02:50+00:00,OT_SCADA,NORMAL,0,
VPN-00088,2026-06-05 08:06:03+00:00,VPN_IAM,NORMAL,0,
NET-01635,2026-06-05 08:07:31+00:00,NETWORK,NORMAL,0,
NET-00930,2026-06-05 08:13:09+00:00,NETWORK,NORMAL,0,
OT-01757,2026-06-05 08:27:42+00:00,OT_SCADA,NORMAL,0,
NET-00221,2026-06-05 08:31:57+00:00,NETWORK,NORMAL,0,
VPN-00273,2026-06-05 08:33:20+00:00,VPN_IAM,NORMAL,0,
NET-02093,2026-06-05 08:35:25+00:00,NETWORK,NORMAL,0,
VPN-00115,2026-06-05 08:37:52+00:00,VPN_IAM,SUSPICIOUS,1,
NOTE-00186,2026-06-05 08:41:07+00:00,TEXT,NORMAL,0,
EDR-00880,2026-06-05 08:42:23+00:00,ENDPOINT,NORMAL,0,
EDR-01193,2026-06-05 08:46:50+00:00,ENDPOINT,NORMAL,0,
VPN-01670,2026-06-05 08:52:34+00:00,VPN_IAM,NORMAL,0,
CARGO-00541,2026-06-05 08:59:29+00:00,CARGO,NORMAL,0,
NET-02172,2026-06-05 09:00:31+00:00,NETWORK,NORMAL,0,
EDR-00514,2026-06-05 09:00:51+00:00,ENDPOINT,NORMAL,0,
VPN-00496,2026-06-05 09:03:05+00:00,VPN_IAM,NORMAL,0,
PHY-00990,2026-06-05 09:05:32+00:00,PHYSICAL,NORMAL,0,
PHY-00432,2026-06-05 09:07:33+00:00,PHYSICAL,NORMAL,0,
VPN-00209,2026-06-05 09:13:09+00:00,VPN_IAM,NORMAL,0,
OT-00293,2026-06-05 09:13:54+00:00,OT_SCADA,NORMAL,0,
PHY-00981,2026-06-05 09:14:27+00:00,PHYSICAL,NORMAL,0,
PHY-00334,2026-06-05 09:16:23+00:00,PHYSICAL,NORMAL,0,
NET-00339,2026-06-05 09:20:24+00:00,NETWORK,NORMAL,0,
VPN-00904,2026-06-05 09:22:25+00:00,VPN_IAM,NORMAL,0,
OT-01890,2026-06-05 09:25:02+00:00,OT_SCADA,SUSPICIOUS,1,
NET-02141,2026-06-05 09:32:12+00:00,NETWORK,NORMAL,0,
CARGO-00317,2026-06-05 09:32:45+00:00,CARGO,NORMAL,0,
NET-01235,2026-06-05 09:33:40+00:00,NETWORK,NORMAL,0,
VPN-01503,2026-06-05 09:35:33+00:00,VPN_IAM,NORMAL,0,
OT-00726,2026-06-05 09:42:03+00:00,OT_SCADA,NORMAL,0,
NET-00240,2026-06-05 09:43:05+00:00,NETWORK,NORMAL,0,
CARGO-01052,2026-06-05 09:43:24+00:00,CARGO,NORMAL,0,
EDR-00350,2026-06-05 09:48:47+00:00,ENDPOINT,NORMAL,0,
OT-00649,2026-06-05 09:49:39+00:00,OT_SCADA,NORMAL,0,
NET-01725,2026-06-05 09:51:30+00:00,NETWORK,NORMAL,0,
EDR-00486,2026-06-05 09:57:33+00:00,ENDPOINT,NORMAL,0,
EDR-01175,2026-06-05 09:59:52+00:00,ENDPOINT,NORMAL,0,
PHY-00232,2026-06-05 10:06:22+00:00,PHYSICAL,NORMAL,0,
NET-01069,2026-06-05 10:07:56+00:00,NETWORK,NORMAL,0,
NET-02015,2026-06-05 10:13:32+00:00,NETWORK,SUSPICIOUS,1,
EDR-01053,2026-06-05 10:15:16+00:00,ENDPOINT,NORMAL,0,
PHY-00213,2026-06-05 10:17:11+00:00,PHYSICAL,NORMAL,0,
CARGO-00937,2026-06-05 10:19:38+00:00,CARGO,NORMAL,0,
OT-01171,2026-06-05 10:24:00+00:00,OT_SCADA,NORMAL,0,
NET-00686,2026-06-05 10:24:26+00:00,NETWORK,NORMAL,0,
VPN-01643,2026-06-05 10:42:13+00:00,VPN_IAM,NORMAL,0,
EDR-00444,2026-06-05 10:46:43+00:00,ENDPOINT,NORMAL,0,
CARGO-00418,2026-06-05 10:49:19+00:00,CARGO,NORMAL,0,
NET-00830,2026-06-05 10:51:40+00:00,NETWORK,NORMAL,0,
VPN-01730,2026-06-05 10:52:20+00:00,VPN_IAM,NORMAL,0,
OT-01807,2026-06-05 10:57:27+00:00,OT_SCADA,NORMAL,0,
EDR-00439,2026-06-05 10:58:34+00:00,ENDPOINT,NORMAL,0,
VPN-01371,2026-06-05 10:59:41+00:00,VPN_IAM,NORMAL,0,
NET-01206,2026-06-05 11:11:32+00:00,NETWORK,NORMAL,0,
VPN-00891,2026-06-05 11:17:41+00:00,VPN_IAM,NORMAL,0,
VPN-00691,2026-06-05 11:24:36+00:00,VPN_IAM,NORMAL,0,
CARGO-00068,2026-06-05 11:25:07+00:00,CARGO,NORMAL,0,
NET-00807,2026-06-05 11:34:33+00:00,NETWORK,NORMAL,0,
EDR-00020,2026-06-05 11:38:57+00:00,ENDPOINT,NORMAL,0,
EDR-00241,2026-06-05 11:40:40+00:00,ENDPOINT,NORMAL,0,
EDR-00441,2026-06-05 11:43:39+00:00,ENDPOINT,NORMAL,0,
OT-01559,2026-06-05 11:47:56+00:00,OT_SCADA,NORMAL,0,
CARGO-01094,2026-06-05 11:48:40+00:00,CARGO,NORMAL,0,
OT-01531,2026-06-05 11:49:30+00:00,OT_SCADA,NORMAL,0,
PHY-00917,2026-06-05 11:52:29+00:00,PHYSICAL,NORMAL,0,
VPN-01682,2026-06-05 11:57:10+00:00,VPN_IAM,NORMAL,0,
VPN-01390,2026-06-05 12:07:51+00:00,VPN_IAM,NORMAL,0,
VPN-00291,2026-06-05 12:11:13+00:00,VPN_IAM,NORMAL,0,
NOTE-00091,2026-06-05 12:11:26+00:00,TEXT,SUSPICIOUS,1,
NET-01149,2026-06-05 12:11:33+00:00,NETWORK,NORMAL,0,
NET-01085,2026-06-05 12:19:30+00:00,NETWORK,NORMAL,0,
OT-00170,2026-06-05 12:19:46+00:00,OT_SCADA,NORMAL,0,
OT-01585,2026-06-05 12:22:53+00:00,OT_SCADA,NORMAL,0,
NOTE-00155,2026-06-05 12:29:21+00:00,TEXT,NORMAL,0,
CARGO-00302,2026-06-05 12:29:32+00:00,CARGO,SUSPICIOUS,1,
OT-01628,2026-06-05 12:30:07+00:00,OT_SCADA,NORMAL,0,
OT-00976,2026-06-05 12:31:14+00:00,OT_SCADA,NORMAL,0,
PHY-00422,2026-06-05 12:39:17+00:00,PHYSICAL,NORMAL,0,
EDR-00490,2026-06-05 12:43:33+00:00,ENDPOINT,NORMAL,0,
VPN-00085,2026-06-05 12:43:53+00:00,VPN_IAM,NORMAL,0,
NET-00670,2026-06-05 12:48:42+00:00,NETWORK,NORMAL,0,
NET-00138,2026-06-05 12:49:40+00:00,NETWORK,SUSPICIOUS,1,
PHY-00504,2026-06-05 12:51:26+00:00,PHYSICAL,NORMAL,0,
OT-01740,2026-06-05 12:56:02+00:00,OT_SCADA,NORMAL,0,
OT-01435,2026-06-05 13:00:08+00:00,OT_SCADA,NORMAL,0,
VPN-01262,2026-06-05 13:03:57+00:00,VPN_IAM,NORMAL,0,
EDR-00752,2026-06-05 13:04:01+00:00,ENDPOINT,SUSPICIOUS,1,
PHY-00135,2026-06-05 13:15:35+00:00,PHYSICAL,NORMAL,0,
PHY-00165,2026-06-05 13:15:56+00:00,PHYSICAL,NORMAL,0,
EDR-01116,2026-06-05 13:19:34+00:00,ENDPOINT,NORMAL,0,
VPN-01440,2026-06-05 13:25:44+00:00,VPN_IAM,NORMAL,0,
CARGO-01036,2026-06-05 13:31:51+00:00,CARGO,SUSPICIOUS,1,
CARGO-00480,2026-06-05 13:34:39+00:00,CARGO,NORMAL,0,
PHY-00965,2026-06-05 13:42:17+00:00,PHYSICAL,NORMAL,0,
CARGO-00895,2026-06-05 13:49:21+00:00,CARGO,NORMAL,0,
NET-02004,2026-06-05 13:58:13+00:00,NETWORK,NORMAL,0,
NOTE-00217,2026-06-05 14:01:23+00:00,TEXT,NORMAL,0,
NET-01995,2026-06-05 14:01:29+00:00,NETWORK,NORMAL,0,
NET-02146,2026-06-05 14:05:07+00:00,NETWORK,NORMAL,0,
VPN-01582,2026-06-05 14:07:31+00:00,VPN_IAM,NORMAL,0,
NET-01433,2026-06-05 14:15:07+00:00,NETWORK,NORMAL,0,
VPN-00071,2026-06-05 14:25:29+00:00,VPN_IAM,NORMAL,0,
EDR-01052,2026-06-05 14:40:29+00:00,ENDPOINT,NORMAL,0,
OT-01184,2026-06-05 14:50:23+00:00,OT_SCADA,NORMAL,0,
NET-00124,2026-06-05 15:11:42+00:00,NETWORK,NORMAL,0,
EDR-01067,2026-06-05 15:12:50+00:00,ENDPOINT,NORMAL,0,
NET-01651,2026-06-05 15:16:42+00:00,NETWORK,NORMAL,0,
NET-01115,2026-06-05 15:22:00+00:00,NETWORK,NORMAL,0,
NET-01956,2026-06-05 15:22:58+00:00,NETWORK,NORMAL,0,
NET-01430,2026-06-05 15:33:28+00:00,NETWORK,NORMAL,0,
EDR-00560,2026-06-05 15:35:08+00:00,ENDPOINT,NORMAL,0,
OT-01629,2026-06-05 15:36:19+00:00,OT_SCADA,NORMAL,0,
NET-00937,2026-06-05 15:50:13+00:00,NETWORK,NORMAL,0,
NOTE-00268,2026-06-05 15:51:42+00:00,TEXT,NORMAL,0,
PHY-00628,2026-06-05 16:07:14+00:00,PHYSICAL,NORMAL,0,
EDR-00958,2026-06-05 16:11:24+00:00,ENDPOINT,NORMAL,0,
CARGO-00049,2026-06-05 16:19:31+00:00,CARGO,NORMAL,0,
PHY-00870,2026-06-05 16:22:01+00:00,PHYSICAL,NORMAL,0,
NOTE-00214,2026-06-05 16:23:01+00:00,TEXT,NORMAL,0,
VPN-00050,2026-06-05 16:25:43+00:00,VPN_IAM,NORMAL,0,
VPN-01008,2026-06-05 16:31:27+00:00,VPN_IAM,NORMAL,0,
OT-00090,2026-06-05 16:35:47+00:00,OT_SCADA,NORMAL,0,
NET-01717,2026-06-05 16:36:35+00:00,NETWORK,NORMAL,0,
VPN-00344,2026-06-05 16:44:53+00:00,VPN_IAM,NORMAL,0,
EDR-00725,2026-06-05 16:47:32+00:00,ENDPOINT,NORMAL,0,
PHY-00758,2026-06-05 16:56:31+00:00,PHYSICAL,SUSPICIOUS,1,
EDR-01103,2026-06-05 17:02:41+00:00,ENDPOINT,NORMAL,0,
OT-01710,2026-06-05 17:09:48+00:00,OT_SCADA,NORMAL,0,
VPN-01631,2026-06-05 17:10:41+00:00,VPN_IAM,NORMAL,0,
OT-00555,2026-06-05 17:11:11+00:00,OT_SCADA,NORMAL,0,
VPN-01681,2026-06-05 17:17:17+00:00,VPN_IAM,NORMAL,0,
VPN-01340,2026-06-05 17:25:23+00:00,VPN_IAM,NORMAL,0,
EDR-00717,2026-06-05 17:27:37+00:00,ENDPOINT,NORMAL,0,
OT-00151,2026-06-05 17:42:19+00:00,OT_SCADA,NORMAL,0,
NET-02163,2026-06-05 17:42:32+00:00,NETWORK,SUSPICIOUS,1,
OT-00471,2026-06-05 17:46:41+00:00,OT_SCADA,NORMAL,0,
NET-01229,2026-06-05 17:50:24+00:00,NETWORK,NORMAL,0,
EDR-00343,2026-06-05 17:51:06+00:00,ENDPOINT,NORMAL,0,
OT-00969,2026-06-05 17:51:31+00:00,OT_SCADA,NORMAL,0,
VPN-00530,2026-06-05 17:53:54+00:00,VPN_IAM,NORMAL,0,
CARGO-00047,2026-06-05 18:00:03+00:00,CARGO,NORMAL,0,
VPN-00549,2026-06-05 18:15:04+00:00,VPN_IAM,NORMAL,0,
PHY-00894,2026-06-05 18:26:31+00:00,PHYSICAL,NORMAL,0,
OT-01361,2026-06-05 18:34:29+00:00,OT_SCADA,NORMAL,0,
EDR-00051,2026-06-05 18:37:58+00:00,ENDPOINT,NORMAL,0,
NET-01950,2026-06-05 18:44:05+00:00,NETWORK,NORMAL,0,
VPN-01581,2026-06-05 18:45:35+00:00,VPN_IAM,NORMAL,0,
VPN-00109,2026-06-05 18:46:07+00:00,VPN_IAM,NORMAL,0,
VPN-01693,2026-06-05 18:47:13+00:00,VPN_IAM,NORMAL,0,
VPN-00506,2026-06-05 18:52:43+00:00,VPN_IAM,NORMAL,0,
PHY-00472,2026-06-05 18:53:14+00:00,PHYSICAL,NORMAL,0,
VPN-00078,2026-06-05 18:53:51+00:00,VPN_IAM,NORMAL,0,
NET-00275,2026-06-05 18:59:56+00:00,NETWORK,NORMAL,0,
NET-01089,2026-06-05 19:03:23+00:00,NETWORK,NORMAL,0,
EDR-01142,2026-06-05 19:05:07+00:00,ENDPOINT,NORMAL,0,
VPN-01030,2026-06-05 19:08:47+00:00,VPN_IAM,NORMAL,0,
PHY-00489,2026-06-05 19:14:28+00:00,PHYSICAL,NORMAL,0,
NET-01466,2026-06-05 19:33:01+00:00,NETWORK,NORMAL,0,
PHY-00904,2026-06-05 19:33:09+00:00,PHYSICAL,NORMAL,0,
VPN-00395,2026-06-05 19:40:26+00:00,VPN_IAM,NORMAL,0,
CARGO-01096,2026-06-05 19:43:57+00:00,CARGO,NORMAL,0,
VPN-00744,2026-06-05 19:44:28+00:00,VPN_IAM,NORMAL,0,
VPN-00821,2026-06-05 19:45:26+00:00,VPN_IAM,NORMAL,0,
EDR-00729,2026-06-05 19:48:44+00:00,ENDPOINT,NORMAL,0,
CARGO-00595,2026-06-05 19:52:41+00:00,CARGO,NORMAL,0,
VPN-00762,2026-06-05 20:06:10+00:00,VPN_IAM,NORMAL,0,
EDR-00287,2026-06-05 20:07:37+00:00,ENDPOINT,NORMAL,0,
CARGO-00596,2026-06-05 20:13:55+00:00,CARGO,NORMAL,0,
CARGO-01106,2026-06-05 20:25:54+00:00,CARGO,NORMAL,0,
VPN-01026,2026-06-05 20:27:00+00:00,VPN_IAM,NORMAL,0,
CARGO-00607,2026-06-05 20:31:39+00:00,CARGO,NORMAL,0,
VPN-00297,2026-06-05 20:31:51+00:00,VPN_IAM,NORMAL,0,
PHY-00028,2026-06-05 20:34:19+00:00,PHYSICAL,NORMAL,0,
NET-00002,2026-06-05 20:36:51+00:00,NETWORK,SUSPICIOUS,1,
PHY-00471,2026-06-05 20:39:09+00:00,PHYSICAL,NORMAL,0,
EDR-00118,2026-06-05 20:55:32+00:00,ENDPOINT,NORMAL,0,
OT-01427,2026-06-05 21:04:41+00:00,OT_SCADA,NORMAL,0,
OT-01368,2026-06-05 21:11:09+00:00,OT_SCADA,NORMAL,0,
VPN-00990,2026-06-05 21:11:26+00:00,VPN_IAM,NORMAL,0,
VPN-00513,2026-06-05 21:19:44+00:00,VPN_IAM,NORMAL,0,
OT-01858,2026-06-05 21:24:30+00:00,OT_SCADA,NORMAL,0,
NET-00825,2026-06-05 21:26:25+00:00,NETWORK,NORMAL,0,
OT-01433,2026-06-05 21:39:12+00:00,OT_SCADA,NORMAL,0,
EDR-00827,2026-06-05 21:40:04+00:00,ENDPOINT,NORMAL,0,
VPN-01720,2026-06-05 21:46:42+00:00,VPN_IAM,NORMAL,0,
OT-00171,2026-06-05 21:49:36+00:00,OT_SCADA,NORMAL,0,
NET-00569,2026-06-05 21:51:16+00:00,NETWORK,NORMAL,0,
CARGO-00373,2026-06-05 21:52:14+00:00,CARGO,NORMAL,0,
NOTE-00136,2026-06-05 21:52:55+00:00,TEXT,NORMAL,0,
NET-02142,2026-06-05 21:56:11+00:00,NETWORK,SUSPICIOUS,1,
NET-01872,2026-06-05 22:00:03+00:00,NETWORK,NORMAL,0,
EDR-00778,2026-06-05 22:03:09+00:00,ENDPOINT,SUSPICIOUS,1,
OT-01066,2026-06-05 22:10:46+00:00,OT_SCADA,NORMAL,0,
VPN-00756,2026-06-05 22:28:19+00:00,VPN_IAM,NORMAL,0,
NET-01210,2026-06-05 22:35:17+00:00,NETWORK,SUSPICIOUS,1,
PHY-00201,2026-06-05 22:35:51+00:00,PHYSICAL,NORMAL,0,
VPN-00982,2026-06-05 22:38:00+00:00,VPN_IAM,SUSPICIOUS,1,INC-T21-001
VPN-00877,2026-06-05 22:39:00+00:00,VPN_IAM,SUSPICIOUS,1,INC-T21-001
EDR-00572,2026-06-05 22:42:00+00:00,ENDPOINT,SUSPICIOUS,1,INC-T21-001
NET-01570,2026-06-05 22:42:00+00:00,NETWORK,SUSPICIOUS,1,INC-T21-001
EDR-00824,2026-06-05 22:43:00+00:00,ENDPOINT,SUSPICIOUS,1,INC-T21-001
EDR-00110,2026-06-05 22:43:00+00:00,ENDPOINT,SUSPICIOUS,1,INC-T21-001
OT-00876,2026-06-05 22:43:58+00:00,OT_SCADA,NORMAL,0,
EDR-00072,2026-06-05 22:44:00+00:00,ENDPOINT,SUSPICIOUS,1,INC-T21-001
OT-INC-001-01,2026-06-05 22:46:00+00:00,OT_SCADA,INCIDENT,1,INC-T21-001
EDR-01183,2026-06-05 22:46:00+00:00,ENDPOINT,SUSPICIOUS,1,INC-T21-001
OT-INC-001-02,2026-06-05 22:47:00+00:00,OT_SCADA,INCIDENT,1,INC-T21-001
EDR-00280,2026-06-05 22:47:00+00:00,ENDPOINT,SUSPICIOUS,1,INC-T21-001
VPN-01723,2026-06-05 22:47:00+00:00,VPN_IAM,SUSPICIOUS,1,INC-T21-001
OT-INC-001-03,2026-06-05 22:48:00+00:00,OT_SCADA,INCIDENT,1,INC-T21-001
EDR-00436,2026-06-05 22:48:00+00:00,ENDPOINT,SUSPICIOUS,1,INC-T21-001
NET-02026,2026-06-05 22:48:00+00:00,NETWORK,SUSPICIOUS,1,INC-T21-001
EDR-00991,2026-06-05 22:48:00+00:00,ENDPOINT,SUSPICIOUS,1,INC-T21-001
VPN-00129,2026-06-05 22:49:00+00:00,VPN_IAM,SUSPICIOUS,1,INC-T21-001
PHY-INC-001,2026-06-05 22:49:00+00:00,PHYSICAL,INCIDENT,1,INC-T21-001
EDR-01161,2026-06-05 22:49:00+00:00,ENDPOINT,SUSPICIOUS,1,INC-T21-001
EDR-00053,2026-06-05 22:49:00+00:00,ENDPOINT,SUSPICIOUS,1,INC-T21-001
OT-INC-001-04,2026-06-05 22:49:00+00:00,OT_SCADA,INCIDENT,1,INC-T21-001
OT-00283,2026-06-05 22:49:07+00:00,OT_SCADA,SUSPICIOUS,1,INC-T21-001
OT-01510,2026-06-05 22:49:12+00:00,OT_SCADA,SUSPICIOUS,1,INC-T21-001
NET-01077,2026-06-05 22:50:00+00:00,NETWORK,SUSPICIOUS,1,INC-T21-001
VPN-01188,2026-06-05 22:50:00+00:00,VPN_IAM,SUSPICIOUS,1,INC-T21-001
EDR-00757,2026-06-05 22:50:00+00:00,ENDPOINT,SUSPICIOUS,1,INC-T21-001
CARGO-INC-001,2026-06-05 22:51:00+00:00,CARGO,INCIDENT,1,INC-T21-001
OT-00011,2026-06-05 22:51:27+00:00,OT_SCADA,SUSPICIOUS,1,INC-T21-001
EDR-01173,2026-06-05 22:53:00+00:00,ENDPOINT,SUSPICIOUS,1,INC-T21-001
NOTE-INC-001,2026-06-05 22:53:00+00:00,TEXT,INCIDENT,1,INC-T21-001
OT-00367,2026-06-05 22:53:50+00:00,OT_SCADA,SUSPICIOUS,1,INC-T21-001
NET-00080,2026-06-05 22:54:00+00:00,NETWORK,SUSPICIOUS,1,INC-T21-001
VPN-00678,2026-06-05 22:54:44+00:00,VPN_IAM,NORMAL,0,
EDR-01182,2026-06-05 22:55:00+00:00,ENDPOINT,SUSPICIOUS,1,INC-T21-001
NET-00643,2026-06-05 22:55:00+00:00,NETWORK,SUSPICIOUS,1,INC-T21-001
OT-01617,2026-06-05 22:57:34+00:00,OT_SCADA,SUSPICIOUS,1,INC-T21-001
NET-00306,2026-06-05 22:57:55+00:00,NETWORK,NORMAL,0,
NET-00921,2026-06-05 22:58:00+00:00,NETWORK,SUSPICIOUS,1,INC-T21-001
NET-00955,2026-06-05 22:59:00+00:00,NETWORK,SUSPICIOUS,1,INC-T21-001
PHY-00648,2026-06-05 23:10:55+00:00,PHYSICAL,NORMAL,0,
NET-01598,2026-06-05 23:11:59+00:00,NETWORK,NORMAL,0,
EDR-00166,2026-06-05 23:15:47+00:00,ENDPOINT,NORMAL,0,
NET-01694,2026-06-05 23:18:25+00:00,NETWORK,NORMAL,0,
OT-01649,2026-06-05 23:19:01+00:00,OT_SCADA,NORMAL,0,
EDR-00680,2026-06-05 23:19:07+00:00,ENDPOINT,NORMAL,0,
VPN-00843,2026-06-05 23:30:31+00:00,VPN_IAM,NORMAL,0,
CARGO-00729,2026-06-05 23:31:39+00:00,CARGO,NORMAL,0,
VPN-00138,2026-06-05 23:48:23+00:00,VPN_IAM,NORMAL,0,
NET-00190,2026-06-05 23:49:49+00:00,NETWORK,NORMAL,0,
EDR-01169,2026-06-05 23:51:28+00:00,ENDPOINT,NORMAL,0,
NET-01028,2026-06-05 23:52:14+00:00,NETWORK,NORMAL,0,
VPN-00481,2026-06-05 23:52:59+00:00,VPN_IAM,NORMAL,0,
EDR-00503,2026-06-05 23:55:26+00:00,ENDPOINT,NORMAL,0,
NET-00990,2026-06-05 23:57:58+00:00,NETWORK,NORMAL,0,
EDR-00425,2026-06-06 00:15:47+00:00,ENDPOINT,NORMAL,0,
CARGO-00994,2026-06-06 00:19:53+00:00,CARGO,NORMAL,0,
VPN-01649,2026-06-06 00:36:54+00:00,VPN_IAM,NORMAL,0,
CARGO-00557,2026-06-06 00:58:55+00:00,CARGO,NORMAL,0,
EDR-00780,2026-06-06 00:59:57+00:00,ENDPOINT,NORMAL,0,
CARGO-00253,2026-06-06 01:04:14+00:00,CARGO,NORMAL,0,
OT-01928,2026-06-06 01:05:40+00:00,OT_SCADA,NORMAL,0,
NET-01907,2026-06-06 01:06:50+00:00,NETWORK,NORMAL,0,
NET-02194,2026-06-06 01:10:06+00:00,NETWORK,NORMAL,0,
VPN-00216,2026-06-06 01:13:23+00:00,VPN_IAM,NORMAL,0,
OT-00394,2026-06-06 01:14:00+00:00,OT_SCADA,NORMAL,0,
EDR-00390,2026-06-06 01:22:19+00:00,ENDPOINT,NORMAL,0,
CARGO-00475,2026-06-06 01:24:06+00:00,CARGO,NORMAL,0,
EDR-01070,2026-06-06 01:29:51+00:00,ENDPOINT,NORMAL,0,
OT-00917,2026-06-06 01:48:10+00:00,OT_SCADA,NORMAL,0,
CARGO-00988,2026-06-06 01:48:59+00:00,CARGO,NORMAL,0,
PHY-00392,2026-06-06 01:50:27+00:00,PHYSICAL,NORMAL,0,
EDR-00761,2026-06-06 01:53:03+00:00,ENDPOINT,NORMAL,0,
CARGO-00903,2026-06-06 01:56:57+00:00,CARGO,NORMAL,0,
OT-00765,2026-06-06 01:57:12+00:00,OT_SCADA,NORMAL,0,
NET-00492,2026-06-06 01:58:25+00:00,NETWORK,NORMAL,0,
OT-00120,2026-06-06 02:06:48+00:00,OT_SCADA,NORMAL,0,
NET-01005,2026-06-06 02:07:04+00:00,NETWORK,NORMAL,0,
OT-01955,2026-06-06 02:11:37+00:00,OT_SCADA,NORMAL,0,
OT-01058,2026-06-06 02:30:46+00:00,OT_SCADA,NORMAL,0,
VPN-01422,2026-06-06 02:37:02+00:00,VPN_IAM,NORMAL,0,
NET-01597,2026-06-06 02:44:26+00:00,NETWORK,SUSPICIOUS,1,
NET-01472,2026-06-06 02:45:08+00:00,NETWORK,NORMAL,0,
VPN-01053,2026-06-06 02:45:43+00:00,VPN_IAM,NORMAL,0,
NET-02162,2026-06-06 02:47:44+00:00,NETWORK,NORMAL,0,
VPN-00058,2026-06-06 02:51:47+00:00,VPN_IAM,NORMAL,0,
NET-01509,2026-06-06 02:55:27+00:00,NETWORK,NORMAL,0,
OT-01197,2026-06-06 03:02:11+00:00,OT_SCADA,NORMAL,0,
NET-00144,2026-06-06 03:03:54+00:00,NETWORK,NORMAL,0,
NET-01353,2026-06-06 03:11:07+00:00,NETWORK,NORMAL,0,
VPN-01074,2026-06-06 03:18:34+00:00,VPN_IAM,NORMAL,0,
VPN-01004,2026-06-06 03:27:00+00:00,VPN_IAM,NORMAL,0,
OT-01373,2026-06-06 03:34:56+00:00,OT_SCADA,NORMAL,0,
VPN-00350,2026-06-06 03:39:07+00:00,VPN_IAM,NORMAL,0,
OT-01609,2026-06-06 03:39:10+00:00,OT_SCADA,NORMAL,0,
NOTE-00242,2026-06-06 03:46:17+00:00,TEXT,NORMAL,0,
CARGO-00974,2026-06-06 03:50:20+00:00,CARGO,NORMAL,0,
OT-00237,2026-06-06 03:50:36+00:00,OT_SCADA,NORMAL,0,
OT-01329,2026-06-06 03:56:15+00:00,OT_SCADA,NORMAL,0,
OT-01110,2026-06-06 04:00:10+00:00,OT_SCADA,NORMAL,0,
OT-01004,2026-06-06 04:01:27+00:00,OT_SCADA,NORMAL,0,
CARGO-00773,2026-06-06 04:03:52+00:00,CARGO,NORMAL,0,
OT-01159,2026-06-06 04:08:49+00:00,OT_SCADA,NORMAL,0,
CARGO-00512,2026-06-06 04:10:25+00:00,CARGO,NORMAL,0,
NOTE-00008,2026-06-06 04:12:57+00:00,TEXT,SUSPICIOUS,1,
VPN-01790,2026-06-06 04:15:58+00:00,VPN_IAM,NORMAL,0,
CARGO-00357,2026-06-06 04:18:32+00:00,CARGO,NORMAL,0,
OT-01341,2026-06-06 04:27:38+00:00,OT_SCADA,NORMAL,0,
NET-00369,2026-06-06 04:31:09+00:00,NETWORK,NORMAL,0,
NOTE-00020,2026-06-06 04:33:27+00:00,TEXT,NORMAL,0,
VPN-00165,2026-06-06 04:36:45+00:00,VPN_IAM,NORMAL,0,
NOTE-00232,2026-06-06 04:41:01+00:00,TEXT,NORMAL,0,
NET-01079,2026-06-06 04:43:47+00:00,NETWORK,NORMAL,0,
CARGO-01178,2026-06-06 04:57:46+00:00,CARGO,NORMAL,0,
EDR-00529,2026-06-06 05:04:48+00:00,ENDPOINT,NORMAL,0,
OT-01310,2026-06-06 05:14:21+00:00,OT_SCADA,NORMAL,0,
NET-00296,2026-06-06 05:16:38+00:00,NETWORK,NORMAL,0,
OT-01941,2026-06-06 05:17:31+00:00,OT_SCADA,NORMAL,0,
PHY-00511,2026-06-06 05:22:50+00:00,PHYSICAL,NORMAL,0,
PHY-00913,2026-06-06 05:28:14+00:00,PHYSICAL,NORMAL,0,
EDR-00623,2026-06-06 05:29:40+00:00,ENDPOINT,SUSPICIOUS,1,
NET-01042,2026-06-06 05:33:01+00:00,NETWORK,SUSPICIOUS,1,
EDR-00429,2026-06-06 05:38:40+00:00,ENDPOINT,NORMAL,0,
VPN-00770,2026-06-06 05:52:42+00:00,VPN_IAM,NORMAL,0,
VPN-01243,2026-06-06 06:01:57+00:00,VPN_IAM,NORMAL,0,
EDR-00267,2026-06-06 06:12:43+00:00,ENDPOINT,NORMAL,0,
VPN-01123,2026-06-06 06:17:59+00:00,VPN_IAM,NORMAL,0,
NET-01959,2026-06-06 06:19:36+00:00,NETWORK,SUSPICIOUS,1,
PHY-00753,2026-06-06 06:19:50+00:00,PHYSICAL,NORMAL,0,
EDR-01087,2026-06-06 06:34:57+00:00,ENDPOINT,SUSPICIOUS,1,
EDR-00160,2026-06-06 06:38:13+00:00,ENDPOINT,NORMAL,0,
OT-00074,2026-06-06 06:43:53+00:00,OT_SCADA,NORMAL,0,
VPN-01629,2026-06-06 06:48:56+00:00,VPN_IAM,NORMAL,0,
VPN-00046,2026-06-06 06:52:15+00:00,VPN_IAM,NORMAL,0,
OT-01796,2026-06-06 07:01:12+00:00,OT_SCADA,NORMAL,0,
VPN-00035,2026-06-06 07:09:58+00:00,VPN_IAM,NORMAL,0,
NOTE-00235,2026-06-06 07:13:24+00:00,TEXT,NORMAL,0,
VPN-01158,2026-06-06 07:32:29+00:00,VPN_IAM,NORMAL,0,
EDR-00382,2026-06-06 07:34:47+00:00,ENDPOINT,NORMAL,0,
PHY-00865,2026-06-06 07:38:19+00:00,PHYSICAL,NORMAL,0,
CARGO-00345,2026-06-06 07:42:33+00:00,CARGO,NORMAL,0,
NET-00293,2026-06-06 07:44:19+00:00,NETWORK,NORMAL,0,
EDR-00207,2026-06-06 07:44:20+00:00,ENDPOINT,NORMAL,0,
CARGO-00610,2026-06-06 07:44:55+00:00,CARGO,NORMAL,0,
NET-00421,2026-06-06 07:45:11+00:00,NETWORK,NORMAL,0,
VPN-01517,2026-06-06 07:46:10+00:00,VPN_IAM,NORMAL,0,
NET-01320,2026-06-06 07:58:30+00:00,NETWORK,NORMAL,0,
VPN-01564,2026-06-06 07:59:24+00:00,VPN_IAM,NORMAL,0,
VPN-01565,2026-06-06 08:01:02+00:00,VPN_IAM,NORMAL,0,
CARGO-00631,2026-06-06 08:02:43+00:00,CARGO,NORMAL,0,
VPN-00446,2026-06-06 08:05:28+00:00,VPN_IAM,NORMAL,0,
CARGO-00262,2026-06-06 08:12:43+00:00,CARGO,NORMAL,0,
CARGO-00973,2026-06-06 08:18:08+00:00,CARGO,NORMAL,0,
EDR-00555,2026-06-06 08:28:19+00:00,ENDPOINT,NORMAL,0,
VPN-00824,2026-06-06 08:37:27+00:00,VPN_IAM,NORMAL,0,
PHY-00536,2026-06-06 08:38:18+00:00,PHYSICAL,SUSPICIOUS,1,
CARGO-00612,2026-06-06 08:41:54+00:00,CARGO,NORMAL,0,
PHY-00827,2026-06-06 08:59:41+00:00,PHYSICAL,NORMAL,0,
NET-01423,2026-06-06 09:01:56+00:00,NETWORK,NORMAL,0,
NET-02045,2026-06-06 09:02:34+00:00,NETWORK,SUSPICIOUS,1,
OT-01154,2026-06-06 09:05:43+00:00,OT_SCADA,NORMAL,0,
OT-00508,2026-06-06 09:13:38+00:00,OT_SCADA,NORMAL,0,
VPN-01130,2026-06-06 09:15:06+00:00,VPN_IAM,NORMAL,0,
VPN-01250,2026-06-06 09:16:34+00:00,VPN_IAM,NORMAL,0,
VPN-01394,2026-06-06 09:21:11+00:00,VPN_IAM,NORMAL,0,
OT-01437,2026-06-06 09:24:02+00:00,OT_SCADA,NORMAL,0,
NOTE-00224,2026-06-06 09:25:21+00:00,TEXT,NORMAL,0,
NET-01539,2026-06-06 09:31:16+00:00,NETWORK,NORMAL,0,
VPN-00270,2026-06-06 09:33:17+00:00,VPN_IAM,NORMAL,0,
EDR-01106,2026-06-06 09:37:50+00:00,ENDPOINT,NORMAL,0,
CARGO-00458,2026-06-06 09:38:28+00:00,CARGO,NORMAL,0,
NET-01804,2026-06-06 09:38:58+00:00,NETWORK,NORMAL,0,
NET-00621,2026-06-06 09:43:24+00:00,NETWORK,NORMAL,0,
NET-00929,2026-06-06 09:47:06+00:00,NETWORK,NORMAL,0,
VPN-00796,2026-06-06 09:51:23+00:00,VPN_IAM,NORMAL,0,
CARGO-00469,2026-06-06 09:56:08+00:00,CARGO,NORMAL,0,
VPN-01627,2026-06-06 09:57:49+00:00,VPN_IAM,NORMAL,0,
NET-01832,2026-06-06 09:58:18+00:00,NETWORK,NORMAL,0,
OT-00294,2026-06-06 10:02:51+00:00,OT_SCADA,NORMAL,0,
VPN-00277,2026-06-06 10:11:35+00:00,VPN_IAM,NORMAL,0,
NET-01401,2026-06-06 10:11:41+00:00,NETWORK,NORMAL,0,
VPN-01648,2026-06-06 10:13:38+00:00,VPN_IAM,NORMAL,0,
EDR-00870,2026-06-06 10:14:20+00:00,ENDPOINT,NORMAL,0,
VPN-00587,2026-06-06 10:17:45+00:00,VPN_IAM,NORMAL,0,
OT-00993,2026-06-06 10:23:34+00:00,OT_SCADA,NORMAL,0,
VPN-00069,2026-06-06 10:28:18+00:00,VPN_IAM,NORMAL,0,
CARGO-01040,2026-06-06 10:32:21+00:00,CARGO,NORMAL,0,
OT-01727,2026-06-06 10:36:58+00:00,OT_SCADA,NORMAL,0,
EDR-00016,2026-06-06 10:39:22+00:00,ENDPOINT,NORMAL,0,
NET-01500,2026-06-06 10:42:33+00:00,NETWORK,NORMAL,0,
OT-00914,2026-06-06 10:47:28+00:00,OT_SCADA,NORMAL,0,
PHY-00869,2026-06-06 10:53:38+00:00,PHYSICAL,NORMAL,0,
CARGO-00936,2026-06-06 10:55:18+00:00,CARGO,NORMAL,0,
VPN-01356,2026-06-06 10:57:19+00:00,VPN_IAM,NORMAL,0,
NET-01640,2026-06-06 10:58:36+00:00,NETWORK,NORMAL,0,
PHY-00109,2026-06-06 11:09:04+00:00,PHYSICAL,NORMAL,0,
NOTE-00093,2026-06-06 11:18:23+00:00,TEXT,SUSPICIOUS,1,
NET-02182,2026-06-06 11:18:24+00:00,NETWORK,NORMAL,0,
PHY-00508,2026-06-06 11:18:44+00:00,PHYSICAL,NORMAL,0,
NET-02022,2026-06-06 11:19:51+00:00,NETWORK,NORMAL,0,
NOTE-00269,2026-06-06 11:26:07+00:00,TEXT,NORMAL,0,
NET-00754,2026-06-06 11:26:43+00:00,NETWORK,NORMAL,0,
OT-00454,2026-06-06 11:36:30+00:00,OT_SCADA,NORMAL,0,
VPN-00066,2026-06-06 11:42:54+00:00,VPN_IAM,NORMAL,0,
CARGO-01045,2026-06-06 11:45:09+00:00,CARGO,NORMAL,0,
CARGO-00111,2026-06-06 11:52:53+00:00,CARGO,NORMAL,0,
EDR-01152,2026-06-06 11:53:02+00:00,ENDPOINT,SUSPICIOUS,1,
PHY-00498,2026-06-06 11:54:34+00:00,PHYSICAL,NORMAL,0,
NET-01957,2026-06-06 11:57:40+00:00,NETWORK,NORMAL,0,
CARGO-00310,2026-06-06 12:14:10+00:00,CARGO,NORMAL,0,
NET-00874,2026-06-06 12:23:16+00:00,NETWORK,NORMAL,0,
PHY-00631,2026-06-06 12:28:59+00:00,PHYSICAL,NORMAL,0,
EDR-00391,2026-06-06 12:34:52+00:00,ENDPOINT,NORMAL,0,
OT-01384,2026-06-06 12:36:12+00:00,OT_SCADA,SUSPICIOUS,1,
NET-00652,2026-06-06 12:40:26+00:00,NETWORK,NORMAL,0,
OT-00254,2026-06-06 12:41:37+00:00,OT_SCADA,SUSPICIOUS,1,
OT-01343,2026-06-06 12:43:50+00:00,OT_SCADA,NORMAL,0,
CARGO-00096,2026-06-06 12:44:32+00:00,CARGO,NORMAL,0,
OT-00221,2026-06-06 12:52:22+00:00,OT_SCADA,NORMAL,0,
PHY-00433,2026-06-06 12:55:34+00:00,PHYSICAL,NORMAL,0,
VPN-00896,2026-06-06 13:02:23+00:00,VPN_IAM,NORMAL,0,
VPN-00568,2026-06-06 13:03:20+00:00,VPN_IAM,NORMAL,0,
OT-00972,2026-06-06 13:14:12+00:00,OT_SCADA,NORMAL,0,
OT-00122,2026-06-06 13:15:16+00:00,OT_SCADA,NORMAL,0,
PHY-00687,2026-06-06 13:18:03+00:00,PHYSICAL,NORMAL,0,
PHY-00690,2026-06-06 13:26:53+00:00,PHYSICAL,NORMAL,0,
VPN-00391,2026-06-06 13:27:14+00:00,VPN_IAM,NORMAL,0,
VPN-01785,2026-06-06 13:30:33+00:00,VPN_IAM,NORMAL,0,
NET-01166,2026-06-06 13:36:45+00:00,NETWORK,NORMAL,0,
PHY-00299,2026-06-06 13:38:39+00:00,PHYSICAL,NORMAL,0,
VPN-01781,2026-06-06 13:38:51+00:00,VPN_IAM,NORMAL,0,
OT-01809,2026-06-06 13:41:19+00:00,OT_SCADA,NORMAL,0,
EDR-00315,2026-06-06 13:47:58+00:00,ENDPOINT,NORMAL,0,
VPN-01309,2026-06-06 13:49:29+00:00,VPN_IAM,NORMAL,0,
EDR-00787,2026-06-06 13:52:27+00:00,ENDPOINT,NORMAL,0,
NET-00458,2026-06-06 14:02:17+00:00,NETWORK,NORMAL,0,
OT-00104,2026-06-06 14:02:24+00:00,OT_SCADA,NORMAL,0,
OT-00092,2026-06-06 14:07:26+00:00,OT_SCADA,NORMAL,0,
VPN-01641,2026-06-06 14:11:34+00:00,VPN_IAM,NORMAL,0,
VPN-01189,2026-06-06 14:14:19+00:00,VPN_IAM,NORMAL,0,
VPN-00949,2026-06-06 14:20:23+00:00,VPN_IAM,NORMAL,0,
VPN-01359,2026-06-06 14:21:58+00:00,VPN_IAM,NORMAL,0,
NET-01128,2026-06-06 14:27:33+00:00,NETWORK,NORMAL,0,
OT-01014,2026-06-06 14:33:02+00:00,OT_SCADA,NORMAL,0,
NET-00818,2026-06-06 14:37:25+00:00,NETWORK,NORMAL,0,
OT-00618,2026-06-06 14:37:56+00:00,OT_SCADA,NORMAL,0,
EDR-00820,2026-06-06 14:40:59+00:00,ENDPOINT,NORMAL,0,
CARGO-00325,2026-06-06 14:43:01+00:00,CARGO,NORMAL,0,
NET-01303,2026-06-06 14:44:22+00:00,NETWORK,NORMAL,0,
VPN-00422,2026-06-06 14:52:38+00:00,VPN_IAM,NORMAL,0,
NET-01677,2026-06-06 14:54:31+00:00,NETWORK,NORMAL,0,
VPN-01353,2026-06-06 15:01:10+00:00,VPN_IAM,NORMAL,0,
PHY-00660,2026-06-06 15:05:58+00:00,PHYSICAL,NORMAL,0,
NOTE-00084,2026-06-06 15:07:43+00:00,TEXT,NORMAL,0,
CARGO-00147,2026-06-06 15:09:21+00:00,CARGO,NORMAL,0,
OT-00625,2026-06-06 15:10:47+00:00,OT_SCADA,NORMAL,0,
CARGO-00030,2026-06-06 15:14:04+00:00,CARGO,NORMAL,0,
EDR-01040,2026-06-06 15:15:10+00:00,ENDPOINT,NORMAL,0,
NET-01522,2026-06-06 15:19:08+00:00,NETWORK,NORMAL,0,
NET-01208,2026-06-06 15:19:25+00:00,NETWORK,NORMAL,0,
OT-00585,2026-06-06 15:20:25+00:00,OT_SCADA,NORMAL,0,
PHY-00115,2026-06-06 15:26:52+00:00,PHYSICAL,NORMAL,0,
NET-00788,2026-06-06 15:37:44+00:00,NETWORK,SUSPICIOUS,1,
CARGO-01098,2026-06-06 15:40:22+00:00,CARGO,NORMAL,0,
NET-01649,2026-06-06 15:53:12+00:00,NETWORK,NORMAL,0,
NET-01696,2026-06-06 15:54:05+00:00,NETWORK,SUSPICIOUS,1,
CARGO-00777,2026-06-06 15:54:31+00:00,CARGO,NORMAL,0,
VPN-01404,2026-06-06 15:54:40+00:00,VPN_IAM,NORMAL,0,
OT-00163,2026-06-06 16:03:49+00:00,OT_SCADA,NORMAL,0,
EDR-00046,2026-06-06 16:15:52+00:00,ENDPOINT,SUSPICIOUS,1,
OT-00836,2026-06-06 16:16:47+00:00,OT_SCADA,NORMAL,0,
OT-00415,2026-06-06 16:18:38+00:00,OT_SCADA,NORMAL,0,
NET-01788,2026-06-06 16:21:45+00:00,NETWORK,NORMAL,0,
OT-00677,2026-06-06 16:24:03+00:00,OT_SCADA,NORMAL,0,
OT-00511,2026-06-06 16:33:43+00:00,OT_SCADA,NORMAL,0,
OT-01764,2026-06-06 16:47:26+00:00,OT_SCADA,NORMAL,0,
NET-00285,2026-06-06 16:54:29+00:00,NETWORK,NORMAL,0,
NET-01090,2026-06-06 16:55:02+00:00,NETWORK,NORMAL,0,
NET-01094,2026-06-06 16:57:24+00:00,NETWORK,NORMAL,0,
OT-01568,2026-06-06 17:04:38+00:00,OT_SCADA,NORMAL,0,
EDR-01025,2026-06-06 17:08:40+00:00,ENDPOINT,NORMAL,0,
VPN-01757,2026-06-06 17:10:26+00:00,VPN_IAM,NORMAL,0,
NET-02007,2026-06-06 17:25:38+00:00,NETWORK,SUSPICIOUS,1,
NET-02035,2026-06-06 17:25:43+00:00,NETWORK,NORMAL,0,
CARGO-00042,2026-06-06 17:31:05+00:00,CARGO,NORMAL,0,
VPN-00895,2026-06-06 17:35:04+00:00,VPN_IAM,NORMAL,0,
OT-00470,2026-06-06 17:39:02+00:00,OT_SCADA,NORMAL,0,
NOTE-00138,2026-06-06 17:46:05+00:00,TEXT,NORMAL,0,
NET-01752,2026-06-06 17:46:05+00:00,NETWORK,NORMAL,0,
PHY-00856,2026-06-06 18:00:50+00:00,PHYSICAL,NORMAL,0,
VPN-00385,2026-06-06 18:06:42+00:00,VPN_IAM,NORMAL,0,
OT-01195,2026-06-06 18:17:36+00:00,OT_SCADA,NORMAL,0,
CARGO-00943,2026-06-06 18:24:40+00:00,CARGO,NORMAL,0,
NOTE-00286,2026-06-06 18:29:27+00:00,TEXT,NORMAL,0,
NOTE-00024,2026-06-06 18:39:12+00:00,TEXT,NORMAL,0,
CARGO-00368,2026-06-06 18:49:52+00:00,CARGO,NORMAL,0,
VPN-01657,2026-06-06 18:52:33+00:00,VPN_IAM,NORMAL,0,
PHY-00403,2026-06-06 18:54:35+00:00,PHYSICAL,NORMAL,0,
OT-01901,2026-06-06 18:55:24+00:00,OT_SCADA,NORMAL,0,
OT-00492,2026-06-06 19:01:21+00:00,OT_SCADA,NORMAL,0,
VPN-00190,2026-06-06 19:04:47+00:00,VPN_IAM,NORMAL,0,
OT-00456,2026-06-06 19:06:08+00:00,OT_SCADA,NORMAL,0,
NET-00738,2026-06-06 19:07:38+00:00,NETWORK,NORMAL,0,
VPN-00900,2026-06-06 19:12:30+00:00,VPN_IAM,NORMAL,0,
NOTE-00088,2026-06-06 19:19:32+00:00,TEXT,NORMAL,0,
OT-01386,2026-06-06 19:28:30+00:00,OT_SCADA,NORMAL,0,
VPN-00067,2026-06-06 19:29:02+00:00,VPN_IAM,NORMAL,0,
OT-00162,2026-06-06 19:42:37+00:00,OT_SCADA,NORMAL,0,
VPN-00178,2026-06-06 19:42:38+00:00,VPN_IAM,NORMAL,0,
OT-01327,2026-06-06 19:47:19+00:00,OT_SCADA,NORMAL,0,
NET-00855,2026-06-06 19:49:18+00:00,NETWORK,NORMAL,0,
CARGO-00355,2026-06-06 19:52:23+00:00,CARGO,NORMAL,0,
OT-01675,2026-06-06 19:54:53+00:00,OT_SCADA,NORMAL,0,
CARGO-00830,2026-06-06 20:01:02+00:00,CARGO,NORMAL,0,
EDR-01146,2026-06-06 20:10:11+00:00,ENDPOINT,NORMAL,0,
VPN-01086,2026-06-06 20:14:06+00:00,VPN_IAM,NORMAL,0,
VPN-01747,2026-06-06 20:16:32+00:00,VPN_IAM,NORMAL,0,
CARGO-01032,2026-06-06 20:18:52+00:00,CARGO,NORMAL,0,
CARGO-00371,2026-06-06 20:19:14+00:00,CARGO,NORMAL,0,
PHY-00005,2026-06-06 20:23:35+00:00,PHYSICAL,NORMAL,0,
OT-01390,2026-06-06 20:25:43+00:00,OT_SCADA,NORMAL,0,
NOTE-00141,2026-06-06 20:27:02+00:00,TEXT,NORMAL,0,
NET-01965,2026-06-06 20:28:48+00:00,NETWORK,NORMAL,0,
CARGO-00269,2026-06-06 20:34:21+00:00,CARGO,NORMAL,0,
EDR-01153,2026-06-06 20:41:23+00:00,ENDPOINT,NORMAL,0,
OT-00861,2026-06-06 20:51:49+00:00,OT_SCADA,NORMAL,0,
PHY-00955,2026-06-06 20:53:30+00:00,PHYSICAL,NORMAL,0,
EDR-00493,2026-06-06 20:57:55+00:00,ENDPOINT,NORMAL,0,
NET-01086,2026-06-06 21:03:52+00:00,NETWORK,NORMAL,0,
OT-00008,2026-06-06 21:05:00+00:00,OT_SCADA,NORMAL,0,
NET-00995,2026-06-06 21:05:19+00:00,NETWORK,NORMAL,0,
VPN-00637,2026-06-06 21:06:50+00:00,VPN_IAM,NORMAL,0,
OT-00819,2026-06-06 21:09:25+00:00,OT_SCADA,NORMAL,0,
NOTE-00240,2026-06-06 21:10:47+00:00,TEXT,NORMAL,0,
NET-00180,2026-06-06 21:13:39+00:00,NETWORK,NORMAL,0,
OT-00435,2026-06-06 21:15:57+00:00,OT_SCADA,NORMAL,0,
OT-00058,2026-06-06 21:17:32+00:00,OT_SCADA,NORMAL,0,
EDR-00297,2026-06-06 21:18:34+00:00,ENDPOINT,SUSPICIOUS,1,
NET-00318,2026-06-06 21:18:46+00:00,NETWORK,NORMAL,0,
OT-01981,2026-06-06 21:19:46+00:00,OT_SCADA,NORMAL,0,
OT-00533,2026-06-06 21:23:24+00:00,OT_SCADA,NORMAL,0,
NET-00635,2026-06-06 21:41:27+00:00,NETWORK,NORMAL,0,
NET-01185,2026-06-06 21:48:13+00:00,NETWORK,NORMAL,0,
NOTE-00000,2026-06-06 21:52:33+00:00,TEXT,NORMAL,0,
NET-02135,2026-06-06 21:56:16+00:00,NETWORK,NORMAL,0,
NET-00022,2026-06-06 21:58:23+00:00,NETWORK,NORMAL,0,
OT-00421,2026-06-06 21:59:08+00:00,OT_SCADA,NORMAL,0,
OT-00155,2026-06-06 22:01:21+00:00,OT_SCADA,NORMAL,0,
CARGO-00223,2026-06-06 22:07:26+00:00,CARGO,NORMAL,0,
OT-00795,2026-06-06 22:07:41+00:00,OT_SCADA,NORMAL,0,
OT-01897,2026-06-06 22:10:41+00:00,OT_SCADA,NORMAL,0,
VPN-00326,2026-06-06 22:10:51+00:00,VPN_IAM,NORMAL,0,
CARGO-00008,2026-06-06 22:11:57+00:00,CARGO,NORMAL,0,
CARGO-00376,2026-06-06 22:12:03+00:00,CARGO,NORMAL,0,
CARGO-00620,2026-06-06 22:12:50+00:00,CARGO,NORMAL,0,
OT-00896,2026-06-06 22:19:20+00:00,OT_SCADA,NORMAL,0,
NET-00765,2026-06-06 22:31:20+00:00,NETWORK,NORMAL,0,
CARGO-00452,2026-06-06 22:32:51+00:00,CARGO,NORMAL,0,
CARGO-00443,2026-06-06 22:34:15+00:00,CARGO,NORMAL,0,
PHY-00755,2026-06-06 22:38:41+00:00,PHYSICAL,SUSPICIOUS,1,
VPN-01211,2026-06-06 22:41:10+00:00,VPN_IAM,NORMAL,0,
VPN-00301,2026-06-06 22:58:54+00:00,VPN_IAM,NORMAL,0,
CARGO-00247,2026-06-06 23:00:06+00:00,CARGO,NORMAL,0,
VPN-00440,2026-06-06 23:01:54+00:00,VPN_IAM,NORMAL,0,
EDR-00639,2026-06-06 23:02:29+00:00,ENDPOINT,NORMAL,0,
VPN-00057,2026-06-06 23:04:03+00:00,VPN_IAM,NORMAL,0,
NET-01791,2026-06-06 23:07:14+00:00,NETWORK,NORMAL,0,
VPN-00942,2026-06-06 23:11:53+00:00,VPN_IAM,NORMAL,0,
CARGO-00421,2026-06-06 23:11:59+00:00,CARGO,NORMAL,0,
NET-01707,2026-06-06 23:14:03+00:00,NETWORK,NORMAL,0,
VPN-00436,2026-06-06 23:14:59+00:00,VPN_IAM,NORMAL,0,
EDR-00971,2026-06-06 23:15:39+00:00,ENDPOINT,NORMAL,0,
NOTE-00216,2026-06-06 23:19:01+00:00,TEXT,NORMAL,0,
NET-01943,2026-06-06 23:22:19+00:00,NETWORK,NORMAL,0,
CARGO-00433,2026-06-06 23:22:22+00:00,CARGO,NORMAL,0,
EDR-00222,2026-06-06 23:28:29+00:00,ENDPOINT,NORMAL,0,
VPN-00856,2026-06-06 23:33:56+00:00,VPN_IAM,NORMAL,0,
EDR-01028,2026-06-06 23:40:47+00:00,ENDPOINT,NORMAL,0,
CARGO-00090,2026-06-06 23:46:09+00:00,CARGO,NORMAL,0,
NET-01327,2026-06-06 23:48:31+00:00,NETWORK,NORMAL,0,
VPN-01304,2026-06-07 00:07:45+00:00,VPN_IAM,NORMAL,0,
PHY-00784,2026-06-07 00:12:49+00:00,PHYSICAL,NORMAL,0,
VPN-01545,2026-06-07 00:15:20+00:00,VPN_IAM,NORMAL,0,
EDR-00150,2026-06-07 00:16:04+00:00,ENDPOINT,NORMAL,0,
NET-00410,2026-06-07 00:17:49+00:00,NETWORK,NORMAL,0,
VPN-00667,2026-06-07 00:20:14+00:00,VPN_IAM,NORMAL,0,
VPN-01010,2026-06-07 00:21:46+00:00,VPN_IAM,NORMAL,0,
CARGO-00666,2026-06-07 00:24:27+00:00,CARGO,NORMAL,0,
CARGO-00488,2026-06-07 00:26:12+00:00,CARGO,NORMAL,0,
VPN-00042,2026-06-07 00:29:26+00:00,VPN_IAM,NORMAL,0,
NET-00961,2026-06-07 00:31:30+00:00,NETWORK,NORMAL,0,
OT-00554,2026-06-07 00:33:07+00:00,OT_SCADA,NORMAL,0,
EDR-00663,2026-06-07 00:34:34+00:00,ENDPOINT,NORMAL,0,
PHY-00079,2026-06-07 00:42:13+00:00,PHYSICAL,NORMAL,0,
OT-00205,2026-06-07 00:48:24+00:00,OT_SCADA,NORMAL,0,
OT-01560,2026-06-07 00:57:07+00:00,OT_SCADA,NORMAL,0,
CARGO-00584,2026-06-07 01:02:22+00:00,CARGO,NORMAL,0,
VPN-01447,2026-06-07 01:03:34+00:00,VPN_IAM,SUSPICIOUS,1,
NET-00924,2026-06-07 01:05:25+00:00,NETWORK,NORMAL,0,
NET-00731,2026-06-07 01:14:50+00:00,NETWORK,NORMAL,0,
NET-01459,2026-06-07 01:20:38+00:00,NETWORK,NORMAL,0,
OT-01958,2026-06-07 01:26:46+00:00,OT_SCADA,NORMAL,0,
OT-01065,2026-06-07 01:36:41+00:00,OT_SCADA,NORMAL,0,
OT-01773,2026-06-07 01:38:43+00:00,OT_SCADA,NORMAL,0,
NET-00433,2026-06-07 01:42:05+00:00,NETWORK,NORMAL,0,
OT-00538,2026-06-07 02:03:52+00:00,OT_SCADA,NORMAL,0,
VPN-00188,2026-06-07 02:07:20+00:00,VPN_IAM,NORMAL,0,
CARGO-00300,2026-06-07 02:12:17+00:00,CARGO,NORMAL,0,
VPN-01783,2026-06-07 02:18:29+00:00,VPN_IAM,NORMAL,0,
OT-00194,2026-06-07 02:21:06+00:00,OT_SCADA,NORMAL,0,
PHY-00934,2026-06-07 02:27:40+00:00,PHYSICAL,NORMAL,0,
NET-02078,2026-06-07 02:43:35+00:00,NETWORK,NORMAL,0,
VPN-00721,2026-06-07 02:47:44+00:00,VPN_IAM,NORMAL,0,
OT-00417,2026-06-07 02:47:57+00:00,OT_SCADA,NORMAL,0,
VPN-01483,2026-06-07 02:54:41+00:00,VPN_IAM,NORMAL,0,
NET-00219,2026-06-07 03:00:24+00:00,NETWORK,NORMAL,0,
EDR-00084,2026-06-07 03:10:12+00:00,ENDPOINT,NORMAL,0,
EDR-00502,2026-06-07 03:15:39+00:00,ENDPOINT,SUSPICIOUS,1,
OT-00990,2026-06-07 03:20:46+00:00,OT_SCADA,NORMAL,0,
VPN-00911,2026-06-07 03:22:34+00:00,VPN_IAM,NORMAL,0,
PHY-00117,2026-06-07 03:24:12+00:00,PHYSICAL,NORMAL,0,
VPN-00476,2026-06-07 03:24:42+00:00,VPN_IAM,NORMAL,0,
EDR-00511,2026-06-07 03:29:06+00:00,ENDPOINT,NORMAL,0,
VPN-00059,2026-06-07 03:30:17+00:00,VPN_IAM,NORMAL,0,
NET-01561,2026-06-07 03:30:55+00:00,NETWORK,NORMAL,0,
CARGO-00466,2026-06-07 03:32:50+00:00,CARGO,NORMAL,0,
VPN-00946,2026-06-07 03:35:31+00:00,VPN_IAM,NORMAL,0,
OT-01326,2026-06-07 03:37:44+00:00,OT_SCADA,NORMAL,0,
NET-01935,2026-06-07 03:38:27+00:00,NETWORK,NORMAL,0,
EDR-00500,2026-06-07 03:53:40+00:00,ENDPOINT,NORMAL,0,
PHY-00159,2026-06-07 03:57:00+00:00,PHYSICAL,NORMAL,0,
VPN-00403,2026-06-07 03:59:09+00:00,VPN_IAM,SUSPICIOUS,1,
EDR-00138,2026-06-07 04:08:33+00:00,ENDPOINT,NORMAL,0,
NET-01137,2026-06-07 04:12:11+00:00,NETWORK,NORMAL,0,
NET-01941,2026-06-07 04:13:27+00:00,NETWORK,NORMAL,0,
VPN-00542,2026-06-07 04:16:43+00:00,VPN_IAM,NORMAL,0,
CARGO-00619,2026-06-07 04:17:39+00:00,CARGO,NORMAL,0,
NET-00568,2026-06-07 04:22:26+00:00,NETWORK,NORMAL,0,
VPN-01191,2026-06-07 04:24:08+00:00,VPN_IAM,NORMAL,0,
CARGO-00979,2026-06-07 04:26:38+00:00,CARGO,NORMAL,0,
EDR-01071,2026-06-07 04:30:38+00:00,ENDPOINT,NORMAL,0,
EDR-00819,2026-06-07 04:35:49+00:00,ENDPOINT,NORMAL,0,
NET-00042,2026-06-07 04:40:10+00:00,NETWORK,NORMAL,0,
EDR-00857,2026-06-07 04:48:30+00:00,ENDPOINT,NORMAL,0,
NET-00616,2026-06-07 05:01:00+00:00,NETWORK,NORMAL,0,
NET-02196,2026-06-07 05:03:18+00:00,NETWORK,NORMAL,0,
NET-01311,2026-06-07 05:05:07+00:00,NETWORK,NORMAL,0,
PHY-00593,2026-06-07 05:06:28+00:00,PHYSICAL,NORMAL,0,
EDR-00298,2026-06-07 05:24:22+00:00,ENDPOINT,NORMAL,0,
NET-01891,2026-06-07 05:25:40+00:00,NETWORK,NORMAL,0,
NOTE-00106,2026-06-07 05:29:38+00:00,TEXT,NORMAL,0,
NET-01179,2026-06-07 05:35:20+00:00,NETWORK,NORMAL,0,
NET-01383,2026-06-07 05:39:56+00:00,NETWORK,NORMAL,0,
EDR-00775,2026-06-07 05:41:37+00:00,ENDPOINT,NORMAL,0,
VPN-00390,2026-06-07 05:41:50+00:00,VPN_IAM,NORMAL,0,
OT-00121,2026-06-07 05:42:21+00:00,OT_SCADA,NORMAL,0,
VPN-00614,2026-06-07 05:50:29+00:00,VPN_IAM,NORMAL,0,
OT-01057,2026-06-07 05:53:52+00:00,OT_SCADA,NORMAL,0,
CARGO-00803,2026-06-07 05:55:17+00:00,CARGO,NORMAL,0,
OT-01685,2026-06-07 05:58:54+00:00,OT_SCADA,NORMAL,0,
NET-00371,2026-06-07 06:01:07+00:00,NETWORK,NORMAL,0,
EDR-00877,2026-06-07 06:03:16+00:00,ENDPOINT,NORMAL,0,
CARGO-00698,2026-06-07 06:06:39+00:00,CARGO,NORMAL,0,
VPN-00097,2026-06-07 06:13:38+00:00,VPN_IAM,NORMAL,0,
VPN-01296,2026-06-07 06:25:48+00:00,VPN_IAM,NORMAL,0,
OT-00484,2026-06-07 06:26:32+00:00,OT_SCADA,NORMAL,0,
VPN-00775,2026-06-07 06:40:07+00:00,VPN_IAM,NORMAL,0,
VPN-00679,2026-06-07 06:40:35+00:00,VPN_IAM,SUSPICIOUS,1,
OT-00584,2026-06-07 06:47:48+00:00,OT_SCADA,NORMAL,0,
PHY-00738,2026-06-07 06:49:01+00:00,PHYSICAL,NORMAL,0,
CARGO-00243,2026-06-07 06:59:23+00:00,CARGO,NORMAL,0,
NET-00264,2026-06-07 07:04:24+00:00,NETWORK,NORMAL,0,
CARGO-01037,2026-06-07 07:12:40+00:00,CARGO,NORMAL,0,
EDR-00256,2026-06-07 07:13:42+00:00,ENDPOINT,NORMAL,0,
PHY-00534,2026-06-07 07:17:22+00:00,PHYSICAL,NORMAL,0,
VPN-00959,2026-06-07 07:24:02+00:00,VPN_IAM,NORMAL,0,
NET-00556,2026-06-07 07:24:12+00:00,NETWORK,NORMAL,0,
NOTE-00291,2026-06-07 07:31:49+00:00,TEXT,SUSPICIOUS,1,
OT-01402,2026-06-07 07:44:26+00:00,OT_SCADA,NORMAL,0,
OT-01416,2026-06-07 07:45:33+00:00,OT_SCADA,NORMAL,0,
OT-01695,2026-06-07 07:49:34+00:00,OT_SCADA,NORMAL,0,
NET-00261,2026-06-07 07:55:18+00:00,NETWORK,NORMAL,0,
VPN-01213,2026-06-07 07:55:47+00:00,VPN_IAM,NORMAL,0,
PHY-00044,2026-06-07 07:59:10+00:00,PHYSICAL,NORMAL,0,
PHY-00216,2026-06-07 08:22:18+00:00,PHYSICAL,NORMAL,0,
NET-01119,2026-06-07 08:28:42+00:00,NETWORK,NORMAL,0,
EDR-01026,2026-06-07 08:29:06+00:00,ENDPOINT,SUSPICIOUS,1,
VPN-01573,2026-06-07 08:30:50+00:00,VPN_IAM,NORMAL,0,
CARGO-00533,2026-06-07 08:31:00+00:00,CARGO,NORMAL,0,
NET-01193,2026-06-07 08:45:50+00:00,NETWORK,NORMAL,0,
EDR-00652,2026-06-07 08:48:00+00:00,ENDPOINT,NORMAL,0,
NET-01257,2026-06-07 08:51:11+00:00,NETWORK,NORMAL,0,
OT-00880,2026-06-07 09:08:20+00:00,OT_SCADA,NORMAL,0,
NET-02037,2026-06-07 09:38:08+00:00,NETWORK,NORMAL,0,
OT-01319,2026-06-07 09:42:59+00:00,OT_SCADA,NORMAL,0,
VPN-01186,2026-06-07 09:45:32+00:00,VPN_IAM,NORMAL,0,
OT-01342,2026-06-07 09:47:04+00:00,OT_SCADA,NORMAL,0,
NET-00688,2026-06-07 09:48:50+00:00,NETWORK,NORMAL,0,
OT-00326,2026-06-07 10:10:39+00:00,OT_SCADA,NORMAL,0,
OT-00445,2026-06-07 10:20:22+00:00,OT_SCADA,NORMAL,0,
PHY-00144,2026-06-07 10:30:26+00:00,PHYSICAL,NORMAL,0,
VPN-01336,2026-06-07 10:38:00+00:00,VPN_IAM,NORMAL,0,
OT-01735,2026-06-07 10:57:29+00:00,OT_SCADA,NORMAL,0,
OT-00696,2026-06-07 10:57:51+00:00,OT_SCADA,NORMAL,0,
VPN-00847,2026-06-07 10:58:35+00:00,VPN_IAM,NORMAL,0,
OT-00591,2026-06-07 11:06:21+00:00,OT_SCADA,NORMAL,0,
OT-01333,2026-06-07 11:10:20+00:00,OT_SCADA,NORMAL,0,
OT-01260,2026-06-07 11:10:57+00:00,OT_SCADA,NORMAL,0,
OT-01020,2026-06-07 11:14:05+00:00,OT_SCADA,NORMAL,0,
OT-00753,2026-06-07 11:21:18+00:00,OT_SCADA,NORMAL,0,
OT-00034,2026-06-07 11:22:54+00:00,OT_SCADA,NORMAL,0,
NET-01390,2026-06-07 11:27:02+00:00,NETWORK,NORMAL,0,
VPN-00509,2026-06-07 11:32:08+00:00,VPN_IAM,NORMAL,0,
OT-01120,2026-06-07 11:35:05+00:00,OT_SCADA,NORMAL,0,
NET-01526,2026-06-07 11:47:09+00:00,NETWORK,NORMAL,0,
OT-01262,2026-06-07 11:49:49+00:00,OT_SCADA,NORMAL,0,
NET-01846,2026-06-07 12:05:54+00:00,NETWORK,NORMAL,0,
OT-01245,2026-06-07 12:06:25+00:00,OT_SCADA,NORMAL,0,
VPN-00645,2026-06-07 12:26:38+00:00,VPN_IAM,NORMAL,0,
NOTE-00055,2026-06-07 12:27:41+00:00,TEXT,NORMAL,0,
EDR-00923,2026-06-07 12:28:25+00:00,ENDPOINT,NORMAL,0,
NOTE-00213,2026-06-07 12:39:01+00:00,TEXT,NORMAL,0,
NET-01639,2026-06-07 12:50:41+00:00,NETWORK,NORMAL,0,
PHY-00836,2026-06-07 12:55:23+00:00,PHYSICAL,NORMAL,0,
VPN-01193,2026-06-07 13:01:37+00:00,VPN_IAM,NORMAL,0,
VPN-01216,2026-06-07 13:07:47+00:00,VPN_IAM,NORMAL,0,
OT-01216,2026-06-07 13:14:53+00:00,OT_SCADA,NORMAL,0,
NET-00046,2026-06-07 13:15:20+00:00,NETWORK,NORMAL,0,
CARGO-00892,2026-06-07 13:18:36+00:00,CARGO,NORMAL,0,
OT-01072,2026-06-07 13:27:54+00:00,OT_SCADA,NORMAL,0,
VPN-00572,2026-06-07 13:28:59+00:00,VPN_IAM,NORMAL,0,
VPN-01795,2026-06-07 13:31:27+00:00,VPN_IAM,NORMAL,0,
VPN-00243,2026-06-07 13:36:22+00:00,VPN_IAM,NORMAL,0,
OT-00716,2026-06-07 13:47:42+00:00,OT_SCADA,NORMAL,0,
NET-01462,2026-06-07 13:48:38+00:00,NETWORK,NORMAL,0,
OT-01070,2026-06-07 13:56:24+00:00,OT_SCADA,NORMAL,0,
PHY-00149,2026-06-07 13:58:09+00:00,PHYSICAL,NORMAL,0,
EDR-00751,2026-06-07 14:02:07+00:00,ENDPOINT,NORMAL,0,
NET-01441,2026-06-07 14:10:49+00:00,NETWORK,NORMAL,0,
NET-02152,2026-06-07 14:15:00+00:00,NETWORK,NORMAL,0,
VPN-00104,2026-06-07 14:15:48+00:00,VPN_IAM,NORMAL,0,
CARGO-00925,2026-06-07 14:18:35+00:00,CARGO,NORMAL,0,
OT-00948,2026-06-07 14:20:40+00:00,OT_SCADA,NORMAL,0,
VPN-00259,2026-06-07 14:24:17+00:00,VPN_IAM,NORMAL,0,
CARGO-00754,2026-06-07 14:28:40+00:00,CARGO,NORMAL,0,
NET-01579,2026-06-07 14:37:49+00:00,NETWORK,NORMAL,0,
NET-00485,2026-06-07 14:41:13+00:00,NETWORK,NORMAL,0,
VPN-01357,2026-06-07 14:51:56+00:00,VPN_IAM,NORMAL,0,
VPN-00220,2026-06-07 14:53:57+00:00,VPN_IAM,NORMAL,0,
NET-00024,2026-06-07 15:01:10+00:00,NETWORK,NORMAL,0,
OT-01478,2026-06-07 15:04:18+00:00,OT_SCADA,NORMAL,0,
VPN-01728,2026-06-07 15:18:50+00:00,VPN_IAM,NORMAL,0,
EDR-00649,2026-06-07 15:24:51+00:00,ENDPOINT,NORMAL,0,
NET-01013,2026-06-07 15:24:55+00:00,NETWORK,NORMAL,0,
OT-01894,2026-06-07 15:27:41+00:00,OT_SCADA,NORMAL,0,
EDR-00706,2026-06-07 15:28:05+00:00,ENDPOINT,NORMAL,0,
CARGO-00098,2026-06-07 15:33:54+00:00,CARGO,NORMAL,0,
CARGO-01114,2026-06-07 15:41:57+00:00,CARGO,NORMAL,0,
CARGO-00084,2026-06-07 15:56:52+00:00,CARGO,NORMAL,0,
OT-01668,2026-06-07 15:57:29+00:00,OT_SCADA,NORMAL,0,
NET-00366,2026-06-07 16:03:14+00:00,NETWORK,NORMAL,0,
NET-00834,2026-06-07 16:08:34+00:00,NETWORK,NORMAL,0,
VPN-00666,2026-06-07 16:08:58+00:00,VPN_IAM,NORMAL,0,
VPN-00192,2026-06-07 16:09:03+00:00,VPN_IAM,NORMAL,0,
CARGO-00257,2026-06-07 16:19:43+00:00,CARGO,NORMAL,0,
NET-01642,2026-06-07 16:22:03+00:00,NETWORK,NORMAL,0,
PHY-00579,2026-06-07 16:25:16+00:00,PHYSICAL,NORMAL,0,
OT-00273,2026-06-07 16:30:35+00:00,OT_SCADA,NORMAL,0,
CARGO-00148,2026-06-07 16:31:42+00:00,CARGO,NORMAL,0,
EDR-00338,2026-06-07 16:32:54+00:00,ENDPOINT,NORMAL,0,
NET-00408,2026-06-07 16:38:17+00:00,NETWORK,NORMAL,0,
CARGO-00938,2026-06-07 16:41:00+00:00,CARGO,NORMAL,0,
EDR-00515,2026-06-07 16:45:19+00:00,ENDPOINT,NORMAL,0,
PHY-00168,2026-06-07 16:47:48+00:00,PHYSICAL,NORMAL,0,
PHY-00944,2026-06-07 16:55:02+00:00,PHYSICAL,SUSPICIOUS,1,
NET-01543,2026-06-07 17:00:10+00:00,NETWORK,NORMAL,0,
CARGO-00837,2026-06-07 17:12:12+00:00,CARGO,NORMAL,0,
VPN-00582,2026-06-07 17:14:03+00:00,VPN_IAM,NORMAL,0,
CARGO-00756,2026-06-07 17:25:12+00:00,CARGO,NORMAL,0,
VPN-01141,2026-06-07 17:25:13+00:00,VPN_IAM,NORMAL,0,
VPN-00089,2026-06-07 17:26:28+00:00,VPN_IAM,NORMAL,0,
OT-00778,2026-06-07 17:27:31+00:00,OT_SCADA,NORMAL,0,
NET-01244,2026-06-07 17:37:46+00:00,NETWORK,NORMAL,0,
NOTE-00290,2026-06-07 17:38:50+00:00,TEXT,SUSPICIOUS,1,
CARGO-01165,2026-06-07 17:40:24+00:00,CARGO,NORMAL,0,
OT-00817,2026-06-07 17:42:21+00:00,OT_SCADA,NORMAL,0,
NOTE-00014,2026-06-07 17:42:40+00:00,TEXT,NORMAL,0,
NET-00224,2026-06-07 17:54:19+00:00,NETWORK,NORMAL,0,
CARGO-00918,2026-06-07 18:00:38+00:00,CARGO,NORMAL,0,
OT-01140,2026-06-07 18:01:13+00:00,OT_SCADA,NORMAL,0,
OT-01697,2026-06-07 18:01:40+00:00,OT_SCADA,NORMAL,0,
VPN-01400,2026-06-07 18:01:43+00:00,VPN_IAM,NORMAL,0,
VPN-00816,2026-06-07 18:05:49+00:00,VPN_IAM,NORMAL,0,
CARGO-00207,2026-06-07 18:08:12+00:00,CARGO,NORMAL,0,
EDR-00073,2026-06-07 18:10:29+00:00,ENDPOINT,NORMAL,0,
EDR-00321,2026-06-07 18:14:23+00:00,ENDPOINT,NORMAL,0,
NET-01187,2026-06-07 18:21:22+00:00,NETWORK,NORMAL,0,
CARGO-00721,2026-06-07 18:29:54+00:00,CARGO,NORMAL,0,
CARGO-00263,2026-06-07 18:37:57+00:00,CARGO,NORMAL,0,
NET-00508,2026-06-07 18:40:51+00:00,NETWORK,NORMAL,0,
OT-00713,2026-06-07 18:43:39+00:00,OT_SCADA,NORMAL,0,
NET-01216,2026-06-07 19:00:56+00:00,NETWORK,NORMAL,0,
NET-01638,2026-06-07 19:01:29+00:00,NETWORK,NORMAL,0,
NET-00849,2026-06-07 19:06:05+00:00,NETWORK,NORMAL,0,
OT-01862,2026-06-07 19:07:59+00:00,OT_SCADA,NORMAL,0,
CARGO-00227,2026-06-07 19:10:37+00:00,CARGO,NORMAL,0,
OT-00752,2026-06-07 19:13:50+00:00,OT_SCADA,NORMAL,0,
NET-01221,2026-06-07 19:17:07+00:00,NETWORK,NORMAL,0,
OT-01345,2026-06-07 19:27:55+00:00,OT_SCADA,NORMAL,0,
VPN-01329,2026-06-07 19:31:17+00:00,VPN_IAM,NORMAL,0,
CARGO-01125,2026-06-07 19:32:21+00:00,CARGO,NORMAL,0,
CARGO-00216,2026-06-07 19:45:00+00:00,CARGO,NORMAL,0,
OT-01694,2026-06-07 20:00:07+00:00,OT_SCADA,NORMAL,0,
PHY-00375,2026-06-07 20:02:23+00:00,PHYSICAL,NORMAL,0,
EDR-00600,2026-06-07 20:07:52+00:00,ENDPOINT,NORMAL,0,
EDR-00356,2026-06-07 20:07:54+00:00,ENDPOINT,NORMAL,0,
VPN-00005,2026-06-07 20:17:09+00:00,VPN_IAM,NORMAL,0,
OT-00776,2026-06-07 20:20:20+00:00,OT_SCADA,NORMAL,0,
VPN-00272,2026-06-07 20:28:14+00:00,VPN_IAM,NORMAL,0,
OT-00016,2026-06-07 20:31:00+00:00,OT_SCADA,NORMAL,0,
OT-01592,2026-06-07 20:37:40+00:00,OT_SCADA,NORMAL,0,
NET-00000,2026-06-07 20:38:41+00:00,NETWORK,NORMAL,0,
EDR-00546,2026-06-07 20:50:18+00:00,ENDPOINT,NORMAL,0,
PHY-00760,2026-06-07 20:53:57+00:00,PHYSICAL,NORMAL,0,
EDR-00760,2026-06-07 20:56:10+00:00,ENDPOINT,NORMAL,0,
OT-01334,2026-06-07 21:04:19+00:00,OT_SCADA,NORMAL,0,
EDR-01160,2026-06-07 21:22:41+00:00,ENDPOINT,NORMAL,0,
PHY-00938,2026-06-07 21:24:39+00:00,PHYSICAL,NORMAL,0,
VPN-01338,2026-06-07 21:28:33+00:00,VPN_IAM,NORMAL,0,
EDR-00660,2026-06-07 21:29:32+00:00,ENDPOINT,NORMAL,0,
VPN-00611,2026-06-07 21:35:03+00:00,VPN_IAM,NORMAL,0,
OT-01086,2026-06-07 21:36:23+00:00,OT_SCADA,NORMAL,0,
OT-00921,2026-06-07 21:36:24+00:00,OT_SCADA,NORMAL,0,
EDR-00814,2026-06-07 21:48:14+00:00,ENDPOINT,NORMAL,0,
CARGO-00516,2026-06-07 22:02:43+00:00,CARGO,NORMAL,0,
OT-01398,2026-06-07 22:08:14+00:00,OT_SCADA,NORMAL,0,
CARGO-00095,2026-06-07 22:14:37+00:00,CARGO,NORMAL,0,
VPN-00864,2026-06-07 22:14:39+00:00,VPN_IAM,NORMAL,0,
OT-01331,2026-06-07 22:16:58+00:00,OT_SCADA,NORMAL,0,
VPN-01497,2026-06-07 22:22:20+00:00,VPN_IAM,NORMAL,0,
EDR-00616,2026-06-07 22:37:31+00:00,ENDPOINT,NORMAL,0,
PHY-00774,2026-06-07 22:37:37+00:00,PHYSICAL,NORMAL,0,
VPN-00980,2026-06-07 22:41:23+00:00,VPN_IAM,NORMAL,0,
EDR-00057,2026-06-07 22:45:57+00:00,ENDPOINT,NORMAL,0,
CARGO-00957,2026-06-07 22:53:45+00:00,CARGO,NORMAL,0,
NET-00217,2026-06-07 22:58:28+00:00,NETWORK,NORMAL,0,
VPN-00355,2026-06-07 23:06:54+00:00,VPN_IAM,NORMAL,0,
OT-01073,2026-06-07 23:21:41+00:00,OT_SCADA,NORMAL,0,
VPN-00620,2026-06-07 23:21:58+00:00,VPN_IAM,NORMAL,0,
OT-01524,2026-06-07 23:25:11+00:00,OT_SCADA,NORMAL,0,
VPN-01684,2026-06-07 23:32:07+00:00,VPN_IAM,NORMAL,0,
PHY-00108,2026-06-07 23:34:00+00:00,PHYSICAL,NORMAL,0,
OT-01693,2026-06-07 23:35:11+00:00,OT_SCADA,NORMAL,0,
VPN-01274,2026-06-07 23:35:15+00:00,VPN_IAM,NORMAL,0,
PHY-00413,2026-06-07 23:36:02+00:00,PHYSICAL,NORMAL,0,
VPN-01163,2026-06-07 23:46:22+00:00,VPN_IAM,NORMAL,0,
OT-01122,2026-06-07 23:52:57+00:00,OT_SCADA,NORMAL,0,
OT-00019,2026-06-07 23:54:34+00:00,OT_SCADA,SUSPICIOUS,1,
OT-00623,2026-06-07 23:56:42+00:00,OT_SCADA,NORMAL,0,
NET-01405,2026-06-08 00:01:18+00:00,NETWORK,NORMAL,0,
NET-01361,2026-06-08 00:04:45+00:00,NETWORK,NORMAL,0,
NET-00804,2026-06-08 00:25:03+00:00,NETWORK,NORMAL,0,
OT-01174,2026-06-08 00:25:51+00:00,OT_SCADA,NORMAL,0,
VPN-00940,2026-06-08 00:37:12+00:00,VPN_IAM,NORMAL,0,
CARGO-00907,2026-06-08 00:42:39+00:00,CARGO,NORMAL,0,
CARGO-00956,2026-06-08 00:43:03+00:00,CARGO,NORMAL,0,
NET-01249,2026-06-08 00:45:36+00:00,NETWORK,NORMAL,0,
CARGO-00446,2026-06-08 00:46:31+00:00,CARGO,NORMAL,0,
PHY-00813,2026-06-08 00:55:09+00:00,PHYSICAL,NORMAL,0,
VPN-01102,2026-06-08 01:02:02+00:00,VPN_IAM,NORMAL,0,
EDR-00122,2026-06-08 01:10:14+00:00,ENDPOINT,NORMAL,0,
VPN-01217,2026-06-08 01:12:16+00:00,VPN_IAM,NORMAL,0,
NET-00576,2026-06-08 01:18:34+00:00,NETWORK,NORMAL,0,
OT-01779,2026-06-08 01:19:29+00:00,OT_SCADA,NORMAL,0,
NET-01300,2026-06-08 01:20:15+00:00,NETWORK,NORMAL,0,
EDR-00766,2026-06-08 01:22:39+00:00,ENDPOINT,SUSPICIOUS,1,
NOTE-00122,2026-06-08 01:24:51+00:00,TEXT,NORMAL,0,
CARGO-00835,2026-06-08 01:40:33+00:00,CARGO,NORMAL,0,
NET-00430,2026-06-08 01:41:55+00:00,NETWORK,NORMAL,0,
PHY-00823,2026-06-08 01:48:18+00:00,PHYSICAL,NORMAL,0,
NET-00770,2026-06-08 01:50:26+00:00,NETWORK,NORMAL,0,
PHY-00554,2026-06-08 01:52:00+00:00,PHYSICAL,NORMAL,0,
VPN-00299,2026-06-08 02:11:27+00:00,VPN_IAM,NORMAL,0,
CARGO-00445,2026-06-08 02:12:19+00:00,CARGO,NORMAL,0,
CARGO-00829,2026-06-08 02:13:42+00:00,CARGO,NORMAL,0,
NET-01380,2026-06-08 02:16:53+00:00,NETWORK,NORMAL,0,
VPN-00518,2026-06-08 02:18:52+00:00,VPN_IAM,NORMAL,0,
OT-00131,2026-06-08 02:22:29+00:00,OT_SCADA,NORMAL,0,
PHY-00510,2026-06-08 02:26:30+00:00,PHYSICAL,NORMAL,0,
EDR-00064,2026-06-08 02:31:20+00:00,ENDPOINT,NORMAL,0,
EDR-00187,2026-06-08 02:41:51+00:00,ENDPOINT,NORMAL,0,
NET-02118,2026-06-08 02:44:12+00:00,NETWORK,NORMAL,0,
OT-00292,2026-06-08 02:48:14+00:00,OT_SCADA,NORMAL,0,
OT-00561,2026-06-08 02:58:26+00:00,OT_SCADA,NORMAL,0,
NET-00026,2026-06-08 02:59:40+00:00,NETWORK,NORMAL,0,
PHY-00996,2026-06-08 03:01:57+00:00,PHYSICAL,NORMAL,0,
NOTE-00011,2026-06-08 03:07:32+00:00,TEXT,NORMAL,0,
NET-00562,2026-06-08 03:08:28+00:00,NETWORK,NORMAL,0,
OT-01336,2026-06-08 03:08:38+00:00,OT_SCADA,NORMAL,0,
EDR-00779,2026-06-08 03:20:56+00:00,ENDPOINT,SUSPICIOUS,1,
OT-00020,2026-06-08 03:22:04+00:00,OT_SCADA,NORMAL,0,
CARGO-00407,2026-06-08 03:23:26+00:00,CARGO,NORMAL,0,
OT-00029,2026-06-08 03:30:15+00:00,OT_SCADA,NORMAL,0,
PHY-00503,2026-06-08 03:37:07+00:00,PHYSICAL,NORMAL,0,
CARGO-00817,2026-06-08 03:46:22+00:00,CARGO,NORMAL,0,
NET-01479,2026-06-08 03:46:39+00:00,NETWORK,NORMAL,0,
VPN-01228,2026-06-08 03:47:46+00:00,VPN_IAM,NORMAL,0,
VPN-01492,2026-06-08 03:52:00+00:00,VPN_IAM,NORMAL,0,
PHY-00709,2026-06-08 04:14:04+00:00,PHYSICAL,NORMAL,0,
VPN-00231,2026-06-08 04:17:47+00:00,VPN_IAM,NORMAL,0,
OT-01161,2026-06-08 04:30:09+00:00,OT_SCADA,NORMAL,0,
NET-01892,2026-06-08 04:35:02+00:00,NETWORK,NORMAL,0,
NET-02150,2026-06-08 04:37:30+00:00,NETWORK,NORMAL,0,
PHY-00199,2026-06-08 04:46:51+00:00,PHYSICAL,NORMAL,0,
NET-01588,2026-06-08 04:48:04+00:00,NETWORK,NORMAL,0,
OT-01157,2026-06-08 04:55:23+00:00,OT_SCADA,NORMAL,0,
NET-01784,2026-06-08 04:56:07+00:00,NETWORK,NORMAL,0,
EDR-00530,2026-06-08 04:56:40+00:00,ENDPOINT,NORMAL,0,
PHY-00193,2026-06-08 04:59:29+00:00,PHYSICAL,NORMAL,0,
OT-00904,2026-06-08 05:06:20+00:00,OT_SCADA,NORMAL,0,
EDR-01196,2026-06-08 05:11:52+00:00,ENDPOINT,NORMAL,0,
EDR-00123,2026-06-08 05:16:03+00:00,ENDPOINT,NORMAL,0,
NET-00596,2026-06-08 05:17:45+00:00,NETWORK,NORMAL,0,
OT-01603,2026-06-08 05:18:18+00:00,OT_SCADA,NORMAL,0,
VPN-00394,2026-06-08 05:20:27+00:00,VPN_IAM,NORMAL,0,
NET-01861,2026-06-08 05:22:49+00:00,NETWORK,NORMAL,0,
NET-00719,2026-06-08 05:26:10+00:00,NETWORK,NORMAL,0,
VPN-00782,2026-06-08 05:36:44+00:00,VPN_IAM,NORMAL,0,
OT-01808,2026-06-08 05:39:08+00:00,OT_SCADA,NORMAL,0,
VPN-01041,2026-06-08 06:26:21+00:00,VPN_IAM,NORMAL,0,
OT-01156,2026-06-08 06:26:59+00:00,OT_SCADA,NORMAL,0,
OT-00595,2026-06-08 06:31:45+00:00,OT_SCADA,NORMAL,0,
EDR-00799,2026-06-08 06:48:43+00:00,ENDPOINT,NORMAL,0,
VPN-00118,2026-06-08 06:51:03+00:00,VPN_IAM,NORMAL,0,
OT-01936,2026-06-08 06:56:38+00:00,OT_SCADA,SUSPICIOUS,1,
VPN-00317,2026-06-08 06:59:47+00:00,VPN_IAM,NORMAL,0,
NET-00379,2026-06-08 07:08:15+00:00,NETWORK,NORMAL,0,
EDR-00703,2026-06-08 07:09:11+00:00,ENDPOINT,NORMAL,0,
NET-01117,2026-06-08 07:13:52+00:00,NETWORK,NORMAL,0,
NET-01312,2026-06-08 07:14:57+00:00,NETWORK,NORMAL,0,
EDR-01168,2026-06-08 07:15:03+00:00,ENDPOINT,NORMAL,0,
PHY-00204,2026-06-08 07:15:11+00:00,PHYSICAL,NORMAL,0,
VPN-01184,2026-06-08 07:29:00+00:00,VPN_IAM,NORMAL,0,
OT-00487,2026-06-08 07:33:15+00:00,OT_SCADA,NORMAL,0,
CARGO-01199,2026-06-08 07:33:56+00:00,CARGO,NORMAL,0,
OT-00359,2026-06-08 07:37:23+00:00,OT_SCADA,NORMAL,0,
NET-01197,2026-06-08 07:39:41+00:00,NETWORK,NORMAL,0,
EDR-00479,2026-06-08 07:54:10+00:00,ENDPOINT,NORMAL,0,
VPN-01782,2026-06-08 07:56:24+00:00,VPN_IAM,NORMAL,0,
NET-01702,2026-06-08 07:57:04+00:00,NETWORK,NORMAL,0,
VPN-01481,2026-06-08 08:07:32+00:00,VPN_IAM,NORMAL,0,
VPN-00511,2026-06-08 08:13:07+00:00,VPN_IAM,SUSPICIOUS,1,
EDR-00813,2026-06-08 08:16:07+00:00,ENDPOINT,NORMAL,0,
EDR-00633,2026-06-08 08:18:56+00:00,ENDPOINT,NORMAL,0,
OT-00007,2026-06-08 08:25:26+00:00,OT_SCADA,NORMAL,0,
OT-01476,2026-06-08 08:30:17+00:00,OT_SCADA,NORMAL,0,
NET-00822,2026-06-08 08:30:58+00:00,NETWORK,NORMAL,0,
CARGO-00709,2026-06-08 08:37:23+00:00,CARGO,NORMAL,0,
NET-02077,2026-06-08 08:37:35+00:00,NETWORK,NORMAL,0,
CARGO-00778,2026-06-08 08:39:17+00:00,CARGO,NORMAL,0,
NET-00890,2026-06-08 08:42:09+00:00,NETWORK,NORMAL,0,
OT-00478,2026-06-08 08:47:21+00:00,OT_SCADA,NORMAL,0,
NOTE-00159,2026-06-08 08:49:26+00:00,TEXT,NORMAL,0,
VPN-00130,2026-06-08 08:50:59+00:00,VPN_IAM,NORMAL,0,
NOTE-00237,2026-06-08 08:52:21+00:00,TEXT,NORMAL,0,
VPN-00957,2026-06-08 08:55:05+00:00,VPN_IAM,NORMAL,0,
NOTE-00194,2026-06-08 08:55:06+00:00,TEXT,NORMAL,0,
CARGO-00396,2026-06-08 08:56:15+00:00,CARGO,NORMAL,0,
PHY-00134,2026-06-08 08:57:39+00:00,PHYSICAL,SUSPICIOUS,1,
NET-01503,2026-06-08 08:57:50+00:00,NETWORK,NORMAL,0,
NET-01704,2026-06-08 09:04:33+00:00,NETWORK,NORMAL,0,
NET-01039,2026-06-08 09:09:26+00:00,NETWORK,NORMAL,0,
OT-01637,2026-06-08 09:11:00+00:00,OT_SCADA,NORMAL,0,
EDR-00211,2026-06-08 09:17:18+00:00,ENDPOINT,NORMAL,0,
VPN-00479,2026-06-08 09:22:38+00:00,VPN_IAM,NORMAL,0,
VPN-00707,2026-06-08 09:23:43+00:00,VPN_IAM,NORMAL,0,
EDR-00871,2026-06-08 09:31:07+00:00,ENDPOINT,NORMAL,0,
OT-00702,2026-06-08 09:32:08+00:00,OT_SCADA,NORMAL,0,
EDR-00012,2026-06-08 09:33:07+00:00,ENDPOINT,SUSPICIOUS,1,
NET-00210,2026-06-08 09:49:28+00:00,NETWORK,NORMAL,0,
EDR-01190,2026-06-08 09:52:48+00:00,ENDPOINT,NORMAL,0,
OT-00897,2026-06-08 09:56:19+00:00,OT_SCADA,NORMAL,0,
OT-00392,2026-06-08 10:00:27+00:00,OT_SCADA,NORMAL,0,
VPN-00797,2026-06-08 10:06:52+00:00,VPN_IAM,SUSPICIOUS,1,
OT-00963,2026-06-08 10:10:58+00:00,OT_SCADA,NORMAL,0,
NET-00753,2026-06-08 10:15:37+00:00,NETWORK,NORMAL,0,
VPN-01388,2026-06-08 10:18:22+00:00,VPN_IAM,NORMAL,0,
VPN-00507,2026-06-08 10:23:02+00:00,VPN_IAM,NORMAL,0,
EDR-00209,2026-06-08 10:23:41+00:00,ENDPOINT,NORMAL,0,
VPN-01330,2026-06-08 10:24:36+00:00,VPN_IAM,NORMAL,0,
OT-01430,2026-06-08 10:31:40+00:00,OT_SCADA,NORMAL,0,
NET-02074,2026-06-08 10:32:34+00:00,NETWORK,NORMAL,0,
VPN-00098,2026-06-08 10:37:58+00:00,VPN_IAM,SUSPICIOUS,1,
VPN-01412,2026-06-08 10:43:41+00:00,VPN_IAM,NORMAL,0,
PHY-00057,2026-06-08 10:50:23+00:00,PHYSICAL,NORMAL,0,
OT-00907,2026-06-08 10:52:12+00:00,OT_SCADA,NORMAL,0,
VPN-00601,2026-06-08 10:54:34+00:00,VPN_IAM,NORMAL,0,
CARGO-00952,2026-06-08 10:57:55+00:00,CARGO,NORMAL,0,
PHY-00925,2026-06-08 11:09:07+00:00,PHYSICAL,NORMAL,0,
VPN-00132,2026-06-08 11:12:25+00:00,VPN_IAM,NORMAL,0,
OT-01753,2026-06-08 11:15:21+00:00,OT_SCADA,SUSPICIOUS,1,
PHY-00014,2026-06-08 11:23:34+00:00,PHYSICAL,NORMAL,0,
OT-00144,2026-06-08 11:23:42+00:00,OT_SCADA,NORMAL,0,
VPN-00688,2026-06-08 11:38:47+00:00,VPN_IAM,NORMAL,0,
PHY-00997,2026-06-08 11:40:09+00:00,PHYSICAL,NORMAL,0,
VPN-00578,2026-06-08 11:45:35+00:00,VPN_IAM,NORMAL,0,
NET-02173,2026-06-08 11:47:41+00:00,NETWORK,NORMAL,0,
EDR-01113,2026-06-08 11:51:35+00:00,ENDPOINT,NORMAL,0,
NET-00050,2026-06-08 11:53:05+00:00,NETWORK,NORMAL,0,
CARGO-00660,2026-06-08 11:56:17+00:00,CARGO,NORMAL,0,
EDR-00424,2026-06-08 12:02:00+00:00,ENDPOINT,NORMAL,0,
VPN-00168,2026-06-08 12:02:54+00:00,VPN_IAM,NORMAL,0,
PHY-00766,2026-06-08 12:12:30+00:00,PHYSICAL,NORMAL,0,
EDR-01126,2026-06-08 12:16:44+00:00,ENDPOINT,NORMAL,0,
EDR-00589,2026-06-08 12:18:50+00:00,ENDPOINT,NORMAL,0,
PHY-00861,2026-06-08 12:24:23+00:00,PHYSICAL,NORMAL,0,
PHY-00405,2026-06-08 12:33:24+00:00,PHYSICAL,NORMAL,0,
CARGO-00924,2026-06-08 12:36:49+00:00,CARGO,NORMAL,0,
CARGO-00489,2026-06-08 12:37:01+00:00,CARGO,NORMAL,0,
VPN-01058,2026-06-08 12:44:43+00:00,VPN_IAM,NORMAL,0,
CARGO-00071,2026-06-08 12:44:50+00:00,CARGO,NORMAL,0,
VPN-00380,2026-06-08 12:46:41+00:00,VPN_IAM,NORMAL,0,
OT-01136,2026-06-08 12:51:59+00:00,OT_SCADA,NORMAL,0,
VPN-01140,2026-06-08 12:52:00+00:00,VPN_IAM,NORMAL,0,
NET-02187,2026-06-08 12:52:09+00:00,NETWORK,NORMAL,0,
PHY-00605,2026-06-08 12:54:42+00:00,PHYSICAL,NORMAL,0,
NET-01996,2026-06-08 12:57:00+00:00,NETWORK,NORMAL,0,
CARGO-00761,2026-06-08 12:57:20+00:00,CARGO,NORMAL,0,
OT-00714,2026-06-08 12:58:40+00:00,OT_SCADA,NORMAL,0,
VPN-00698,2026-06-08 12:59:27+00:00,VPN_IAM,NORMAL,0,
NOTE-00049,2026-06-08 13:07:31+00:00,TEXT,NORMAL,0,
VPN-01540,2026-06-08 13:19:52+00:00,VPN_IAM,NORMAL,0,
PHY-00974,2026-06-08 13:27:46+00:00,PHYSICAL,NORMAL,0,
OT-01915,2026-06-08 13:30:02+00:00,OT_SCADA,NORMAL,0,
PHY-00297,2026-06-08 13:33:45+00:00,PHYSICAL,NORMAL,0,
VPN-00222,2026-06-08 13:34:46+00:00,VPN_IAM,NORMAL,0,
NET-01324,2026-06-08 13:39:39+00:00,NETWORK,NORMAL,0,
VPN-00527,2026-06-08 13:43:55+00:00,VPN_IAM,NORMAL,0,
VPN-01170,2026-06-08 13:52:58+00:00,VPN_IAM,NORMAL,0,
PHY-00507,2026-06-08 13:57:19+00:00,PHYSICAL,NORMAL,0,
VPN-00526,2026-06-08 14:05:56+00:00,VPN_IAM,NORMAL,0,
EDR-00008,2026-06-08 14:10:37+00:00,ENDPOINT,NORMAL,0,
EDR-00497,2026-06-08 14:11:01+00:00,ENDPOINT,NORMAL,0,
EDR-00322,2026-06-08 14:12:28+00:00,ENDPOINT,NORMAL,0,
CARGO-00383,2026-06-08 14:13:10+00:00,CARGO,NORMAL,0,
VPN-00212,2026-06-08 14:13:50+00:00,VPN_IAM,NORMAL,0,
VPN-00439,2026-06-08 14:16:32+00:00,VPN_IAM,NORMAL,0,
PHY-00590,2026-06-08 14:16:34+00:00,PHYSICAL,NORMAL,0,
EDR-00539,2026-06-08 14:19:50+00:00,ENDPOINT,NORMAL,0,
CARGO-00275,2026-06-08 14:21:21+00:00,CARGO,NORMAL,0,
PHY-00991,2026-06-08 14:26:25+00:00,PHYSICAL,SUSPICIOUS,1,
VPN-01106,2026-06-08 14:33:00+00:00,VPN_IAM,NORMAL,0,
NET-02113,2026-06-08 14:38:31+00:00,NETWORK,NORMAL,0,
NET-01753,2026-06-08 14:43:54+00:00,NETWORK,NORMAL,0,
NET-00697,2026-06-08 14:56:41+00:00,NETWORK,NORMAL,0,
NET-01150,2026-06-08 14:59:55+00:00,NETWORK,NORMAL,0,
EDR-00533,2026-06-08 15:00:38+00:00,ENDPOINT,NORMAL,0,
NET-01097,2026-06-08 15:01:14+00:00,NETWORK,NORMAL,0,
PHY-00855,2026-06-08 15:04:43+00:00,PHYSICAL,NORMAL,0,
VPN-00373,2026-06-08 15:04:45+00:00,VPN_IAM,NORMAL,0,
VPN-00124,2026-06-08 15:07:28+00:00,VPN_IAM,NORMAL,0,
EDR-00999,2026-06-08 15:13:15+00:00,ENDPOINT,NORMAL,0,
OT-01186,2026-06-08 15:14:00+00:00,OT_SCADA,NORMAL,0,
OT-00347,2026-06-08 15:22:44+00:00,OT_SCADA,NORMAL,0,
NOTE-00256,2026-06-08 15:26:09+00:00,TEXT,SUSPICIOUS,1,
OT-01631,2026-06-08 15:27:18+00:00,OT_SCADA,NORMAL,0,
PHY-00570,2026-06-08 15:27:58+00:00,PHYSICAL,NORMAL,0,
NET-00827,2026-06-08 15:31:23+00:00,NETWORK,NORMAL,0,
PHY-00492,2026-06-08 15:32:06+00:00,PHYSICAL,NORMAL,0,
OT-00288,2026-06-08 15:32:27+00:00,OT_SCADA,NORMAL,0,
NET-01806,2026-06-08 15:33:33+00:00,NETWORK,NORMAL,0,
CARGO-00642,2026-06-08 15:37:35+00:00,CARGO,NORMAL,0,
NET-01901,2026-06-08 15:38:05+00:00,NETWORK,NORMAL,0,
NET-00593,2026-06-08 15:57:45+00:00,NETWORK,NORMAL,0,
OT-01505,2026-06-08 16:02:34+00:00,OT_SCADA,NORMAL,0,
VPN-01325,2026-06-08 16:06:26+00:00,VPN_IAM,NORMAL,0,
OT-01031,2026-06-08 16:11:46+00:00,OT_SCADA,NORMAL,0,
CARGO-00805,2026-06-08 16:13:32+00:00,CARGO,SUSPICIOUS,1,
NET-00910,2026-06-08 16:17:39+00:00,NETWORK,NORMAL,0,
PHY-00639,2026-06-08 16:17:53+00:00,PHYSICAL,NORMAL,0,
PHY-00251,2026-06-08 16:22:15+00:00,PHYSICAL,NORMAL,0,
NET-01293,2026-06-08 16:27:38+00:00,NETWORK,NORMAL,0,
CARGO-00602,2026-06-08 16:31:50+00:00,CARGO,NORMAL,0,
CARGO-00576,2026-06-08 16:34:25+00:00,CARGO,SUSPICIOUS,1,
CARGO-00879,2026-06-08 16:34:33+00:00,CARGO,NORMAL,0,
VPN-00978,2026-06-08 16:36:37+00:00,VPN_IAM,NORMAL,0,
NET-01796,2026-06-08 16:43:50+00:00,NETWORK,NORMAL,0,
NET-01997,2026-06-08 16:47:25+00:00,NETWORK,NORMAL,0,
NOTE-00231,2026-06-08 16:47:31+00:00,TEXT,SUSPICIOUS,1,
VPN-00759,2026-06-08 16:48:51+00:00,VPN_IAM,NORMAL,0,
OT-00534,2026-06-08 16:50:43+00:00,OT_SCADA,NORMAL,0,
NET-00747,2026-06-08 16:57:19+00:00,NETWORK,NORMAL,0,
VPN-00983,2026-06-08 17:00:02+00:00,VPN_IAM,NORMAL,0,
OT-01711,2026-06-08 17:04:00+00:00,OT_SCADA,NORMAL,0,
EDR-01176,2026-06-08 17:08:45+00:00,ENDPOINT,NORMAL,0,
OT-00933,2026-06-08 17:09:32+00:00,OT_SCADA,NORMAL,0,
OT-01769,2026-06-08 17:15:19+00:00,OT_SCADA,NORMAL,0,
CARGO-01191,2026-06-08 17:17:51+00:00,CARGO,NORMAL,0,
PHY-00317,2026-06-08 17:26:58+00:00,PHYSICAL,NORMAL,0,
VPN-00356,2026-06-08 17:27:37+00:00,VPN_IAM,NORMAL,0,
NET-00164,2026-06-08 17:27:50+00:00,NETWORK,NORMAL,0,
OT-00437,2026-06-08 17:28:47+00:00,OT_SCADA,NORMAL,0,
PHY-00771,2026-06-08 17:29:41+00:00,PHYSICAL,NORMAL,0,
CARGO-00891,2026-06-08 17:31:51+00:00,CARGO,NORMAL,0,
PHY-00597,2026-06-08 17:35:13+00:00,PHYSICAL,NORMAL,0,
CARGO-00647,2026-06-08 17:44:43+00:00,CARGO,SUSPICIOUS,1,
PHY-00231,2026-06-08 17:47:44+00:00,PHYSICAL,NORMAL,0,
NOTE-00143,2026-06-08 17:49:08+00:00,TEXT,NORMAL,0,
EDR-00022,2026-06-08 18:01:28+00:00,ENDPOINT,NORMAL,0,
CARGO-00079,2026-06-08 18:02:10+00:00,CARGO,NORMAL,0,
OT-00100,2026-06-08 18:05:02+00:00,OT_SCADA,NORMAL,0,
OT-01010,2026-06-08 18:08:41+00:00,OT_SCADA,SUSPICIOUS,1,
VPN-00727,2026-06-08 18:15:15+00:00,VPN_IAM,NORMAL,0,
EDR-00145,2026-06-08 18:18:14+00:00,ENDPOINT,NORMAL,0,
VPN-01485,2026-06-08 18:24:35+00:00,VPN_IAM,NORMAL,0,
OT-01777,2026-06-08 18:29:52+00:00,OT_SCADA,NORMAL,0,
OT-00046,2026-06-08 18:34:19+00:00,OT_SCADA,NORMAL,0,
NET-01612,2026-06-08 18:39:56+00:00,NETWORK,SUSPICIOUS,1,
NET-02050,2026-06-08 18:40:14+00:00,NETWORK,NORMAL,0,
OT-00360,2026-06-08 18:48:38+00:00,OT_SCADA,NORMAL,0,
VPN-00746,2026-06-08 18:56:23+00:00,VPN_IAM,NORMAL,0,
OT-01028,2026-06-08 19:07:26+00:00,OT_SCADA,NORMAL,0,
OT-00218,2026-06-08 19:09:23+00:00,OT_SCADA,NORMAL,0,
NET-01568,2026-06-08 19:10:42+00:00,NETWORK,NORMAL,0,
NET-01709,2026-06-08 19:11:24+00:00,NETWORK,NORMAL,0,
EDR-00984,2026-06-08 19:11:39+00:00,ENDPOINT,NORMAL,0,
VPN-01753,2026-06-08 19:25:14+00:00,VPN_IAM,NORMAL,0,
PHY-00524,2026-06-08 19:26:13+00:00,PHYSICAL,NORMAL,0,
CARGO-00806,2026-06-08 19:32:58+00:00,CARGO,NORMAL,0,
PHY-00501,2026-06-08 19:37:26+00:00,PHYSICAL,NORMAL,0,
CARGO-00522,2026-06-08 19:40:13+00:00,CARGO,NORMAL,0,
NET-02180,2026-06-08 19:41:11+00:00,NETWORK,NORMAL,0,
NET-00238,2026-06-08 19:51:18+00:00,NETWORK,NORMAL,0,
OT-00298,2026-06-08 20:00:52+00:00,OT_SCADA,NORMAL,0,
NET-01634,2026-06-08 20:15:33+00:00,NETWORK,NORMAL,0,
VPN-00875,2026-06-08 20:18:21+00:00,VPN_IAM,NORMAL,0,
NET-00439,2026-06-08 20:18:39+00:00,NETWORK,NORMAL,0,
NET-01247,2026-06-08 20:19:39+00:00,NETWORK,NORMAL,0,
NET-01407,2026-06-08 20:26:10+00:00,NETWORK,NORMAL,0,
OT-00937,2026-06-08 20:27:24+00:00,OT_SCADA,NORMAL,0,
EDR-01144,2026-06-08 20:27:48+00:00,ENDPOINT,NORMAL,0,
NET-02159,2026-06-08 20:29:22+00:00,NETWORK,NORMAL,0,
NET-01530,2026-06-08 20:30:45+00:00,NETWORK,NORMAL,0,
VPN-00202,2026-06-08 20:32:50+00:00,VPN_IAM,NORMAL,0,
OT-00989,2026-06-08 20:41:30+00:00,OT_SCADA,NORMAL,0,
NET-00394,2026-06-08 20:42:19+00:00,NETWORK,NORMAL,0,
NET-00932,2026-06-08 20:48:15+00:00,NETWORK,NORMAL,0,
OT-00915,2026-06-08 20:49:39+00:00,OT_SCADA,NORMAL,0,
PHY-00012,2026-06-08 20:50:10+00:00,PHYSICAL,NORMAL,0,
VPN-00654,2026-06-08 20:53:55+00:00,VPN_IAM,NORMAL,0,
NET-02170,2026-06-08 20:54:32+00:00,NETWORK,SUSPICIOUS,1,
CARGO-00183,2026-06-08 21:00:13+00:00,CARGO,NORMAL,0,
VPN-00474,2026-06-08 21:14:23+00:00,VPN_IAM,NORMAL,0,
PHY-00618,2026-06-08 21:18:40+00:00,PHYSICAL,NORMAL,0,
EDR-01076,2026-06-08 21:27:45+00:00,ENDPOINT,NORMAL,0,
OT-01448,2026-06-08 21:28:00+00:00,OT_SCADA,NORMAL,0,
NET-02098,2026-06-08 21:36:18+00:00,NETWORK,NORMAL,0,
EDR-00505,2026-06-08 21:37:18+00:00,ENDPOINT,NORMAL,0,
NET-00273,2026-06-08 21:37:39+00:00,NETWORK,NORMAL,0,
EDR-00858,2026-06-08 21:45:43+00:00,ENDPOINT,NORMAL,0,
CARGO-00566,2026-06-08 21:46:14+00:00,CARGO,NORMAL,0,
NOTE-00086,2026-06-08 21:47:01+00:00,TEXT,NORMAL,0,
OT-01786,2026-06-08 21:47:53+00:00,OT_SCADA,NORMAL,0,
OT-01472,2026-06-08 21:55:20+00:00,OT_SCADA,NORMAL,0,
NET-01938,2026-06-08 21:58:03+00:00,NETWORK,NORMAL,0,
VPN-00338,2026-06-08 22:03:29+00:00,VPN_IAM,NORMAL,0,
OT-00169,2026-06-08 22:05:12+00:00,OT_SCADA,NORMAL,0,
OT-01275,2026-06-08 22:18:35+00:00,OT_SCADA,NORMAL,0,
VPN-01154,2026-06-08 22:19:01+00:00,VPN_IAM,NORMAL,0,
EDR-00010,2026-06-08 22:19:04+00:00,ENDPOINT,NORMAL,0,
VPN-00799,2026-06-08 22:28:57+00:00,VPN_IAM,NORMAL,0,
NET-02134,2026-06-08 22:29:35+00:00,NETWORK,SUSPICIOUS,1,
VPN-00008,2026-06-08 22:39:13+00:00,VPN_IAM,NORMAL,0,
EDR-00210,2026-06-08 22:39:43+00:00,ENDPOINT,NORMAL,0,
PHY-00091,2026-06-08 22:41:59+00:00,PHYSICAL,NORMAL,0,
CARGO-00170,2026-06-08 22:44:33+00:00,CARGO,NORMAL,0,
EDR-00753,2026-06-08 22:48:43+00:00,ENDPOINT,NORMAL,0,
PHY-00291,2026-06-08 22:59:02+00:00,PHYSICAL,NORMAL,0,
OT-00648,2026-06-08 23:00:37+00:00,OT_SCADA,SUSPICIOUS,1,
VPN-00701,2026-06-08 23:04:13+00:00,VPN_IAM,NORMAL,0,
VPN-01654,2026-06-08 23:07:19+00:00,VPN_IAM,NORMAL,0,
PHY-00424,2026-06-08 23:10:39+00:00,PHYSICAL,NORMAL,0,
OT-00036,2026-06-08 23:12:10+00:00,OT_SCADA,NORMAL,0,
NET-00619,2026-06-08 23:14:15+00:00,NETWORK,NORMAL,0,
NET-00694,2026-06-08 23:14:48+00:00,NETWORK,NORMAL,0,
VPN-01235,2026-06-08 23:18:50+00:00,VPN_IAM,NORMAL,0,
NET-01156,2026-06-08 23:19:46+00:00,NETWORK,NORMAL,0,
EDR-00656,2026-06-08 23:25:11+00:00,ENDPOINT,NORMAL,0,
NET-00746,2026-06-08 23:27:37+00:00,NETWORK,NORMAL,0,
NET-00188,2026-06-08 23:29:09+00:00,NETWORK,NORMAL,0,
EDR-00563,2026-06-08 23:36:26+00:00,ENDPOINT,NORMAL,0,
OT-01383,2026-06-08 23:36:38+00:00,OT_SCADA,NORMAL,0,
NET-01317,2026-06-08 23:38:04+00:00,NETWORK,NORMAL,0,
EDR-01043,2026-06-09 00:00:38+00:00,ENDPOINT,NORMAL,0,
VPN-00412,2026-06-09 00:06:52+00:00,VPN_IAM,NORMAL,0,
CARGO-00284,2026-06-09 00:07:11+00:00,CARGO,NORMAL,0,
VPN-00343,2026-06-09 00:25:09+00:00,VPN_IAM,NORMAL,0,
CARGO-01163,2026-06-09 00:29:08+00:00,CARGO,NORMAL,0,
EDR-01036,2026-06-09 00:34:46+00:00,ENDPOINT,NORMAL,0,
CARGO-00960,2026-06-09 00:38:36+00:00,CARGO,NORMAL,0,
VPN-00456,2026-06-09 00:40:37+00:00,VPN_IAM,NORMAL,0,
NET-01703,2026-06-09 00:42:52+00:00,NETWORK,NORMAL,0,
NET-01960,2026-06-09 00:47:56+00:00,NETWORK,NORMAL,0,
VPN-01175,2026-06-09 00:53:21+00:00,VPN_IAM,NORMAL,0,
OT-00841,2026-06-09 00:57:34+00:00,OT_SCADA,NORMAL,0,
NET-01978,2026-06-09 00:57:53+00:00,NETWORK,NORMAL,0,
CARGO-00276,2026-06-09 01:00:10+00:00,CARGO,NORMAL,0,
OT-01148,2026-06-09 01:05:44+00:00,OT_SCADA,NORMAL,0,
CARGO-00634,2026-06-09 01:09:53+00:00,CARGO,NORMAL,0,
VPN-00477,2026-06-09 01:10:11+00:00,VPN_IAM,NORMAL,0,
EDR-00465,2026-06-09 01:14:05+00:00,ENDPOINT,NORMAL,0,
OT-01265,2026-06-09 01:22:04+00:00,OT_SCADA,NORMAL,0,
OT-01458,2026-06-09 01:27:04+00:00,OT_SCADA,NORMAL,0,
VPN-00529,2026-06-09 01:30:18+00:00,VPN_IAM,NORMAL,0,
VPN-01797,2026-06-09 01:42:38+00:00,VPN_IAM,NORMAL,0,
EDR-00911,2026-06-09 01:45:33+00:00,ENDPOINT,NORMAL,0,
EDR-00965,2026-06-09 01:55:43+00:00,ENDPOINT,NORMAL,0,
OT-01213,2026-06-09 02:02:02+00:00,OT_SCADA,NORMAL,0,
NET-00699,2026-06-09 02:04:09+00:00,NETWORK,NORMAL,0,
EDR-00537,2026-06-09 02:07:22+00:00,ENDPOINT,NORMAL,0,
NET-00801,2026-06-09 02:08:17+00:00,NETWORK,NORMAL,0,
VPN-01576,2026-06-09 02:08:38+00:00,VPN_IAM,NORMAL,0,
OT-01177,2026-06-09 02:16:20+00:00,OT_SCADA,NORMAL,0,
NET-02115,2026-06-09 02:24:25+00:00,NETWORK,NORMAL,0,
EDR-00579,2026-06-09 02:28:58+00:00,ENDPOINT,NORMAL,0,
OT-01250,2026-06-09 02:29:08+00:00,OT_SCADA,NORMAL,0,
CARGO-00155,2026-06-09 02:31:32+00:00,CARGO,NORMAL,0,
VPN-01091,2026-06-09 02:44:45+00:00,VPN_IAM,NORMAL,0,
OT-00057,2026-06-09 02:53:02+00:00,OT_SCADA,NORMAL,0,
OT-01291,2026-06-09 02:56:25+00:00,OT_SCADA,NORMAL,0,
NET-01307,2026-06-09 03:03:51+00:00,NETWORK,NORMAL,0,
OT-00348,2026-06-09 03:04:06+00:00,OT_SCADA,NORMAL,0,
OT-00095,2026-06-09 03:07:34+00:00,OT_SCADA,NORMAL,0,
PHY-00748,2026-06-09 03:08:07+00:00,PHYSICAL,NORMAL,0,
EDR-00336,2026-06-09 03:21:00+00:00,ENDPOINT,NORMAL,0,
VPN-01526,2026-06-09 03:21:36+00:00,VPN_IAM,NORMAL,0,
PHY-00487,2026-06-09 03:23:50+00:00,PHYSICAL,NORMAL,0,
OT-00327,2026-06-09 03:33:47+00:00,OT_SCADA,NORMAL,0,
EDR-00964,2026-06-09 03:37:02+00:00,ENDPOINT,NORMAL,0,
EDR-00103,2026-06-09 03:37:16+00:00,ENDPOINT,NORMAL,0,
OT-00235,2026-06-09 03:42:27+00:00,OT_SCADA,NORMAL,0,
OT-01499,2026-06-09 03:43:51+00:00,OT_SCADA,NORMAL,0,
OT-01625,2026-06-09 03:49:10+00:00,OT_SCADA,NORMAL,0,
EDR-00665,2026-06-09 03:53:21+00:00,ENDPOINT,NORMAL,0,
PHY-00969,2026-06-09 03:58:40+00:00,PHYSICAL,NORMAL,0,
OT-00840,2026-06-09 04:04:13+00:00,OT_SCADA,NORMAL,0,
VPN-00152,2026-06-09 04:08:57+00:00,VPN_IAM,NORMAL,0,
NET-00309,2026-06-09 04:13:35+00:00,NETWORK,SUSPICIOUS,1,
PHY-00268,2026-06-09 04:16:30+00:00,PHYSICAL,NORMAL,0,
NOTE-00032,2026-06-09 04:24:26+00:00,TEXT,NORMAL,0,
EDR-00434,2026-06-09 04:33:04+00:00,ENDPOINT,NORMAL,0,
VPN-01092,2026-06-09 04:36:57+00:00,VPN_IAM,NORMAL,0,
OT-00642,2026-06-09 05:04:25+00:00,OT_SCADA,NORMAL,0,
NOTE-00073,2026-06-09 05:05:17+00:00,TEXT,SUSPICIOUS,1,
VPN-01267,2026-06-09 05:09:38+00:00,VPN_IAM,NORMAL,0,
OT-00147,2026-06-09 05:10:21+00:00,OT_SCADA,NORMAL,0,
NET-00214,2026-06-09 05:19:56+00:00,NETWORK,NORMAL,0,
VPN-01291,2026-06-09 05:32:07+00:00,VPN_IAM,SUSPICIOUS,1,
NET-00917,2026-06-09 05:53:14+00:00,NETWORK,NORMAL,0,
VPN-00661,2026-06-09 05:53:59+00:00,VPN_IAM,NORMAL,0,
PHY-00166,2026-06-09 05:56:55+00:00,PHYSICAL,NORMAL,0,
NET-00473,2026-06-09 06:03:58+00:00,NETWORK,NORMAL,0,
OT-00893,2026-06-09 06:09:17+00:00,OT_SCADA,NORMAL,0,
VPN-01272,2026-06-09 06:10:37+00:00,VPN_IAM,NORMAL,0,
OT-01783,2026-06-09 06:11:10+00:00,OT_SCADA,NORMAL,0,
NOTE-00135,2026-06-09 06:11:51+00:00,TEXT,SUSPICIOUS,1,
VPN-00001,2026-06-09 06:14:15+00:00,VPN_IAM,NORMAL,0,
EDR-00215,2026-06-09 06:15:00+00:00,ENDPOINT,NORMAL,0,
VPN-00657,2026-06-09 06:15:38+00:00,VPN_IAM,NORMAL,0,
NET-01450,2026-06-09 06:22:16+00:00,NETWORK,NORMAL,0,
NET-00841,2026-06-09 06:23:23+00:00,NETWORK,NORMAL,0,
OT-00959,2026-06-09 06:23:39+00:00,OT_SCADA,NORMAL,0,
CARGO-00209,2026-06-09 06:32:57+00:00,CARGO,NORMAL,0,
NET-00434,2026-06-09 06:34:03+00:00,NETWORK,NORMAL,0,
VPN-00987,2026-06-09 06:35:37+00:00,VPN_IAM,NORMAL,0,
NET-01362,2026-06-09 06:41:25+00:00,NETWORK,NORMAL,0,
OT-00154,2026-06-09 06:41:57+00:00,OT_SCADA,NORMAL,0,
VPN-00632,2026-06-09 06:48:21+00:00,VPN_IAM,NORMAL,0,
NET-00346,2026-06-09 06:50:18+00:00,NETWORK,NORMAL,0,
OT-01486,2026-06-09 06:50:35+00:00,OT_SCADA,NORMAL,0,
OT-00981,2026-06-09 06:53:25+00:00,OT_SCADA,SUSPICIOUS,1,
NET-02104,2026-06-09 07:03:20+00:00,NETWORK,NORMAL,0,
PHY-00089,2026-06-09 07:10:30+00:00,PHYSICAL,NORMAL,0,
OT-00695,2026-06-09 07:12:56+00:00,OT_SCADA,NORMAL,0,
EDR-01045,2026-06-09 07:13:36+00:00,ENDPOINT,NORMAL,0,
NET-01542,2026-06-09 07:15:54+00:00,NETWORK,NORMAL,0,
NET-00033,2026-06-09 07:19:44+00:00,NETWORK,NORMAL,0,
OT-00950,2026-06-09 07:23:43+00:00,OT_SCADA,NORMAL,0,
OT-01116,2026-06-09 07:26:19+00:00,OT_SCADA,NORMAL,0,
OT-00651,2026-06-09 07:27:55+00:00,OT_SCADA,NORMAL,0,
NET-01282,2026-06-09 07:31:41+00:00,NETWORK,NORMAL,0,
OT-01532,2026-06-09 07:39:38+00:00,OT_SCADA,NORMAL,0,
CARGO-01181,2026-06-09 07:42:18+00:00,CARGO,NORMAL,0,
NET-01936,2026-06-09 07:43:24+00:00,NETWORK,NORMAL,0,
VPN-01176,2026-06-09 07:52:09+00:00,VPN_IAM,NORMAL,0,
VPN-00915,2026-06-09 07:58:31+00:00,VPN_IAM,NORMAL,0,
CARGO-00017,2026-06-09 08:03:25+00:00,CARGO,NORMAL,0,
EDR-00345,2026-06-09 08:08:58+00:00,ENDPOINT,NORMAL,0,
NET-01107,2026-06-09 08:18:21+00:00,NETWORK,NORMAL,0,
OT-01776,2026-06-09 08:18:44+00:00,OT_SCADA,NORMAL,0,
PHY-00499,2026-06-09 08:20:12+00:00,PHYSICAL,NORMAL,0,
EDR-00011,2026-06-09 08:20:14+00:00,ENDPOINT,NORMAL,0,
VPN-01709,2026-06-09 08:25:55+00:00,VPN_IAM,NORMAL,0,
CARGO-01162,2026-06-09 08:27:00+00:00,CARGO,NORMAL,0,
PHY-00624,2026-06-09 08:40:04+00:00,PHYSICAL,NORMAL,0,
NET-01265,2026-06-09 08:42:21+00:00,NETWORK,NORMAL,0,
EDR-00580,2026-06-09 08:43:17+00:00,ENDPOINT,NORMAL,0,
NET-00378,2026-06-09 08:48:40+00:00,NETWORK,NORMAL,0,
NET-00949,2026-06-09 08:52:17+00:00,NETWORK,NORMAL,0,
NET-01015,2026-06-09 08:57:06+00:00,NETWORK,NORMAL,0,
CARGO-00337,2026-06-09 09:11:01+00:00,CARGO,NORMAL,0,
CARGO-00494,2026-06-09 09:15:41+00:00,CARGO,NORMAL,0,
NET-01410,2026-06-09 09:17:42+00:00,NETWORK,NORMAL,0,
CARGO-01031,2026-06-09 09:19:36+00:00,CARGO,NORMAL,0,
VPN-00346,2026-06-09 09:22:34+00:00,VPN_IAM,NORMAL,0,
NET-00571,2026-06-09 09:23:45+00:00,NETWORK,NORMAL,0,
VPN-01639,2026-06-09 09:24:27+00:00,VPN_IAM,NORMAL,0,
NET-01352,2026-06-09 09:27:06+00:00,NETWORK,NORMAL,0,
NET-02140,2026-06-09 09:27:20+00:00,NETWORK,NORMAL,0,
OT-00973,2026-06-09 09:27:52+00:00,OT_SCADA,NORMAL,0,
VPN-00026,2026-06-09 09:27:58+00:00,VPN_IAM,NORMAL,0,
NET-01923,2026-06-09 09:28:21+00:00,NETWORK,NORMAL,0,
PHY-00272,2026-06-09 09:28:42+00:00,PHYSICAL,NORMAL,0,
OT-00798,2026-06-09 09:37:13+00:00,OT_SCADA,NORMAL,0,
NET-00634,2026-06-09 09:41:08+00:00,NETWORK,NORMAL,0,
PHY-00347,2026-06-09 09:52:25+00:00,PHYSICAL,NORMAL,0,
PHY-00113,2026-06-09 10:00:33+00:00,PHYSICAL,NORMAL,0,
PHY-00004,2026-06-09 10:03:54+00:00,PHYSICAL,NORMAL,0,
NET-01387,2026-06-09 10:11:35+00:00,NETWORK,NORMAL,0,
PHY-00074,2026-06-09 10:12:09+00:00,PHYSICAL,NORMAL,0,
NET-00040,2026-06-09 10:15:54+00:00,NETWORK,NORMAL,0,
CARGO-01128,2026-06-09 10:21:15+00:00,CARGO,NORMAL,0,
CARGO-00877,2026-06-09 10:27:33+00:00,CARGO,NORMAL,0,
CARGO-00507,2026-06-09 10:35:58+00:00,CARGO,NORMAL,0,
OT-00382,2026-06-09 10:38:00+00:00,OT_SCADA,NORMAL,0,
OT-01795,2026-06-09 10:42:03+00:00,OT_SCADA,NORMAL,0,
NET-01087,2026-06-09 10:45:39+00:00,NETWORK,SUSPICIOUS,1,
NET-01687,2026-06-09 10:47:53+00:00,NETWORK,NORMAL,0,
OT-01534,2026-06-09 10:51:28+00:00,OT_SCADA,NORMAL,0,
OT-01155,2026-06-09 10:51:36+00:00,OT_SCADA,NORMAL,0,
NET-00340,2026-06-09 11:04:01+00:00,NETWORK,NORMAL,0,
NET-02106,2026-06-09 11:09:29+00:00,NETWORK,NORMAL,0,
EDR-00496,2026-06-09 11:10:30+00:00,ENDPOINT,NORMAL,0,
CARGO-01073,2026-06-09 11:23:24+00:00,CARGO,NORMAL,0,
CARGO-01025,2026-06-09 11:32:00+00:00,CARGO,NORMAL,0,
EDR-00169,2026-06-09 11:39:39+00:00,ENDPOINT,NORMAL,0,
NET-01721,2026-06-09 11:42:30+00:00,NETWORK,NORMAL,0,
EDR-00597,2026-06-09 11:43:27+00:00,ENDPOINT,NORMAL,0,
NET-01141,2026-06-09 11:44:58+00:00,NETWORK,NORMAL,0,
VPN-01761,2026-06-09 11:49:12+00:00,VPN_IAM,NORMAL,0,
OT-01477,2026-06-09 11:56:39+00:00,OT_SCADA,NORMAL,0,
OT-00461,2026-06-09 11:57:30+00:00,OT_SCADA,NORMAL,0,
NET-00368,2026-06-09 12:02:04+00:00,NETWORK,NORMAL,0,
NET-00534,2026-06-09 12:03:17+00:00,NETWORK,NORMAL,0,
PHY-00672,2026-06-09 12:05:17+00:00,PHYSICAL,NORMAL,0,
EDR-00848,2026-06-09 12:12:20+00:00,ENDPOINT,NORMAL,0,
EDR-00440,2026-06-09 12:13:26+00:00,ENDPOINT,NORMAL,0,
NOTE-00056,2026-06-09 12:14:02+00:00,TEXT,NORMAL,0,
NOTE-00018,2026-06-09 12:15:47+00:00,TEXT,SUSPICIOUS,1,
NET-01256,2026-06-09 12:23:39+00:00,NETWORK,NORMAL,0,
VPN-00023,2026-06-09 12:25:16+00:00,VPN_IAM,NORMAL,0,
CARGO-01195,2026-06-09 12:25:52+00:00,CARGO,NORMAL,0,
EDR-00501,2026-06-09 12:30:54+00:00,ENDPOINT,NORMAL,0,
PHY-00592,2026-06-09 12:32:16+00:00,PHYSICAL,NORMAL,0,
EDR-01132,2026-06-09 12:33:56+00:00,ENDPOINT,NORMAL,0,
CARGO-00242,2026-06-09 12:34:51+00:00,CARGO,NORMAL,0,
NOTE-00079,2026-06-09 12:44:11+00:00,TEXT,NORMAL,0,
OT-00733,2026-06-09 12:49:02+00:00,OT_SCADA,NORMAL,0,
EDR-00366,2026-06-09 12:49:19+00:00,ENDPOINT,NORMAL,0,
PHY-00464,2026-06-09 12:52:03+00:00,PHYSICAL,NORMAL,0,
EDR-01069,2026-06-09 12:53:03+00:00,ENDPOINT,NORMAL,0,
PHY-00301,2026-06-09 12:55:33+00:00,PHYSICAL,NORMAL,0,
OT-01395,2026-06-09 13:02:31+00:00,OT_SCADA,NORMAL,0,
VPN-00849,2026-06-09 13:06:39+00:00,VPN_IAM,NORMAL,0,
NET-01700,2026-06-09 13:07:55+00:00,NETWORK,NORMAL,0,
EDR-00349,2026-06-09 13:20:39+00:00,ENDPOINT,NORMAL,0,
OT-01090,2026-06-09 13:21:16+00:00,OT_SCADA,NORMAL,0,
NET-01220,2026-06-09 13:24:22+00:00,NETWORK,NORMAL,0,
NET-00491,2026-06-09 13:27:24+00:00,NETWORK,SUSPICIOUS,1,
VPN-00644,2026-06-09 13:33:55+00:00,VPN_IAM,NORMAL,0,
NET-02189,2026-06-09 13:38:45+00:00,NETWORK,NORMAL,0,
VPN-00289,2026-06-09 13:44:35+00:00,VPN_IAM,NORMAL,0,
VPN-00995,2026-06-09 13:59:20+00:00,VPN_IAM,NORMAL,0,
OT-00115,2026-06-09 14:06:40+00:00,OT_SCADA,SUSPICIOUS,1,
PHY-00776,2026-06-09 14:07:06+00:00,PHYSICAL,NORMAL,0,
PHY-00136,2026-06-09 14:16:13+00:00,PHYSICAL,NORMAL,0,
NET-01064,2026-06-09 14:17:55+00:00,NETWORK,NORMAL,0,
OT-00416,2026-06-09 14:21:32+00:00,OT_SCADA,NORMAL,0,
NET-01155,2026-06-09 14:27:52+00:00,NETWORK,NORMAL,0,
CARGO-00810,2026-06-09 14:31:58+00:00,CARGO,NORMAL,0,
OT-01730,2026-06-09 14:34:13+00:00,OT_SCADA,NORMAL,0,
PHY-00518,2026-06-09 14:37:05+00:00,PHYSICAL,NORMAL,0,
NOTE-00189,2026-06-09 14:37:32+00:00,TEXT,NORMAL,0,
EDR-00100,2026-06-09 14:39:06+00:00,ENDPOINT,NORMAL,0,
EDR-00710,2026-06-09 14:50:55+00:00,ENDPOINT,NORMAL,0,
EDR-01095,2026-06-09 15:00:50+00:00,ENDPOINT,NORMAL,0,
PHY-00264,2026-06-09 15:08:08+00:00,PHYSICAL,NORMAL,0,
VPN-00874,2026-06-09 15:15:00+00:00,VPN_IAM,NORMAL,0,
EDR-00459,2026-06-09 15:15:05+00:00,ENDPOINT,NORMAL,0,
VPN-01434,2026-06-09 15:17:48+00:00,VPN_IAM,NORMAL,0,
CARGO-00106,2026-06-09 15:18:42+00:00,CARGO,NORMAL,0,
VPN-00414,2026-06-09 15:19:26+00:00,VPN_IAM,NORMAL,0,
CARGO-00932,2026-06-09 15:21:25+00:00,CARGO,NORMAL,0,
VPN-00003,2026-06-09 15:36:50+00:00,VPN_IAM,NORMAL,0,
NET-01392,2026-06-09 15:38:10+00:00,NETWORK,NORMAL,0,
PHY-00479,2026-06-09 15:38:43+00:00,PHYSICAL,NORMAL,0,
OT-01876,2026-06-09 15:40:39+00:00,OT_SCADA,NORMAL,0,
VPN-00503,2026-06-09 15:42:41+00:00,VPN_IAM,NORMAL,0,
PHY-00528,2026-06-09 15:45:09+00:00,PHYSICAL,NORMAL,0,
VPN-01701,2026-06-09 15:45:27+00:00,VPN_IAM,NORMAL,0,
NET-00128,2026-06-09 15:50:26+00:00,NETWORK,SUSPICIOUS,1,
PHY-00046,2026-06-09 15:51:44+00:00,PHYSICAL,NORMAL,0,
VPN-00757,2026-06-09 15:53:29+00:00,VPN_IAM,NORMAL,0,
VPN-00521,2026-06-09 16:00:03+00:00,VPN_IAM,NORMAL,0,
OT-00247,2026-06-09 16:03:53+00:00,OT_SCADA,SUSPICIOUS,1,
NET-00317,2026-06-09 16:08:52+00:00,NETWORK,NORMAL,0,
OT-00064,2026-06-09 16:12:10+00:00,OT_SCADA,NORMAL,0,
PHY-00087,2026-06-09 16:18:41+00:00,PHYSICAL,NORMAL,0,
NET-02081,2026-06-09 16:23:37+00:00,NETWORK,NORMAL,0,
OT-01237,2026-06-09 16:23:57+00:00,OT_SCADA,NORMAL,0,
CARGO-00460,2026-06-09 16:25:30+00:00,CARGO,NORMAL,0,
PHY-00287,2026-06-09 16:27:10+00:00,PHYSICAL,NORMAL,0,
OT-01414,2026-06-09 16:31:28+00:00,OT_SCADA,NORMAL,0,
NET-01810,2026-06-09 16:34:12+00:00,NETWORK,NORMAL,0,
CARGO-00027,2026-06-09 16:35:14+00:00,CARGO,NORMAL,0,
OT-00691,2026-06-09 16:35:18+00:00,OT_SCADA,NORMAL,0,
NET-00239,2026-06-09 16:38:04+00:00,NETWORK,NORMAL,0,
VPN-00470,2026-06-09 16:45:06+00:00,VPN_IAM,NORMAL,0,
CARGO-00758,2026-06-09 16:53:09+00:00,CARGO,NORMAL,0,
VPN-00041,2026-06-09 16:59:52+00:00,VPN_IAM,NORMAL,0,
PHY-00839,2026-06-09 17:00:40+00:00,PHYSICAL,NORMAL,0,
OT-00191,2026-06-09 17:01:51+00:00,OT_SCADA,NORMAL,0,
NET-00768,2026-06-09 17:03:08+00:00,NETWORK,NORMAL,0,
NET-01920,2026-06-09 17:04:09+00:00,NETWORK,NORMAL,0,
EDR-00744,2026-06-09 17:04:33+00:00,ENDPOINT,NORMAL,0,
OT-01561,2026-06-09 17:10:52+00:00,OT_SCADA,NORMAL,0,
EDR-00245,2026-06-09 17:22:01+00:00,ENDPOINT,NORMAL,0,
EDR-00206,2026-06-09 17:22:46+00:00,ENDPOINT,NORMAL,0,
VPN-00839,2026-06-09 17:36:01+00:00,VPN_IAM,NORMAL,0,
NET-00558,2026-06-09 17:36:06+00:00,NETWORK,NORMAL,0,
OT-01469,2026-06-09 17:37:45+00:00,OT_SCADA,NORMAL,0,
OT-01124,2026-06-09 18:01:49+00:00,OT_SCADA,NORMAL,0,
OT-01396,2026-06-09 18:04:26+00:00,OT_SCADA,NORMAL,0,
EDR-00101,2026-06-09 18:06:22+00:00,ENDPOINT,NORMAL,0,
PHY-00743,2026-06-09 18:09:49+00:00,PHYSICAL,NORMAL,0,
EDR-00014,2026-06-09 18:15:44+00:00,ENDPOINT,NORMAL,0,
NET-00580,2026-06-09 18:18:45+00:00,NETWORK,NORMAL,0,
OT-01233,2026-06-09 18:19:25+00:00,OT_SCADA,NORMAL,0,
NET-00537,2026-06-09 18:43:04+00:00,NETWORK,NORMAL,0,
NET-01565,2026-06-09 18:49:05+00:00,NETWORK,NORMAL,0,
VPN-01349,2026-06-09 19:00:37+00:00,VPN_IAM,NORMAL,0,
VPN-00627,2026-06-09 19:02:38+00:00,VPN_IAM,NORMAL,0,
VPN-00970,2026-06-09 19:04:19+00:00,VPN_IAM,NORMAL,0,
CARGO-01187,2026-06-09 19:07:54+00:00,CARGO,NORMAL,0,
OT-00279,2026-06-09 19:18:54+00:00,OT_SCADA,NORMAL,0,
EDR-00036,2026-06-09 19:20:35+00:00,ENDPOINT,NORMAL,0,
CARGO-01119,2026-06-09 19:24:39+00:00,CARGO,NORMAL,0,
OT-00301,2026-06-09 19:27:06+00:00,OT_SCADA,NORMAL,0,
EDR-00337,2026-06-09 19:32:19+00:00,ENDPOINT,NORMAL,0,
OT-00698,2026-06-09 19:35:05+00:00,OT_SCADA,NORMAL,0,
EDR-01030,2026-06-09 19:38:07+00:00,ENDPOINT,NORMAL,0,
NET-01596,2026-06-09 19:45:43+00:00,NETWORK,NORMAL,0,
NOTE-00099,2026-06-09 20:08:02+00:00,TEXT,SUSPICIOUS,1,
NET-01172,2026-06-09 20:09:10+00:00,NETWORK,NORMAL,0,
VPN-00966,2026-06-09 20:11:01+00:00,VPN_IAM,NORMAL,0,
NET-01114,2026-06-09 20:12:59+00:00,NETWORK,SUSPICIOUS,1,
VPN-01760,2026-06-09 20:14:48+00:00,VPN_IAM,SUSPICIOUS,1,
CARGO-00659,2026-06-09 20:14:58+00:00,CARGO,NORMAL,0,
EDR-00172,2026-06-09 20:25:23+00:00,ENDPOINT,NORMAL,0,
EDR-01015,2026-06-09 20:35:10+00:00,ENDPOINT,NORMAL,0,
NET-00920,2026-06-09 20:41:48+00:00,NETWORK,NORMAL,0,
NET-01100,2026-06-09 20:45:46+00:00,NETWORK,NORMAL,0,
NET-00938,2026-06-09 20:50:21+00:00,NETWORK,NORMAL,0,
VPN-01594,2026-06-09 20:51:07+00:00,VPN_IAM,NORMAL,0,
EDR-00354,2026-06-09 20:51:56+00:00,ENDPOINT,NORMAL,0,
NET-00710,2026-06-09 20:56:01+00:00,NETWORK,NORMAL,0,
VPN-00523,2026-06-09 20:56:25+00:00,VPN_IAM,NORMAL,0,
OT-01462,2026-06-09 20:59:27+00:00,OT_SCADA,NORMAL,0,
CARGO-00295,2026-06-09 21:02:42+00:00,CARGO,NORMAL,0,
VPN-01327,2026-06-09 21:03:03+00:00,VPN_IAM,NORMAL,0,
EDR-01086,2026-06-09 21:10:44+00:00,ENDPOINT,NORMAL,0,
NET-00586,2026-06-09 21:11:26+00:00,NETWORK,SUSPICIOUS,1,
VPN-00838,2026-06-09 21:11:53+00:00,VPN_IAM,NORMAL,0,
OT-00070,2026-06-09 21:18:53+00:00,OT_SCADA,NORMAL,0,
NOTE-00261,2026-06-09 21:25:41+00:00,TEXT,NORMAL,0,
CARGO-00256,2026-06-09 21:29:12+00:00,CARGO,NORMAL,0,
CARGO-00543,2026-06-09 21:44:33+00:00,CARGO,NORMAL,0,
CARGO-00311,2026-06-09 21:47:08+00:00,CARGO,NORMAL,0,
OT-00388,2026-06-09 21:49:40+00:00,OT_SCADA,NORMAL,0,
OT-01683,2026-06-09 21:52:06+00:00,OT_SCADA,NORMAL,0,
VPN-00464,2026-06-09 21:52:07+00:00,VPN_IAM,NORMAL,0,
PHY-00257,2026-06-09 21:59:40+00:00,PHYSICAL,NORMAL,0,
NET-00352,2026-06-09 22:01:09+00:00,NETWORK,NORMAL,0,
OT-00485,2026-06-09 22:01:47+00:00,OT_SCADA,NORMAL,0,
VPN-00417,2026-06-09 22:02:14+00:00,VPN_IAM,NORMAL,0,
PHY-00867,2026-06-09 22:02:29+00:00,PHYSICAL,SUSPICIOUS,1,
OT-00078,2026-06-09 22:05:49+00:00,OT_SCADA,NORMAL,0,
OT-01877,2026-06-09 22:07:02+00:00,OT_SCADA,NORMAL,0,
OT-00467,2026-06-09 22:16:54+00:00,OT_SCADA,SUSPICIOUS,1,
PHY-00587,2026-06-09 22:17:10+00:00,PHYSICAL,NORMAL,0,
EDR-00963,2026-06-09 22:18:00+00:00,ENDPOINT,NORMAL,0,
VPN-01733,2026-06-09 22:33:45+00:00,VPN_IAM,NORMAL,0,
VPN-01678,2026-06-09 22:35:35+00:00,VPN_IAM,NORMAL,0,
NOTE-00115,2026-06-09 22:36:30+00:00,TEXT,NORMAL,0,
PHY-00283,2026-06-09 22:38:31+00:00,PHYSICAL,NORMAL,0,
CARGO-00486,2026-06-09 22:45:13+00:00,CARGO,NORMAL,0,
PHY-00327,2026-06-09 22:46:35+00:00,PHYSICAL,NORMAL,0,
NET-01438,2026-06-09 22:46:52+00:00,NETWORK,NORMAL,0,
CARGO-00061,2026-06-09 22:48:50+00:00,CARGO,NORMAL,0,
EDR-00903,2026-06-09 22:53:55+00:00,ENDPOINT,NORMAL,0,
OT-00109,2026-06-09 22:58:00+00:00,OT_SCADA,NORMAL,0,
VPN-00596,2026-06-09 23:02:28+00:00,VPN_IAM,NORMAL,0,
NET-01310,2026-06-09 23:10:05+00:00,NETWORK,NORMAL,0,
NET-02091,2026-06-09 23:17:16+00:00,NETWORK,NORMAL,0,
OT-01799,2026-06-09 23:18:24+00:00,OT_SCADA,NORMAL,0,
NET-01388,2026-06-09 23:19:40+00:00,NETWORK,NORMAL,0,
NET-00165,2026-06-09 23:19:45+00:00,NETWORK,NORMAL,0,
OT-00250,2026-06-09 23:31:21+00:00,OT_SCADA,NORMAL,0,
EDR-00071,2026-06-09 23:40:10+00:00,ENDPOINT,NORMAL,0,
EDR-00078,2026-06-09 23:46:17+00:00,ENDPOINT,NORMAL,0,
PHY-00107,2026-06-09 23:48:35+00:00,PHYSICAL,NORMAL,0,
NET-00198,2026-06-09 23:50:38+00:00,NETWORK,NORMAL,0,
CARGO-00444,2026-06-09 23:58:53+00:00,CARGO,NORMAL,0,
VPN-01089,2026-06-10 00:02:27+00:00,VPN_IAM,NORMAL,0,
VPN-00416,2026-06-10 00:02:54+00:00,VPN_IAM,NORMAL,0,
OT-01523,2026-06-10 00:10:22+00:00,OT_SCADA,NORMAL,0,
EDR-01140,2026-06-10 00:18:23+00:00,ENDPOINT,NORMAL,0,
NET-01883,2026-06-10 00:18:54+00:00,NETWORK,NORMAL,0,
NET-00613,2026-06-10 00:19:51+00:00,NETWORK,SUSPICIOUS,1,
NOTE-00251,2026-06-10 00:19:54+00:00,TEXT,NORMAL,0,
OT-00790,2026-06-10 00:22:03+00:00,OT_SCADA,NORMAL,0,
PHY-00682,2026-06-10 00:23:45+00:00,PHYSICAL,NORMAL,0,
OT-00486,2026-06-10 00:26:19+00:00,OT_SCADA,NORMAL,0,
PHY-00198,2026-06-10 00:28:56+00:00,PHYSICAL,NORMAL,0,
NOTE-00063,2026-06-10 00:31:20+00:00,TEXT,NORMAL,0,
VPN-01554,2026-06-10 00:34:15+00:00,VPN_IAM,NORMAL,0,
NET-00381,2026-06-10 00:35:31+00:00,NETWORK,NORMAL,0,
OT-00325,2026-06-10 00:44:55+00:00,OT_SCADA,NORMAL,0,
PHY-00381,2026-06-10 00:48:16+00:00,PHYSICAL,NORMAL,0,
OT-00087,2026-06-10 00:53:02+00:00,OT_SCADA,NORMAL,0,
PHY-00681,2026-06-10 00:55:58+00:00,PHYSICAL,NORMAL,0,
NET-00454,2026-06-10 00:59:55+00:00,NETWORK,NORMAL,0,
NET-00168,2026-06-10 01:03:49+00:00,NETWORK,NORMAL,0,
VPN-01278,2026-06-10 01:15:06+00:00,VPN_IAM,NORMAL,0,
NET-01108,2026-06-10 01:19:05+00:00,NETWORK,NORMAL,0,
OT-01940,2026-06-10 01:20:05+00:00,OT_SCADA,NORMAL,0,
NET-01961,2026-06-10 01:26:10+00:00,NETWORK,NORMAL,0,
EDR-00165,2026-06-10 01:27:59+00:00,ENDPOINT,NORMAL,0,
OT-00827,2026-06-10 01:28:29+00:00,OT_SCADA,NORMAL,0,
PHY-00140,2026-06-10 01:28:52+00:00,PHYSICAL,NORMAL,0,
EDR-00188,2026-06-10 01:30:44+00:00,ENDPOINT,NORMAL,0,
CARGO-00644,2026-06-10 01:33:04+00:00,CARGO,NORMAL,0,
NET-01001,2026-06-10 01:35:20+00:00,NETWORK,SUSPICIOUS,1,
OT-01736,2026-06-10 01:36:08+00:00,OT_SCADA,NORMAL,0,
CARGO-00658,2026-06-10 01:41:44+00:00,CARGO,NORMAL,0,
NOTE-00129,2026-06-10 01:44:22+00:00,TEXT,NORMAL,0,
NET-01868,2026-06-10 01:50:57+00:00,NETWORK,NORMAL,0,
PHY-00404,2026-06-10 01:51:50+00:00,PHYSICAL,NORMAL,0,
VPN-01082,2026-06-10 01:57:37+00:00,VPN_IAM,NORMAL,0,
OT-01925,2026-06-10 01:58:05+00:00,OT_SCADA,NORMAL,0,
EDR-00094,2026-06-10 02:02:18+00:00,ENDPOINT,NORMAL,0,
OT-00332,2026-06-10 02:11:43+00:00,OT_SCADA,NORMAL,0,
CARGO-00412,2026-06-10 02:20:30+00:00,CARGO,NORMAL,0,
VPN-00386,2026-06-10 02:25:32+00:00,VPN_IAM,SUSPICIOUS,1,
NET-00100,2026-06-10 02:27:22+00:00,NETWORK,NORMAL,0,
OT-00655,2026-06-10 02:29:14+00:00,OT_SCADA,NORMAL,0,
PHY-00559,2026-06-10 02:30:17+00:00,PHYSICAL,NORMAL,0,
OT-00404,2026-06-10 02:30:54+00:00,OT_SCADA,NORMAL,0,
NET-00363,2026-06-10 02:32:53+00:00,NETWORK,SUSPICIOUS,1,
CARGO-00811,2026-06-10 02:33:28+00:00,CARGO,NORMAL,0,
OT-01853,2026-06-10 02:40:38+00:00,OT_SCADA,NORMAL,0,
NET-00104,2026-06-10 02:42:45+00:00,NETWORK,SUSPICIOUS,1,
VPN-01223,2026-06-10 02:43:09+00:00,VPN_IAM,NORMAL,0,
VPN-00545,2026-06-10 02:44:45+00:00,VPN_IAM,NORMAL,0,
VPN-00123,2026-06-10 02:46:47+00:00,VPN_IAM,NORMAL,0,
PHY-00963,2026-06-10 03:01:19+00:00,PHYSICAL,NORMAL,0,
NET-00020,2026-06-10 03:05:36+00:00,NETWORK,NORMAL,0,
EDR-00063,2026-06-10 03:06:21+00:00,ENDPOINT,SUSPICIOUS,1,
OT-00009,2026-06-10 03:12:28+00:00,OT_SCADA,NORMAL,0,
NET-01732,2026-06-10 03:16:21+00:00,NETWORK,NORMAL,0,
NET-00260,2026-06-10 03:16:27+00:00,NETWORK,NORMAL,0,
OT-01146,2026-06-10 03:21:41+00:00,OT_SCADA,NORMAL,0,
OT-01158,2026-06-10 03:23:41+00:00,OT_SCADA,NORMAL,0,
NET-00909,2026-06-10 03:29:20+00:00,NETWORK,NORMAL,0,
OT-00369,2026-06-10 03:50:41+00:00,OT_SCADA,NORMAL,0,
NET-01610,2026-06-10 03:55:38+00:00,NETWORK,NORMAL,0,
NET-00025,2026-06-10 03:56:37+00:00,NETWORK,NORMAL,0,
VPN-01149,2026-06-10 04:03:49+00:00,VPN_IAM,NORMAL,0,
NET-01416,2026-06-10 04:04:07+00:00,NETWORK,NORMAL,0,
PHY-00027,2026-06-10 04:08:59+00:00,PHYSICAL,NORMAL,0,
NET-00459,2026-06-10 04:10:49+00:00,NETWORK,NORMAL,0,
VPN-00082,2026-06-10 04:11:10+00:00,VPN_IAM,NORMAL,0,
PHY-00022,2026-06-10 04:25:51+00:00,PHYSICAL,NORMAL,0,
NET-02075,2026-06-10 04:44:30+00:00,NETWORK,NORMAL,0,
VPN-00454,2026-06-10 04:57:30+00:00,VPN_IAM,NORMAL,0,
EDR-00355,2026-06-10 05:04:22+00:00,ENDPOINT,NORMAL,0,
PHY-00680,2026-06-10 05:18:56+00:00,PHYSICAL,NORMAL,0,
VPN-01179,2026-06-10 05:19:53+00:00,VPN_IAM,NORMAL,0,
CARGO-01020,2026-06-10 05:26:58+00:00,CARGO,NORMAL,0,
VPN-01044,2026-06-10 05:39:53+00:00,VPN_IAM,NORMAL,0,
EDR-01139,2026-06-10 05:40:11+00:00,ENDPOINT,NORMAL,0,
NET-00053,2026-06-10 05:41:35+00:00,NETWORK,NORMAL,0,
OT-00214,2026-06-10 05:48:24+00:00,OT_SCADA,NORMAL,0,
OT-00905,2026-06-10 05:50:48+00:00,OT_SCADA,NORMAL,0,
VPN-01125,2026-06-10 05:54:06+00:00,VPN_IAM,NORMAL,0,
PHY-00764,2026-06-10 05:58:54+00:00,PHYSICAL,NORMAL,0,
NET-00384,2026-06-10 05:58:58+00:00,NETWORK,NORMAL,0,
EDR-00577,2026-06-10 06:16:33+00:00,ENDPOINT,NORMAL,0,
NET-01979,2026-06-10 06:16:41+00:00,NETWORK,NORMAL,0,
PHY-00960,2026-06-10 06:24:06+00:00,PHYSICAL,NORMAL,0,
EDR-00622,2026-06-10 06:26:15+00:00,ENDPOINT,NORMAL,0,
EDR-00212,2026-06-10 06:30:20+00:00,ENDPOINT,NORMAL,0,
NET-01420,2026-06-10 06:33:12+00:00,NETWORK,NORMAL,0,
NOTE-00146,2026-06-10 06:34:25+00:00,TEXT,NORMAL,0,
NET-02063,2026-06-10 06:36:48+00:00,NETWORK,NORMAL,0,
EDR-00874,2026-06-10 06:40:21+00:00,ENDPOINT,NORMAL,0,
VPN-01064,2026-06-10 06:42:50+00:00,VPN_IAM,NORMAL,0,
EDR-00023,2026-06-10 06:43:09+00:00,ENDPOINT,NORMAL,0,
PHY-00834,2026-06-10 06:44:12+00:00,PHYSICAL,NORMAL,0,
CARGO-00260,2026-06-10 06:47:57+00:00,CARGO,NORMAL,0,
OT-00860,2026-06-10 06:52:19+00:00,OT_SCADA,NORMAL,0,
OT-01553,2026-06-10 07:00:05+00:00,OT_SCADA,NORMAL,0,
PHY-00612,2026-06-10 07:05:12+00:00,PHYSICAL,NORMAL,0,
OT-01203,2026-06-10 07:05:37+00:00,OT_SCADA,NORMAL,0,
OT-01231,2026-06-10 07:09:11+00:00,OT_SCADA,NORMAL,0,
CARGO-00063,2026-06-10 07:09:41+00:00,CARGO,NORMAL,0,
CARGO-00795,2026-06-10 07:15:00+00:00,CARGO,NORMAL,0,
EDR-00178,2026-06-10 07:16:26+00:00,ENDPOINT,NORMAL,0,
EDR-00662,2026-06-10 07:24:17+00:00,ENDPOINT,NORMAL,0,
EDR-00360,2026-06-10 07:33:07+00:00,ENDPOINT,NORMAL,0,
CARGO-00236,2026-06-10 07:39:46+00:00,CARGO,NORMAL,0,
VPN-01006,2026-06-10 07:40:19+00:00,VPN_IAM,NORMAL,0,
NET-00645,2026-06-10 07:46:15+00:00,NETWORK,NORMAL,0,
OT-00000,2026-06-10 07:53:34+00:00,OT_SCADA,NORMAL,0,
OT-00966,2026-06-10 08:03:15+00:00,OT_SCADA,NORMAL,0,
PHY-00558,2026-06-10 08:11:17+00:00,PHYSICAL,NORMAL,0,
NOTE-00075,2026-06-10 08:18:04+00:00,TEXT,NORMAL,0,
NET-02053,2026-06-10 08:20:48+00:00,NETWORK,NORMAL,0,
CARGO-00167,2026-06-10 08:22:05+00:00,CARGO,NORMAL,0,
VPN-01729,2026-06-10 08:31:09+00:00,VPN_IAM,NORMAL,0,
VPN-00483,2026-06-10 08:44:18+00:00,VPN_IAM,SUSPICIOUS,1,
VPN-01638,2026-06-10 08:44:50+00:00,VPN_IAM,NORMAL,0,
NET-01225,2026-06-10 08:47:13+00:00,NETWORK,NORMAL,0,
NET-00057,2026-06-10 09:03:40+00:00,NETWORK,NORMAL,0,
NOTE-00201,2026-06-10 09:10:07+00:00,TEXT,NORMAL,0,
PHY-00950,2026-06-10 09:17:45+00:00,PHYSICAL,NORMAL,0,
NOTE-00145,2026-06-10 09:19:06+00:00,TEXT,NORMAL,0,
PHY-00697,2026-06-10 09:21:55+00:00,PHYSICAL,NORMAL,0,
CARGO-00087,2026-06-10 09:24:53+00:00,CARGO,NORMAL,0,
EDR-00745,2026-06-10 09:32:44+00:00,ENDPOINT,NORMAL,0,
VPN-01313,2026-06-10 09:42:01+00:00,VPN_IAM,NORMAL,0,
VPN-01444,2026-06-10 09:52:28+00:00,VPN_IAM,NORMAL,0,
OT-01571,2026-06-10 09:55:29+00:00,OT_SCADA,NORMAL,0,
OT-01475,2026-06-10 09:56:47+00:00,OT_SCADA,NORMAL,0,
OT-01898,2026-06-10 10:02:12+00:00,OT_SCADA,NORMAL,0,
NET-00886,2026-06-10 10:03:35+00:00,NETWORK,NORMAL,0,
NET-00936,2026-06-10 10:05:16+00:00,NETWORK,NORMAL,0,
PHY-00277,2026-06-10 10:05:49+00:00,PHYSICAL,NORMAL,0,
NET-00650,2026-06-10 10:09:04+00:00,NETWORK,NORMAL,0,
CARGO-00224,2026-06-10 10:10:33+00:00,CARGO,NORMAL,0,
NET-00628,2026-06-10 10:11:03+00:00,NETWORK,NORMAL,0,
NET-02184,2026-06-10 10:12:19+00:00,NETWORK,NORMAL,0,
OT-00209,2026-06-10 10:14:44+00:00,OT_SCADA,NORMAL,0,
CARGO-00270,2026-06-10 10:20:11+00:00,CARGO,NORMAL,0,
VPN-01352,2026-06-10 10:20:41+00:00,VPN_IAM,NORMAL,0,
PHY-00309,2026-06-10 10:20:59+00:00,PHYSICAL,NORMAL,0,
CARGO-00986,2026-06-10 10:21:56+00:00,CARGO,NORMAL,0,
VPN-00241,2026-06-10 10:22:01+00:00,VPN_IAM,NORMAL,0,
OT-01865,2026-06-10 10:28:11+00:00,OT_SCADA,NORMAL,0,
NET-01290,2026-06-10 10:38:39+00:00,NETWORK,NORMAL,0,
OT-00501,2026-06-10 10:44:20+00:00,OT_SCADA,NORMAL,0,
NET-00798,2026-06-10 10:45:27+00:00,NETWORK,NORMAL,0,
CARGO-00395,2026-06-10 10:48:16+00:00,CARGO,SUSPICIOUS,1,
PHY-00434,2026-06-10 10:48:20+00:00,PHYSICAL,SUSPICIOUS,1,
CARGO-00331,2026-06-10 10:49:22+00:00,CARGO,NORMAL,0,
OT-00490,2026-06-10 10:51:00+00:00,OT_SCADA,NORMAL,0,
CARGO-00910,2026-06-10 10:52:21+00:00,CARGO,NORMAL,0,
VPN-01450,2026-06-10 11:01:42+00:00,VPN_IAM,NORMAL,0,
NOTE-00199,2026-06-10 11:04:38+00:00,TEXT,NORMAL,0,
OT-01015,2026-06-10 11:13:39+00:00,OT_SCADA,NORMAL,0,
NET-00653,2026-06-10 11:19:21+00:00,NETWORK,SUSPICIOUS,1,
CARGO-01131,2026-06-10 11:21:03+00:00,CARGO,NORMAL,0,
PHY-00312,2026-06-10 11:21:35+00:00,PHYSICAL,NORMAL,0,
CARGO-00542,2026-06-10 11:26:39+00:00,CARGO,NORMAL,0,
OT-00611,2026-06-10 11:26:46+00:00,OT_SCADA,NORMAL,0,
OT-01750,2026-06-10 11:34:45+00:00,OT_SCADA,NORMAL,0,
OT-00097,2026-06-10 11:35:57+00:00,OT_SCADA,NORMAL,0,
NET-01498,2026-06-10 11:44:41+00:00,NETWORK,SUSPICIOUS,1,
NET-01379,2026-06-10 11:57:04+00:00,NETWORK,NORMAL,0,
OT-00524,2026-06-10 11:57:30+00:00,OT_SCADA,NORMAL,0,
NET-00365,2026-06-10 11:58:37+00:00,NETWORK,NORMAL,0,
NET-02157,2026-06-10 12:04:15+00:00,NETWORK,NORMAL,0,
EDR-00764,2026-06-10 12:09:16+00:00,ENDPOINT,NORMAL,0,
PHY-00993,2026-06-10 12:11:49+00:00,PHYSICAL,NORMAL,0,
VPN-00789,2026-06-10 12:14:17+00:00,VPN_IAM,NORMAL,0,
VPN-01142,2026-06-10 12:15:43+00:00,VPN_IAM,NORMAL,0,
VPN-01117,2026-06-10 12:15:43+00:00,VPN_IAM,NORMAL,0,
OT-00314,2026-06-10 12:16:18+00:00,OT_SCADA,NORMAL,0,
EDR-00889,2026-06-10 12:26:29+00:00,ENDPOINT,NORMAL,0,
OT-00631,2026-06-10 12:38:28+00:00,OT_SCADA,NORMAL,0,
VPN-01495,2026-06-10 12:47:32+00:00,VPN_IAM,NORMAL,0,
PHY-00311,2026-06-10 12:54:21+00:00,PHYSICAL,NORMAL,0,
OT-00521,2026-06-10 12:59:45+00:00,OT_SCADA,NORMAL,0,
OT-00839,2026-06-10 13:01:46+00:00,OT_SCADA,NORMAL,0,
CARGO-00130,2026-06-10 13:11:21+00:00,CARGO,SUSPICIOUS,1,
VPN-01636,2026-06-10 13:11:37+00:00,VPN_IAM,NORMAL,0,
NET-01538,2026-06-10 13:12:51+00:00,NETWORK,NORMAL,0,
OT-00874,2026-06-10 13:23:47+00:00,OT_SCADA,NORMAL,0,
OT-01016,2026-06-10 13:25:31+00:00,OT_SCADA,NORMAL,0,
OT-00124,2026-06-10 13:28:49+00:00,OT_SCADA,NORMAL,0,
NET-00735,2026-06-10 13:33:36+00:00,NETWORK,NORMAL,0,
OT-00551,2026-06-10 13:40:23+00:00,OT_SCADA,NORMAL,0,
VPN-00179,2026-06-10 13:41:35+00:00,VPN_IAM,NORMAL,0,
OT-00557,2026-06-10 13:43:41+00:00,OT_SCADA,NORMAL,0,
CARGO-00453,2026-06-10 13:44:57+00:00,CARGO,NORMAL,0,
OT-01987,2026-06-10 13:45:35+00:00,OT_SCADA,SUSPICIOUS,1,
EDR-00340,2026-06-10 13:50:24+00:00,ENDPOINT,NORMAL,0,
CARGO-00428,2026-06-10 13:52:08+00:00,CARGO,NORMAL,0,
VPN-00257,2026-06-10 13:58:39+00:00,VPN_IAM,NORMAL,0,
VPN-01226,2026-06-10 14:03:57+00:00,VPN_IAM,NORMAL,0,
NET-01273,2026-06-10 14:07:09+00:00,NETWORK,NORMAL,0,
VPN-00923,2026-06-10 14:08:49+00:00,VPN_IAM,NORMAL,0,
CARGO-00127,2026-06-10 14:21:22+00:00,CARGO,NORMAL,0,
VPN-01622,2026-06-10 14:23:04+00:00,VPN_IAM,NORMAL,0,
VPN-00172,2026-06-10 14:37:13+00:00,VPN_IAM,NORMAL,0,
PHY-00800,2026-06-10 15:13:14+00:00,PHYSICAL,SUSPICIOUS,1,
VPN-01719,2026-06-10 15:13:48+00:00,VPN_IAM,NORMAL,0,
VPN-01061,2026-06-10 15:14:22+00:00,VPN_IAM,NORMAL,0,
NET-00632,2026-06-10 15:16:43+00:00,NETWORK,NORMAL,0,
OT-00089,2026-06-10 15:23:35+00:00,OT_SCADA,NORMAL,0,
VPN-00535,2026-06-10 15:30:37+00:00,VPN_IAM,NORMAL,0,
VPN-01187,2026-06-10 15:36:50+00:00,VPN_IAM,NORMAL,0,
OT-00971,2026-06-10 15:46:52+00:00,OT_SCADA,NORMAL,0,
CARGO-01156,2026-06-10 15:50:51+00:00,CARGO,NORMAL,0,
VPN-00639,2026-06-10 15:51:53+00:00,VPN_IAM,NORMAL,0,
EDR-00604,2026-06-10 16:05:40+00:00,ENDPOINT,NORMAL,0,
NET-00382,2026-06-10 16:28:06+00:00,NETWORK,NORMAL,0,
CARGO-01069,2026-06-10 16:34:05+00:00,CARGO,NORMAL,0,
EDR-00720,2026-06-10 16:45:06+00:00,ENDPOINT,NORMAL,0,
NET-00916,2026-06-10 16:48:36+00:00,NETWORK,SUSPICIOUS,1,
VPN-00853,2026-06-10 16:56:13+00:00,VPN_IAM,NORMAL,0,
NET-00667,2026-06-10 16:56:55+00:00,NETWORK,NORMAL,0,
VPN-01423,2026-06-10 16:58:27+00:00,VPN_IAM,NORMAL,0,
VPN-00750,2026-06-10 16:59:56+00:00,VPN_IAM,NORMAL,0,
NET-01835,2026-06-10 17:03:54+00:00,NETWORK,NORMAL,0,
NET-01129,2026-06-10 17:04:38+00:00,NETWORK,NORMAL,0,
CARGO-00264,2026-06-10 17:27:40+00:00,CARGO,NORMAL,0,
OT-01444,2026-06-10 17:27:53+00:00,OT_SCADA,NORMAL,0,
CARGO-01164,2026-06-10 17:28:21+00:00,CARGO,NORMAL,0,
VPN-01031,2026-06-10 17:33:12+00:00,VPN_IAM,NORMAL,0,
PHY-00223,2026-06-10 17:48:44+00:00,PHYSICAL,NORMAL,0,
NET-01783,2026-06-10 17:52:26+00:00,NETWORK,NORMAL,0,
NET-01594,2026-06-10 17:52:36+00:00,NETWORK,NORMAL,0,
NET-01053,2026-06-10 17:54:06+00:00,NETWORK,NORMAL,0,
OT-00760,2026-06-10 17:55:15+00:00,OT_SCADA,NORMAL,0,
VPN-00827,2026-06-10 17:55:19+00:00,VPN_IAM,NORMAL,0,
PHY-00058,2026-06-10 17:56:56+00:00,PHYSICAL,NORMAL,0,
NET-01359,2026-06-10 17:57:53+00:00,NETWORK,NORMAL,0,
OT-01577,2026-06-10 18:03:25+00:00,OT_SCADA,NORMAL,0,
NET-01118,2026-06-10 18:08:27+00:00,NETWORK,NORMAL,0,
CARGO-00044,2026-06-10 18:14:27+00:00,CARGO,NORMAL,0,
EDR-00420,2026-06-10 18:20:00+00:00,ENDPOINT,NORMAL,0,
CARGO-01115,2026-06-10 18:20:36+00:00,CARGO,NORMAL,0,
OT-01113,2026-06-10 18:25:25+00:00,OT_SCADA,NORMAL,0,
OT-01044,2026-06-10 18:25:39+00:00,OT_SCADA,NORMAL,0,
NET-00565,2026-06-10 18:27:26+00:00,NETWORK,NORMAL,0,
CARGO-00046,2026-06-10 18:29:11+00:00,CARGO,NORMAL,0,
EDR-00055,2026-06-10 18:30:46+00:00,ENDPOINT,NORMAL,0,
VPN-01474,2026-06-10 18:41:12+00:00,VPN_IAM,NORMAL,0,
NET-00101,2026-06-10 18:48:34+00:00,NETWORK,NORMAL,0,
VPN-00139,2026-06-10 18:53:06+00:00,VPN_IAM,NORMAL,0,
NET-00763,2026-06-10 18:57:21+00:00,NETWORK,NORMAL,0,
OT-01620,2026-06-10 19:01:34+00:00,OT_SCADA,NORMAL,0,
NET-00963,2026-06-10 19:06:51+00:00,NETWORK,NORMAL,0,
OT-00409,2026-06-10 19:12:32+00:00,OT_SCADA,NORMAL,0,
EDR-00709,2026-06-10 19:14:28+00:00,ENDPOINT,NORMAL,0,
PHY-00007,2026-06-10 19:16:31+00:00,PHYSICAL,NORMAL,0,
OT-00630,2026-06-10 19:32:38+00:00,OT_SCADA,NORMAL,0,
PHY-00781,2026-06-10 19:33:15+00:00,PHYSICAL,NORMAL,0,
CARGO-01072,2026-06-10 19:39:20+00:00,CARGO,NORMAL,0,
OT-01597,2026-06-10 19:49:27+00:00,OT_SCADA,NORMAL,0,
EDR-00272,2026-06-10 19:57:53+00:00,ENDPOINT,NORMAL,0,
PHY-00097,2026-06-10 19:58:19+00:00,PHYSICAL,NORMAL,0,
NET-00609,2026-06-10 20:05:08+00:00,NETWORK,NORMAL,0,
CARGO-01030,2026-06-10 20:06:52+00:00,CARGO,NORMAL,0,
OT-00368,2026-06-10 20:08:17+00:00,OT_SCADA,NORMAL,0,
VPN-00208,2026-06-10 20:15:38+00:00,VPN_IAM,NORMAL,0,
OT-00346,2026-06-10 20:15:40+00:00,OT_SCADA,NORMAL,0,
OT-01470,2026-06-10 20:15:42+00:00,OT_SCADA,NORMAL,0,
VPN-00016,2026-06-10 20:20:00+00:00,VPN_IAM,NORMAL,0,
NET-02019,2026-06-10 20:29:34+00:00,NETWORK,NORMAL,0,
EDR-00158,2026-06-10 20:35:50+00:00,ENDPOINT,NORMAL,0,
OT-01335,2026-06-10 20:43:43+00:00,OT_SCADA,NORMAL,0,
EDR-01174,2026-06-10 20:44:44+00:00,ENDPOINT,NORMAL,0,
EDR-00120,2026-06-10 20:53:54+00:00,ENDPOINT,NORMAL,0,
VPN-00176,2026-06-10 21:04:32+00:00,VPN_IAM,NORMAL,0,
PHY-00562,2026-06-10 21:06:56+00:00,PHYSICAL,NORMAL,0,
NET-01620,2026-06-10 21:10:18+00:00,NETWORK,NORMAL,0,
OT-01417,2026-06-10 21:13:39+00:00,OT_SCADA,NORMAL,0,
EDR-00281,2026-06-10 21:14:08+00:00,ENDPOINT,NORMAL,0,
VPN-00196,2026-06-10 21:20:33+00:00,VPN_IAM,NORMAL,0,
NET-01478,2026-06-10 21:22:37+00:00,NETWORK,NORMAL,0,
NET-01497,2026-06-10 21:26:02+00:00,NETWORK,NORMAL,0,
EDR-00435,2026-06-10 21:33:49+00:00,ENDPOINT,NORMAL,0,
EDR-00556,2026-06-10 21:34:14+00:00,ENDPOINT,NORMAL,0,
NOTE-00188,2026-06-10 21:37:10+00:00,TEXT,SUSPICIOUS,1,
CARGO-00558,2026-06-10 21:48:20+00:00,CARGO,NORMAL,0,
CARGO-00946,2026-06-10 21:52:07+00:00,CARGO,NORMAL,0,
OT-00663,2026-06-10 21:53:26+00:00,OT_SCADA,NORMAL,0,
NET-00633,2026-06-10 22:02:50+00:00,NETWORK,NORMAL,0,
NOTE-00161,2026-06-10 22:10:03+00:00,TEXT,NORMAL,0,
NET-01176,2026-06-10 22:10:30+00:00,NETWORK,NORMAL,0,
NOTE-00066,2026-06-10 22:22:22+00:00,TEXT,NORMAL,0,
CARGO-00447,2026-06-10 22:27:31+00:00,CARGO,NORMAL,0,
PHY-00746,2026-06-10 22:36:38+00:00,PHYSICAL,NORMAL,0,
OT-01496,2026-06-10 22:39:30+00:00,OT_SCADA,NORMAL,0,
OT-01719,2026-06-10 22:40:33+00:00,OT_SCADA,NORMAL,0,
CARGO-00140,2026-06-10 22:56:07+00:00,CARGO,NORMAL,0,
PHY-00064,2026-06-10 22:56:35+00:00,PHYSICAL,NORMAL,0,
NET-02133,2026-06-10 22:58:51+00:00,NETWORK,NORMAL,0,
VPN-00434,2026-06-10 23:01:58+00:00,VPN_IAM,SUSPICIOUS,1,
OT-01513,2026-06-10 23:08:15+00:00,OT_SCADA,NORMAL,0,
OT-01388,2026-06-10 23:12:30+00:00,OT_SCADA,NORMAL,0,
NET-01171,2026-06-10 23:24:41+00:00,NETWORK,NORMAL,0,
PHY-00263,2026-06-10 23:26:59+00:00,PHYSICAL,NORMAL,0,
OT-01593,2026-06-10 23:28:18+00:00,OT_SCADA,NORMAL,0,
CARGO-00575,2026-06-10 23:33:41+00:00,CARGO,NORMAL,0,
VPN-00984,2026-06-10 23:45:15+00:00,VPN_IAM,NORMAL,0,
VPN-00428,2026-06-10 23:48:35+00:00,VPN_IAM,NORMAL,0,
EDR-00381,2026-06-10 23:51:53+00:00,ENDPOINT,NORMAL,0,
PHY-00174,2026-06-10 23:59:12+00:00,PHYSICAL,NORMAL,0,
VPN-01043,2026-06-11 00:00:21+00:00,VPN_IAM,NORMAL,0,
NET-01078,2026-06-11 00:02:53+00:00,NETWORK,NORMAL,0,
EDR-00626,2026-06-11 00:03:31+00:00,ENDPOINT,NORMAL,0,
EDR-00483,2026-06-11 00:04:18+00:00,ENDPOINT,NORMAL,0,
CARGO-00686,2026-06-11 00:06:35+00:00,CARGO,NORMAL,0,
VPN-01328,2026-06-11 00:17:57+00:00,VPN_IAM,NORMAL,0,
OT-00004,2026-06-11 00:18:07+00:00,OT_SCADA,NORMAL,0,
VPN-00810,2026-06-11 00:21:29+00:00,VPN_IAM,NORMAL,0,
VPN-00787,2026-06-11 00:27:04+00:00,VPN_IAM,NORMAL,0,
VPN-01131,2026-06-11 00:27:39+00:00,VPN_IAM,NORMAL,0,
NET-01339,2026-06-11 00:32:40+00:00,NETWORK,NORMAL,0,
EDR-00525,2026-06-11 00:50:43+00:00,ENDPOINT,NORMAL,0,
CARGO-00818,2026-06-11 00:58:24+00:00,CARGO,NORMAL,0,
VPN-00155,2026-06-11 00:59:15+00:00,VPN_IAM,NORMAL,0,
PHY-00936,2026-06-11 01:05:27+00:00,PHYSICAL,NORMAL,0,
NET-00241,2026-06-11 01:09:23+00:00,NETWORK,NORMAL,0,
PHY-00170,2026-06-11 01:10:02+00:00,PHYSICAL,NORMAL,0,
PHY-00846,2026-06-11 01:10:44+00:00,PHYSICAL,NORMAL,0,
EDR-00481,2026-06-11 01:11:54+00:00,ENDPOINT,NORMAL,0,
OT-01367,2026-06-11 01:13:04+00:00,OT_SCADA,NORMAL,0,
OT-00353,2026-06-11 01:20:23+00:00,OT_SCADA,NORMAL,0,
EDR-01031,2026-06-11 01:23:38+00:00,ENDPOINT,NORMAL,0,
PHY-00857,2026-06-11 01:24:29+00:00,PHYSICAL,NORMAL,0,
NET-02136,2026-06-11 01:35:17+00:00,NETWORK,NORMAL,0,
OT-01230,2026-06-11 01:41:27+00:00,OT_SCADA,NORMAL,0,
OT-00040,2026-06-11 01:43:13+00:00,OT_SCADA,NORMAL,0,
PHY-00984,2026-06-11 01:46:20+00:00,PHYSICAL,NORMAL,0,
CARGO-00305,2026-06-11 01:51:20+00:00,CARGO,NORMAL,0,
NET-01358,2026-06-11 01:52:37+00:00,NETWORK,NORMAL,0,
CARGO-01003,2026-06-11 01:53:34+00:00,CARGO,NORMAL,0,
EDR-00968,2026-06-11 01:54:17+00:00,ENDPOINT,NORMAL,0,
VPN-01635,2026-06-11 01:59:05+00:00,VPN_IAM,NORMAL,0,
VPN-00004,2026-06-11 02:00:19+00:00,VPN_IAM,NORMAL,0,
PHY-00716,2026-06-11 02:01:58+00:00,PHYSICAL,NORMAL,0,
VPN-01600,2026-06-11 02:05:29+00:00,VPN_IAM,NORMAL,0,
NET-00629,2026-06-11 02:07:29+00:00,NETWORK,NORMAL,0,
VPN-00223,2026-06-11 02:07:50+00:00,VPN_IAM,NORMAL,0,
OT-01700,2026-06-11 02:36:43+00:00,OT_SCADA,NORMAL,0,
NET-01306,2026-06-11 02:39:17+00:00,NETWORK,NORMAL,0,
OT-01381,2026-06-11 02:39:54+00:00,OT_SCADA,NORMAL,0,
VPN-00852,2026-06-11 02:44:46+00:00,VPN_IAM,NORMAL,0,
OT-00935,2026-06-11 02:48:26+00:00,OT_SCADA,NORMAL,0,
VPN-00378,2026-06-11 02:50:41+00:00,VPN_IAM,NORMAL,0,
VPN-01462,2026-06-11 02:59:42+00:00,VPN_IAM,NORMAL,0,
NET-01378,2026-06-11 03:02:57+00:00,NETWORK,NORMAL,0,
OT-00569,2026-06-11 03:04:10+00:00,OT_SCADA,NORMAL,0,
NET-00278,2026-06-11 03:07:14+00:00,NETWORK,SUSPICIOUS,1,
CARGO-00872,2026-06-11 03:09:24+00:00,CARGO,NORMAL,0,
VPN-01500,2026-06-11 03:10:02+00:00,VPN_IAM,NORMAL,0,
PHY-00406,2026-06-11 03:13:07+00:00,PHYSICAL,NORMAL,0,
VPN-00114,2026-06-11 03:13:09+00:00,VPN_IAM,NORMAL,0,
VPN-00287,2026-06-11 03:15:57+00:00,VPN_IAM,NORMAL,0,
EDR-01082,2026-06-11 03:25:25+00:00,ENDPOINT,NORMAL,0,
OT-00566,2026-06-11 03:27:38+00:00,OT_SCADA,NORMAL,0,
NOTE-00245,2026-06-11 03:34:20+00:00,TEXT,SUSPICIOUS,1,
OT-01790,2026-06-11 03:35:17+00:00,OT_SCADA,NORMAL,0,
OT-00101,2026-06-11 03:38:07+00:00,OT_SCADA,NORMAL,0,
OT-00432,2026-06-11 03:39:03+00:00,OT_SCADA,NORMAL,0,
VPN-01606,2026-06-11 03:46:17+00:00,VPN_IAM,NORMAL,0,
OT-01252,2026-06-11 03:48:51+00:00,OT_SCADA,NORMAL,0,
VPN-01090,2026-06-11 03:52:56+00:00,VPN_IAM,SUSPICIOUS,1,
EDR-00818,2026-06-11 04:01:36+00:00,ENDPOINT,NORMAL,0,
CARGO-00009,2026-06-11 04:05:39+00:00,CARGO,NORMAL,0,
NET-01099,2026-06-11 04:12:19+00:00,NETWORK,NORMAL,0,
CARGO-00689,2026-06-11 04:21:27+00:00,CARGO,NORMAL,0,
NET-01615,2026-06-11 04:29:35+00:00,NETWORK,NORMAL,0,
PHY-00983,2026-06-11 04:36:32+00:00,PHYSICAL,NORMAL,0,
EDR-00952,2026-06-11 04:41:11+00:00,ENDPOINT,NORMAL,0,
OT-00249,2026-06-11 04:55:42+00:00,OT_SCADA,NORMAL,0,
VPN-00537,2026-06-11 05:03:31+00:00,VPN_IAM,NORMAL,0,
EDR-01197,2026-06-11 05:08:09+00:00,ENDPOINT,NORMAL,0,
VPN-01007,2026-06-11 05:16:03+00:00,VPN_IAM,SUSPICIOUS,1,
OT-00021,2026-06-11 05:19:51+00:00,OT_SCADA,NORMAL,0,
PHY-00033,2026-06-11 05:25:24+00:00,PHYSICAL,NORMAL,0,
NET-01376,2026-06-11 05:35:10+00:00,NETWORK,NORMAL,0,
EDR-00738,2026-06-11 05:39:45+00:00,ENDPOINT,NORMAL,0,
NET-00315,2026-06-11 05:53:35+00:00,NETWORK,NORMAL,0,
PHY-00324,2026-06-11 06:02:58+00:00,PHYSICAL,NORMAL,0,
NOTE-00177,2026-06-11 06:06:12+00:00,TEXT,NORMAL,0,
CARGO-00730,2026-06-11 06:09:04+00:00,CARGO,NORMAL,0,
EDR-00413,2026-06-11 06:10:18+00:00,ENDPOINT,NORMAL,0,
PHY-00773,2026-06-11 06:10:55+00:00,PHYSICAL,NORMAL,0,
NET-00258,2026-06-11 06:13:51+00:00,NETWORK,NORMAL,0,
EDR-00826,2026-06-11 06:13:53+00:00,ENDPOINT,NORMAL,0,
CARGO-00511,2026-06-11 06:26:53+00:00,CARGO,NORMAL,0,
OT-01348,2026-06-11 06:30:09+00:00,OT_SCADA,NORMAL,0,
PHY-00937,2026-06-11 06:37:12+00:00,PHYSICAL,NORMAL,0,
NET-01627,2026-06-11 06:38:39+00:00,NETWORK,NORMAL,0,
CARGO-00026,2026-06-11 06:50:30+00:00,CARGO,NORMAL,0,
CARGO-00116,2026-06-11 06:52:05+00:00,CARGO,NORMAL,0,
EDR-00098,2026-06-11 06:52:12+00:00,ENDPOINT,NORMAL,0,
NET-01737,2026-06-11 06:57:48+00:00,NETWORK,NORMAL,0,
CARGO-00348,2026-06-11 07:01:12+00:00,CARGO,NORMAL,0,
CARGO-00969,2026-06-11 07:07:33+00:00,CARGO,NORMAL,0,
OT-01034,2026-06-11 07:10:21+00:00,OT_SCADA,NORMAL,0,
OT-01852,2026-06-11 07:11:49+00:00,OT_SCADA,NORMAL,0,
OT-00720,2026-06-11 07:16:48+00:00,OT_SCADA,NORMAL,0,
OT-01045,2026-06-11 07:24:30+00:00,OT_SCADA,NORMAL,0,
OT-00085,2026-06-11 07:24:49+00:00,OT_SCADA,NORMAL,0,
PHY-00386,2026-06-11 07:25:28+00:00,PHYSICAL,NORMAL,0,
EDR-00944,2026-06-11 07:30:34+00:00,ENDPOINT,NORMAL,0,
CARGO-00429,2026-06-11 07:50:31+00:00,CARGO,NORMAL,0,
EDR-00902,2026-06-11 07:52:46+00:00,ENDPOINT,NORMAL,0,
NET-01151,2026-06-11 07:53:01+00:00,NETWORK,NORMAL,0,
EDR-00461,2026-06-11 07:54:02+00:00,ENDPOINT,NORMAL,0,
NET-01757,2026-06-11 08:03:56+00:00,NETWORK,NORMAL,0,
NET-01130,2026-06-11 08:07:39+00:00,NETWORK,NORMAL,0,
VPN-01427,2026-06-11 08:15:28+00:00,VPN_IAM,NORMAL,0,
NET-01994,2026-06-11 08:17:41+00:00,NETWORK,NORMAL,0,
VPN-00262,2026-06-11 08:18:04+00:00,VPN_IAM,NORMAL,0,
NET-01614,2026-06-11 08:25:41+00:00,NETWORK,NORMAL,0,
NET-01584,2026-06-11 08:28:23+00:00,NETWORK,NORMAL,0,
NET-00193,2026-06-11 08:36:52+00:00,NETWORK,NORMAL,0,
NET-01840,2026-06-11 08:37:02+00:00,NETWORK,NORMAL,0,
CARGO-00680,2026-06-11 08:41:07+00:00,CARGO,NORMAL,0,
NET-00011,2026-06-11 08:41:09+00:00,NETWORK,NORMAL,0,
OT-00970,2026-06-11 08:50:50+00:00,OT_SCADA,NORMAL,0,
VPN-01671,2026-06-11 08:51:14+00:00,VPN_IAM,NORMAL,0,
VPN-00567,2026-06-11 08:52:13+00:00,VPN_IAM,NORMAL,0,
NET-01170,2026-06-11 08:57:18+00:00,NETWORK,NORMAL,0,
PHY-00567,2026-06-11 08:58:34+00:00,PHYSICAL,NORMAL,0,
PHY-00388,2026-06-11 09:00:38+00:00,PHYSICAL,SUSPICIOUS,1,
PHY-00456,2026-06-11 09:07:49+00:00,PHYSICAL,NORMAL,0,
VPN-00807,2026-06-11 09:15:08+00:00,VPN_IAM,NORMAL,0,
CARGO-01152,2026-06-11 09:17:40+00:00,CARGO,NORMAL,0,
PHY-00652,2026-06-11 09:27:17+00:00,PHYSICAL,NORMAL,0,
VPN-00600,2026-06-11 09:30:28+00:00,VPN_IAM,NORMAL,0,
OT-01934,2026-06-11 09:34:31+00:00,OT_SCADA,NORMAL,0,
VPN-00879,2026-06-11 10:02:17+00:00,VPN_IAM,NORMAL,0,
VPN-00574,2026-06-11 10:02:41+00:00,VPN_IAM,NORMAL,0,
VPN-00924,2026-06-11 10:03:59+00:00,VPN_IAM,NORMAL,0,
VPN-00898,2026-06-11 10:05:43+00:00,VPN_IAM,NORMAL,0,
NET-00857,2026-06-11 10:10:52+00:00,NETWORK,NORMAL,0,
NOTE-00263,2026-06-11 10:13:29+00:00,TEXT,SUSPICIOUS,1,
PHY-00121,2026-06-11 10:18:18+00:00,PHYSICAL,NORMAL,0,
NET-00982,2026-06-11 10:19:02+00:00,NETWORK,NORMAL,0,
VPN-01020,2026-06-11 10:21:34+00:00,VPN_IAM,NORMAL,0,
OT-00113,2026-06-11 10:27:47+00:00,OT_SCADA,NORMAL,0,
EDR-00763,2026-06-11 10:33:57+00:00,ENDPOINT,NORMAL,0,
EDR-00107,2026-06-11 10:38:23+00:00,ENDPOINT,NORMAL,0,
VPN-01115,2026-06-11 10:41:55+00:00,VPN_IAM,NORMAL,0,
PHY-00724,2026-06-11 10:44:06+00:00,PHYSICAL,NORMAL,0,
CARGO-00824,2026-06-11 10:46:01+00:00,CARGO,NORMAL,0,
VPN-00492,2026-06-11 10:51:59+00:00,VPN_IAM,NORMAL,0,
OT-01643,2026-06-11 10:53:21+00:00,OT_SCADA,NORMAL,0,
NET-01214,2026-06-11 10:55:25+00:00,NETWORK,NORMAL,0,
NET-01666,2026-06-11 10:59:40+00:00,NETWORK,NORMAL,0,
NET-00829,2026-06-11 11:10:43+00:00,NETWORK,NORMAL,0,
VPN-01748,2026-06-11 11:14:50+00:00,VPN_IAM,NORMAL,0,
VPN-01751,2026-06-11 11:15:06+00:00,VPN_IAM,NORMAL,0,
PHY-00371,2026-06-11 11:22:54+00:00,PHYSICAL,NORMAL,0,
VPN-01375,2026-06-11 11:30:34+00:00,VPN_IAM,NORMAL,0,
OT-00633,2026-06-11 11:36:20+00:00,OT_SCADA,NORMAL,0,
OT-01394,2026-06-11 11:37:48+00:00,OT_SCADA,NORMAL,0,
CARGO-00752,2026-06-11 11:40:40+00:00,CARGO,NORMAL,0,
OT-00804,2026-06-11 11:43:59+00:00,OT_SCADA,NORMAL,0,
NET-00789,2026-06-11 11:46:07+00:00,NETWORK,NORMAL,0,
NOTE-00148,2026-06-11 11:51:22+00:00,TEXT,NORMAL,0,
EDR-00891,2026-06-11 11:51:22+00:00,ENDPOINT,NORMAL,0,
VPN-01337,2026-06-11 11:54:47+00:00,VPN_IAM,NORMAL,0,
NET-01513,2026-06-11 11:55:46+00:00,NETWORK,NORMAL,0,
CARGO-00712,2026-06-11 12:00:53+00:00,CARGO,NORMAL,0,
VPN-01553,2026-06-11 12:02:57+00:00,VPN_IAM,NORMAL,0,
CARGO-00472,2026-06-11 12:05:10+00:00,CARGO,NORMAL,0,
VPN-01694,2026-06-11 12:12:10+00:00,VPN_IAM,NORMAL,0,
VPN-01311,2026-06-11 12:12:21+00:00,VPN_IAM,NORMAL,0,
EDR-00013,2026-06-11 12:12:52+00:00,ENDPOINT,NORMAL,0,
CARGO-00289,2026-06-11 12:17:28+00:00,CARGO,NORMAL,0,
NET-01088,2026-06-11 12:21:41+00:00,NETWORK,NORMAL,0,
VPN-01637,2026-06-11 12:22:25+00:00,VPN_IAM,NORMAL,0,
CARGO-00518,2026-06-11 12:23:33+00:00,CARGO,NORMAL,0,
VPN-00722,2026-06-11 12:27:30+00:00,VPN_IAM,NORMAL,0,
OT-01436,2026-06-11 12:32:12+00:00,OT_SCADA,NORMAL,0,
OT-01920,2026-06-11 12:32:31+00:00,OT_SCADA,NORMAL,0,
PHY-00063,2026-06-11 12:34:20+00:00,PHYSICAL,NORMAL,0,
OT-01442,2026-06-11 12:39:50+00:00,OT_SCADA,NORMAL,0,
NET-02156,2026-06-11 12:40:53+00:00,NETWORK,NORMAL,0,
NET-01449,2026-06-11 12:43:34+00:00,NETWORK,NORMAL,0,
NET-00499,2026-06-11 12:45:14+00:00,NETWORK,NORMAL,0,
VPN-01574,2026-06-11 12:59:57+00:00,VPN_IAM,NORMAL,0,
VPN-01558,2026-06-11 13:05:41+00:00,VPN_IAM,NORMAL,0,
CARGO-00374,2026-06-11 13:11:56+00:00,CARGO,NORMAL,0,
EDR-01068,2026-06-11 13:17:21+00:00,ENDPOINT,NORMAL,0,
VPN-00345,2026-06-11 13:18:01+00:00,VPN_IAM,NORMAL,0,
VPN-00626,2026-06-11 13:21:01+00:00,VPN_IAM,SUSPICIOUS,1,
NET-01072,2026-06-11 13:22:31+00:00,NETWORK,NORMAL,0,
EDR-00811,2026-06-11 13:25:15+00:00,ENDPOINT,NORMAL,0,
VPN-01650,2026-06-11 13:28:57+00:00,VPN_IAM,NORMAL,0,
NET-01389,2026-06-11 13:33:32+00:00,NETWORK,NORMAL,0,
OT-00639,2026-06-11 13:37:56+00:00,OT_SCADA,NORMAL,0,
CARGO-00015,2026-06-11 13:42:22+00:00,CARGO,NORMAL,0,
NET-00998,2026-06-11 13:52:07+00:00,NETWORK,NORMAL,0,
OT-00118,2026-06-11 13:53:08+00:00,OT_SCADA,NORMAL,0,
CARGO-00611,2026-06-11 13:55:16+00:00,CARGO,NORMAL,0,
VPN-01206,2026-06-11 13:57:49+00:00,VPN_IAM,NORMAL,0,
VPN-01764,2026-06-11 13:58:06+00:00,VPN_IAM,NORMAL,0,
OT-01392,2026-06-11 14:08:29+00:00,OT_SCADA,NORMAL,0,
EDR-00329,2026-06-11 14:16:57+00:00,ENDPOINT,NORMAL,0,
OT-01657,2026-06-11 14:26:49+00:00,OT_SCADA,NORMAL,0,
NET-01575,2026-06-11 14:26:56+00:00,NETWORK,NORMAL,0,
NET-00297,2026-06-11 14:27:34+00:00,NETWORK,NORMAL,0,
CARGO-00082,2026-06-11 14:34:41+00:00,CARGO,NORMAL,0,
VPN-00668,2026-06-11 14:41:49+00:00,VPN_IAM,NORMAL,0,
VPN-01224,2026-06-11 14:54:40+00:00,VPN_IAM,NORMAL,0,
VPN-01162,2026-06-11 14:58:18+00:00,VPN_IAM,NORMAL,0,
OT-01492,2026-06-11 15:05:00+00:00,OT_SCADA,NORMAL,0,
VPN-00749,2026-06-11 15:07:39+00:00,VPN_IAM,NORMAL,0,
OT-00255,2026-06-11 15:07:41+00:00,OT_SCADA,NORMAL,0,
NET-01525,2026-06-11 15:10:22+00:00,NETWORK,NORMAL,0,
OT-01752,2026-06-11 15:16:09+00:00,OT_SCADA,NORMAL,0,
CARGO-00791,2026-06-11 15:18:09+00:00,CARGO,NORMAL,0,
OT-01406,2026-06-11 15:18:48+00:00,OT_SCADA,NORMAL,0,
PHY-00980,2026-06-11 15:19:24+00:00,PHYSICAL,NORMAL,0,
PHY-00693,2026-06-11 15:23:09+00:00,PHYSICAL,NORMAL,0,
OT-00069,2026-06-11 15:26:57+00:00,OT_SCADA,NORMAL,0,
EDR-00754,2026-06-11 15:47:23+00:00,ENDPOINT,NORMAL,0,
NET-01198,2026-06-11 15:49:57+00:00,NETWORK,NORMAL,0,
PHY-00942,2026-06-11 15:51:50+00:00,PHYSICAL,NORMAL,0,
NOTE-00274,2026-06-11 15:57:28+00:00,TEXT,NORMAL,0,
VPN-01121,2026-06-11 15:59:00+00:00,VPN_IAM,NORMAL,0,
VPN-01425,2026-06-11 16:16:13+00:00,VPN_IAM,NORMAL,0,
NET-01600,2026-06-11 16:22:29+00:00,NETWORK,NORMAL,0,
PHY-00325,2026-06-11 16:22:36+00:00,PHYSICAL,NORMAL,0,
NET-00355,2026-06-11 16:28:48+00:00,NETWORK,NORMAL,0,
VPN-00341,2026-06-11 16:30:03+00:00,VPN_IAM,NORMAL,0,
NET-02057,2026-06-11 16:30:09+00:00,NETWORK,NORMAL,0,
PHY-00267,2026-06-11 16:35:46+00:00,PHYSICAL,NORMAL,0,
EDR-00795,2026-06-11 16:38:11+00:00,ENDPOINT,NORMAL,0,
VPN-00913,2026-06-11 16:38:19+00:00,VPN_IAM,NORMAL,0,
CARGO-00154,2026-06-11 16:48:57+00:00,CARGO,NORMAL,0,
NET-02155,2026-06-11 16:49:14+00:00,NETWORK,NORMAL,0,
OT-00761,2026-06-11 16:56:19+00:00,OT_SCADA,NORMAL,0,
EDR-01033,2026-06-11 16:56:31+00:00,ENDPOINT,NORMAL,0,
NET-00422,2026-06-11 17:00:43+00:00,NETWORK,NORMAL,0,
PHY-00734,2026-06-11 17:06:49+00:00,PHYSICAL,NORMAL,0,
CARGO-00850,2026-06-11 17:09:21+00:00,CARGO,NORMAL,0,
CARGO-00996,2026-06-11 17:16:41+00:00,CARGO,SUSPICIOUS,1,
EDR-00831,2026-06-11 17:17:34+00:00,ENDPOINT,NORMAL,0,
CARGO-00583,2026-06-11 17:20:39+00:00,CARGO,NORMAL,0,
CARGO-00520,2026-06-11 17:26:47+00:00,CARGO,NORMAL,0,
VPN-01079,2026-06-11 17:33:43+00:00,VPN_IAM,NORMAL,0,
OT-00341,2026-06-11 17:36:31+00:00,OT_SCADA,NORMAL,0,
NET-00627,2026-06-11 17:36:57+00:00,NETWORK,NORMAL,0,
OT-00763,2026-06-11 17:45:52+00:00,OT_SCADA,SUSPICIOUS,1,
NET-01735,2026-06-11 17:46:39+00:00,NETWORK,NORMAL,0,
NET-00538,2026-06-11 17:53:53+00:00,NETWORK,NORMAL,0,
CARGO-01005,2026-06-11 17:55:11+00:00,CARGO,NORMAL,0,
VPN-00469,2026-06-11 17:55:37+00:00,VPN_IAM,NORMAL,0,
PHY-00948,2026-06-11 18:14:26+00:00,PHYSICAL,NORMAL,0,
CARGO-00905,2026-06-11 18:17:21+00:00,CARGO,NORMAL,0,
OT-00266,2026-06-11 18:33:15+00:00,OT_SCADA,NORMAL,0,
NET-01834,2026-06-11 18:35:04+00:00,NETWORK,NORMAL,0,
EDR-00625,2026-06-11 18:35:26+00:00,ENDPOINT,NORMAL,0,
NET-00209,2026-06-11 18:38:01+00:00,NETWORK,NORMAL,0,
NET-01660,2026-06-11 18:42:09+00:00,NETWORK,NORMAL,0,
CARGO-00168,2026-06-11 18:45:08+00:00,CARGO,NORMAL,0,
EDR-00470,2026-06-11 18:45:17+00:00,ENDPOINT,NORMAL,0,
PHY-00475,2026-06-11 18:56:39+00:00,PHYSICAL,NORMAL,0,
PHY-00626,2026-06-11 19:00:39+00:00,PHYSICAL,NORMAL,0,
NET-00723,2026-06-11 19:02:51+00:00,NETWORK,NORMAL,0,
VPN-00512,2026-06-11 19:11:48+00:00,VPN_IAM,NORMAL,0,
EDR-01090,2026-06-11 19:15:01+00:00,ENDPOINT,NORMAL,0,
CARGO-01023,2026-06-11 19:15:41+00:00,CARGO,NORMAL,0,
NET-01468,2026-06-11 19:18:37+00:00,NETWORK,NORMAL,0,
NET-02153,2026-06-11 19:32:02+00:00,NETWORK,NORMAL,0,
NET-00090,2026-06-11 19:34:14+00:00,NETWORK,NORMAL,0,
OT-00130,2026-06-11 19:34:31+00:00,OT_SCADA,NORMAL,0,
VPN-01775,2026-06-11 19:35:03+00:00,VPN_IAM,NORMAL,0,
EDR-00466,2026-06-11 19:48:41+00:00,ENDPOINT,NORMAL,0,
NET-00535,2026-06-11 19:51:05+00:00,NETWORK,NORMAL,0,
CARGO-00537,2026-06-11 19:51:52+00:00,CARGO,NORMAL,0,
VPN-01057,2026-06-11 19:56:47+00:00,VPN_IAM,NORMAL,0,
CARGO-00318,2026-06-11 19:58:43+00:00,CARGO,NORMAL,0,
OT-01082,2026-06-11 20:01:22+00:00,OT_SCADA,SUSPICIOUS,1,
OT-01670,2026-06-11 20:02:59+00:00,OT_SCADA,NORMAL,0,
EDR-00929,2026-06-11 20:06:09+00:00,ENDPOINT,NORMAL,0,
OT-01884,2026-06-11 20:06:56+00:00,OT_SCADA,NORMAL,0,
PHY-00090,2026-06-11 20:09:08+00:00,PHYSICAL,NORMAL,0,
OT-01376,2026-06-11 20:10:07+00:00,OT_SCADA,SUSPICIOUS,1,
EDR-00679,2026-06-11 20:11:17+00:00,ENDPOINT,NORMAL,0,
NET-01787,2026-06-11 20:12:18+00:00,NETWORK,NORMAL,0,
CARGO-00508,2026-06-11 20:15:08+00:00,CARGO,NORMAL,0,
NET-01499,2026-06-11 20:28:41+00:00,NETWORK,NORMAL,0,
NET-00814,2026-06-11 20:31:53+00:00,NETWORK,NORMAL,0,
VPN-00022,2026-06-11 20:32:02+00:00,VPN_IAM,NORMAL,0,
VPN-00491,2026-06-11 20:35:00+00:00,VPN_IAM,NORMAL,0,
PHY-00242,2026-06-11 20:40:10+00:00,PHYSICAL,NORMAL,0,
VPN-01362,2026-06-11 20:40:40+00:00,VPN_IAM,NORMAL,0,
NET-01772,2026-06-11 20:48:38+00:00,NETWORK,NORMAL,0,
PHY-00708,2026-06-11 20:51:01+00:00,PHYSICAL,SUSPICIOUS,1,
NET-00220,2026-06-11 20:51:54+00:00,NETWORK,NORMAL,0,
NET-00191,2026-06-11 20:54:14+00:00,NETWORK,NORMAL,0,
OT-00307,2026-06-11 20:56:02+00:00,OT_SCADA,NORMAL,0,
NET-01838,2026-06-11 20:59:15+00:00,NETWORK,NORMAL,0,
CARGO-00555,2026-06-11 21:11:23+00:00,CARGO,NORMAL,0,
OT-01763,2026-06-11 21:13:41+00:00,OT_SCADA,NORMAL,0,
VPN-01439,2026-06-11 21:18:31+00:00,VPN_IAM,NORMAL,0,
OT-00067,2026-06-11 21:22:52+00:00,OT_SCADA,NORMAL,0,
NET-00541,2026-06-11 21:26:55+00:00,NETWORK,NORMAL,0,
VPN-00791,2026-06-11 21:33:14+00:00,VPN_IAM,NORMAL,0,
OT-00114,2026-06-11 21:36:33+00:00,OT_SCADA,NORMAL,0,
NOTE-00002,2026-06-11 21:40:01+00:00,TEXT,SUSPICIOUS,1,
VPN-00347,2026-06-11 21:40:06+00:00,VPN_IAM,NORMAL,0,
NET-00014,2026-06-11 21:42:38+00:00,NETWORK,NORMAL,0,
OT-01279,2026-06-11 21:45:21+00:00,OT_SCADA,NORMAL,0,
EDR-00033,2026-06-11 21:45:28+00:00,ENDPOINT,NORMAL,0,
PHY-00961,2026-06-11 21:50:22+00:00,PHYSICAL,NORMAL,0,
NET-00683,2026-06-11 21:52:16+00:00,NETWORK,NORMAL,0,
PHY-00915,2026-06-11 21:56:20+00:00,PHYSICAL,NORMAL,0,
OT-01850,2026-06-11 22:02:09+00:00,OT_SCADA,NORMAL,0,
PHY-00762,2026-06-11 22:03:00+00:00,PHYSICAL,NORMAL,0,
VPN-00967,2026-06-11 22:06:35+00:00,VPN_IAM,NORMAL,0,
CARGO-00301,2026-06-11 22:14:27+00:00,CARGO,NORMAL,0,
EDR-00566,2026-06-11 22:17:07+00:00,ENDPOINT,NORMAL,0,
VPN-01000,2026-06-11 22:23:36+00:00,VPN_IAM,NORMAL,0,
EDR-00676,2026-06-11 22:26:18+00:00,ENDPOINT,SUSPICIOUS,1,
NET-00174,2026-06-11 22:31:03+00:00,NETWORK,NORMAL,0,
EDR-01058,2026-06-11 22:35:47+00:00,ENDPOINT,NORMAL,0,
OT-01048,2026-06-11 22:36:54+00:00,OT_SCADA,NORMAL,0,
EDR-00034,2026-06-11 22:51:20+00:00,ENDPOINT,NORMAL,0,
CARGO-00360,2026-06-11 22:51:39+00:00,CARGO,NORMAL,0,
NET-00520,2026-06-11 22:52:36+00:00,NETWORK,NORMAL,0,
VPN-01721,2026-06-11 22:56:28+00:00,VPN_IAM,NORMAL,0,
NET-01308,2026-06-11 23:01:53+00:00,NETWORK,NORMAL,0,
NET-00054,2026-06-11 23:04:02+00:00,NETWORK,NORMAL,0,
NET-01384,2026-06-11 23:11:10+00:00,NETWORK,NORMAL,0,
OT-01749,2026-06-11 23:11:41+00:00,OT_SCADA,NORMAL,0,
OT-01525,2026-06-11 23:13:12+00:00,OT_SCADA,NORMAL,0,
NET-01969,2026-06-11 23:19:46+00:00,NETWORK,SUSPICIOUS,1,
NET-01268,2026-06-11 23:21:34+00:00,NETWORK,NORMAL,0,
NET-00999,2026-06-11 23:22:23+00:00,NETWORK,NORMAL,0,
NET-01593,2026-06-11 23:23:37+00:00,NETWORK,NORMAL,0,
NET-01743,2026-06-11 23:24:16+00:00,NETWORK,NORMAL,0,
VPN-00083,2026-06-11 23:28:26+00:00,VPN_IAM,NORMAL,0,
NET-02008,2026-06-11 23:37:13+00:00,NETWORK,NORMAL,0,
VPN-00485,2026-06-12 00:01:24+00:00,VPN_IAM,NORMAL,0,
OT-01425,2026-06-12 00:04:11+00:00,OT_SCADA,NORMAL,0,
PHY-00306,2026-06-12 00:05:22+00:00,PHYSICAL,NORMAL,0,
OT-00600,2026-06-12 00:05:45+00:00,OT_SCADA,NORMAL,0,
NET-01012,2026-06-12 00:06:29+00:00,NETWORK,NORMAL,0,
PHY-00377,2026-06-12 00:17:46+00:00,PHYSICAL,NORMAL,0,
OT-01965,2026-06-12 00:18:22+00:00,OT_SCADA,NORMAL,0,
VPN-00998,2026-06-12 00:21:11+00:00,VPN_IAM,NORMAL,0,
NET-00060,2026-06-12 00:23:17+00:00,NETWORK,NORMAL,0,
EDR-00001,2026-06-12 00:27:53+00:00,ENDPOINT,NORMAL,0,
EDR-01127,2026-06-12 00:28:25+00:00,ENDPOINT,NORMAL,0,
EDR-01131,2026-06-12 00:35:05+00:00,ENDPOINT,NORMAL,0,
CARGO-00685,2026-06-12 00:35:32+00:00,CARGO,NORMAL,0,
CARGO-00561,2026-06-12 00:39:53+00:00,CARGO,NORMAL,0,
CARGO-00089,2026-06-12 00:43:12+00:00,CARGO,NORMAL,0,
PHY-00794,2026-06-12 00:47:42+00:00,PHYSICAL,NORMAL,0,
VPN-00599,2026-06-12 00:55:05+00:00,VPN_IAM,NORMAL,0,
NET-01406,2026-06-12 01:06:46+00:00,NETWORK,NORMAL,0,
CARGO-00562,2026-06-12 01:07:16+00:00,CARGO,NORMAL,0,
OT-00335,2026-06-12 01:10:57+00:00,OT_SCADA,SUSPICIOUS,1,
NOTE-00222,2026-06-12 01:14:23+00:00,TEXT,SUSPICIOUS,1,
VPN-01769,2026-06-12 01:15:00+00:00,VPN_IAM,SUSPICIOUS,1,INC-T21-002
OT-00885,2026-06-12 01:15:01+00:00,OT_SCADA,SUSPICIOUS,1,INC-T21-002
VPN-01630,2026-06-12 01:16:00+00:00,VPN_IAM,SUSPICIOUS,1,INC-T21-002
EDR-00243,2026-06-12 01:16:00+00:00,ENDPOINT,SUSPICIOUS,1,INC-T21-002
EDR-00135,2026-06-12 01:16:00+00:00,ENDPOINT,SUSPICIOUS,1,INC-T21-002
NET-02086,2026-06-12 01:17:20+00:00,NETWORK,NORMAL,0,
OT-00857,2026-06-12 01:17:47+00:00,OT_SCADA,NORMAL,0,
EDR-00769,2026-06-12 01:18:00+00:00,ENDPOINT,SUSPICIOUS,1,INC-T21-002
EDR-00114,2026-06-12 01:18:08+00:00,ENDPOINT,NORMAL,0,
NET-01954,2026-06-12 01:19:00+00:00,NETWORK,SUSPICIOUS,1,INC-T21-002
NET-02011,2026-06-12 01:19:21+00:00,NETWORK,NORMAL,0,
VPN-00367,2026-06-12 01:20:00+00:00,VPN_IAM,SUSPICIOUS,1,INC-T21-002
NET-00673,2026-06-12 01:20:13+00:00,NETWORK,NORMAL,0,
OT-01953,2026-06-12 01:20:21+00:00,OT_SCADA,NORMAL,0,
OT-INC-002-01,2026-06-12 01:21:00+00:00,OT_SCADA,INCIDENT,1,INC-T21-002
NET-01017,2026-06-12 01:21:00+00:00,NETWORK,SUSPICIOUS,1,INC-T21-002
NET-00262,2026-06-12 01:21:00+00:00,NETWORK,SUSPICIOUS,1,INC-T21-002
OT-INC-002-02,2026-06-12 01:22:00+00:00,OT_SCADA,INCIDENT,1,INC-T21-002
OT-00522,2026-06-12 01:22:05+00:00,OT_SCADA,SUSPICIOUS,1,INC-T21-002
VPN-01530,2026-06-12 01:22:53+00:00,VPN_IAM,NORMAL,0,
OT-INC-002-03,2026-06-12 01:23:00+00:00,OT_SCADA,INCIDENT,1,INC-T21-002
VPN-01185,2026-06-12 01:23:00+00:00,VPN_IAM,SUSPICIOUS,1,INC-T21-002
OT-INC-002-04,2026-06-12 01:24:00+00:00,OT_SCADA,INCIDENT,1,INC-T21-002
PHY-INC-002,2026-06-12 01:24:00+00:00,PHYSICAL,INCIDENT,1,INC-T21-002
OT-00854,2026-06-12 01:24:21+00:00,OT_SCADA,SUSPICIOUS,1,INC-T21-002
NET-00696,2026-06-12 01:25:00+00:00,NETWORK,SUSPICIOUS,1,INC-T21-002
NET-00526,2026-06-12 01:26:00+00:00,NETWORK,SUSPICIOUS,1,INC-T21-002
CARGO-INC-002,2026-06-12 01:26:00+00:00,CARGO,INCIDENT,1,INC-T21-002
OT-01961,2026-06-12 01:26:31+00:00,OT_SCADA,SUSPICIOUS,1,INC-T21-002
EDR-00312,2026-06-12 01:27:00+00:00,ENDPOINT,SUSPICIOUS,1,INC-T21-002
EDR-00559,2026-06-12 01:27:00+00:00,ENDPOINT,SUSPICIOUS,1,INC-T21-002
OT-00731,2026-06-12 01:27:09+00:00,OT_SCADA,SUSPICIOUS,1,INC-T21-002
OT-00834,2026-06-12 01:27:24+00:00,OT_SCADA,SUSPICIOUS,1,INC-T21-002
EDR-00155,2026-06-12 01:28:00+00:00,ENDPOINT,SUSPICIOUS,1,INC-T21-002
NET-00626,2026-06-12 01:28:00+00:00,NETWORK,SUSPICIOUS,1,INC-T21-002
NOTE-INC-002,2026-06-12 01:28:00+00:00,TEXT,INCIDENT,1,INC-T21-002
EDR-00400,2026-06-12 01:29:00+00:00,ENDPOINT,SUSPICIOUS,1,INC-T21-002
NET-01549,2026-06-12 01:29:00+00:00,NETWORK,SUSPICIOUS,1,INC-T21-002
EDR-00278,2026-06-12 01:30:00+00:00,ENDPOINT,SUSPICIOUS,1,INC-T21-002
EDR-00837,2026-06-12 01:30:00+00:00,ENDPOINT,SUSPICIOUS,1,INC-T21-002
NET-00251,2026-06-12 01:32:00+00:00,NETWORK,SUSPICIOUS,1,INC-T21-002
NET-00135,2026-06-12 01:32:00+00:00,NETWORK,SUSPICIOUS,1,INC-T21-002
NET-00170,2026-06-12 01:32:00+00:00,NETWORK,SUSPICIOUS,1,INC-T21-002
NET-00646,2026-06-12 01:34:00+00:00,NETWORK,SUSPICIOUS,1,INC-T21-002
CARGO-00987,2026-06-12 01:38:00+00:00,CARGO,NORMAL,0,
PHY-00197,2026-06-12 01:38:55+00:00,PHYSICAL,NORMAL,0,
OT-00072,2026-06-12 01:51:29+00:00,OT_SCADA,NORMAL,0,
CARGO-00699,2026-06-12 01:54:47+00:00,CARGO,NORMAL,0,
NOTE-00248,2026-06-12 01:57:56+00:00,TEXT,NORMAL,0,
OT-01253,2026-06-12 02:27:41+00:00,OT_SCADA,NORMAL,0,
OT-00032,2026-06-12 02:41:12+00:00,OT_SCADA,NORMAL,0,
PHY-00205,2026-06-12 02:41:21+00:00,PHYSICAL,NORMAL,0,
PHY-00026,2026-06-12 02:41:33+00:00,PHYSICAL,NORMAL,0,
EDR-00867,2026-06-12 02:41:55+00:00,ENDPOINT,NORMAL,0,
NET-00638,2026-06-12 02:44:29+00:00,NETWORK,NORMAL,0,
EDR-00186,2026-06-12 02:45:20+00:00,ENDPOINT,NORMAL,0,
VPN-00828,2026-06-12 02:46:23+00:00,VPN_IAM,NORMAL,0,
NET-00468,2026-06-12 02:46:30+00:00,NETWORK,NORMAL,0,
OT-01834,2026-06-12 02:50:50+00:00,OT_SCADA,NORMAL,0,
OT-00602,2026-06-12 02:52:40+00:00,OT_SCADA,NORMAL,0,
CARGO-00587,2026-06-12 02:55:46+00:00,CARGO,NORMAL,0,
CARGO-00772,2026-06-12 02:56:32+00:00,CARGO,NORMAL,0,
VPN-01001,2026-06-12 02:57:18+00:00,VPN_IAM,NORMAL,0,
NET-00739,2026-06-12 03:01:25+00:00,NETWORK,SUSPICIOUS,1,
VPN-01453,2026-06-12 03:02:32+00:00,VPN_IAM,NORMAL,0,
VPN-00815,2026-06-12 03:04:20+00:00,VPN_IAM,NORMAL,0,
VPN-01499,2026-06-12 03:06:28+00:00,VPN_IAM,NORMAL,0,
CARGO-00917,2026-06-12 03:13:37+00:00,CARGO,NORMAL,0,
NET-01395,2026-06-12 03:13:39+00:00,NETWORK,NORMAL,0,
NET-00733,2026-06-12 03:14:44+00:00,NETWORK,NORMAL,0,
EDR-00271,2026-06-12 03:29:40+00:00,ENDPOINT,NORMAL,0,
VPN-01395,2026-06-12 03:32:13+00:00,VPN_IAM,NORMAL,0,
VPN-01100,2026-06-12 03:34:58+00:00,VPN_IAM,NORMAL,0,
CARGO-00254,2026-06-12 03:36:47+00:00,CARGO,NORMAL,0,
EDR-00067,2026-06-12 03:39:06+00:00,ENDPOINT,NORMAL,0,
EDR-00115,2026-06-12 03:42:18+00:00,ENDPOINT,NORMAL,0,
NOTE-00107,2026-06-12 03:55:00+00:00,TEXT,SUSPICIOUS,1,
VPN-00381,2026-06-12 04:10:55+00:00,VPN_IAM,NORMAL,0,
NOTE-00094,2026-06-12 04:13:51+00:00,TEXT,NORMAL,0,
VPN-01592,2026-06-12 04:13:54+00:00,VPN_IAM,NORMAL,0,
OT-00670,2026-06-12 04:22:58+00:00,OT_SCADA,NORMAL,0,
NET-00072,2026-06-12 04:39:12+00:00,NETWORK,NORMAL,0,
CARGO-00045,2026-06-12 04:40:43+00:00,CARGO,NORMAL,0,
OT-01949,2026-06-12 04:42:37+00:00,OT_SCADA,NORMAL,0,
CARGO-00149,2026-06-12 04:45:27+00:00,CARGO,NORMAL,0,
OT-01506,2026-06-12 04:50:43+00:00,OT_SCADA,NORMAL,0,
NET-00644,2026-06-12 05:11:59+00:00,NETWORK,NORMAL,0,
NET-00237,2026-06-12 05:17:50+00:00,NETWORK,NORMAL,0,
CARGO-00356,2026-06-12 05:28:31+00:00,CARGO,NORMAL,0,
NET-01760,2026-06-12 05:38:51+00:00,NETWORK,NORMAL,0,
PHY-00179,2026-06-12 05:40:29+00:00,PHYSICAL,NORMAL,0,
OT-00532,2026-06-12 05:40:45+00:00,OT_SCADA,NORMAL,0,
CARGO-00431,2026-06-12 05:43:26+00:00,CARGO,NORMAL,0,
OT-01880,2026-06-12 05:50:16+00:00,OT_SCADA,NORMAL,0,
CARGO-00744,2026-06-12 05:59:09+00:00,CARGO,NORMAL,0,
NET-01230,2026-06-12 06:04:17+00:00,NETWORK,NORMAL,0,
CARGO-00097,2026-06-12 06:06:54+00:00,CARGO,NORMAL,0,
OT-01841,2026-06-12 06:07:14+00:00,OT_SCADA,SUSPICIOUS,1,
PHY-00460,2026-06-12 06:08:16+00:00,PHYSICAL,NORMAL,0,
CARGO-00104,2026-06-12 06:12:20+00:00,CARGO,NORMAL,0,
VPN-01199,2026-06-12 06:16:20+00:00,VPN_IAM,NORMAL,0,
VPN-00925,2026-06-12 06:29:00+00:00,VPN_IAM,NORMAL,0,
CARGO-01079,2026-06-12 06:31:58+00:00,CARGO,NORMAL,0,
VPN-01478,2026-06-12 06:34:15+00:00,VPN_IAM,NORMAL,0,
VPN-01073,2026-06-12 06:48:53+00:00,VPN_IAM,NORMAL,0,
NET-02021,2026-06-12 06:50:19+00:00,NETWORK,NORMAL,0,
PHY-00164,2026-06-12 06:50:26+00:00,PHYSICAL,SUSPICIOUS,1,
CARGO-00942,2026-06-12 06:53:08+00:00,CARGO,NORMAL,0,
PHY-00484,2026-06-12 07:03:10+00:00,PHYSICAL,NORMAL,0,
OT-00441,2026-06-12 07:03:41+00:00,OT_SCADA,NORMAL,0,
NET-00708,2026-06-12 07:08:59+00:00,NETWORK,NORMAL,0,
NET-02061,2026-06-12 07:12:30+00:00,NETWORK,NORMAL,0,
VPN-00964,2026-06-12 07:14:28+00:00,VPN_IAM,NORMAL,0,
VPN-00999,2026-06-12 07:16:50+00:00,VPN_IAM,NORMAL,0,
OT-01236,2026-06-12 07:19:01+00:00,OT_SCADA,NORMAL,0,
CARGO-00283,2026-06-12 07:19:10+00:00,CARGO,NORMAL,0,
CARGO-00033,2026-06-12 07:23:21+00:00,CARGO,NORMAL,0,
PHY-00290,2026-06-12 07:31:19+00:00,PHYSICAL,NORMAL,0,
NOTE-00167,2026-06-12 07:31:59+00:00,TEXT,NORMAL,0,
NET-01774,2026-06-12 07:34:59+00:00,NETWORK,NORMAL,0,
NET-00360,2026-06-12 07:43:32+00:00,NETWORK,NORMAL,0,
NET-00591,2026-06-12 07:47:23+00:00,NETWORK,NORMAL,0,
VPN-00102,2026-06-12 07:52:30+00:00,VPN_IAM,NORMAL,0,
EDR-00627,2026-06-12 07:56:11+00:00,ENDPOINT,NORMAL,0,
VPN-01078,2026-06-12 08:03:01+00:00,VPN_IAM,NORMAL,0,
CARGO-00219,2026-06-12 08:04:37+00:00,CARGO,NORMAL,0,
VPN-00977,2026-06-12 08:08:26+00:00,VPN_IAM,NORMAL,0,
EDR-00406,2026-06-12 08:18:34+00:00,ENDPOINT,NORMAL,0,
VPN-01215,2026-06-12 08:19:30+00:00,VPN_IAM,NORMAL,0,
EDR-00728,2026-06-12 08:26:57+00:00,ENDPOINT,NORMAL,0,
CARGO-00638,2026-06-12 08:29:51+00:00,CARGO,NORMAL,0,
VPN-00455,2026-06-12 08:33:19+00:00,VPN_IAM,SUSPICIOUS,1,
OT-01723,2026-06-12 08:33:57+00:00,OT_SCADA,NORMAL,0,
NOTE-00127,2026-06-12 08:37:36+00:00,TEXT,SUSPICIOUS,1,
OT-00178,2026-06-12 08:38:25+00:00,OT_SCADA,NORMAL,0,
PHY-00244,2026-06-12 08:40:11+00:00,PHYSICAL,NORMAL,0,
CARGO-00812,2026-06-12 08:44:18+00:00,CARGO,NORMAL,0,
NET-00810,2026-06-12 08:45:39+00:00,NETWORK,NORMAL,0,
OT-00587,2026-06-12 08:48:41+00:00,OT_SCADA,NORMAL,0,
NET-01419,2026-06-12 08:50:59+00:00,NETWORK,NORMAL,0,
OT-00311,2026-06-12 08:55:23+00:00,OT_SCADA,NORMAL,0,
NOTE-00198,2026-06-12 08:57:44+00:00,TEXT,NORMAL,0,
VPN-00651,2026-06-12 09:14:06+00:00,VPN_IAM,NORMAL,0,
NET-01825,2026-06-12 09:14:37+00:00,NETWORK,NORMAL,0,
CARGO-00198,2026-06-12 09:23:46+00:00,CARGO,NORMAL,0,
NET-01686,2026-06-12 09:27:15+00:00,NETWORK,NORMAL,0,
EDR-00482,2026-06-12 09:27:54+00:00,ENDPOINT,SUSPICIOUS,1,
CARGO-00504,2026-06-12 09:38:04+00:00,CARGO,NORMAL,0,
NET-00776,2026-06-12 09:50:04+00:00,NETWORK,NORMAL,0,
VPN-00563,2026-06-12 10:00:25+00:00,VPN_IAM,NORMAL,0,
NET-00725,2026-06-12 10:10:04+00:00,NETWORK,NORMAL,0,
NET-02020,2026-06-12 10:10:59+00:00,NETWORK,NORMAL,0,
CARGO-00874,2026-06-12 10:11:50+00:00,CARGO,NORMAL,0,
PHY-00212,2026-06-12 10:12:39+00:00,PHYSICAL,NORMAL,0,
EDR-00938,2026-06-12 10:13:24+00:00,ENDPOINT,NORMAL,0,
CARGO-00637,2026-06-12 10:14:13+00:00,CARGO,NORMAL,0,
NOTE-00077,2026-06-12 10:21:57+00:00,TEXT,NORMAL,0,
NET-01448,2026-06-12 10:26:17+00:00,NETWORK,NORMAL,0,
NET-01182,2026-06-12 10:26:39+00:00,NETWORK,NORMAL,0,
EDR-00927,2026-06-12 10:31:12+00:00,ENDPOINT,NORMAL,0,
PHY-00704,2026-06-12 10:31:17+00:00,PHYSICAL,NORMAL,0,
OT-00268,2026-06-12 10:33:01+00:00,OT_SCADA,NORMAL,0,
CARGO-00998,2026-06-12 10:33:58+00:00,CARGO,NORMAL,0,
VPN-00144,2026-06-12 10:36:52+00:00,VPN_IAM,NORMAL,0,
NET-01809,2026-06-12 10:38:52+00:00,NETWORK,NORMAL,0,
VPN-00766,2026-06-12 10:40:42+00:00,VPN_IAM,NORMAL,0,
OT-01896,2026-06-12 10:41:48+00:00,OT_SCADA,NORMAL,0,
NOTE-00158,2026-06-12 10:42:50+00:00,TEXT,NORMAL,0,
OT-01169,2026-06-12 10:43:09+00:00,OT_SCADA,NORMAL,0,
EDR-00453,2026-06-12 10:46:14+00:00,ENDPOINT,NORMAL,0,
OT-00233,2026-06-12 10:48:58+00:00,OT_SCADA,NORMAL,0,
PHY-00699,2026-06-12 10:49:31+00:00,PHYSICAL,NORMAL,0,
NET-01987,2026-06-12 11:04:44+00:00,NETWORK,NORMAL,0,
NOTE-00030,2026-06-12 11:11:59+00:00,TEXT,NORMAL,0,
NET-01690,2026-06-12 11:27:32+00:00,NETWORK,NORMAL,0,
NET-01350,2026-06-12 11:31:03+00:00,NETWORK,NORMAL,0,
VPN-00525,2026-06-12 11:36:57+00:00,VPN_IAM,NORMAL,0,
NET-01046,2026-06-12 11:42:05+00:00,NETWORK,NORMAL,0,
NET-01710,2026-06-12 11:44:35+00:00,NETWORK,NORMAL,0,
NET-01545,2026-06-12 11:47:05+00:00,NETWORK,NORMAL,0,
NET-00625,2026-06-12 11:47:06+00:00,NETWORK,NORMAL,0,
VPN-01239,2026-06-12 11:57:26+00:00,VPN_IAM,NORMAL,0,
NET-00777,2026-06-12 11:59:19+00:00,NETWORK,NORMAL,0,
OT-01842,2026-06-12 12:07:56+00:00,OT_SCADA,NORMAL,0,
NET-01061,2026-06-12 12:10:16+00:00,NETWORK,NORMAL,0,
PHY-00589,2026-06-12 12:37:06+00:00,PHYSICAL,NORMAL,0,
PHY-00080,2026-06-12 12:44:14+00:00,PHYSICAL,NORMAL,0,
VPN-00043,2026-06-12 12:48:38+00:00,VPN_IAM,NORMAL,0,
VPN-00133,2026-06-12 12:53:22+00:00,VPN_IAM,NORMAL,0,
VPN-00704,2026-06-12 13:02:40+00:00,VPN_IAM,NORMAL,0,
NET-02062,2026-06-12 13:08:39+00:00,NETWORK,NORMAL,0,
NET-01212,2026-06-12 13:09:14+00:00,NETWORK,NORMAL,0,
VPN-00489,2026-06-12 13:13:32+00:00,VPN_IAM,NORMAL,0,
OT-01005,2026-06-12 13:15:23+00:00,OT_SCADA,NORMAL,0,
VPN-01496,2026-06-12 13:18:38+00:00,VPN_IAM,NORMAL,0,
VPN-01522,2026-06-12 13:22:07+00:00,VPN_IAM,NORMAL,0,
NOTE-00182,2026-06-12 13:23:50+00:00,TEXT,NORMAL,0,
CARGO-00745,2026-06-12 13:32:36+00:00,CARGO,NORMAL,0,
NET-01740,2026-06-12 13:34:43+00:00,NETWORK,NORMAL,0,
VPN-00974,2026-06-12 13:50:59+00:00,VPN_IAM,NORMAL,0,
PHY-00546,2026-06-12 13:53:21+00:00,PHYSICAL,SUSPICIOUS,1,
EDR-00973,2026-06-12 14:07:00+00:00,ENDPOINT,NORMAL,0,
NET-01192,2026-06-12 14:28:11+00:00,NETWORK,NORMAL,0,
OT-01885,2026-06-12 14:34:38+00:00,OT_SCADA,NORMAL,0,
OT-00322,2026-06-12 14:35:03+00:00,OT_SCADA,NORMAL,0,
VPN-01584,2026-06-12 14:36:13+00:00,VPN_IAM,NORMAL,0,
CARGO-01121,2026-06-12 14:43:45+00:00,CARGO,NORMAL,0,
EDR-00059,2026-06-12 14:59:10+00:00,ENDPOINT,NORMAL,0,
EDR-01155,2026-06-12 15:09:57+00:00,ENDPOINT,NORMAL,0,
CARGO-00077,2026-06-12 15:14:47+00:00,CARGO,NORMAL,0,
PHY-00478,2026-06-12 15:15:37+00:00,PHYSICAL,NORMAL,0,
NET-01147,2026-06-12 15:25:46+00:00,NETWORK,NORMAL,0,
EDR-00524,2026-06-12 15:26:20+00:00,ENDPOINT,NORMAL,0,
NET-00905,2026-06-12 15:28:58+00:00,NETWORK,NORMAL,0,
OT-01362,2026-06-12 15:35:05+00:00,OT_SCADA,NORMAL,0,
OT-01653,2026-06-12 15:38:23+00:00,OT_SCADA,NORMAL,0,
NET-00908,2026-06-12 15:39:52+00:00,NETWORK,NORMAL,0,
VPN-00173,2026-06-12 15:40:46+00:00,VPN_IAM,NORMAL,0,
VPN-01347,2026-06-12 15:41:59+00:00,VPN_IAM,NORMAL,0,
VPN-00215,2026-06-12 15:48:38+00:00,VPN_IAM,NORMAL,0,
CARGO-00214,2026-06-12 15:48:40+00:00,CARGO,NORMAL,0,
EDR-00129,2026-06-12 15:50:13+00:00,ENDPOINT,NORMAL,0,
OT-00006,2026-06-12 15:52:16+00:00,OT_SCADA,NORMAL,0,
VPN-00256,2026-06-12 15:52:33+00:00,VPN_IAM,NORMAL,0,
VPN-01736,2026-06-12 15:52:38+00:00,VPN_IAM,NORMAL,0,
OT-01616,2026-06-12 16:01:04+00:00,OT_SCADA,NORMAL,0,
OT-01358,2026-06-12 16:04:04+00:00,OT_SCADA,NORMAL,0,
OT-01519,2026-06-12 16:05:27+00:00,OT_SCADA,NORMAL,0,
NET-01926,2026-06-12 16:13:48+00:00,NETWORK,NORMAL,0,
CARGO-01113,2026-06-12 16:17:14+00:00,CARGO,NORMAL,0,
CARGO-00834,2026-06-12 16:18:15+00:00,CARGO,SUSPICIOUS,1,
EDR-00885,2026-06-12 16:19:10+00:00,ENDPOINT,NORMAL,0,
NET-01343,2026-06-12 16:19:29+00:00,NETWORK,SUSPICIOUS,1,
CARGO-00808,2026-06-12 16:21:05+00:00,CARGO,NORMAL,0,
CARGO-00841,2026-06-12 16:22:30+00:00,CARGO,NORMAL,0,
VPN-00374,2026-06-12 16:24:33+00:00,VPN_IAM,NORMAL,0,
OT-00964,2026-06-12 16:30:40+00:00,OT_SCADA,NORMAL,0,
VPN-00484,2026-06-12 16:41:36+00:00,VPN_IAM,NORMAL,0,
NET-00354,2026-06-12 16:54:56+00:00,NETWORK,NORMAL,0,
OT-00919,2026-06-12 16:57:05+00:00,OT_SCADA,NORMAL,0,
CARGO-00112,2026-06-12 16:58:36+00:00,CARGO,NORMAL,0,
EDR-00415,2026-06-12 17:00:24+00:00,ENDPOINT,NORMAL,0,
EDR-00982,2026-06-12 17:04:08+00:00,ENDPOINT,NORMAL,0,
OT-01162,2026-06-12 17:04:56+00:00,OT_SCADA,NORMAL,0,
CARGO-00341,2026-06-12 17:08:35+00:00,CARGO,NORMAL,0,
CARGO-01053,2026-06-12 17:11:24+00:00,CARGO,NORMAL,0,
NET-01095,2026-06-12 17:15:10+00:00,NETWORK,NORMAL,0,
EDR-00217,2026-06-12 17:17:59+00:00,ENDPOINT,NORMAL,0,
OT-00927,2026-06-12 17:31:33+00:00,OT_SCADA,NORMAL,0,
VPN-00687,2026-06-12 17:32:28+00:00,VPN_IAM,NORMAL,0,
CARGO-00123,2026-06-12 17:35:37+00:00,CARGO,NORMAL,0,
NET-01668,2026-06-12 17:42:19+00:00,NETWORK,NORMAL,0,
OT-00403,2026-06-12 17:43:47+00:00,OT_SCADA,NORMAL,0,
PHY-00647,2026-06-12 17:45:00+00:00,PHYSICAL,NORMAL,0,
NET-02128,2026-06-12 17:50:57+00:00,NETWORK,NORMAL,0,
PHY-00799,2026-06-12 17:57:01+00:00,PHYSICAL,NORMAL,0,
VPN-00040,2026-06-12 17:58:37+00:00,VPN_IAM,NORMAL,0,
NET-00907,2026-06-12 18:00:13+00:00,NETWORK,NORMAL,0,
CARGO-00438,2026-06-12 18:09:07+00:00,CARGO,NORMAL,0,
EDR-00682,2026-06-12 18:10:33+00:00,ENDPOINT,NORMAL,0,
CARGO-00770,2026-06-12 18:20:03+00:00,CARGO,NORMAL,0,
OT-00193,2026-06-12 18:24:19+00:00,OT_SCADA,NORMAL,0,
NOTE-00133,2026-06-12 18:24:55+00:00,TEXT,NORMAL,0,
NET-01453,2026-06-12 18:28:45+00:00,NETWORK,NORMAL,0,
PHY-00496,2026-06-12 18:31:28+00:00,PHYSICAL,NORMAL,0,
OT-00565,2026-06-12 18:32:51+00:00,OT_SCADA,NORMAL,0,
VPN-00800,2026-06-12 18:44:19+00:00,VPN_IAM,NORMAL,0,
NET-00542,2026-06-12 18:45:18+00:00,NETWORK,NORMAL,0,
EDR-00418,2026-06-12 18:54:57+00:00,ENDPOINT,NORMAL,0,
PHY-00849,2026-06-12 18:55:09+00:00,PHYSICAL,NORMAL,0,
VPN-00443,2026-06-12 18:55:57+00:00,VPN_IAM,NORMAL,0,
OT-00898,2026-06-12 18:56:40+00:00,OT_SCADA,NORMAL,0,
VPN-00271,2026-06-12 19:05:28+00:00,VPN_IAM,NORMAL,0,
NET-00700,2026-06-12 19:07:24+00:00,NETWORK,NORMAL,0,
OT-01180,2026-06-12 19:07:45+00:00,OT_SCADA,NORMAL,0,
NET-00289,2026-06-12 19:16:10+00:00,NETWORK,NORMAL,0,
VPN-01111,2026-06-12 19:16:40+00:00,VPN_IAM,NORMAL,0,
VPN-01171,2026-06-12 19:19:23+00:00,VPN_IAM,NORMAL,0,
EDR-00653,2026-06-12 19:21:16+00:00,ENDPOINT,NORMAL,0,
CARGO-00380,2026-06-12 19:22:05+00:00,CARGO,NORMAL,0,
NET-00605,2026-06-12 19:23:50+00:00,NETWORK,NORMAL,0,
CARGO-00139,2026-06-12 19:33:26+00:00,CARGO,SUSPICIOUS,1,
EDR-00411,2026-06-12 19:38:38+00:00,ENDPOINT,NORMAL,0,
NET-00522,2026-06-12 19:42:01+00:00,NETWORK,NORMAL,0,
NET-02031,2026-06-12 19:43:52+00:00,NETWORK,NORMAL,0,
VPN-00463,2026-06-12 19:44:50+00:00,VPN_IAM,NORMAL,0,
OT-01583,2026-06-12 19:49:12+00:00,OT_SCADA,NORMAL,0,
OT-00974,2026-06-12 19:50:26+00:00,OT_SCADA,NORMAL,0,
OT-00453,2026-06-12 19:50:57+00:00,OT_SCADA,NORMAL,0,
VPN-01393,2026-06-12 19:56:19+00:00,VPN_IAM,NORMAL,0,
CARGO-00323,2026-06-12 20:03:48+00:00,CARGO,NORMAL,0,
CARGO-01090,2026-06-12 20:05:00+00:00,CARGO,NORMAL,0,
PHY-00979,2026-06-12 20:07:49+00:00,PHYSICAL,NORMAL,0,
OT-00080,2026-06-12 20:22:41+00:00,OT_SCADA,NORMAL,0,
EDR-00417,2026-06-12 20:25:27+00:00,ENDPOINT,NORMAL,0,
OT-00216,2026-06-12 20:26:51+00:00,OT_SCADA,NORMAL,0,
NET-00749,2026-06-12 20:27:07+00:00,NETWORK,NORMAL,0,
EDR-00181,2026-06-12 20:32:28+00:00,ENDPOINT,NORMAL,0,
EDR-00997,2026-06-12 20:40:55+00:00,ENDPOINT,NORMAL,0,
OT-01899,2026-06-12 20:46:23+00:00,OT_SCADA,NORMAL,0,
VPN-01081,2026-06-12 20:48:39+00:00,VPN_IAM,SUSPICIOUS,1,
OT-00771,2026-06-12 20:53:50+00:00,OT_SCADA,NORMAL,0,
PHY-00669,2026-06-12 20:56:52+00:00,PHYSICAL,NORMAL,0,
NET-00187,2026-06-12 21:05:28+00:00,NETWORK,NORMAL,0,
CARGO-00572,2026-06-12 21:06:44+00:00,CARGO,NORMAL,0,
NET-00445,2026-06-12 21:08:32+00:00,NETWORK,NORMAL,0,
OT-00800,2026-06-12 21:14:29+00:00,OT_SCADA,NORMAL,0,
NET-00951,2026-06-12 21:15:38+00:00,NETWORK,NORMAL,0,
CARGO-00670,2026-06-12 21:17:54+00:00,CARGO,NORMAL,0,
OT-01927,2026-06-12 21:21:15+00:00,OT_SCADA,NORMAL,0,
VPN-01585,2026-06-12 21:32:10+00:00,VPN_IAM,NORMAL,0,
NET-00037,2026-06-12 21:47:54+00:00,NETWORK,NORMAL,0,
PHY-00351,2026-06-12 21:53:54+00:00,PHYSICAL,NORMAL,0,
CARGO-00420,2026-06-12 21:59:59+00:00,CARGO,NORMAL,0,
VPN-01538,2026-06-12 22:01:25+00:00,VPN_IAM,NORMAL,0,
EDR-00691,2026-06-12 22:04:39+00:00,ENDPOINT,NORMAL,0,
OT-00168,2026-06-12 22:09:40+00:00,OT_SCADA,NORMAL,0,
NET-02137,2026-06-12 22:13:48+00:00,NETWORK,SUSPICIOUS,1,
NET-01465,2026-06-12 22:15:43+00:00,NETWORK,NORMAL,0,
PHY-00018,2026-06-12 22:17:35+00:00,PHYSICAL,NORMAL,0,
OT-00829,2026-06-12 22:18:27+00:00,OT_SCADA,NORMAL,0,
OT-01357,2026-06-12 22:25:42+00:00,OT_SCADA,NORMAL,0,
NOTE-00284,2026-06-12 22:30:07+00:00,TEXT,NORMAL,0,
VPN-00910,2026-06-12 22:40:51+00:00,VPN_IAM,NORMAL,0,
OT-01088,2026-06-12 22:49:54+00:00,OT_SCADA,NORMAL,0,
OT-01801,2026-06-12 22:57:33+00:00,OT_SCADA,NORMAL,0,
NET-01073,2026-06-12 22:57:34+00:00,NETWORK,NORMAL,0,
OT-01985,2026-06-12 23:01:45+00:00,OT_SCADA,NORMAL,0,
NET-00745,2026-06-12 23:01:49+00:00,NETWORK,NORMAL,0,
NOTE-00270,2026-06-12 23:07:33+00:00,TEXT,NORMAL,0,
NET-01047,2026-06-12 23:21:49+00:00,NETWORK,NORMAL,0,
OT-00256,2026-06-12 23:24:29+00:00,OT_SCADA,NORMAL,0,
NET-00594,2026-06-12 23:28:43+00:00,NETWORK,NORMAL,0,
OT-00583,2026-06-12 23:29:01+00:00,OT_SCADA,NORMAL,0,
CARGO-00406,2026-06-12 23:36:51+00:00,CARGO,NORMAL,0,
VPN-00284,2026-06-12 23:42:05+00:00,VPN_IAM,NORMAL,0,
VPN-01755,2026-06-13 00:00:06+00:00,VPN_IAM,NORMAL,0,
EDR-00125,2026-06-13 00:00:32+00:00,ENDPOINT,NORMAL,0,
VPN-00423,2026-06-13 00:01:36+00:00,VPN_IAM,NORMAL,0,
NET-01385,2026-06-13 00:02:24+00:00,NETWORK,NORMAL,0,
VPN-00384,2026-06-13 00:03:29+00:00,VPN_IAM,NORMAL,0,
PHY-00154,2026-06-13 00:13:12+00:00,PHYSICAL,NORMAL,0,
EDR-00619,2026-06-13 00:19:47+00:00,ENDPOINT,NORMAL,0,
VPN-01027,2026-06-13 00:21:12+00:00,VPN_IAM,NORMAL,0,
VPN-01435,2026-06-13 00:38:39+00:00,VPN_IAM,NORMAL,0,
NET-02032,2026-06-13 00:40:52+00:00,NETWORK,NORMAL,0,
EDR-00605,2026-06-13 00:43:42+00:00,ENDPOINT,NORMAL,0,
NET-00956,2026-06-13 00:45:37+00:00,NETWORK,NORMAL,0,
OT-00550,2026-06-13 00:50:56+00:00,OT_SCADA,NORMAL,0,
OT-00443,2026-06-13 00:54:57+00:00,OT_SCADA,NORMAL,0,
EDR-00976,2026-06-13 00:57:58+00:00,ENDPOINT,NORMAL,0,
NET-01318,2026-06-13 01:01:43+00:00,NETWORK,NORMAL,0,
VPN-01331,2026-06-13 01:05:19+00:00,VPN_IAM,NORMAL,0,
EDR-00301,2026-06-13 01:07:03+00:00,ENDPOINT,NORMAL,0,
OT-01774,2026-06-13 01:15:16+00:00,OT_SCADA,NORMAL,0,
OT-00824,2026-06-13 01:15:19+00:00,OT_SCADA,NORMAL,0,
VPN-00677,2026-06-13 01:17:58+00:00,VPN_IAM,NORMAL,0,
OT-01661,2026-06-13 01:19:30+00:00,OT_SCADA,NORMAL,0,
NET-01723,2026-06-13 01:20:58+00:00,NETWORK,NORMAL,0,
NET-01817,2026-06-13 01:26:03+00:00,NETWORK,NORMAL,0,
NET-01163,2026-06-13 01:26:53+00:00,NETWORK,NORMAL,0,
NET-00730,2026-06-13 01:26:57+00:00,NETWORK,NORMAL,0,
VPN-01346,2026-06-13 01:33:50+00:00,VPN_IAM,NORMAL,0,
CARGO-00059,2026-06-13 01:40:30+00:00,CARGO,NORMAL,0,
OT-01818,2026-06-13 01:51:20+00:00,OT_SCADA,NORMAL,0,
EDR-00835,2026-06-13 01:53:16+00:00,ENDPOINT,NORMAL,0,
VPN-00402,2026-06-13 01:59:41+00:00,VPN_IAM,NORMAL,0,
CARGO-00681,2026-06-13 02:03:37+00:00,CARGO,NORMAL,0,
CARGO-00185,2026-06-13 02:04:40+00:00,CARGO,NORMAL,0,
NET-00201,2026-06-13 02:05:31+00:00,NETWORK,NORMAL,0,
VPN-00952,2026-06-13 02:18:23+00:00,VPN_IAM,NORMAL,0,
PHY-00872,2026-06-13 02:18:37+00:00,PHYSICAL,NORMAL,0,
VPN-00615,2026-06-13 02:26:33+00:00,VPN_IAM,NORMAL,0,
PHY-00920,2026-06-13 02:33:51+00:00,PHYSICAL,NORMAL,0,
NET-00978,2026-06-13 02:35:21+00:00,NETWORK,NORMAL,0,
VPN-00007,2026-06-13 02:39:59+00:00,VPN_IAM,NORMAL,0,
VPN-00586,2026-06-13 02:55:23+00:00,VPN_IAM,NORMAL,0,
NET-01485,2026-06-13 02:58:18+00:00,NETWORK,NORMAL,0,
CARGO-00606,2026-06-13 03:00:16+00:00,CARGO,NORMAL,0,
CARGO-00513,2026-06-13 03:01:25+00:00,CARGO,NORMAL,0,
NET-01035,2026-06-13 03:01:46+00:00,NETWORK,NORMAL,0,
OT-01538,2026-06-13 03:04:33+00:00,OT_SCADA,NORMAL,0,
EDR-00692,2026-06-13 03:05:54+00:00,ENDPOINT,NORMAL,0,
VPN-00861,2026-06-13 03:08:17+00:00,VPN_IAM,NORMAL,0,
OT-00928,2026-06-13 03:10:57+00:00,OT_SCADA,NORMAL,0,
VPN-00497,2026-06-13 03:12:19+00:00,VPN_IAM,NORMAL,0,
VPN-01407,2026-06-13 03:13:11+00:00,VPN_IAM,NORMAL,0,
OT-01982,2026-06-13 03:25:34+00:00,OT_SCADA,NORMAL,0,
NOTE-00154,2026-06-13 03:31:00+00:00,TEXT,NORMAL,0,
CARGO-00018,2026-06-13 03:38:53+00:00,CARGO,NORMAL,0,
NOTE-00264,2026-06-13 03:41:11+00:00,TEXT,NORMAL,0,
NET-02164,2026-06-13 03:43:23+00:00,NETWORK,NORMAL,0,
VPN-01508,2026-06-13 03:49:53+00:00,VPN_IAM,NORMAL,0,
EDR-00260,2026-06-13 03:55:09+00:00,ENDPOINT,NORMAL,0,
VPN-01408,2026-06-13 04:03:54+00:00,VPN_IAM,NORMAL,0,
NOTE-00028,2026-06-13 04:06:20+00:00,TEXT,NORMAL,0,
VPN-01190,2026-06-13 04:08:43+00:00,VPN_IAM,NORMAL,0,
NET-00557,2026-06-13 04:10:11+00:00,NETWORK,NORMAL,0,
VPN-01312,2026-06-13 04:11:30+00:00,VPN_IAM,NORMAL,0,
EDR-00258,2026-06-13 04:13:51+00:00,ENDPOINT,NORMAL,0,
VPN-01321,2026-06-13 04:17:38+00:00,VPN_IAM,NORMAL,0,
PHY-00884,2026-06-13 04:24:20+00:00,PHYSICAL,NORMAL,0,
OT-00119,2026-06-13 04:29:37+00:00,OT_SCADA,NORMAL,0,
OT-00682,2026-06-13 04:36:46+00:00,OT_SCADA,NORMAL,0,
NET-01082,2026-06-13 04:38:10+00:00,NETWORK,NORMAL,0,
PHY-00082,2026-06-13 04:40:07+00:00,PHYSICAL,NORMAL,0,
VPN-01067,2026-06-13 04:40:28+00:00,VPN_IAM,NORMAL,0,
PHY-00137,2026-06-13 04:44:39+00:00,PHYSICAL,NORMAL,0,
CARGO-01084,2026-06-13 04:55:27+00:00,CARGO,NORMAL,0,
OT-00182,2026-06-13 05:00:23+00:00,OT_SCADA,NORMAL,0,
EDR-00978,2026-06-13 05:00:36+00:00,ENDPOINT,NORMAL,0,
OT-00513,2026-06-13 05:11:13+00:00,OT_SCADA,NORMAL,0,
NET-00839,2026-06-13 05:14:42+00:00,NETWORK,NORMAL,0,
VPN-00979,2026-06-13 05:16:59+00:00,VPN_IAM,NORMAL,0,
NET-01295,2026-06-13 05:22:13+00:00,NETWORK,NORMAL,0,
NET-00704,2026-06-13 05:24:12+00:00,NETWORK,NORMAL,0,
EDR-00698,2026-06-13 05:28:18+00:00,ENDPOINT,NORMAL,0,
OT-00378,2026-06-13 05:49:22+00:00,OT_SCADA,NORMAL,0,
NET-01849,2026-06-13 05:52:02+00:00,NETWORK,NORMAL,0,
NET-02127,2026-06-13 06:13:31+00:00,NETWORK,SUSPICIOUS,1,
OT-01272,2026-06-13 06:13:50+00:00,OT_SCADA,NORMAL,0,
CARGO-00072,2026-06-13 06:14:19+00:00,CARGO,NORMAL,0,
OT-01904,2026-06-13 06:15:49+00:00,OT_SCADA,NORMAL,0,
CARGO-00991,2026-06-13 06:21:11+00:00,CARGO,NORMAL,0,
PHY-00229,2026-06-13 06:23:29+00:00,PHYSICAL,NORMAL,0,
OT-00673,2026-06-13 06:33:05+00:00,OT_SCADA,NORMAL,0,
NET-00721,2026-06-13 06:37:49+00:00,NETWORK,NORMAL,0,
VPN-00986,2026-06-13 06:42:25+00:00,VPN_IAM,NORMAL,0,
NET-01321,2026-06-13 06:43:03+00:00,NETWORK,NORMAL,0,
OT-01647,2026-06-13 06:44:12+00:00,OT_SCADA,NORMAL,0,
EDR-01109,2026-06-13 06:47:50+00:00,ENDPOINT,NORMAL,0,
OT-00412,2026-06-13 06:58:32+00:00,OT_SCADA,NORMAL,0,
NET-00019,2026-06-13 06:58:51+00:00,NETWORK,NORMAL,0,
NET-00514,2026-06-13 07:00:42+00:00,NETWORK,NORMAL,0,
NOTE-00153,2026-06-13 07:03:18+00:00,TEXT,NORMAL,0,
OT-00282,2026-06-13 07:10:24+00:00,OT_SCADA,NORMAL,0,
PHY-00742,2026-06-13 07:19:21+00:00,PHYSICAL,NORMAL,0,
PHY-00417,2026-06-13 07:20:21+00:00,PHYSICAL,NORMAL,0,
EDR-00783,2026-06-13 07:30:31+00:00,ENDPOINT,NORMAL,0,
OT-00926,2026-06-13 07:32:28+00:00,OT_SCADA,NORMAL,0,
VPN-01042,2026-06-13 07:35:17+00:00,VPN_IAM,NORMAL,0,
CARGO-00350,2026-06-13 07:39:29+00:00,CARGO,NORMAL,0,
EDR-01125,2026-06-13 07:53:55+00:00,ENDPOINT,NORMAL,0,
VPN-00232,2026-06-13 07:54:53+00:00,VPN_IAM,NORMAL,0,
NET-01360,2026-06-13 07:55:11+00:00,NETWORK,NORMAL,0,
PHY-00157,2026-06-13 07:56:19+00:00,PHYSICAL,NORMAL,0,
EDR-00454,2026-06-13 07:58:48+00:00,ENDPOINT,NORMAL,0,
EDR-00024,2026-06-13 08:01:52+00:00,ENDPOINT,NORMAL,0,
VPN-01177,2026-06-13 08:04:17+00:00,VPN_IAM,NORMAL,0,
PHY-00712,2026-06-13 08:06:39+00:00,PHYSICAL,NORMAL,0,
OT-00084,2026-06-13 08:07:54+00:00,OT_SCADA,NORMAL,0,
OT-00509,2026-06-13 08:08:25+00:00,OT_SCADA,NORMAL,0,
PHY-00069,2026-06-13 08:15:51+00:00,PHYSICAL,NORMAL,0,
NOTE-00139,2026-06-13 08:21:23+00:00,TEXT,NORMAL,0,
OT-01481,2026-06-13 08:32:53+00:00,OT_SCADA,NORMAL,0,
NET-01467,2026-06-13 08:35:44+00:00,NETWORK,NORMAL,0,
NET-01930,2026-06-13 08:36:37+00:00,NETWORK,NORMAL,0,
PHY-00261,2026-06-13 08:42:20+00:00,PHYSICAL,NORMAL,0,
NET-00438,2026-06-13 08:43:17+00:00,NETWORK,NORMAL,0,
EDR-00939,2026-06-13 08:46:12+00:00,ENDPOINT,NORMAL,0,
CARGO-00129,2026-06-13 08:50:18+00:00,CARGO,SUSPICIOUS,1,
PHY-00066,2026-06-13 08:52:08+00:00,PHYSICAL,NORMAL,0,
NET-01381,2026-06-13 08:52:34+00:00,NETWORK,SUSPICIOUS,1,
VPN-00068,2026-06-13 08:53:01+00:00,VPN_IAM,NORMAL,0,
OT-01261,2026-06-13 08:54:34+00:00,OT_SCADA,NORMAL,0,
CARGO-00074,2026-06-13 09:02:10+00:00,CARGO,NORMAL,0,
OT-01856,2026-06-13 09:03:22+00:00,OT_SCADA,NORMAL,0,
EDR-00397,2026-06-13 09:06:20+00:00,ENDPOINT,NORMAL,0,
EDR-00274,2026-06-13 09:07:32+00:00,ENDPOINT,NORMAL,0,
VPN-00116,2026-06-13 09:14:34+00:00,VPN_IAM,NORMAL,0,
CARGO-01058,2026-06-13 09:16:26+00:00,CARGO,NORMAL,0,
NET-01672,2026-06-13 09:20:22+00:00,NETWORK,NORMAL,0,
EDR-00195,2026-06-13 09:20:41+00:00,ENDPOINT,NORMAL,0,
PHY-00389,2026-06-13 09:28:56+00:00,PHYSICAL,NORMAL,0,
OT-01952,2026-06-13 09:29:45+00:00,OT_SCADA,NORMAL,0,
PHY-00100,2026-06-13 09:34:39+00:00,PHYSICAL,SUSPICIOUS,1,
CARGO-00762,2026-06-13 09:37:12+00:00,CARGO,NORMAL,0,
EDR-00527,2026-06-13 09:38:30+00:00,ENDPOINT,NORMAL,0,
CARGO-00521,2026-06-13 09:42:38+00:00,CARGO,SUSPICIOUS,1,
PHY-00632,2026-06-13 09:46:31+00:00,PHYSICAL,NORMAL,0,
OT-00426,2026-06-13 09:47:22+00:00,OT_SCADA,NORMAL,0,
NET-02042,2026-06-13 09:55:13+00:00,NETWORK,NORMAL,0,
CARGO-00746,2026-06-13 10:14:30+00:00,CARGO,NORMAL,0,
NET-01446,2026-06-13 10:17:08+00:00,NETWORK,NORMAL,0,
NET-00302,2026-06-13 10:17:39+00:00,NETWORK,NORMAL,0,
EDR-01156,2026-06-13 10:18:16+00:00,ENDPOINT,NORMAL,0,
CARGO-00740,2026-06-13 10:22:25+00:00,CARGO,NORMAL,0,
PHY-00318,2026-06-13 10:28:26+00:00,PHYSICAL,NORMAL,0,
CARGO-00885,2026-06-13 10:32:07+00:00,CARGO,NORMAL,0,
EDR-00822,2026-06-13 10:35:19+00:00,ENDPOINT,NORMAL,0,
OT-00596,2026-06-13 10:42:07+00:00,OT_SCADA,NORMAL,0,
PHY-00142,2026-06-13 10:47:45+00:00,PHYSICAL,NORMAL,0,
VPN-00804,2026-06-13 10:53:07+00:00,VPN_IAM,NORMAL,0,
NOTE-00089,2026-06-13 10:55:23+00:00,TEXT,NORMAL,0,
PHY-00916,2026-06-13 11:09:49+00:00,PHYSICAL,NORMAL,0,
EDR-00866,2026-06-13 11:16:45+00:00,ENDPOINT,NORMAL,0,
NET-02123,2026-06-13 11:17:42+00:00,NETWORK,NORMAL,0,
PHY-00438,2026-06-13 11:18:33+00:00,PHYSICAL,NORMAL,0,
PHY-00130,2026-06-13 11:20:38+00:00,PHYSICAL,NORMAL,0,
NET-02010,2026-06-13 11:26:18+00:00,NETWORK,NORMAL,0,
NET-01902,2026-06-13 11:29:42+00:00,NETWORK,NORMAL,0,
PHY-00978,2026-06-13 11:32:58+00:00,PHYSICAL,NORMAL,0,
OT-00712,2026-06-13 11:53:38+00:00,OT_SCADA,NORMAL,0,
CARGO-00218,2026-06-13 12:00:32+00:00,CARGO,NORMAL,0,
OT-01833,2026-06-13 12:04:40+00:00,OT_SCADA,NORMAL,0,
VPN-00415,2026-06-13 12:10:25+00:00,VPN_IAM,NORMAL,0,
NET-01624,2026-06-13 12:17:08+00:00,NETWORK,NORMAL,0,
NET-00974,2026-06-13 12:24:45+00:00,NETWORK,NORMAL,0,
OT-01038,2026-06-13 12:26:18+00:00,OT_SCADA,NORMAL,0,
NOTE-00281,2026-06-13 12:34:09+00:00,TEXT,NORMAL,0,
VPN-00740,2026-06-13 12:38:08+00:00,VPN_IAM,NORMAL,0,
VPN-01702,2026-06-13 12:49:03+00:00,VPN_IAM,NORMAL,0,
VPN-00638,2026-06-13 12:49:38+00:00,VPN_IAM,NORMAL,0,
OT-00446,2026-06-13 12:56:53+00:00,OT_SCADA,NORMAL,0,
CARGO-00363,2026-06-13 13:02:17+00:00,CARGO,NORMAL,0,
NET-01982,2026-06-13 13:07:24+00:00,NETWORK,NORMAL,0,
EDR-00471,2026-06-13 13:10:46+00:00,ENDPOINT,NORMAL,0,
NET-01983,2026-06-13 13:19:37+00:00,NETWORK,NORMAL,0,
NET-00423,2026-06-13 13:26:25+00:00,NETWORK,SUSPICIOUS,1,
CARGO-00230,2026-06-13 13:28:57+00:00,CARGO,NORMAL,0,
PHY-00285,2026-06-13 13:35:31+00:00,PHYSICAL,NORMAL,0,
NET-01444,2026-06-13 13:37:28+00:00,NETWORK,NORMAL,0,
VPN-00818,2026-06-13 13:38:15+00:00,VPN_IAM,NORMAL,0,
VPN-01432,2026-06-13 13:42:09+00:00,VPN_IAM,NORMAL,0,
NOTE-00181,2026-06-13 13:44:47+00:00,TEXT,NORMAL,0,
PHY-00078,2026-06-13 13:46:17+00:00,PHYSICAL,NORMAL,0,
CARGO-00197,2026-06-13 13:47:42+00:00,CARGO,NORMAL,0,
OT-01859,2026-06-13 13:48:49+00:00,OT_SCADA,NORMAL,0,
VPN-01548,2026-06-13 13:51:29+00:00,VPN_IAM,NORMAL,0,
PHY-00353,2026-06-13 13:57:35+00:00,PHYSICAL,SUSPICIOUS,1,
OT-00033,2026-06-13 14:02:09+00:00,OT_SCADA,NORMAL,0,
VPN-01743,2026-06-13 14:04:33+00:00,VPN_IAM,NORMAL,0,
NET-01962,2026-06-13 14:10:07+00:00,NETWORK,NORMAL,0,
OT-01419,2026-06-13 14:10:20+00:00,OT_SCADA,NORMAL,0,
PHY-00466,2026-06-13 14:23:21+00:00,PHYSICAL,NORMAL,0,
OT-01084,2026-06-13 14:25:11+00:00,OT_SCADA,NORMAL,0,
NET-00964,2026-06-13 14:27:32+00:00,NETWORK,NORMAL,0,
CARGO-00399,2026-06-13 14:28:25+00:00,CARGO,NORMAL,0,
OT-00617,2026-06-13 14:28:52+00:00,OT_SCADA,NORMAL,0,
OT-01338,2026-06-13 14:33:42+00:00,OT_SCADA,NORMAL,0,
OT-00137,2026-06-13 14:38:09+00:00,OT_SCADA,NORMAL,0,
OT-01287,2026-06-13 14:40:03+00:00,OT_SCADA,NORMAL,0,
NET-00828,2026-06-13 14:41:34+00:00,NETWORK,NORMAL,0,
VPN-00079,2026-06-13 14:48:24+00:00,VPN_IAM,NORMAL,0,
NET-00966,2026-06-13 14:51:13+00:00,NETWORK,NORMAL,0,
NET-01104,2026-06-13 14:55:48+00:00,NETWORK,NORMAL,0,
OT-01293,2026-06-13 14:59:30+00:00,OT_SCADA,NORMAL,0,
PHY-00805,2026-06-13 15:02:06+00:00,PHYSICAL,NORMAL,0,
NET-01074,2026-06-13 15:18:48+00:00,NETWORK,NORMAL,0,
PHY-00761,2026-06-13 15:19:30+00:00,PHYSICAL,NORMAL,0,
NET-01231,2026-06-13 15:22:12+00:00,NETWORK,NORMAL,0,
NET-01529,2026-06-13 15:26:52+00:00,NETWORK,NORMAL,0,
PHY-00775,2026-06-13 15:31:34+00:00,PHYSICAL,NORMAL,0,
OT-01972,2026-06-13 15:45:57+00:00,OT_SCADA,NORMAL,0,
NET-00228,2026-06-13 15:46:53+00:00,NETWORK,NORMAL,0,
CARGO-01014,2026-06-13 15:53:59+00:00,CARGO,NORMAL,0,
NET-01476,2026-06-13 15:59:27+00:00,NETWORK,NORMAL,0,
EDR-00972,2026-06-13 16:04:48+00:00,ENDPOINT,NORMAL,0,
NET-01177,2026-06-13 16:16:47+00:00,NETWORK,NORMAL,0,
VPN-01238,2026-06-13 16:17:28+00:00,VPN_IAM,NORMAL,0,
PHY-00891,2026-06-13 16:17:58+00:00,PHYSICAL,NORMAL,0,
CARGO-00559,2026-06-13 16:21:50+00:00,CARGO,NORMAL,0,
VPN-00859,2026-06-13 16:33:33+00:00,VPN_IAM,NORMAL,0,
VPN-01145,2026-06-13 16:59:21+00:00,VPN_IAM,NORMAL,0,
NET-02064,2026-06-13 17:00:28+00:00,NETWORK,NORMAL,0,
VPN-01420,2026-06-13 17:03:28+00:00,VPN_IAM,NORMAL,0,
EDR-00462,2026-06-13 17:13:32+00:00,ENDPOINT,NORMAL,0,
EDR-00937,2026-06-13 17:32:16+00:00,ENDPOINT,NORMAL,0,
VPN-01208,2026-06-13 17:34:57+00:00,VPN_IAM,NORMAL,0,
VPN-01360,2026-06-13 17:35:03+00:00,VPN_IAM,NORMAL,0,
OT-00960,2026-06-13 17:38:53+00:00,OT_SCADA,NORMAL,0,
PHY-00013,2026-06-13 17:45:23+00:00,PHYSICAL,NORMAL,0,
VPN-00703,2026-06-13 17:46:46+00:00,VPN_IAM,NORMAL,0,
NET-01949,2026-06-13 17:47:43+00:00,NETWORK,NORMAL,0,
VPN-00308,2026-06-13 17:58:40+00:00,VPN_IAM,NORMAL,0,
EDR-01083,2026-06-13 18:09:00+00:00,ENDPOINT,NORMAL,0,
OT-01418,2026-06-13 18:12:08+00:00,OT_SCADA,NORMAL,0,
NET-00486,2026-06-13 18:12:11+00:00,NETWORK,SUSPICIOUS,1,
CARGO-00916,2026-06-13 18:15:41+00:00,CARGO,NORMAL,0,
NOTE-00200,2026-06-13 18:25:04+00:00,TEXT,SUSPICIOUS,1,
CARGO-00693,2026-06-13 18:29:42+00:00,CARGO,NORMAL,0,
OT-00466,2026-06-13 18:29:54+00:00,OT_SCADA,NORMAL,0,
VPN-00607,2026-06-13 18:32:33+00:00,VPN_IAM,NORMAL,0,
VPN-00748,2026-06-13 18:36:51+00:00,VPN_IAM,NORMAL,0,
NET-00085,2026-06-13 18:37:46+00:00,NETWORK,NORMAL,0,
PHY-00840,2026-06-13 18:41:29+00:00,PHYSICAL,NORMAL,0,
NET-00971,2026-06-13 18:46:29+00:00,NETWORK,NORMAL,0,
CARGO-00722,2026-06-13 18:47:58+00:00,CARGO,NORMAL,0,
NET-01780,2026-06-13 18:49:53+00:00,NETWORK,NORMAL,0,
OT-01729,2026-06-13 19:00:47+00:00,OT_SCADA,NORMAL,0,
OT-01356,2026-06-13 19:08:45+00:00,OT_SCADA,NORMAL,0,
PHY-00084,2026-06-13 19:09:43+00:00,PHYSICAL,NORMAL,0,
PHY-00153,2026-06-13 19:15:31+00:00,PHYSICAL,NORMAL,0,
PHY-00970,2026-06-13 19:23:25+00:00,PHYSICAL,NORMAL,0,
OT-00528,2026-06-13 19:24:27+00:00,OT_SCADA,NORMAL,0,
NET-00291,2026-06-13 19:26:21+00:00,NETWORK,NORMAL,0,
PHY-00131,2026-06-13 19:31:21+00:00,PHYSICAL,NORMAL,0,
EDR-01194,2026-06-13 19:31:28+00:00,ENDPOINT,NORMAL,0,
OT-01931,2026-06-13 19:32:45+00:00,OT_SCADA,NORMAL,0,
PHY-00070,2026-06-13 19:37:10+00:00,PHYSICAL,NORMAL,0,
VPN-00907,2026-06-13 19:39:11+00:00,VPN_IAM,NORMAL,0,
OT-00285,2026-06-13 19:39:25+00:00,OT_SCADA,NORMAL,0,
NET-00331,2026-06-13 19:39:33+00:00,NETWORK,NORMAL,0,
OT-01528,2026-06-13 19:42:13+00:00,OT_SCADA,NORMAL,0,
OT-00077,2026-06-13 19:43:21+00:00,OT_SCADA,NORMAL,0,
VPN-00214,2026-06-13 19:50:14+00:00,VPN_IAM,NORMAL,0,
CARGO-00633,2026-06-13 19:50:31+00:00,CARGO,NORMAL,0,
VPN-00883,2026-06-13 19:52:00+00:00,VPN_IAM,NORMAL,0,
NET-00980,2026-06-13 19:57:29+00:00,NETWORK,NORMAL,0,
NET-02183,2026-06-13 20:04:27+00:00,NETWORK,NORMAL,0,
VPN-00358,2026-06-13 20:05:48+00:00,VPN_IAM,NORMAL,0,
PHY-00369,2026-06-13 20:05:53+00:00,PHYSICAL,NORMAL,0,
NET-00835,2026-06-13 20:10:15+00:00,NETWORK,NORMAL,0,
EDR-00289,2026-06-13 20:14:51+00:00,ENDPOINT,NORMAL,0,
OT-01720,2026-06-13 20:18:54+00:00,OT_SCADA,NORMAL,0,
EDR-00086,2026-06-13 20:20:28+00:00,ENDPOINT,NORMAL,0,
OT-01908,2026-06-13 20:31:31+00:00,OT_SCADA,NORMAL,0,
CARGO-01007,2026-06-13 20:33:01+00:00,CARGO,NORMAL,0,
NET-00712,2026-06-13 20:36:26+00:00,NETWORK,NORMAL,0,
CARGO-00888,2026-06-13 20:37:30+00:00,CARGO,SUSPICIOUS,1,
VPN-01699,2026-06-13 20:38:42+00:00,VPN_IAM,NORMAL,0,
NET-00750,2026-06-13 20:41:37+00:00,NETWORK,NORMAL,0,
VPN-00267,2026-06-13 20:44:15+00:00,VPN_IAM,NORMAL,0,
VPN-00553,2026-06-13 20:48:51+00:00,VPN_IAM,NORMAL,0,
VPN-01696,2026-06-13 20:54:01+00:00,VPN_IAM,NORMAL,0,
CARGO-00578,2026-06-13 21:01:23+00:00,CARGO,NORMAL,0,
VPN-01662,2026-06-13 21:03:11+00:00,VPN_IAM,NORMAL,0,
CARGO-01097,2026-06-13 21:04:24+00:00,CARGO,NORMAL,0,
CARGO-01088,2026-06-13 21:08:19+00:00,CARGO,NORMAL,0,
CARGO-00784,2026-06-13 21:09:20+00:00,CARGO,NORMAL,0,
NOTE-00206,2026-06-13 21:13:22+00:00,TEXT,NORMAL,0,
EDR-00569,2026-06-13 21:14:23+00:00,ENDPOINT,NORMAL,0,
VPN-00947,2026-06-13 21:16:19+00:00,VPN_IAM,NORMAL,0,
NET-00428,2026-06-13 21:17:28+00:00,NETWORK,NORMAL,0,
CARGO-00137,2026-06-13 21:29:55+00:00,CARGO,NORMAL,0,
EDR-00872,2026-06-13 21:43:39+00:00,ENDPOINT,NORMAL,0,
EDR-00576,2026-06-13 21:45:03+00:00,ENDPOINT,NORMAL,0,
NET-01044,2026-06-13 21:55:16+00:00,NETWORK,NORMAL,0,
VPN-01774,2026-06-13 21:56:21+00:00,VPN_IAM,NORMAL,0,
OT-00788,2026-06-13 22:13:07+00:00,OT_SCADA,NORMAL,0,
OT-00269,2026-06-13 22:21:13+00:00,OT_SCADA,NORMAL,0,
NET-00167,2026-06-13 22:22:20+00:00,NETWORK,NORMAL,0,
OT-01990,2026-06-13 22:24:08+00:00,OT_SCADA,NORMAL,0,
VPN-01258,2026-06-13 22:40:54+00:00,VPN_IAM,NORMAL,0,
NET-01493,2026-06-13 22:42:07+00:00,NETWORK,NORMAL,0,
VPN-01251,2026-06-13 22:44:23+00:00,VPN_IAM,NORMAL,0,
NET-00947,2026-06-13 22:52:36+00:00,NETWORK,NORMAL,0,
VPN-00696,2026-06-13 23:00:07+00:00,VPN_IAM,NORMAL,0,
CARGO-00763,2026-06-13 23:07:09+00:00,CARGO,NORMAL,0,
EDR-00335,2026-06-13 23:08:26+00:00,ENDPOINT,NORMAL,0,
EDR-00146,2026-06-13 23:09:19+00:00,ENDPOINT,NORMAL,0,
EDR-00065,2026-06-13 23:11:32+00:00,ENDPOINT,NORMAL,0,
VPN-00105,2026-06-13 23:13:41+00:00,VPN_IAM,SUSPICIOUS,1,
NET-00356,2026-06-13 23:20:15+00:00,NETWORK,NORMAL,0,
NET-01676,2026-06-13 23:21:34+00:00,NETWORK,NORMAL,0,
NET-01801,2026-06-13 23:22:44+00:00,NETWORK,SUSPICIOUS,1,
EDR-00085,2026-06-13 23:27:48+00:00,ENDPOINT,NORMAL,0,
OT-00823,2026-06-13 23:35:31+00:00,OT_SCADA,NORMAL,0,
EDR-00564,2026-06-13 23:41:24+00:00,ENDPOINT,NORMAL,0,
VPN-01470,2026-06-13 23:54:08+00:00,VPN_IAM,NORMAL,0,
VPN-01615,2026-06-14 00:00:19+00:00,VPN_IAM,NORMAL,0,
OT-00941,2026-06-14 00:00:21+00:00,OT_SCADA,NORMAL,0,
PHY-00345,2026-06-14 00:10:26+00:00,PHYSICAL,NORMAL,0,
OT-00832,2026-06-14 00:23:22+00:00,OT_SCADA,NORMAL,0,
OT-01658,2026-06-14 00:39:53+00:00,OT_SCADA,NORMAL,0,
VPN-00918,2026-06-14 00:51:09+00:00,VPN_IAM,NORMAL,0,
OT-01522,2026-06-14 00:52:08+00:00,OT_SCADA,NORMAL,0,
NET-01010,2026-06-14 00:52:28+00:00,NETWORK,NORMAL,0,
NET-01618,2026-06-14 00:55:02+00:00,NETWORK,NORMAL,0,
PHY-00718,2026-06-14 00:58:10+00:00,PHYSICAL,SUSPICIOUS,1,
NET-00030,2026-06-14 01:03:35+00:00,NETWORK,NORMAL,0,
CARGO-01155,2026-06-14 01:06:17+00:00,CARGO,NORMAL,0,
PHY-00123,2026-06-14 01:06:29+00:00,PHYSICAL,NORMAL,0,
PHY-00372,2026-06-14 01:12:42+00:00,PHYSICAL,NORMAL,0,
OT-01441,2026-06-14 01:15:51+00:00,OT_SCADA,NORMAL,0,
OT-00148,2026-06-14 01:17:46+00:00,OT_SCADA,NORMAL,0,
PHY-00500,2026-06-14 01:18:52+00:00,PHYSICAL,NORMAL,0,
OT-00337,2026-06-14 01:26:22+00:00,OT_SCADA,NORMAL,0,
VPN-00945,2026-06-14 01:27:33+00:00,VPN_IAM,NORMAL,0,
EDR-00275,2026-06-14 01:37:21+00:00,ENDPOINT,NORMAL,0,
OT-01067,2026-06-14 01:41:24+00:00,OT_SCADA,NORMAL,0,
NET-01758,2026-06-14 01:42:56+00:00,NETWORK,NORMAL,0,
VPN-00364,2026-06-14 01:45:47+00:00,VPN_IAM,NORMAL,0,
EDR-00154,2026-06-14 01:47:39+00:00,ENDPOINT,NORMAL,0,
NOTE-00294,2026-06-14 01:50:43+00:00,TEXT,NORMAL,0,
OT-01991,2026-06-14 01:50:56+00:00,OT_SCADA,NORMAL,0,
NET-00599,2026-06-14 01:52:04+00:00,NETWORK,NORMAL,0,
OT-00777,2026-06-14 02:12:27+00:00,OT_SCADA,NORMAL,0,
NET-01399,2026-06-14 02:16:20+00:00,NETWORK,NORMAL,0,
PHY-00671,2026-06-14 02:18:31+00:00,PHYSICAL,NORMAL,0,
OT-01827,2026-06-14 02:25:06+00:00,OT_SCADA,NORMAL,0,
OT-01369,2026-06-14 02:28:11+00:00,OT_SCADA,NORMAL,0,
NET-01989,2026-06-14 02:30:17+00:00,NETWORK,NORMAL,0,
PHY-00646,2026-06-14 02:36:00+00:00,PHYSICAL,NORMAL,0,
PHY-00383,2026-06-14 02:41:18+00:00,PHYSICAL,NORMAL,0,
NET-00861,2026-06-14 02:50:47+00:00,NETWORK,NORMAL,0,
NET-01002,2026-06-14 03:04:20+00:00,NETWORK,NORMAL,0,
OT-01030,2026-06-14 03:04:37+00:00,OT_SCADA,NORMAL,0,
NET-00218,2026-06-14 03:08:36+00:00,NETWORK,NORMAL,0,
NET-00271,2026-06-14 03:14:25+00:00,NETWORK,NORMAL,0,
CARGO-00178,2026-06-14 03:21:56+00:00,CARGO,NORMAL,0,
NET-01148,2026-06-14 03:25:53+00:00,NETWORK,NORMAL,0,
PHY-00599,2026-06-14 03:26:43+00:00,PHYSICAL,NORMAL,0,
VPN-00462,2026-06-14 03:31:13+00:00,VPN_IAM,NORMAL,0,
OT-01081,2026-06-14 03:31:32+00:00,OT_SCADA,NORMAL,0,
OT-01143,2026-06-14 03:31:35+00:00,OT_SCADA,NORMAL,0,
NET-00232,2026-06-14 03:34:40+00:00,NETWORK,NORMAL,0,
NET-01254,2026-06-14 03:42:51+00:00,NETWORK,NORMAL,0,
OT-00796,2026-06-14 03:46:49+00:00,OT_SCADA,NORMAL,0,
NET-01777,2026-06-14 03:51:28+00:00,NETWORK,NORMAL,0,
PHY-00006,2026-06-14 03:51:58+00:00,PHYSICAL,NORMAL,0,
OT-01511,2026-06-14 03:57:31+00:00,OT_SCADA,NORMAL,0,
NET-00806,2026-06-14 04:09:26+00:00,NETWORK,NORMAL,0,
OT-01621,2026-06-14 04:09:30+00:00,OT_SCADA,NORMAL,0,
NET-01505,2026-06-14 04:11:05+00:00,NETWORK,NORMAL,0,
OT-01771,2026-06-14 04:12:21+00:00,OT_SCADA,NORMAL,0,
PHY-00235,2026-06-14 04:14:27+00:00,PHYSICAL,NORMAL,0,
PHY-00352,2026-06-14 04:23:11+00:00,PHYSICAL,NORMAL,0,
NET-00362,2026-06-14 04:29:40+00:00,NETWORK,NORMAL,0,
OT-01215,2026-06-14 04:38:32+00:00,OT_SCADA,NORMAL,0,
EDR-00905,2026-06-14 04:43:34+00:00,ENDPOINT,NORMAL,0,
VPN-01529,2026-06-14 04:47:16+00:00,VPN_IAM,NORMAL,0,
NET-00088,2026-06-14 04:48:06+00:00,NETWORK,NORMAL,0,
OT-00133,2026-06-14 04:50:54+00:00,OT_SCADA,NORMAL,0,
CARGO-00176,2026-06-14 04:51:38+00:00,CARGO,NORMAL,0,
NET-01932,2026-06-14 04:53:02+00:00,NETWORK,NORMAL,0,
VPN-01146,2026-06-14 04:53:13+00:00,VPN_IAM,NORMAL,0,
EDR-00450,2026-06-14 04:53:26+00:00,ENDPOINT,NORMAL,0,
CARGO-00851,2026-06-14 04:57:57+00:00,CARGO,NORMAL,0,
NET-00383,2026-06-14 05:00:49+00:00,NETWORK,NORMAL,0,
OT-00012,2026-06-14 05:04:26+00:00,OT_SCADA,NORMAL,0,
NOTE-00117,2026-06-14 05:16:01+00:00,TEXT,NORMAL,0,
CARGO-00862,2026-06-14 05:28:17+00:00,CARGO,NORMAL,0,
VPN-00314,2026-06-14 05:36:23+00:00,VPN_IAM,NORMAL,0,
EDR-00419,2026-06-14 05:38:45+00:00,ENDPOINT,NORMAL,0,
NET-00715,2026-06-14 05:42:20+00:00,NETWORK,SUSPICIOUS,1,
OT-01542,2026-06-14 05:47:40+00:00,OT_SCADA,NORMAL,0,
NET-02154,2026-06-14 05:59:55+00:00,NETWORK,NORMAL,0,
NET-00123,2026-06-14 06:01:18+00:00,NETWORK,NORMAL,0,
VPN-01604,2026-06-14 06:05:30+00:00,VPN_IAM,NORMAL,0,
PHY-00778,2026-06-14 06:06:10+00:00,PHYSICAL,NORMAL,0,
EDR-00369,2026-06-14 06:07:45+00:00,ENDPOINT,NORMAL,0,
NET-00113,2026-06-14 06:13:35+00:00,NETWORK,NORMAL,0,
NET-01333,2026-06-14 06:15:15+00:00,NETWORK,NORMAL,0,
CARGO-01135,2026-06-14 06:19:40+00:00,CARGO,NORMAL,0,
OT-01939,2026-06-14 06:21:26+00:00,OT_SCADA,NORMAL,0,
NET-00175,2026-06-14 06:26:08+00:00,NETWORK,NORMAL,0,
CARGO-00186,2026-06-14 06:30:30+00:00,CARGO,NORMAL,0,
NET-00158,2026-06-14 06:30:52+00:00,NETWORK,NORMAL,0,
NET-02033,2026-06-14 06:48:50+00:00,NETWORK,NORMAL,0,
CARGO-00329,2026-06-14 06:50:22+00:00,CARGO,NORMAL,0,
PHY-00935,2026-06-14 06:57:58+00:00,PHYSICAL,NORMAL,0,
CARGO-00846,2026-06-14 07:00:10+00:00,CARGO,NORMAL,0,
PHY-00603,2026-06-14 07:00:28+00:00,PHYSICAL,SUSPICIOUS,1,
VPN-00812,2026-06-14 07:04:55+00:00,VPN_IAM,NORMAL,0,
NET-00385,2026-06-14 07:08:56+00:00,NETWORK,NORMAL,0,
EDR-00263,2026-06-14 07:10:20+00:00,ENDPOINT,NORMAL,0,
OT-00028,2026-06-14 07:18:58+00:00,OT_SCADA,NORMAL,0,
OT-01238,2026-06-14 07:20:38+00:00,OT_SCADA,NORMAL,0,
VPN-00328,2026-06-14 07:21:02+00:00,VPN_IAM,NORMAL,0,
NOTE-00041,2026-06-14 07:24:46+00:00,TEXT,NORMAL,0,
OT-00202,2026-06-14 07:27:28+00:00,OT_SCADA,NORMAL,0,
PHY-00795,2026-06-14 07:29:16+00:00,PHYSICAL,NORMAL,0,
EDR-00494,2026-06-14 07:40:29+00:00,ENDPOINT,NORMAL,0,
PHY-00435,2026-06-14 07:43:12+00:00,PHYSICAL,NORMAL,0,
PHY-00270,2026-06-14 07:45:37+00:00,PHYSICAL,NORMAL,0,
NET-00969,2026-06-14 07:59:21+00:00,NETWORK,NORMAL,0,
EDR-00802,2026-06-14 08:04:41+00:00,ENDPOINT,NORMAL,0,
NET-01580,2026-06-14 08:07:25+00:00,NETWORK,NORMAL,0,
CARGO-00258,2026-06-14 08:07:28+00:00,CARGO,NORMAL,0,
CARGO-00476,2026-06-14 08:13:49+00:00,CARGO,NORMAL,0,
PHY-00957,2026-06-14 08:16:16+00:00,PHYSICAL,NORMAL,0,
CARGO-00881,2026-06-14 08:20:14+00:00,CARGO,NORMAL,0,
OT-00615,2026-06-14 08:20:18+00:00,OT_SCADA,NORMAL,0,
NET-00783,2026-06-14 08:21:08+00:00,NETWORK,SUSPICIOUS,1,
NET-00130,2026-06-14 08:26:48+00:00,NETWORK,NORMAL,0,
VPN-01202,2026-06-14 08:34:53+00:00,VPN_IAM,SUSPICIOUS,1,
VPN-00229,2026-06-14 08:42:27+00:00,VPN_IAM,NORMAL,0,
NET-01080,2026-06-14 08:48:01+00:00,NETWORK,NORMAL,0,
NET-00958,2026-06-14 08:48:20+00:00,NETWORK,NORMAL,0,
VPN-01019,2026-06-14 08:53:54+00:00,VPN_IAM,NORMAL,0,
CARGO-01087,2026-06-14 09:07:40+00:00,CARGO,NORMAL,0,
PHY-00710,2026-06-14 09:11:35+00:00,PHYSICAL,NORMAL,0,
VPN-00588,2026-06-14 09:11:35+00:00,VPN_IAM,NORMAL,0,
VPN-01326,2026-06-14 09:20:35+00:00,VPN_IAM,NORMAL,0,
VPN-00832,2026-06-14 09:27:27+00:00,VPN_IAM,NORMAL,0,
OT-01112,2026-06-14 09:27:50+00:00,OT_SCADA,NORMAL,0,
CARGO-00714,2026-06-14 09:30:52+00:00,CARGO,NORMAL,0,
NOTE-00005,2026-06-14 09:32:35+00:00,TEXT,SUSPICIOUS,1,
CARGO-00899,2026-06-14 09:34:57+00:00,CARGO,NORMAL,0,
VPN-01273,2026-06-14 09:43:13+00:00,VPN_IAM,NORMAL,0,
PHY-00802,2026-06-14 09:45:28+00:00,PHYSICAL,NORMAL,0,
NOTE-00080,2026-06-14 10:04:21+00:00,TEXT,NORMAL,0,
VPN-01281,2026-06-14 10:09:01+00:00,VPN_IAM,NORMAL,0,
CARGO-00639,2026-06-14 10:09:17+00:00,CARGO,NORMAL,0,
VPN-00592,2026-06-14 10:10:14+00:00,VPN_IAM,SUSPICIOUS,1,
NOTE-00287,2026-06-14 10:18:39+00:00,TEXT,NORMAL,0,
NET-00504,2026-06-14 10:25:04+00:00,NETWORK,NORMAL,0,
VPN-00961,2026-06-14 10:26:29+00:00,VPN_IAM,NORMAL,0,
OT-00911,2026-06-14 10:31:00+00:00,OT_SCADA,NORMAL,0,
OT-00313,2026-06-14 10:34:36+00:00,OT_SCADA,NORMAL,0,
EDR-01029,2026-06-14 10:36:28+00:00,ENDPOINT,NORMAL,0,
PHY-00350,2026-06-14 10:41:17+00:00,PHYSICAL,SUSPICIOUS,1,
NOTE-00149,2026-06-14 10:41:56+00:00,TEXT,NORMAL,0,
CARGO-01034,2026-06-14 10:44:04+00:00,CARGO,NORMAL,0,
OT-00331,2026-06-14 10:45:56+00:00,OT_SCADA,NORMAL,0,
NET-02089,2026-06-14 11:02:42+00:00,NETWORK,NORMAL,0,
CARGO-00585,2026-06-14 11:04:19+00:00,CARGO,NORMAL,0,
PHY-00651,2026-06-14 11:04:37+00:00,PHYSICAL,NORMAL,0,
CARGO-00922,2026-06-14 11:04:38+00:00,CARGO,NORMAL,0,
VPN-01018,2026-06-14 11:08:56+00:00,VPN_IAM,NORMAL,0,
CARGO-00614,2026-06-14 11:13:20+00:00,CARGO,NORMAL,0,
CARGO-00896,2026-06-14 11:17:39+00:00,CARGO,NORMAL,0,
VPN-00564,2026-06-14 11:25:10+00:00,VPN_IAM,NORMAL,0,
PHY-00307,2026-06-14 11:26:26+00:00,PHYSICAL,NORMAL,0,
OT-01731,2026-06-14 11:31:37+00:00,OT_SCADA,NORMAL,0,
NET-00107,2026-06-14 11:33:01+00:00,NETWORK,SUSPICIOUS,1,
PHY-00596,2026-06-14 11:37:16+00:00,PHYSICAL,NORMAL,0,
NET-01617,2026-06-14 11:43:03+00:00,NETWORK,NORMAL,0,
OT-00107,2026-06-14 11:46:16+00:00,OT_SCADA,NORMAL,0,
VPN-01537,2026-06-14 11:47:42+00:00,VPN_IAM,NORMAL,0,
VPN-00551,2026-06-14 11:53:17+00:00,VPN_IAM,NORMAL,0,
VPN-01442,2026-06-14 12:07:39+00:00,VPN_IAM,NORMAL,0,
VPN-00387,2026-06-14 12:17:01+00:00,VPN_IAM,NORMAL,0,
OT-01743,2026-06-14 12:22:39+00:00,OT_SCADA,NORMAL,0,
VPN-00397,2026-06-14 12:26:30+00:00,VPN_IAM,NORMAL,0,
NET-01134,2026-06-14 12:27:44+00:00,NETWORK,NORMAL,0,
NET-01049,2026-06-14 12:37:19+00:00,NETWORK,NORMAL,0,
OT-00375,2026-06-14 12:37:51+00:00,OT_SCADA,SUSPICIOUS,1,
OT-00517,2026-06-14 12:38:49+00:00,OT_SCADA,NORMAL,0,
OT-00549,2026-06-14 12:40:09+00:00,OT_SCADA,NORMAL,0,
EDR-00859,2026-06-14 12:41:07+00:00,ENDPOINT,NORMAL,0,
NOTE-00226,2026-06-14 12:44:18+00:00,TEXT,NORMAL,0,
PHY-00745,2026-06-14 12:53:29+00:00,PHYSICAL,NORMAL,0,
CARGO-00078,2026-06-14 13:00:19+00:00,CARGO,NORMAL,0,
NET-00713,2026-06-14 13:00:34+00:00,NETWORK,NORMAL,0,
NET-01348,2026-06-14 13:03:21+00:00,NETWORK,NORMAL,0,
OT-00187,2026-06-14 13:03:38+00:00,OT_SCADA,NORMAL,0,
VPN-00143,2026-06-14 13:08:47+00:00,VPN_IAM,NORMAL,0,
EDR-00004,2026-06-14 13:21:18+00:00,ENDPOINT,NORMAL,0,
OT-00542,2026-06-14 13:28:18+00:00,OT_SCADA,NORMAL,0,
OT-01223,2026-06-14 13:28:44+00:00,OT_SCADA,SUSPICIOUS,1,
VPN-01119,2026-06-14 13:31:34+00:00,VPN_IAM,NORMAL,0,
EDR-00762,2026-06-14 13:33:08+00:00,ENDPOINT,NORMAL,0,
OT-01429,2026-06-14 13:37:00+00:00,OT_SCADA,NORMAL,0,
EDR-00513,2026-06-14 13:37:29+00:00,ENDPOINT,NORMAL,0,
EDR-00523,2026-06-14 13:49:39+00:00,ENDPOINT,NORMAL,0,
CARGO-01042,2026-06-14 13:51:54+00:00,CARGO,NORMAL,0,
EDR-00840,2026-06-14 13:58:07+00:00,ENDPOINT,NORMAL,0,
OT-01273,2026-06-14 14:00:02+00:00,OT_SCADA,NORMAL,0,
OT-00612,2026-06-14 14:08:48+00:00,OT_SCADA,NORMAL,0,
NET-00732,2026-06-14 14:13:21+00:00,NETWORK,NORMAL,0,
VPN-00248,2026-06-14 14:15:16+00:00,VPN_IAM,NORMAL,0,
CARGO-00723,2026-06-14 14:23:00+00:00,CARGO,NORMAL,0,
PHY-00015,2026-06-14 14:23:43+00:00,PHYSICAL,NORMAL,0,
VPN-00558,2026-06-14 14:28:14+00:00,VPN_IAM,NORMAL,0,
OT-01422,2026-06-14 14:30:14+00:00,OT_SCADA,NORMAL,0,
CARGO-01153,2026-06-14 14:33:14+00:00,CARGO,NORMAL,0,
OT-01660,2026-06-14 14:34:18+00:00,OT_SCADA,NORMAL,0,
PHY-00378,2026-06-14 14:35:30+00:00,PHYSICAL,NORMAL,0,
NET-00051,2026-06-14 14:36:49+00:00,NETWORK,NORMAL,0,
VPN-00171,2026-06-14 14:37:30+00:00,VPN_IAM,NORMAL,0,
OT-01049,2026-06-14 14:39:45+00:00,OT_SCADA,NORMAL,0,
OT-01033,2026-06-14 14:46:18+00:00,OT_SCADA,NORMAL,0,
NET-01457,2026-06-14 15:03:25+00:00,NETWORK,NORMAL,0,
VPN-01534,2026-06-14 15:07:07+00:00,VPN_IAM,NORMAL,0,
EDR-00403,2026-06-14 15:13:06+00:00,ENDPOINT,NORMAL,0,
CARGO-00983,2026-06-14 15:17:43+00:00,CARGO,NORMAL,0,
NOTE-00009,2026-06-14 15:21:39+00:00,TEXT,NORMAL,0,
EDR-01014,2026-06-14 15:22:57+00:00,ENDPOINT,SUSPICIOUS,1,
PHY-00903,2026-06-14 15:23:53+00:00,PHYSICAL,NORMAL,0,
CARGO-00599,2026-06-14 15:29:33+00:00,CARGO,NORMAL,0,
NOTE-00059,2026-06-14 15:35:10+00:00,TEXT,NORMAL,0,
CARGO-01092,2026-06-14 15:38:29+00:00,CARGO,NORMAL,0,
NOTE-00152,2026-06-14 15:43:55+00:00,TEXT,NORMAL,0,
OT-00894,2026-06-14 15:45:43+00:00,OT_SCADA,NORMAL,0,
VPN-01062,2026-06-14 15:47:14+00:00,VPN_IAM,NORMAL,0,
NET-00649,2026-06-14 15:52:05+00:00,NETWORK,NORMAL,0,
VPN-00694,2026-06-14 15:55:43+00:00,VPN_IAM,NORMAL,0,
NET-02049,2026-06-14 16:02:55+00:00,NETWORK,NORMAL,0,
CARGO-00531,2026-06-14 16:05:11+00:00,CARGO,NORMAL,0,
VPN-00398,2026-06-14 16:05:16+00:00,VPN_IAM,NORMAL,0,
NET-00256,2026-06-14 16:19:44+00:00,NETWORK,NORMAL,0,
EDR-01192,2026-06-14 16:20:58+00:00,ENDPOINT,NORMAL,0,
EDR-00468,2026-06-14 16:24:59+00:00,ENDPOINT,NORMAL,0,
EDR-00240,2026-06-14 16:26:17+00:00,ENDPOINT,NORMAL,0,
EDR-00747,2026-06-14 16:27:14+00:00,ENDPOINT,NORMAL,0,
CARGO-00625,2026-06-14 16:28:34+00:00,CARGO,NORMAL,0,
PHY-00132,2026-06-14 16:48:12+00:00,PHYSICAL,NORMAL,0,
OT-00751,2026-06-14 16:54:21+00:00,OT_SCADA,NORMAL,0,
PHY-00586,2026-06-14 17:00:11+00:00,PHYSICAL,NORMAL,0,
CARGO-00641,2026-06-14 17:01:25+00:00,CARGO,NORMAL,0,
OT-01130,2026-06-14 17:07:46+00:00,OT_SCADA,NORMAL,0,
VPN-00253,2026-06-14 17:13:38+00:00,VPN_IAM,NORMAL,0,
NET-00524,2026-06-14 17:16:10+00:00,NETWORK,NORMAL,0,
NET-00288,2026-06-14 17:24:03+00:00,NETWORK,NORMAL,0,
EDR-00996,2026-06-14 17:24:49+00:00,ENDPOINT,NORMAL,0,
PHY-00236,2026-06-14 17:24:56+00:00,PHYSICAL,NORMAL,0,
VPN-00127,2026-06-14 17:29:56+00:00,VPN_IAM,NORMAL,0,
VPN-00019,2026-06-14 17:31:48+00:00,VPN_IAM,NORMAL,0,
PHY-00072,2026-06-14 17:38:53+00:00,PHYSICAL,NORMAL,0,
EDR-00719,2026-06-14 17:40:24+00:00,ENDPOINT,NORMAL,0,
PHY-00564,2026-06-14 17:46:19+00:00,PHYSICAL,NORMAL,0,
EDR-01005,2026-06-14 17:46:56+00:00,ENDPOINT,SUSPICIOUS,1,
CARGO-01168,2026-06-14 17:53:54+00:00,CARGO,NORMAL,0,
CARGO-00661,2026-06-14 17:55:03+00:00,CARGO,NORMAL,0,
VPN-00713,2026-06-14 18:03:23+00:00,VPN_IAM,NORMAL,0,
EDR-00407,2026-06-14 18:06:05+00:00,ENDPOINT,NORMAL,0,
EDR-00279,2026-06-14 18:10:41+00:00,ENDPOINT,NORMAL,0,
CARGO-00067,2026-06-14 18:12:09+00:00,CARGO,NORMAL,0,
OT-01997,2026-06-14 18:13:08+00:00,OT_SCADA,NORMAL,0,
OT-01690,2026-06-14 18:14:43+00:00,OT_SCADA,NORMAL,0,
VPN-00269,2026-06-14 18:14:59+00:00,VPN_IAM,NORMAL,0,
PHY-00828,2026-06-14 18:18:19+00:00,PHYSICAL,NORMAL,0,
NET-01808,2026-06-14 18:36:47+00:00,NETWORK,NORMAL,0,
EDR-01024,2026-06-14 18:37:07+00:00,ENDPOINT,NORMAL,0,
NET-01599,2026-06-14 18:38:44+00:00,NETWORK,NORMAL,0,
VPN-01261,2026-06-14 18:45:50+00:00,VPN_IAM,NORMAL,0,
PHY-00151,2026-06-14 18:46:53+00:00,PHYSICAL,NORMAL,0,
PHY-00732,2026-06-14 18:57:05+00:00,PHYSICAL,NORMAL,0,
OT-00943,2026-06-14 19:16:28+00:00,OT_SCADA,NORMAL,0,
OT-01586,2026-06-14 19:18:55+00:00,OT_SCADA,NORMAL,0,
PHY-00156,2026-06-14 19:22:29+00:00,PHYSICAL,NORMAL,0,
NET-01554,2026-06-14 19:23:37+00:00,NETWORK,NORMAL,0,
OT-00780,2026-06-14 19:25:38+00:00,OT_SCADA,NORMAL,0,
CARGO-00482,2026-06-14 19:28:21+00:00,CARGO,NORMAL,0,
PHY-00756,2026-06-14 19:31:47+00:00,PHYSICAL,NORMAL,0,
OT-00365,2026-06-14 19:33:20+00:00,OT_SCADA,NORMAL,0,
NET-02002,2026-06-14 19:35:18+00:00,NETWORK,NORMAL,0,
PHY-00175,2026-06-14 19:42:16+00:00,PHYSICAL,NORMAL,0,
NET-01018,2026-06-14 19:42:17+00:00,NETWORK,NORMAL,0,
OT-01166,2026-06-14 19:49:44+00:00,OT_SCADA,NORMAL,0,
OT-01599,2026-06-14 19:51:07+00:00,OT_SCADA,NORMAL,0,
OT-00567,2026-06-14 19:54:11+00:00,OT_SCADA,NORMAL,0,
OT-00434,2026-06-14 19:54:43+00:00,OT_SCADA,NORMAL,0,
VPN-00590,2026-06-14 20:02:38+00:00,VPN_IAM,NORMAL,0,
NET-01998,2026-06-14 20:04:45+00:00,NETWORK,SUSPICIOUS,1,
NET-01040,2026-06-14 20:05:19+00:00,NETWORK,NORMAL,0,
EDR-00410,2026-06-14 20:15:48+00:00,ENDPOINT,NORMAL,0,
VPN-01597,2026-06-14 20:16:31+00:00,VPN_IAM,NORMAL,0,
NET-00554,2026-06-14 20:26:30+00:00,NETWORK,NORMAL,0,
CARGO-00727,2026-06-14 20:27:39+00:00,CARGO,NORMAL,0,
VPN-01054,2026-06-14 20:27:52+00:00,VPN_IAM,NORMAL,0,
NET-00950,2026-06-14 20:29:45+00:00,NETWORK,NORMAL,0,
PHY-00056,2026-06-14 20:32:17+00:00,PHYSICAL,NORMAL,0,
OT-00930,2026-06-14 20:36:23+00:00,OT_SCADA,NORMAL,0,
VPN-00831,2026-06-14 20:45:16+00:00,VPN_IAM,NORMAL,0,
EDR-00044,2026-06-14 20:46:21+00:00,ENDPOINT,NORMAL,0,
VPN-01403,2026-06-14 20:57:11+00:00,VPN_IAM,SUSPICIOUS,1,
VPN-01519,2026-06-14 21:01:06+00:00,VPN_IAM,SUSPICIOUS,1,
EDR-00205,2026-06-14 21:10:41+00:00,ENDPOINT,NORMAL,0,
NET-01133,2026-06-14 21:10:56+00:00,NETWORK,SUSPICIOUS,1,
OT-01297,2026-06-14 21:11:33+00:00,OT_SCADA,NORMAL,0,
NET-01184,2026-06-14 21:17:24+00:00,NETWORK,NORMAL,0,
NET-00069,2026-06-14 21:22:40+00:00,NETWORK,NORMAL,0,
EDR-00541,2026-06-14 21:23:11+00:00,ENDPOINT,NORMAL,0,
NET-00311,2026-06-14 21:24:36+00:00,NETWORK,NORMAL,0,
OT-00683,2026-06-14 21:28:37+00:00,OT_SCADA,NORMAL,0,
NET-01548,2026-06-14 21:32:18+00:00,NETWORK,NORMAL,0,
VPN-01249,2026-06-14 21:32:53+00:00,VPN_IAM,SUSPICIOUS,1,
PHY-00001,2026-06-14 21:36:46+00:00,PHYSICAL,NORMAL,0,
OT-00672,2026-06-14 21:39:30+00:00,OT_SCADA,NORMAL,0,
NET-01750,2026-06-14 21:54:29+00:00,NETWORK,NORMAL,0,
OT-00027,2026-06-14 21:58:52+00:00,OT_SCADA,SUSPICIOUS,1,
VPN-00017,2026-06-14 21:59:43+00:00,VPN_IAM,NORMAL,0,
NOTE-00180,2026-06-14 22:23:09+00:00,TEXT,SUSPICIOUS,1,
NET-00326,2026-06-14 22:24:51+00:00,NETWORK,NORMAL,0,
OT-01451,2026-06-14 22:25:12+00:00,OT_SCADA,NORMAL,0,
CARGO-01011,2026-06-14 22:25:27+00:00,CARGO,NORMAL,0,
OT-00220,2026-06-14 22:26:33+00:00,OT_SCADA,SUSPICIOUS,1,
NET-01309,2026-06-14 22:29:06+00:00,NETWORK,NORMAL,0,
EDR-00373,2026-06-14 22:39:17+00:00,ENDPOINT,NORMAL,0,
NET-02076,2026-06-14 22:39:43+00:00,NETWORK,NORMAL,0,
VPN-00128,2026-06-14 22:40:40+00:00,VPN_IAM,NORMAL,0,
PHY-00265,2026-06-14 22:40:46+00:00,PHYSICAL,NORMAL,0,
EDR-00861,2026-06-14 22:41:39+00:00,ENDPOINT,NORMAL,0,
NOTE-00090,2026-06-14 22:48:46+00:00,TEXT,NORMAL,0,
CARGO-01012,2026-06-14 22:49:21+00:00,CARGO,NORMAL,0,
PHY-00735,2026-06-14 22:51:10+00:00,PHYSICAL,NORMAL,0,
PHY-00355,2026-06-14 22:51:27+00:00,PHYSICAL,NORMAL,0,
NET-00299,2026-06-14 22:54:29+00:00,NETWORK,NORMAL,0,
PHY-00387,2026-06-14 22:57:27+00:00,PHYSICAL,NORMAL,0,
NET-01604,2026-06-14 22:58:31+00:00,NETWORK,NORMAL,0,
VPN-00077,2026-06-14 23:01:37+00:00,VPN_IAM,SUSPICIOUS,1,
PHY-00547,2026-06-14 23:06:26+00:00,PHYSICAL,NORMAL,0,
NET-00345,2026-06-14 23:07:51+00:00,NETWORK,NORMAL,0,
NET-01167,2026-06-14 23:07:54+00:00,NETWORK,NORMAL,0,
OT-01134,2026-06-14 23:19:00+00:00,OT_SCADA,NORMAL,0,
EDR-00056,2026-06-14 23:21:21+00:00,ENDPOINT,NORMAL,0,
NET-00087,2026-06-14 23:40:32+00:00,NETWORK,NORMAL,0,
NET-00952,2026-06-14 23:43:57+00:00,NETWORK,NORMAL,0,
PHY-00843,2026-06-14 23:48:22+00:00,PHYSICAL,NORMAL,0,
PHY-00549,2026-06-14 23:52:20+00:00,PHYSICAL,NORMAL,0,
OT-00126,2026-06-14 23:58:22+00:00,OT_SCADA,NORMAL,0,
EDR-00239,2026-06-15 00:01:36+00:00,ENDPOINT,NORMAL,0,
CARGO-01148,2026-06-15 00:04:53+00:00,CARGO,NORMAL,0,
NET-01858,2026-06-15 00:05:37+00:00,NETWORK,NORMAL,0,
PHY-00650,2026-06-15 00:08:17+00:00,PHYSICAL,NORMAL,0,
NET-01236,2026-06-15 00:10:34+00:00,NETWORK,NORMAL,0,
VPN-01320,2026-06-15 00:18:11+00:00,VPN_IAM,NORMAL,0,
OT-01778,2026-06-15 00:18:59+00:00,OT_SCADA,NORMAL,0,
CARGO-01038,2026-06-15 00:26:40+00:00,CARGO,NORMAL,0,
VPN-00719,2026-06-15 00:29:22+00:00,VPN_IAM,NORMAL,0,
CARGO-00577,2026-06-15 00:41:14+00:00,CARGO,NORMAL,0,
OT-01063,2026-06-15 00:41:19+00:00,OT_SCADA,NORMAL,0,
OT-01677,2026-06-15 00:43:43+00:00,OT_SCADA,NORMAL,0,
OT-01798,2026-06-15 00:46:35+00:00,OT_SCADA,NORMAL,0,
OT-01108,2026-06-15 00:47:10+00:00,OT_SCADA,NORMAL,0,
NET-00141,2026-06-15 00:49:10+00:00,NETWORK,NORMAL,0,
OT-01680,2026-06-15 00:51:13+00:00,OT_SCADA,NORMAL,0,
EDR-00987,2026-06-15 00:57:15+00:00,ENDPOINT,NORMAL,0,
EDR-00253,2026-06-15 01:02:33+00:00,ENDPOINT,NORMAL,0,
OT-01208,2026-06-15 01:08:06+00:00,OT_SCADA,NORMAL,0,
PHY-00271,2026-06-15 01:21:15+00:00,PHYSICAL,NORMAL,0,
PHY-00733,2026-06-15 01:21:32+00:00,PHYSICAL,NORMAL,0,
OT-01888,2026-06-15 01:29:17+00:00,OT_SCADA,NORMAL,0,
EDR-00553,2026-06-15 01:32:13+00:00,ENDPOINT,NORMAL,0,
OT-01199,2026-06-15 01:34:28+00:00,OT_SCADA,NORMAL,0,
CARGO-00274,2026-06-15 01:38:27+00:00,CARGO,NORMAL,0,
CARGO-00138,2026-06-15 01:39:45+00:00,CARGO,NORMAL,0,
VPN-01787,2026-06-15 01:41:00+00:00,VPN_IAM,NORMAL,0,
CARGO-01137,2026-06-15 01:45:14+00:00,CARGO,NORMAL,0,
NET-01232,2026-06-15 01:54:40+00:00,NETWORK,NORMAL,0,
VPN-00761,2026-06-15 02:10:07+00:00,VPN_IAM,NORMAL,0,
CARGO-00146,2026-06-15 02:21:14+00:00,CARGO,NORMAL,0,
OT-00383,2026-06-15 02:25:52+00:00,OT_SCADA,NORMAL,0,
NOTE-00279,2026-06-15 02:27:26+00:00,TEXT,NORMAL,0,
CARGO-00748,2026-06-15 02:31:32+00:00,CARGO,NORMAL,0,
EDR-00988,2026-06-15 02:33:39+00:00,ENDPOINT,NORMAL,0,
EDR-00768,2026-06-15 02:34:03+00:00,ENDPOINT,NORMAL,0,
NET-01882,2026-06-15 02:40:47+00:00,NETWORK,NORMAL,0,
VPN-01786,2026-06-15 02:47:48+00:00,VPN_IAM,NORMAL,0,
CARGO-00201,2026-06-15 02:49:08+00:00,CARGO,NORMAL,0,
VPN-00018,2026-06-15 03:03:09+00:00,VPN_IAM,NORMAL,0,
OT-01480,2026-06-15 03:10:11+00:00,OT_SCADA,NORMAL,0,
PHY-00462,2026-06-15 03:16:26+00:00,PHYSICAL,NORMAL,0,
EDR-00532,2026-06-15 03:18:16+00:00,ENDPOINT,NORMAL,0,
EDR-00810,2026-06-15 03:27:37+00:00,ENDPOINT,NORMAL,0,
VPN-01563,2026-06-15 03:30:04+00:00,VPN_IAM,NORMAL,0,
CARGO-00506,2026-06-15 03:31:00+00:00,CARGO,NORMAL,0,
EDR-01188,2026-06-15 03:32:57+00:00,ENDPOINT,NORMAL,0,
NET-01682,2026-06-15 03:40:56+00:00,NETWORK,NORMAL,0,
OT-00838,2026-06-15 03:43:57+00:00,OT_SCADA,NORMAL,0,
EDR-00974,2026-06-15 03:50:07+00:00,ENDPOINT,NORMAL,0,
OT-01328,2026-06-15 03:51:11+00:00,OT_SCADA,NORMAL,0,
VPN-00135,2026-06-15 04:00:33+00:00,VPN_IAM,NORMAL,0,
CARGO-00741,2026-06-15 04:01:38+00:00,CARGO,NORMAL,0,
NET-01684,2026-06-15 04:05:01+00:00,NETWORK,NORMAL,0,
NET-00142,2026-06-15 04:06:28+00:00,NETWORK,NORMAL,0,
CARGO-01127,2026-06-15 04:16:16+00:00,CARGO,NORMAL,0,
EDR-00095,2026-06-15 04:17:00+00:00,ENDPOINT,NORMAL,0,
NET-00631,2026-06-15 04:23:06+00:00,NETWORK,NORMAL,0,
VPN-01539,2026-06-15 04:31:47+00:00,VPN_IAM,NORMAL,0,
OT-00265,2026-06-15 04:32:21+00:00,OT_SCADA,NORMAL,0,
OT-01400,2026-06-15 04:34:41+00:00,OT_SCADA,SUSPICIOUS,1,
NET-01741,2026-06-15 04:34:46+00:00,NETWORK,NORMAL,0,
PHY-00247,2026-06-15 04:36:25+00:00,PHYSICAL,SUSPICIOUS,1,
CARGO-00989,2026-06-15 04:36:39+00:00,CARGO,NORMAL,0,
PHY-00909,2026-06-15 04:40:57+00:00,PHYSICAL,NORMAL,0,
NOTE-00150,2026-06-15 04:44:25+00:00,TEXT,NORMAL,0,
NET-00752,2026-06-15 04:46:59+00:00,NETWORK,NORMAL,0,
NET-02070,2026-06-15 04:48:33+00:00,NETWORK,NORMAL,0,
CARGO-01089,2026-06-15 04:53:48+00:00,CARGO,NORMAL,0,
OT-01957,2026-06-15 05:01:55+00:00,OT_SCADA,NORMAL,0,
PHY-00569,2026-06-15 05:04:49+00:00,PHYSICAL,NORMAL,0,
VPN-01173,2026-06-15 05:05:28+00:00,VPN_IAM,NORMAL,0,
PHY-00616,2026-06-15 05:07:58+00:00,PHYSICAL,NORMAL,0,
NET-00159,2026-06-15 05:09:45+00:00,NETWORK,NORMAL,0,
PHY-00561,2026-06-15 05:12:56+00:00,PHYSICAL,NORMAL,0,
VPN-01260,2026-06-15 05:13:35+00:00,VPN_IAM,NORMAL,0,
EDR-00584,2026-06-15 05:21:26+00:00,ENDPOINT,NORMAL,0,
OT-01998,2026-06-15 05:23:34+00:00,OT_SCADA,NORMAL,0,
VPN-00275,2026-06-15 05:25:03+00:00,VPN_IAM,NORMAL,0,
EDR-00492,2026-06-15 05:32:28+00:00,ENDPOINT,NORMAL,0,
PHY-00695,2026-06-15 05:38:04+00:00,PHYSICAL,NORMAL,0,
OT-01988,2026-06-15 05:40:54+00:00,OT_SCADA,NORMAL,0,
CARGO-00001,2026-06-15 05:43:24+00:00,CARGO,NORMAL,0,
NET-00553,2026-06-15 05:43:51+00:00,NETWORK,NORMAL,0,
VPN-00096,2026-06-15 06:01:31+00:00,VPN_IAM,NORMAL,0,
NET-01495,2026-06-15 06:03:10+00:00,NETWORK,NORMAL,0,
NET-01302,2026-06-15 06:04:33+00:00,NETWORK,NORMAL,0,
EDR-00325,2026-06-15 06:04:45+00:00,ENDPOINT,NORMAL,0,
OT-01744,2026-06-15 06:06:29+00:00,OT_SCADA,NORMAL,0,
NET-00968,2026-06-15 06:14:53+00:00,NETWORK,NORMAL,0,
CARGO-00415,2026-06-15 06:16:34+00:00,CARGO,NORMAL,0,
OT-00099,2026-06-15 06:16:54+00:00,OT_SCADA,NORMAL,0,
EDR-00715,2026-06-15 06:22:53+00:00,ENDPOINT,NORMAL,0,
PHY-00897,2026-06-15 06:35:06+00:00,PHYSICAL,NORMAL,0,
VPN-01084,2026-06-15 06:37:57+00:00,VPN_IAM,NORMAL,0,
PHY-00447,2026-06-15 06:39:58+00:00,PHYSICAL,SUSPICIOUS,1,
NET-00440,2026-06-15 06:41:51+00:00,NETWORK,NORMAL,0,
EDR-00334,2026-06-15 06:43:24+00:00,ENDPOINT,NORMAL,0,
OT-01192,2026-06-15 06:55:15+00:00,OT_SCADA,NORMAL,0,
NET-00896,2026-06-15 06:59:55+00:00,NETWORK,NORMAL,0,
OT-00730,2026-06-15 06:59:57+00:00,OT_SCADA,NORMAL,0,
OT-01387,2026-06-15 07:06:50+00:00,OT_SCADA,NORMAL,0,
NET-02145,2026-06-15 07:12:01+00:00,NETWORK,NORMAL,0,
CARGO-00624,2026-06-15 07:15:40+00:00,CARGO,NORMAL,0,
VPN-00642,2026-06-15 07:19:32+00:00,VPN_IAM,NORMAL,0,
NET-01881,2026-06-15 07:26:12+00:00,NETWORK,SUSPICIOUS,1,
VPN-00517,2026-06-15 07:30:36+00:00,VPN_IAM,NORMAL,0,
CARGO-01192,2026-06-15 07:34:49+00:00,CARGO,NORMAL,0,
OT-00982,2026-06-15 07:37:34+00:00,OT_SCADA,NORMAL,0,
VPN-00393,2026-06-15 07:40:24+00:00,VPN_IAM,NORMAL,0,
OT-00252,2026-06-15 07:42:17+00:00,OT_SCADA,NORMAL,0,
OT-01832,2026-06-15 07:42:20+00:00,OT_SCADA,NORMAL,0,
NET-01689,2026-06-15 07:45:05+00:00,NETWORK,NORMAL,0,
NOTE-00096,2026-06-15 07:49:23+00:00,TEXT,NORMAL,0,
PHY-00623,2026-06-15 07:49:38+00:00,PHYSICAL,NORMAL,0,
CARGO-00166,2026-06-15 07:52:37+00:00,CARGO,NORMAL,0,
OT-01548,2026-06-15 08:02:04+00:00,OT_SCADA,NORMAL,0,
VPN-01351,2026-06-15 08:04:11+00:00,VPN_IAM,NORMAL,0,
OT-00245,2026-06-15 08:04:21+00:00,OT_SCADA,NORMAL,0,
OT-01509,2026-06-15 08:05:22+00:00,OT_SCADA,NORMAL,0,
NET-00859,2026-06-15 08:07:57+00:00,NETWORK,NORMAL,0,
VPN-01236,2026-06-15 08:15:16+00:00,VPN_IAM,NORMAL,0,
CARGO-00966,2026-06-15 08:15:26+00:00,CARGO,NORMAL,0,
NET-01778,2026-06-15 08:15:34+00:00,NETWORK,NORMAL,0,
CARGO-00951,2026-06-15 08:18:25+00:00,CARGO,NORMAL,0,
NET-01905,2026-06-15 08:18:45+00:00,NETWORK,SUSPICIOUS,1,
OT-01097,2026-06-15 08:19:55+00:00,OT_SCADA,NORMAL,0,
OT-01547,2026-06-15 08:23:33+00:00,OT_SCADA,NORMAL,0,
NET-01243,2026-06-15 08:23:37+00:00,NETWORK,NORMAL,0,
VPN-01345,2026-06-15 08:25:22+00:00,VPN_IAM,NORMAL,0,
OT-01447,2026-06-15 08:31:31+00:00,OT_SCADA,NORMAL,0,
CARGO-00171,2026-06-15 08:36:18+00:00,CARGO,NORMAL,0,
NET-01605,2026-06-15 08:44:33+00:00,NETWORK,NORMAL,0,
VPN-00901,2026-06-15 08:45:18+00:00,VPN_IAM,NORMAL,0,
PHY-00458,2026-06-15 08:47:36+00:00,PHYSICAL,NORMAL,0,
EDR-01151,2026-06-15 08:49:02+00:00,ENDPOINT,NORMAL,0,
EDR-01000,2026-06-15 08:52:49+00:00,ENDPOINT,NORMAL,0,
EDR-01172,2026-06-15 08:54:51+00:00,ENDPOINT,NORMAL,0,
NET-00028,2026-06-15 08:58:54+00:00,NETWORK,NORMAL,0,
VPN-00994,2026-06-15 09:08:22+00:00,VPN_IAM,NORMAL,0,
OT-01792,2026-06-15 09:13:41+00:00,OT_SCADA,NORMAL,0,
OT-00984,2026-06-15 09:25:55+00:00,OT_SCADA,NORMAL,0,
NET-00573,2026-06-15 09:27:15+00:00,NETWORK,NORMAL,0,
VPN-00734,2026-06-15 09:33:01+00:00,VPN_IAM,NORMAL,0,
VPN-00798,2026-06-15 09:35:46+00:00,VPN_IAM,NORMAL,0,
NET-01404,2026-06-15 09:36:35+00:00,NETWORK,NORMAL,0,
VPN-01697,2026-06-15 09:40:31+00:00,VPN_IAM,NORMAL,0,
NET-01299,2026-06-15 09:40:54+00:00,NETWORK,NORMAL,0,
EDR-00293,2026-06-15 09:48:11+00:00,ENDPOINT,NORMAL,0,
CARGO-00117,2026-06-15 09:51:45+00:00,CARGO,NORMAL,0,
EDR-00234,2026-06-15 09:54:57+00:00,ENDPOINT,NORMAL,0,
VPN-00362,2026-06-15 09:57:19+00:00,VPN_IAM,NORMAL,0,
VPN-01299,2026-06-15 10:02:41+00:00,VPN_IAM,NORMAL,0,
NET-00112,2026-06-15 10:09:19+00:00,NETWORK,NORMAL,0,
OT-00597,2026-06-15 10:09:44+00:00,OT_SCADA,NORMAL,0,
VPN-01035,2026-06-15 10:16:45+00:00,VPN_IAM,NORMAL,0,
NET-01974,2026-06-15 10:17:39+00:00,NETWORK,NORMAL,0,
NOTE-00097,2026-06-15 10:20:35+00:00,TEXT,NORMAL,0,
NET-00986,2026-06-15 10:20:42+00:00,NETWORK,NORMAL,0,
EDR-00793,2026-06-15 10:24:55+00:00,ENDPOINT,NORMAL,0,
NET-01922,2026-06-15 10:28:24+00:00,NETWORK,NORMAL,0,
EDR-00896,2026-06-15 10:32:33+00:00,ENDPOINT,NORMAL,0,
VPN-01120,2026-06-15 10:37:07+00:00,VPN_IAM,NORMAL,0,
VPN-00850,2026-06-15 10:37:45+00:00,VPN_IAM,NORMAL,0,
VPN-00723,2026-06-15 10:40:41+00:00,VPN_IAM,SUSPICIOUS,1,
NET-01374,2026-06-15 10:41:24+00:00,NETWORK,NORMAL,0,
OT-00217,2026-06-15 10:47:41+00:00,OT_SCADA,NORMAL,0,
NET-01988,2026-06-15 10:51:57+00:00,NETWORK,NORMAL,0,
VPN-00576,2026-06-15 11:00:22+00:00,VPN_IAM,NORMAL,0,
VPN-01659,2026-06-15 11:02:27+00:00,VPN_IAM,NORMAL,0,
PHY-00987,2026-06-15 11:06:05+00:00,PHYSICAL,NORMAL,0,
OT-01815,2026-06-15 11:08:34+00:00,OT_SCADA,NORMAL,0,
VPN-00430,2026-06-15 11:08:37+00:00,VPN_IAM,NORMAL,0,
NET-00595,2026-06-15 11:21:14+00:00,NETWORK,NORMAL,0,
NET-00661,2026-06-15 11:24:49+00:00,NETWORK,NORMAL,0,
VPN-01469,2026-06-15 11:27:30+00:00,VPN_IAM,NORMAL,0,
EDR-00947,2026-06-15 11:28:10+00:00,ENDPOINT,NORMAL,0,
EDR-00402,2026-06-15 11:28:57+00:00,ENDPOINT,NORMAL,0,
EDR-01003,2026-06-15 11:32:47+00:00,ENDPOINT,NORMAL,0,
EDR-00904,2026-06-15 11:35:58+00:00,ENDPOINT,NORMAL,0,
VPN-00711,2026-06-15 11:41:39+00:00,VPN_IAM,NORMAL,0,
VPN-01438,2026-06-15 11:43:09+00:00,VPN_IAM,NORMAL,0,
NET-00973,2026-06-15 11:59:16+00:00,NETWORK,NORMAL,0,
PHY-00886,2026-06-15 12:00:54+00:00,PHYSICAL,NORMAL,0,
VPN-01207,2026-06-15 12:04:54+00:00,VPN_IAM,NORMAL,0,
NOTE-00191,2026-06-15 12:04:56+00:00,TEXT,NORMAL,0,
PHY-00273,2026-06-15 12:05:46+00:00,PHYSICAL,NORMAL,0,
VPN-00425,2026-06-15 12:10:06+00:00,VPN_IAM,NORMAL,0,
EDR-00534,2026-06-15 12:12:10+00:00,ENDPOINT,NORMAL,0,
NET-01105,2026-06-15 12:23:36+00:00,NETWORK,NORMAL,0,
PHY-00607,2026-06-15 12:31:24+00:00,PHYSICAL,NORMAL,0,
NET-01964,2026-06-15 12:32:57+00:00,NETWORK,NORMAL,0,
OT-01321,2026-06-15 12:33:04+00:00,OT_SCADA,NORMAL,0,
EDR-01001,2026-06-15 12:34:18+00:00,ENDPOINT,NORMAL,0,
VPN-01482,2026-06-15 12:37:40+00:00,VPN_IAM,NORMAL,0,
CARGO-00826,2026-06-15 12:44:21+00:00,CARGO,NORMAL,0,
CARGO-00465,2026-06-15 12:51:21+00:00,CARGO,NORMAL,0,
VPN-01738,2026-06-15 12:58:45+00:00,VPN_IAM,NORMAL,0,
NET-00657,2026-06-15 12:59:00+00:00,NETWORK,NORMAL,0,
EDR-01149,2026-06-15 13:04:54+00:00,ENDPOINT,SUSPICIOUS,1,
VPN-01022,2026-06-15 13:05:04+00:00,VPN_IAM,NORMAL,0,
NOTE-00013,2026-06-15 13:07:04+00:00,TEXT,NORMAL,0,
NOTE-00230,2026-06-15 13:07:37+00:00,TEXT,NORMAL,0,
NET-00452,2026-06-15 13:07:58+00:00,NETWORK,NORMAL,0,
CARGO-00828,2026-06-15 13:09:53+00:00,CARGO,NORMAL,0,
EDR-00383,2026-06-15 13:14:53+00:00,ENDPOINT,NORMAL,0,
NET-00471,2026-06-15 13:16:57+00:00,NETWORK,NORMAL,0,
CARGO-00940,2026-06-15 13:23:28+00:00,CARGO,NORMAL,0,
PHY-00370,2026-06-15 13:30:31+00:00,PHYSICAL,NORMAL,0,
PHY-00279,2026-06-15 13:39:25+00:00,PHYSICAL,NORMAL,0,
NET-01536,2026-06-15 13:55:20+00:00,NETWORK,NORMAL,0,
OT-00061,2026-06-15 13:58:07+00:00,OT_SCADA,NORMAL,0,
OT-00125,2026-06-15 14:00:38+00:00,OT_SCADA,NORMAL,0,
VPN-01689,2026-06-15 14:00:50+00:00,VPN_IAM,NORMAL,0,
VPN-01752,2026-06-15 14:05:32+00:00,VPN_IAM,NORMAL,0,
VPN-01253,2026-06-15 14:09:10+00:00,VPN_IAM,NORMAL,0,
EDR-00924,2026-06-15 14:10:39+00:00,ENDPOINT,NORMAL,0,
VPN-01645,2026-06-15 14:13:20+00:00,VPN_IAM,NORMAL,0,
NET-02130,2026-06-15 14:17:26+00:00,NETWORK,NORMAL,0,
NET-00231,2026-06-15 14:22:21+00:00,NETWORK,NORMAL,0,
NET-01650,2026-06-15 14:22:37+00:00,NETWORK,NORMAL,0,
VPN-01799,2026-06-15 14:24:32+00:00,VPN_IAM,NORMAL,0,
NET-00928,2026-06-15 14:34:58+00:00,NETWORK,NORMAL,0,
PHY-00739,2026-06-15 14:36:30+00:00,PHYSICAL,SUSPICIOUS,1,
OT-00387,2026-06-15 14:42:45+00:00,OT_SCADA,NORMAL,0,
EDR-00575,2026-06-15 14:53:48+00:00,ENDPOINT,NORMAL,0,
VPN-00739,2026-06-15 14:58:46+00:00,VPN_IAM,NORMAL,0,
OT-00076,2026-06-15 14:59:04+00:00,OT_SCADA,NORMAL,0,
VPN-00514,2026-06-15 14:59:31+00:00,VPN_IAM,NORMAL,0,
CARGO-00037,2026-06-15 15:05:06+00:00,CARGO,NORMAL,0,
CARGO-01194,2026-06-15 15:09:24+00:00,CARGO,NORMAL,0,
VPN-00540,2026-06-15 15:15:33+00:00,VPN_IAM,NORMAL,0,
OT-01507,2026-06-15 15:15:47+00:00,OT_SCADA,NORMAL,0,
VPN-01398,2026-06-15 15:37:17+00:00,VPN_IAM,NORMAL,0,
OT-00339,2026-06-15 15:37:36+00:00,OT_SCADA,NORMAL,0,
NET-01368,2026-06-15 15:42:34+00:00,NETWORK,NORMAL,0,
NET-00502,2026-06-15 15:45:10+00:00,NETWORK,NORMAL,0,
CARGO-00944,2026-06-15 15:47:00+00:00,CARGO,NORMAL,0,
PHY-00219,2026-06-15 15:51:12+00:00,PHYSICAL,NORMAL,0,
EDR-00180,2026-06-15 15:53:18+00:00,ENDPOINT,NORMAL,0,
NET-00736,2026-06-15 15:58:08+00:00,NETWORK,NORMAL,0,
EDR-01089,2026-06-15 16:01:55+00:00,ENDPOINT,NORMAL,0,
PHY-00576,2026-06-15 16:05:26+00:00,PHYSICAL,NORMAL,0,
CARGO-00454,2026-06-15 16:06:11+00:00,CARGO,NORMAL,0,
PHY-00864,2026-06-15 16:06:59+00:00,PHYSICAL,NORMAL,0,
EDR-00328,2026-06-15 16:10:28+00:00,ENDPOINT,NORMAL,0,
EDR-01072,2026-06-15 16:11:32+00:00,ENDPOINT,NORMAL,0,
VPN-00200,2026-06-15 16:15:47+00:00,VPN_IAM,SUSPICIOUS,1,
PHY-00050,2026-06-15 16:19:46+00:00,PHYSICAL,NORMAL,0,
CARGO-00064,2026-06-15 16:30:43+00:00,CARGO,NORMAL,0,
EDR-00888,2026-06-15 16:37:17+00:00,ENDPOINT,NORMAL,0,
VPN-00604,2026-06-15 16:49:50+00:00,VPN_IAM,SUSPICIOUS,1,
EDR-01184,2026-06-15 16:55:15+00:00,ENDPOINT,NORMAL,0,
PHY-00209,2026-06-15 17:02:18+00:00,PHYSICAL,NORMAL,0,
CARGO-00800,2026-06-15 17:08:38+00:00,CARGO,NORMAL,0,
EDR-00638,2026-06-15 17:11:30+00:00,ENDPOINT,NORMAL,0,
PHY-00555,2026-06-15 17:14:53+00:00,PHYSICAL,NORMAL,0,
EDR-01191,2026-06-15 17:16:04+00:00,ENDPOINT,NORMAL,0,
OT-01467,2026-06-15 17:16:55+00:00,OT_SCADA,NORMAL,0,
EDR-00302,2026-06-15 17:23:59+00:00,ENDPOINT,NORMAL,0,
NET-00489,2026-06-15 17:29:22+00:00,NETWORK,NORMAL,0,
NET-00698,2026-06-15 17:31:00+00:00,NETWORK,NORMAL,0,
CARGO-00403,2026-06-15 17:39:43+00:00,CARGO,NORMAL,0,
VPN-01157,2026-06-15 17:50:29+00:00,VPN_IAM,NORMAL,0,
NET-01762,2026-06-15 17:57:01+00:00,NETWORK,NORMAL,0,
PHY-00848,2026-06-15 18:01:46+00:00,PHYSICAL,NORMAL,0,
CARGO-00913,2026-06-15 18:01:55+00:00,CARGO,SUSPICIOUS,1,
NET-00091,2026-06-15 18:12:41+00:00,NETWORK,NORMAL,0,
CARGO-01129,2026-06-15 18:19:24+00:00,CARGO,NORMAL,0,
OT-01975,2026-06-15 18:21:03+00:00,OT_SCADA,NORMAL,0,
NET-00720,2026-06-15 18:26:30+00:00,NETWORK,NORMAL,0,
NET-00197,2026-06-15 18:26:45+00:00,NETWORK,NORMAL,0,
VPN-00989,2026-06-15 18:39:17+00:00,VPN_IAM,NORMAL,0,
OT-00502,2026-06-15 18:41:19+00:00,OT_SCADA,SUSPICIOUS,1,
VPN-01708,2026-06-15 18:43:02+00:00,VPN_IAM,NORMAL,0,
EDR-00269,2026-06-15 18:43:19+00:00,ENDPOINT,NORMAL,0,
OT-01728,2026-06-15 18:46:34+00:00,OT_SCADA,NORMAL,0,
VPN-00533,2026-06-15 18:48:49+00:00,VPN_IAM,NORMAL,0,
NET-00417,2026-06-15 18:54:07+00:00,NETWORK,SUSPICIOUS,1,
OT-01160,2026-06-15 18:54:59+00:00,OT_SCADA,NORMAL,0,
OT-01802,2026-06-15 19:01:12+00:00,OT_SCADA,NORMAL,0,
EDR-00570,2026-06-15 19:05:12+00:00,ENDPOINT,NORMAL,0,
PHY-00220,2026-06-15 19:07:38+00:00,PHYSICAL,NORMAL,0,
CARGO-00671,2026-06-15 19:10:37+00:00,CARGO,NORMAL,0,
NET-01573,2026-06-15 19:18:59+00:00,NETWORK,NORMAL,0,
VPN-01706,2026-06-15 19:21:53+00:00,VPN_IAM,NORMAL,0,
NET-01929,2026-06-15 19:26:00+00:00,NETWORK,NORMAL,0,
CARGO-00719,2026-06-15 19:27:30+00:00,CARGO,NORMAL,0,
VPN-00349,2026-06-15 19:39:09+00:00,VPN_IAM,NORMAL,0,
CARGO-00321,2026-06-15 19:48:51+00:00,CARGO,NORMAL,0,
NET-01908,2026-06-15 19:51:56+00:00,NETWORK,NORMAL,0,
OT-00291,2026-06-15 19:56:48+00:00,OT_SCADA,NORMAL,0,
NET-02101,2026-06-15 20:03:14+00:00,NETWORK,NORMAL,0,
OT-00018,2026-06-15 20:11:55+00:00,OT_SCADA,NORMAL,0,
OT-00399,2026-06-15 20:19:17+00:00,OT_SCADA,NORMAL,0,
NOTE-00275,2026-06-15 20:22:36+00:00,TEXT,NORMAL,0,
NET-00994,2026-06-15 20:25:48+00:00,NETWORK,NORMAL,0,
CARGO-00036,2026-06-15 20:29:59+00:00,CARGO,NORMAL,0,
OT-00764,2026-06-15 20:36:20+00:00,OT_SCADA,NORMAL,0,
VPN-01181,2026-06-15 20:42:27+00:00,VPN_IAM,NORMAL,0,
VPN-00285,2026-06-15 20:57:18+00:00,VPN_IAM,NORMAL,0,
PHY-00401,2026-06-15 21:04:47+00:00,PHYSICAL,NORMAL,0,
EDR-00504,2026-06-15 21:13:00+00:00,ENDPOINT,NORMAL,0,
EDR-00327,2026-06-15 21:29:48+00:00,ENDPOINT,NORMAL,0,
VPN-01087,2026-06-15 21:31:23+00:00,VPN_IAM,NORMAL,0,
CARGO-00449,2026-06-15 21:31:50+00:00,CARGO,NORMAL,0,
NET-01657,2026-06-15 21:34:25+00:00,NETWORK,NORMAL,0,
CARGO-00672,2026-06-15 21:41:18+00:00,CARGO,NORMAL,0,
NET-00898,2026-06-15 21:46:16+00:00,NETWORK,NORMAL,0,
NET-00601,2026-06-15 21:50:12+00:00,NETWORK,NORMAL,0,
NET-01322,2026-06-15 21:50:47+00:00,NETWORK,NORMAL,0,
CARGO-00617,2026-06-15 21:51:18+00:00,CARGO,NORMAL,0,
PHY-00127,2026-06-15 21:55:14+00:00,PHYSICAL,NORMAL,0,
VPN-01675,2026-06-15 21:56:03+00:00,VPN_IAM,NORMAL,0,
VPN-00490,2026-06-15 21:56:23+00:00,VPN_IAM,NORMAL,0,
EDR-00992,2026-06-15 21:57:31+00:00,ENDPOINT,NORMAL,0,
NET-00476,2026-06-15 22:02:00+00:00,NETWORK,NORMAL,0,
EDR-00635,2026-06-15 22:08:37+00:00,ENDPOINT,NORMAL,0,
OT-00574,2026-06-15 22:09:12+00:00,OT_SCADA,NORMAL,0,
OT-01823,2026-06-15 22:11:02+00:00,OT_SCADA,NORMAL,0,
EDR-00832,2026-06-15 22:17:04+00:00,ENDPOINT,NORMAL,0,
VPN-00261,2026-06-15 22:33:48+00:00,VPN_IAM,NORMAL,0,
VPN-00329,2026-06-15 22:39:07+00:00,VPN_IAM,NORMAL,0,
EDR-00433,2026-06-15 22:44:34+00:00,ENDPOINT,NORMAL,0,
OT-00139,2026-06-15 22:49:18+00:00,OT_SCADA,NORMAL,0,
NET-01428,2026-06-15 22:50:30+00:00,NETWORK,NORMAL,0,
OT-01080,2026-06-15 22:56:08+00:00,OT_SCADA,NORMAL,0,
CARGO-00544,2026-06-15 22:57:04+00:00,CARGO,NORMAL,0,
EDR-01017,2026-06-15 23:00:46+00:00,ENDPOINT,NORMAL,0,
EDR-00664,2026-06-15 23:11:35+00:00,ENDPOINT,NORMAL,0,
VPN-01088,2026-06-15 23:11:47+00:00,VPN_IAM,NORMAL,0,
VPN-00745,2026-06-15 23:16:15+00:00,VPN_IAM,NORMAL,0,
NET-01153,2026-06-15 23:19:40+00:00,NETWORK,SUSPICIOUS,1,
OT-00624,2026-06-15 23:36:45+00:00,OT_SCADA,NORMAL,0,
NET-01718,2026-06-15 23:39:19+00:00,NETWORK,NORMAL,0,
NOTE-00190,2026-06-15 23:45:51+00:00,TEXT,SUSPICIOUS,1,
OT-01642,2026-06-15 23:54:25+00:00,OT_SCADA,NORMAL,0,
NET-01669,2026-06-15 23:58:12+00:00,NETWORK,SUSPICIOUS,1,
PHY-00083,2026-06-16 00:03:54+00:00,PHYSICAL,NORMAL,0,
VPN-01180,2026-06-16 00:05:12+00:00,VPN_IAM,SUSPICIOUS,1,
NET-01523,2026-06-16 00:07:58+00:00,NETWORK,NORMAL,0,
NET-00769,2026-06-16 00:08:46+00:00,NETWORK,NORMAL,0,
VPN-00971,2026-06-16 00:09:12+00:00,VPN_IAM,SUSPICIOUS,1,
NET-00200,2026-06-16 00:20:53+00:00,NETWORK,NORMAL,0,
CARGO-00715,2026-06-16 00:28:33+00:00,CARGO,NORMAL,0,
OT-01687,2026-06-16 00:32:51+00:00,OT_SCADA,NORMAL,0,
NET-00844,2026-06-16 00:36:23+00:00,NETWORK,NORMAL,0,
CARGO-00970,2026-06-16 00:38:51+00:00,CARGO,NORMAL,0,
NET-01288,2026-06-16 01:00:40+00:00,NETWORK,NORMAL,0,
EDR-00117,2026-06-16 01:08:11+00:00,ENDPOINT,NORMAL,0,
NET-00989,2026-06-16 01:16:33+00:00,NETWORK,NORMAL,0,
OT-01313,2026-06-16 01:21:26+00:00,OT_SCADA,NORMAL,0,
EDR-00452,2026-06-16 01:25:18+00:00,ENDPOINT,NORMAL,0,
OT-00422,2026-06-16 01:26:07+00:00,OT_SCADA,NORMAL,0,
EDR-00367,2026-06-16 01:28:07+00:00,ENDPOINT,NORMAL,0,
VPN-01767,2026-06-16 01:33:47+00:00,VPN_IAM,NORMAL,0,
EDR-00654,2026-06-16 01:43:27+00:00,ENDPOINT,NORMAL,0,
NET-02073,2026-06-16 01:45:34+00:00,NETWORK,NORMAL,0,
NET-01585,2026-06-16 01:59:38+00:00,NETWORK,NORMAL,0,
OT-00157,2026-06-16 02:10:41+00:00,OT_SCADA,NORMAL,0,
OT-01840,2026-06-16 02:11:26+00:00,OT_SCADA,NORMAL,0,
NET-02017,2026-06-16 02:12:27+00:00,NETWORK,SUSPICIOUS,1,
VPN-00194,2026-06-16 02:19:48+00:00,VPN_IAM,NORMAL,0,
VPN-01614,2026-06-16 02:37:50+00:00,VPN_IAM,NORMAL,0,
VPN-00956,2026-06-16 02:48:26+00:00,VPN_IAM,SUSPICIOUS,1,
NET-01790,2026-06-16 02:51:42+00:00,NETWORK,NORMAL,0,
NOTE-00252,2026-06-16 03:00:01+00:00,TEXT,NORMAL,0,
OT-01812,2026-06-16 03:08:46+00:00,OT_SCADA,NORMAL,0,
OT-01851,2026-06-16 03:11:41+00:00,OT_SCADA,NORMAL,0,
NET-01945,2026-06-16 03:22:19+00:00,NETWORK,NORMAL,0,
PHY-00310,2026-06-16 03:26:12+00:00,PHYSICAL,NORMAL,0,
EDR-00314,2026-06-16 03:36:09+00:00,ENDPOINT,NORMAL,0,
OT-00552,2026-06-16 03:41:09+00:00,OT_SCADA,NORMAL,0,
PHY-00931,2026-06-16 03:41:30+00:00,PHYSICAL,NORMAL,0,
OT-00277,2026-06-16 03:44:53+00:00,OT_SCADA,NORMAL,0,
NOTE-00297,2026-06-16 04:04:20+00:00,TEXT,NORMAL,0,
NOTE-00160,2026-06-16 04:09:11+00:00,TEXT,NORMAL,0,
NET-00016,2026-06-16 04:15:56+00:00,NETWORK,NORMAL,0,
NET-00639,2026-06-16 04:20:09+00:00,NETWORK,NORMAL,0,
OT-00232,2026-06-16 04:26:37+00:00,OT_SCADA,NORMAL,0,
VPN-01033,2026-06-16 04:34:59+00:00,VPN_IAM,NORMAL,0,
PHY-00786,2026-06-16 04:39:20+00:00,PHYSICAL,NORMAL,0,
CARGO-00809,2026-06-16 04:41:59+00:00,CARGO,NORMAL,0,
VPN-01132,2026-06-16 04:43:57+00:00,VPN_IAM,NORMAL,0,
NET-00139,2026-06-16 04:45:55+00:00,NETWORK,NORMAL,0,
CARGO-00866,2026-06-16 04:46:03+00:00,CARGO,NORMAL,0,
OT-00143,2026-06-16 04:46:46+00:00,OT_SCADA,NORMAL,0,
OT-00355,2026-06-16 04:57:19+00:00,OT_SCADA,NORMAL,0,
EDR-00714,2026-06-16 05:03:43+00:00,ENDPOINT,NORMAL,0,
NOTE-00272,2026-06-16 05:05:07+00:00,TEXT,NORMAL,0,
CARGO-00901,2026-06-16 05:05:36+00:00,CARGO,NORMAL,0,
EDR-00865,2026-06-16 05:09:16+00:00,ENDPOINT,NORMAL,0,
VPN-01322,2026-06-16 05:18:40+00:00,VPN_IAM,NORMAL,0,
CARGO-00212,2026-06-16 05:19:55+00:00,CARGO,NORMAL,0,
VPN-01770,2026-06-16 05:25:32+00:00,VPN_IAM,NORMAL,0,
NET-00044,2026-06-16 05:29:55+00:00,NETWORK,NORMAL,0,
NET-01239,2026-06-16 05:39:21+00:00,NETWORK,NORMAL,0,
CARGO-00514,2026-06-16 05:40:12+00:00,CARGO,NORMAL,0,
NET-01693,2026-06-16 05:44:06+00:00,NETWORK,NORMAL,0,
CARGO-00992,2026-06-16 05:49:40+00:00,CARGO,NORMAL,0,
EDR-01119,2026-06-16 05:54:04+00:00,ENDPOINT,SUSPICIOUS,1,
NOTE-00082,2026-06-16 05:57:05+00:00,TEXT,NORMAL,0,
CARGO-00002,2026-06-16 06:13:50+00:00,CARGO,NORMAL,0,
VPN-01066,2026-06-16 06:21:05+00:00,VPN_IAM,NORMAL,0,
EDR-00009,2026-06-16 06:24:19+00:00,ENDPOINT,NORMAL,0,
NET-00303,2026-06-16 06:34:22+00:00,NETWORK,NORMAL,0,
CARGO-00126,2026-06-16 06:36:09+00:00,CARGO,NORMAL,0,
OT-00732,2026-06-16 06:37:39+00:00,OT_SCADA,NORMAL,0,
VPN-01319,2026-06-16 06:41:08+00:00,VPN_IAM,NORMAL,0,
VPN-00610,2026-06-16 06:42:06+00:00,VPN_IAM,SUSPICIOUS,1,
VPN-00735,2026-06-16 06:46:11+00:00,VPN_IAM,NORMAL,0,
OT-00956,2026-06-16 06:49:50+00:00,OT_SCADA,NORMAL,0,
PHY-00189,2026-06-16 06:56:51+00:00,PHYSICAL,SUSPICIOUS,1,
NOTE-00258,2026-06-16 06:58:34+00:00,TEXT,NORMAL,0,
CARGO-00796,2026-06-16 07:01:14+00:00,CARGO,SUSPICIOUS,1,
PHY-00288,2026-06-16 07:01:54+00:00,PHYSICAL,NORMAL,0,
NET-00772,2026-06-16 07:37:28+00:00,NETWORK,NORMAL,0,
OT-00828,2026-06-16 07:37:32+00:00,OT_SCADA,NORMAL,0,
CARGO-00904,2026-06-16 07:48:48+00:00,CARGO,NORMAL,0,
NET-00066,2026-06-16 07:50:14+00:00,NETWORK,SUSPICIOUS,1,
OT-01389,2026-06-16 07:53:00+00:00,OT_SCADA,NORMAL,0,
NET-00942,2026-06-16 07:56:05+00:00,NETWORK,NORMAL,0,
NET-01518,2026-06-16 07:56:48+00:00,NETWORK,NORMAL,0,
CARGO-00020,2026-06-16 07:57:25+00:00,CARGO,NORMAL,0,
NET-00845,2026-06-16 08:00:42+00:00,NETWORK,NORMAL,0,
OT-00321,2026-06-16 08:06:23+00:00,OT_SCADA,NORMAL,0,
OT-01318,2026-06-16 08:11:35+00:00,OT_SCADA,NORMAL,0,
NET-01999,2026-06-16 08:12:23+00:00,NETWORK,NORMAL,0,
PHY-00356,2026-06-16 08:12:44+00:00,PHYSICAL,NORMAL,0,
CARGO-01111,2026-06-16 08:17:07+00:00,CARGO,NORMAL,0,
EDR-00510,2026-06-16 08:17:42+00:00,ENDPOINT,NORMAL,0,
OT-01868,2026-06-16 08:18:02+00:00,OT_SCADA,NORMAL,0,
CARGO-00630,2026-06-16 08:20:47+00:00,CARGO,NORMAL,0,
OT-01484,2026-06-16 08:27:28+00:00,OT_SCADA,NORMAL,0,
VPN-01203,2026-06-16 08:28:55+00:00,VPN_IAM,NORMAL,0,
OT-00458,2026-06-16 08:29:44+00:00,OT_SCADA,NORMAL,0,
CARGO-00019,2026-06-16 08:35:18+00:00,CARGO,NORMAL,0,
OT-00196,2026-06-16 08:41:14+00:00,OT_SCADA,NORMAL,0,
NET-02169,2026-06-16 08:42:09+00:00,NETWORK,NORMAL,0,
NET-01833,2026-06-16 08:53:19+00:00,NETWORK,NORMAL,0,
EDR-00596,2026-06-16 08:56:42+00:00,ENDPOINT,NORMAL,0,
OT-00401,2026-06-16 08:57:04+00:00,OT_SCADA,NORMAL,0,
NET-00833,2026-06-16 08:57:30+00:00,NETWORK,NORMAL,0,
NET-00246,2026-06-16 09:00:13+00:00,NETWORK,NORMAL,0,
NET-01217,2026-06-16 09:04:09+00:00,NETWORK,NORMAL,0,
OT-01943,2026-06-16 09:04:18+00:00,OT_SCADA,NORMAL,0,
VPN-00117,2026-06-16 09:09:34+00:00,VPN_IAM,NORMAL,0,
CARGO-00967,2026-06-16 09:10:23+00:00,CARGO,NORMAL,0,
NET-00160,2026-06-16 09:13:04+00:00,NETWORK,NORMAL,0,
OT-01483,2026-06-16 09:25:18+00:00,OT_SCADA,NORMAL,0,
OT-01950,2026-06-16 09:27:47+00:00,OT_SCADA,NORMAL,0,
CARGO-00941,2026-06-16 09:30:14+00:00,CARGO,NORMAL,0,
VPN-00914,2026-06-16 09:30:17+00:00,VPN_IAM,NORMAL,0,
EDR-00161,2026-06-16 09:32:17+00:00,ENDPOINT,NORMAL,0,
VPN-00052,2026-06-16 09:38:52+00:00,VPN_IAM,NORMAL,0,
CARGO-00006,2026-06-16 09:42:45+00:00,CARGO,NORMAL,0,
CARGO-00493,2026-06-16 09:46:23+00:00,CARGO,NORMAL,0,
NET-01939,2026-06-16 09:46:39+00:00,NETWORK,NORMAL,0,
VPN-00695,2026-06-16 09:49:03+00:00,VPN_IAM,NORMAL,0,
NET-00800,2026-06-16 10:02:49+00:00,NETWORK,NORMAL,0,
PHY-00233,2026-06-16 10:03:01+00:00,PHYSICAL,NORMAL,0,
OT-00289,2026-06-16 10:07:45+00:00,OT_SCADA,NORMAL,0,
PHY-00423,2026-06-16 10:12:30+00:00,PHYSICAL,NORMAL,0,
OT-00149,2026-06-16 10:16:51+00:00,OT_SCADA,NORMAL,0,
PHY-00662,2026-06-16 10:17:36+00:00,PHYSICAL,NORMAL,0,
EDR-00313,2026-06-16 10:37:15+00:00,ENDPOINT,SUSPICIOUS,1,
EDR-00426,2026-06-16 10:58:25+00:00,ENDPOINT,NORMAL,0,
CARGO-00890,2026-06-16 11:00:01+00:00,CARGO,NORMAL,0,
CARGO-01176,2026-06-16 11:01:47+00:00,CARGO,NORMAL,0,
EDR-00586,2026-06-16 11:05:25+00:00,ENDPOINT,NORMAL,0,
NET-00361,2026-06-16 11:11:27+00:00,NETWORK,NORMAL,0,
CARGO-00294,2026-06-16 11:13:04+00:00,CARGO,NORMAL,0,
NET-00265,2026-06-16 11:19:38+00:00,NETWORK,NORMAL,0,
OT-00423,2026-06-16 11:20:25+00:00,OT_SCADA,NORMAL,0,
CARGO-00164,2026-06-16 11:23:15+00:00,CARGO,NORMAL,0,
EDR-00637,2026-06-16 11:27:05+00:00,ENDPOINT,NORMAL,0,
OT-01026,2026-06-16 11:40:18+00:00,OT_SCADA,NORMAL,0,
PHY-00575,2026-06-16 11:53:51+00:00,PHYSICAL,NORMAL,0,
NET-00319,2026-06-16 11:57:54+00:00,NETWORK,NORMAL,0,
OT-00684,2026-06-16 12:04:46+00:00,OT_SCADA,NORMAL,0,
EDR-00620,2026-06-16 12:08:48+00:00,ENDPOINT,NORMAL,0,
CARGO-00993,2026-06-16 12:10:14+00:00,CARGO,NORMAL,0,
CARGO-00603,2026-06-16 12:20:58+00:00,CARGO,NORMAL,0,
NET-00146,2026-06-16 12:27:30+00:00,NETWORK,NORMAL,0,
CARGO-01185,2026-06-16 12:29:45+00:00,CARGO,NORMAL,0,
NET-01622,2026-06-16 12:30:37+00:00,NETWORK,NORMAL,0,
NOTE-00205,2026-06-16 12:36:22+00:00,TEXT,NORMAL,0,
OT-00527,2026-06-16 12:38:57+00:00,OT_SCADA,NORMAL,0,
OT-00784,2026-06-16 12:39:04+00:00,OT_SCADA,NORMAL,0,
OT-00128,2026-06-16 12:40:00+00:00,OT_SCADA,NORMAL,0,
VPN-00298,2026-06-16 12:41:42+00:00,VPN_IAM,NORMAL,0,
NET-00412,2026-06-16 12:46:05+00:00,NETWORK,NORMAL,0,
VPN-00246,2026-06-16 12:51:32+00:00,VPN_IAM,NORMAL,0,
CARGO-01066,2026-06-16 12:55:59+00:00,CARGO,NORMAL,0,
NOTE-00043,2026-06-16 13:10:12+00:00,TEXT,SUSPICIOUS,1,
VPN-00405,2026-06-16 13:12:47+00:00,VPN_IAM,NORMAL,0,
CARGO-00361,2026-06-16 13:24:47+00:00,CARGO,NORMAL,0,
VPN-01489,2026-06-16 13:25:12+00:00,VPN_IAM,NORMAL,0,
NET-01068,2026-06-16 13:27:23+00:00,NETWORK,NORMAL,0,
EDR-00879,2026-06-16 13:36:30+00:00,ENDPOINT,NORMAL,0,
NET-01418,2026-06-16 13:39:53+00:00,NETWORK,NORMAL,0,
VPN-00646,2026-06-16 13:46:48+00:00,VPN_IAM,NORMAL,0,
EDR-00184,2026-06-16 13:49:17+00:00,ENDPOINT,NORMAL,0,
CARGO-01140,2026-06-16 14:00:26+00:00,CARGO,NORMAL,0,
CARGO-00470,2026-06-16 14:03:28+00:00,CARGO,SUSPICIOUS,1,
PHY-00877,2026-06-16 14:06:42+00:00,PHYSICAL,SUSPICIOUS,1,
OT-00793,2026-06-16 14:15:47+00:00,OT_SCADA,NORMAL,0,
PHY-00206,2026-06-16 14:22:18+00:00,PHYSICAL,NORMAL,0,
PHY-00930,2026-06-16 14:34:42+00:00,PHYSICAL,NORMAL,0,
NET-00953,2026-06-16 14:37:11+00:00,NETWORK,NORMAL,0,
OT-01178,2026-06-16 14:37:41+00:00,OT_SCADA,NORMAL,0,
PHY-00901,2026-06-16 14:39:32+00:00,PHYSICAL,NORMAL,0,
EDR-00276,2026-06-16 14:40:54+00:00,ENDPOINT,NORMAL,0,
NET-00641,2026-06-16 14:41:03+00:00,NETWORK,NORMAL,0,
PHY-00491,2026-06-16 14:41:48+00:00,PHYSICAL,NORMAL,0,
PHY-00248,2026-06-16 14:52:16+00:00,PHYSICAL,NORMAL,0,
OT-01397,2026-06-16 14:53:21+00:00,OT_SCADA,NORMAL,0,
CARGO-00858,2026-06-16 14:58:45+00:00,CARGO,NORMAL,0,
VPN-01672,2026-06-16 15:01:56+00:00,VPN_IAM,NORMAL,0,
OT-00678,2026-06-16 15:02:58+00:00,OT_SCADA,NORMAL,0,
NET-02034,2026-06-16 15:03:37+00:00,NETWORK,NORMAL,0,
PHY-00409,2026-06-16 15:09:31+00:00,PHYSICAL,NORMAL,0,
OT-00808,2026-06-16 15:25:08+00:00,OT_SCADA,NORMAL,0,
CARGO-00794,2026-06-16 15:27:10+00:00,CARGO,NORMAL,0,
CARGO-00181,2026-06-16 15:31:46+00:00,CARGO,NORMAL,0,
OT-00267,2026-06-16 15:35:35+00:00,OT_SCADA,NORMAL,0,
EDR-00116,2026-06-16 15:38:47+00:00,ENDPOINT,NORMAL,0,
OT-01788,2026-06-16 15:43:53+00:00,OT_SCADA,NORMAL,0,
VPN-00510,2026-06-16 15:43:56+00:00,VPN_IAM,NORMAL,0,
VPN-01619,2026-06-16 15:50:40+00:00,VPN_IAM,NORMAL,0,
VPN-01660,2026-06-16 15:57:26+00:00,VPN_IAM,NORMAL,0,
CARGO-01138,2026-06-16 16:04:28+00:00,CARGO,NORMAL,0,
EDR-00900,2026-06-16 16:08:34+00:00,ENDPOINT,NORMAL,0,
NET-01346,2026-06-16 16:09:42+00:00,NETWORK,NORMAL,0,
OT-00686,2026-06-16 16:10:51+00:00,OT_SCADA,NORMAL,0,
CARGO-00509,2026-06-16 16:12:33+00:00,CARGO,NORMAL,0,
NET-01992,2026-06-16 16:15:37+00:00,NETWORK,NORMAL,0,
VPN-01557,2026-06-16 16:16:37+00:00,VPN_IAM,NORMAL,0,
NET-01331,2026-06-16 16:18:10+00:00,NETWORK,NORMAL,0,
CARGO-00793,2026-06-16 16:20:48+00:00,CARGO,NORMAL,0,
EDR-00231,2026-06-16 16:25:44+00:00,ENDPOINT,NORMAL,0,
PHY-00031,2026-06-16 16:26:15+00:00,PHYSICAL,NORMAL,0,
VPN-01741,2026-06-16 16:27:49+00:00,VPN_IAM,NORMAL,0,
NET-01443,2026-06-16 16:29:35+00:00,NETWORK,NORMAL,0,
EDR-00650,2026-06-16 16:39:26+00:00,ENDPOINT,NORMAL,0,
EDR-00901,2026-06-16 16:51:54+00:00,ENDPOINT,NORMAL,0,
PHY-00619,2026-06-16 17:08:23+00:00,PHYSICAL,NORMAL,0,
NET-01535,2026-06-16 17:10:09+00:00,NETWORK,NORMAL,0,
NET-00263,2026-06-16 17:10:53+00:00,NETWORK,NORMAL,0,
OT-01055,2026-06-16 17:13:49+00:00,OT_SCADA,NORMAL,0,
VPN-00539,2026-06-16 17:22:59+00:00,VPN_IAM,NORMAL,0,
PHY-00038,2026-06-16 17:35:15+00:00,PHYSICAL,NORMAL,0,
VPN-01308,2026-06-16 17:35:17+00:00,VPN_IAM,NORMAL,0,
VPN-01750,2026-06-16 17:37:45+00:00,VPN_IAM,NORMAL,0,
OT-00589,2026-06-16 17:38:55+00:00,OT_SCADA,NORMAL,0,
NET-01398,2026-06-16 17:43:15+00:00,NETWORK,NORMAL,0,
NET-02120,2026-06-16 17:48:06+00:00,NETWORK,NORMAL,0,
VPN-01528,2026-06-16 17:52:20+00:00,VPN_IAM,NORMAL,0,
VPN-01303,2026-06-16 18:09:05+00:00,VPN_IAM,NORMAL,0,
EDR-00685,2026-06-16 18:10:21+00:00,ENDPOINT,NORMAL,0,
OT-01826,2026-06-16 18:18:44+00:00,OT_SCADA,NORMAL,0,
VPN-00184,2026-06-16 18:21:09+00:00,VPN_IAM,NORMAL,0,
CARGO-01132,2026-06-16 18:25:45+00:00,CARGO,NORMAL,0,
OT-00641,2026-06-16 18:31:33+00:00,OT_SCADA,NORMAL,0,
PHY-00396,2026-06-16 18:39:54+00:00,PHYSICAL,NORMAL,0,
VPN-00221,2026-06-16 18:47:44+00:00,VPN_IAM,NORMAL,0,
PHY-00278,2026-06-16 18:49:44+00:00,PHYSICAL,NORMAL,0,
EDR-00203,2026-06-16 18:51:22+00:00,ENDPOINT,NORMAL,0,
EDR-00230,2026-06-16 18:59:17+00:00,ENDPOINT,NORMAL,0,
EDR-00093,2026-06-16 19:00:00+00:00,ENDPOINT,SUSPICIOUS,1,
OT-00900,2026-06-16 19:11:28+00:00,OT_SCADA,NORMAL,0,
OT-01591,2026-06-16 19:14:08+00:00,OT_SCADA,NORMAL,0,
NET-00129,2026-06-16 19:22:20+00:00,NETWORK,NORMAL,0,
VPN-00690,2026-06-16 19:28:58+00:00,VPN_IAM,NORMAL,0,
NET-00353,2026-06-16 19:30:19+00:00,NETWORK,NORMAL,0,
EDR-00401,2026-06-16 19:30:34+00:00,ENDPOINT,NORMAL,0,
NOTE-00054,2026-06-16 19:31:45+00:00,TEXT,NORMAL,0,
NET-01934,2026-06-16 19:34:54+00:00,NETWORK,NORMAL,0,
NET-01514,2026-06-16 19:36:02+00:00,NETWORK,NORMAL,0,
CARGO-00286,2026-06-16 19:37:49+00:00,CARGO,NORMAL,0,
NET-02001,2026-06-16 19:50:44+00:00,NETWORK,NORMAL,0,
PHY-00230,2026-06-16 19:59:11+00:00,PHYSICAL,NORMAL,0,
PHY-00060,2026-06-16 20:05:27+00:00,PHYSICAL,NORMAL,0,
EDR-00237,2026-06-16 20:08:27+00:00,ENDPOINT,NORMAL,0,
OT-01963,2026-06-16 20:10:30+00:00,OT_SCADA,NORMAL,0,
EDR-00364,2026-06-16 20:10:42+00:00,ENDPOINT,NORMAL,0,
NOTE-00125,2026-06-16 20:17:25+00:00,TEXT,NORMAL,0,
VPN-00122,2026-06-16 20:17:42+00:00,VPN_IAM,NORMAL,0,
PHY-00055,2026-06-16 20:21:23+00:00,PHYSICAL,NORMAL,0,
VPN-00252,2026-06-16 20:21:42+00:00,VPN_IAM,NORMAL,0,
PHY-00296,2026-06-16 20:23:18+00:00,PHYSICAL,NORMAL,0,
VPN-00733,2026-06-16 20:26:33+00:00,VPN_IAM,NORMAL,0,
VPN-01350,2026-06-16 20:42:33+00:00,VPN_IAM,NORMAL,0,
OT-01701,2026-06-16 20:43:52+00:00,OT_SCADA,NORMAL,0,
CARGO-00145,2026-06-16 20:43:53+00:00,CARGO,NORMAL,0,
PHY-00025,2026-06-16 20:44:15+00:00,PHYSICAL,NORMAL,0,
VPN-01282,2026-06-16 20:53:56+00:00,VPN_IAM,NORMAL,0,
EDR-00535,2026-06-16 20:58:36+00:00,ENDPOINT,NORMAL,0,
NET-01913,2026-06-16 20:58:39+00:00,NETWORK,NORMAL,0,
CARGO-01024,2026-06-16 20:59:47+00:00,CARGO,NORMAL,0,
VPN-01287,2026-06-16 21:14:34+00:00,VPN_IAM,NORMAL,0,
NET-02027,2026-06-16 21:16:11+00:00,NETWORK,NORMAL,0,
CARGO-00237,2026-06-16 21:18:51+00:00,CARGO,NORMAL,0,
VPN-01618,2026-06-16 21:25:32+00:00,VPN_IAM,NORMAL,0,
NET-01653,2026-06-16 21:26:45+00:00,NETWORK,NORMAL,0,
VPN-01488,2026-06-16 21:27:29+00:00,VPN_IAM,SUSPICIOUS,1,
VPN-00955,2026-06-16 21:46:59+00:00,VPN_IAM,NORMAL,0,
EDR-00928,2026-06-16 21:47:41+00:00,ENDPOINT,NORMAL,0,
OT-00774,2026-06-16 21:50:30+00:00,OT_SCADA,NORMAL,0,
NET-01250,2026-06-16 21:51:04+00:00,NETWORK,NORMAL,0,
NET-01469,2026-06-16 22:04:27+00:00,NETWORK,NORMAL,0,
NET-01866,2026-06-16 22:04:48+00:00,NETWORK,SUSPICIOUS,1,
EDR-00174,2026-06-16 22:14:04+00:00,ENDPOINT,NORMAL,0,
EDR-00192,2026-06-16 22:15:19+00:00,ENDPOINT,NORMAL,0,
NET-01578,2026-06-16 22:16:27+00:00,NETWORK,NORMAL,0,
EDR-00960,2026-06-16 22:17:38+00:00,ENDPOINT,NORMAL,0,
NET-00987,2026-06-16 22:20:21+00:00,NETWORK,NORMAL,0,
EDR-00175,2026-06-16 22:39:51+00:00,ENDPOINT,NORMAL,0,
NET-01739,2026-06-16 22:42:02+00:00,NETWORK,NORMAL,0,
CARGO-01189,2026-06-16 22:43:37+00:00,CARGO,NORMAL,0,
PHY-00071,2026-06-16 23:02:59+00:00,PHYSICAL,NORMAL,0,
CARGO-00539,2026-06-16 23:08:18+00:00,CARGO,NORMAL,0,
PHY-00486,2026-06-16 23:20:19+00:00,PHYSICAL,NORMAL,0,
OT-01219,2026-06-16 23:20:48+00:00,OT_SCADA,NORMAL,0,
OT-00379,2026-06-16 23:21:37+00:00,OT_SCADA,NORMAL,0,
CARGO-00725,2026-06-16 23:22:25+00:00,CARGO,NORMAL,0,
OT-01355,2026-06-16 23:23:01+00:00,OT_SCADA,NORMAL,0,
NET-01875,2026-06-16 23:26:21+00:00,NETWORK,NORMAL,0,
PHY-00548,2026-06-16 23:29:32+00:00,PHYSICAL,NORMAL,0,
NET-00460,2026-06-16 23:31:25+00:00,NETWORK,NORMAL,0,
VPN-01656,2026-06-16 23:34:52+00:00,VPN_IAM,NORMAL,0,
VPN-01381,2026-06-16 23:37:55+00:00,VPN_IAM,NORMAL,0,
NET-01377,2026-06-16 23:41:21+00:00,NETWORK,NORMAL,0,
NET-01893,2026-06-16 23:44:20+00:00,NETWORK,NORMAL,0,
EDR-00361,2026-06-16 23:46:22+00:00,ENDPOINT,NORMAL,0,
VPN-00363,2026-06-16 23:48:56+00:00,VPN_IAM,NORMAL,0,
NET-01564,2026-06-16 23:55:34+00:00,NETWORK,NORMAL,0,
PHY-00676,2026-06-16 23:56:45+00:00,PHYSICAL,NORMAL,0,
NET-00089,2026-06-16 23:57:07+00:00,NETWORK,NORMAL,0,
NOTE-00176,2026-06-16 23:57:14+00:00,TEXT,NORMAL,0,
NET-01845,2026-06-16 23:57:30+00:00,NETWORK,SUSPICIOUS,1,
NET-01550,2026-06-16 23:58:22+00:00,NETWORK,NORMAL,0,
NET-00934,2026-06-17 00:00:52+00:00,NETWORK,NORMAL,0,
NOTE-00185,2026-06-17 00:01:09+00:00,TEXT,NORMAL,0,
NET-01375,2026-06-17 00:05:20+00:00,NETWORK,NORMAL,0,
VPN-00167,2026-06-17 00:07:00+00:00,VPN_IAM,SUSPICIOUS,1,
EDR-00701,2026-06-17 00:16:48+00:00,ENDPOINT,NORMAL,0,
CARGO-00870,2026-06-17 00:21:53+00:00,CARGO,NORMAL,0,
PHY-00588,2026-06-17 00:23:40+00:00,PHYSICAL,NORMAL,0,
CARGO-00100,2026-06-17 00:28:41+00:00,CARGO,NORMAL,0,
NET-01714,2026-06-17 00:29:03+00:00,NETWORK,NORMAL,0,
NET-01373,2026-06-17 00:30:31+00:00,NETWORK,NORMAL,0,
OT-01545,2026-06-17 00:30:55+00:00,OT_SCADA,NORMAL,0,
EDR-00916,2026-06-17 00:38:46+00:00,ENDPOINT,NORMAL,0,
OT-00772,2026-06-17 00:40:32+00:00,OT_SCADA,NORMAL,0,
OT-00627,2026-06-17 00:41:23+00:00,OT_SCADA,NORMAL,0,
VPN-00242,2026-06-17 00:54:18+00:00,VPN_IAM,NORMAL,0,
OT-00931,2026-06-17 00:56:17+00:00,OT_SCADA,NORMAL,0,
EDR-00634,2026-06-17 00:56:48+00:00,ENDPOINT,NORMAL,0,
NET-00762,2026-06-17 01:02:21+00:00,NETWORK,NORMAL,0,
NET-00511,2026-06-17 01:08:42+00:00,NETWORK,NORMAL,0,
CARGO-00819,2026-06-17 01:14:20+00:00,CARGO,NORMAL,0,
OT-00773,2026-06-17 01:22:28+00:00,OT_SCADA,NORMAL,0,
OT-01813,2026-06-17 01:32:49+00:00,OT_SCADA,NORMAL,0,
NET-01602,2026-06-17 01:32:51+00:00,NETWORK,NORMAL,0,
OT-01926,2026-06-17 01:34:53+00:00,OT_SCADA,NORMAL,0,
NET-00967,2026-06-17 01:38:20+00:00,NETWORK,NORMAL,0,
NET-01853,2026-06-17 01:48:33+00:00,NETWORK,NORMAL,0,
OT-00572,2026-06-17 01:51:36+00:00,OT_SCADA,NORMAL,0,
NOTE-00265,2026-06-17 01:54:38+00:00,TEXT,NORMAL,0,
EDR-00395,2026-06-17 01:58:30+00:00,ENDPOINT,NORMAL,0,
OT-00328,2026-06-17 02:07:00+00:00,OT_SCADA,NORMAL,0,
CARGO-00897,2026-06-17 02:07:53+00:00,CARGO,NORMAL,0,
PHY-00042,2026-06-17 02:09:33+00:00,PHYSICAL,NORMAL,0,
OT-00251,2026-06-17 02:15:44+00:00,OT_SCADA,NORMAL,0,
EDR-00386,2026-06-17 02:19:48+00:00,ENDPOINT,NORMAL,0,
OT-00361,2026-06-17 02:22:58+00:00,OT_SCADA,NORMAL,0,
PHY-00713,2026-06-17 02:27:34+00:00,PHYSICAL,NORMAL,0,
CARGO-00101,2026-06-17 02:30:35+00:00,CARGO,NORMAL,0,
OT-00831,2026-06-17 02:32:35+00:00,OT_SCADA,NORMAL,0,
PHY-00344,2026-06-17 02:43:29+00:00,PHYSICAL,NORMAL,0,
CARGO-01109,2026-06-17 02:48:04+00:00,CARGO,NORMAL,0,
PHY-00419,2026-06-17 02:48:32+00:00,PHYSICAL,SUSPICIOUS,1,
NET-01091,2026-06-17 02:54:55+00:00,NETWORK,NORMAL,0,
OT-01172,2026-06-17 03:01:02+00:00,OT_SCADA,NORMAL,0,
NET-00065,2026-06-17 03:01:22+00:00,NETWORK,NORMAL,0,
VPN-01740,2026-06-17 03:02:28+00:00,VPN_IAM,NORMAL,0,
OT-01584,2026-06-17 03:05:07+00:00,OT_SCADA,NORMAL,0,
VPN-00865,2026-06-17 03:17:32+00:00,VPN_IAM,NORMAL,0,
NET-00691,2026-06-17 03:18:27+00:00,NETWORK,NORMAL,0,
NET-01844,2026-06-17 03:23:44+00:00,NETWORK,NORMAL,0,
OT-01600,2026-06-17 03:25:58+00:00,OT_SCADA,NORMAL,0,
OT-01503,2026-06-17 03:26:34+00:00,OT_SCADA,NORMAL,0,
OT-00491,2026-06-17 03:28:36+00:00,OT_SCADA,NORMAL,0,
OT-00203,2026-06-17 03:34:09+00:00,OT_SCADA,NORMAL,0,
VPN-00616,2026-06-17 03:41:27+00:00,VPN_IAM,NORMAL,0,
OT-01438,2026-06-17 03:43:02+00:00,OT_SCADA,NORMAL,0,
OT-01285,2026-06-17 03:50:36+00:00,OT_SCADA,NORMAL,0,
NET-00226,2026-06-17 03:52:49+00:00,NETWORK,NORMAL,0,
PHY-00706,2026-06-17 04:02:43+00:00,PHYSICAL,NORMAL,0,
NET-02193,2026-06-17 04:11:21+00:00,NETWORK,NORMAL,0,
VPN-00608,2026-06-17 04:13:17+00:00,VPN_IAM,NORMAL,0,
EDR-00375,2026-06-17 04:19:58+00:00,ENDPOINT,NORMAL,0,
EDR-00878,2026-06-17 04:39:03+00:00,ENDPOINT,NORMAL,0,
OT-00406,2026-06-17 04:45:26+00:00,OT_SCADA,NORMAL,0,
VPN-00968,2026-06-17 04:48:13+00:00,VPN_IAM,NORMAL,0,
EDR-00252,2026-06-17 04:49:01+00:00,ENDPOINT,NORMAL,0,
PHY-00081,2026-06-17 04:49:42+00:00,PHYSICAL,NORMAL,0,
EDR-00308,2026-06-17 04:53:21+00:00,ENDPOINT,NORMAL,0,
OT-01059,2026-06-17 04:54:35+00:00,OT_SCADA,NORMAL,0,
OT-00239,2026-06-17 04:57:09+00:00,OT_SCADA,NORMAL,0,
OT-01918,2026-06-17 04:57:59+00:00,OT_SCADA,NORMAL,0,
PHY-00513,2026-06-17 04:59:58+00:00,PHYSICAL,NORMAL,0,
NET-00536,2026-06-17 05:03:21+00:00,NETWORK,NORMAL,0,
NET-01512,2026-06-17 05:04:42+00:00,NETWORK,NORMAL,0,
EDR-00015,2026-06-17 05:08:11+00:00,ENDPOINT,NORMAL,0,
NET-00853,2026-06-17 05:18:44+00:00,NETWORK,NORMAL,0,
OT-00593,2026-06-17 05:19:29+00:00,OT_SCADA,SUSPICIOUS,1,
OT-01056,2026-06-17 05:24:19+00:00,OT_SCADA,NORMAL,0,
EDR-01147,2026-06-17 05:25:06+00:00,ENDPOINT,NORMAL,0,
EDR-01101,2026-06-17 05:26:27+00:00,ENDPOINT,NORMAL,0,
OT-00744,2026-06-17 05:26:52+00:00,OT_SCADA,NORMAL,0,
CARGO-00597,2026-06-17 05:30:40+00:00,CARGO,NORMAL,0,
OT-01263,2026-06-17 05:32:23+00:00,OT_SCADA,NORMAL,0,
EDR-00926,2026-06-17 05:33:05+00:00,ENDPOINT,NORMAL,0,
PHY-00890,2026-06-17 05:39:00+00:00,PHYSICAL,NORMAL,0,
NET-00115,2026-06-17 05:43:28+00:00,NETWORK,NORMAL,0,
OT-01766,2026-06-17 05:49:29+00:00,OT_SCADA,NORMAL,0,
VPN-00840,2026-06-17 05:49:43+00:00,VPN_IAM,NORMAL,0,
PHY-00354,2026-06-17 05:57:45+00:00,PHYSICAL,NORMAL,0,
VPN-00466,2026-06-17 05:58:02+00:00,VPN_IAM,NORMAL,0,
VPN-00333,2026-06-17 06:02:50+00:00,VPN_IAM,NORMAL,0,
VPN-00640,2026-06-17 06:07:04+00:00,VPN_IAM,NORMAL,0,
CARGO-00179,2026-06-17 06:07:37+00:00,CARGO,NORMAL,0,
PHY-00868,2026-06-17 06:12:34+00:00,PHYSICAL,NORMAL,0,
OT-01404,2026-06-17 06:23:08+00:00,OT_SCADA,NORMAL,0,
PHY-00380,2026-06-17 06:31:28+00:00,PHYSICAL,NORMAL,0,
NOTE-00053,2026-06-17 06:32:21+00:00,TEXT,NORMAL,0,
OT-01689,2026-06-17 06:35:40+00:00,OT_SCADA,NORMAL,0,
NET-01975,2026-06-17 06:37:08+00:00,NETWORK,NORMAL,0,
VPN-01015,2026-06-17 06:54:55+00:00,VPN_IAM,NORMAL,0,
CARGO-00409,2026-06-17 06:56:09+00:00,CARGO,NORMAL,0,
VPN-00185,2026-06-17 06:56:55+00:00,VPN_IAM,NORMAL,0,
PHY-00641,2026-06-17 06:59:47+00:00,PHYSICAL,NORMAL,0,
NET-00043,2026-06-17 07:01:39+00:00,NETWORK,NORMAL,0,
NOTE-00102,2026-06-17 07:01:56+00:00,TEXT,NORMAL,0,
VPN-00153,2026-06-17 07:02:29+00:00,VPN_IAM,NORMAL,0,
OT-00722,2026-06-17 07:03:59+00:00,OT_SCADA,NORMAL,0,
NET-01440,2026-06-17 07:09:14+00:00,NETWORK,NORMAL,0,
OT-00354,2026-06-17 07:11:19+00:00,OT_SCADA,NORMAL,0,
OT-00689,2026-06-17 07:12:19+00:00,OT_SCADA,NORMAL,0,
OT-00073,2026-06-17 07:17:08+00:00,OT_SCADA,SUSPICIOUS,1,
EDR-00945,2026-06-17 07:24:52+00:00,ENDPOINT,NORMAL,0,
PHY-00445,2026-06-17 07:30:30+00:00,PHYSICAL,NORMAL,0,
NET-00684,2026-06-17 07:35:38+00:00,NETWORK,NORMAL,0,
OT-00242,2026-06-17 07:41:43+00:00,OT_SCADA,NORMAL,0,
OT-01755,2026-06-17 07:53:40+00:00,OT_SCADA,NORMAL,0,
VPN-00630,2026-06-17 07:58:33+00:00,VPN_IAM,NORMAL,0,
NET-00098,2026-06-17 08:01:09+00:00,NETWORK,NORMAL,0,
OT-01041,2026-06-17 08:01:33+00:00,OT_SCADA,NORMAL,0,
CARGO-00799,2026-06-17 08:05:17+00:00,CARGO,NORMAL,0,
EDR-00124,2026-06-17 08:06:28+00:00,ENDPOINT,NORMAL,0,
PHY-00736,2026-06-17 08:12:44+00:00,PHYSICAL,NORMAL,0,
EDR-01159,2026-06-17 08:16:29+00:00,ENDPOINT,NORMAL,0,
CARGO-01102,2026-06-17 08:22:30+00:00,CARGO,NORMAL,0,
VPN-00495,2026-06-17 08:27:40+00:00,VPN_IAM,NORMAL,0,
CARGO-00532,2026-06-17 08:29:25+00:00,CARGO,NORMAL,0,
PHY-00316,2026-06-17 08:34:43+00:00,PHYSICAL,NORMAL,0,
OT-00739,2026-06-17 08:38:15+00:00,OT_SCADA,NORMAL,0,
OT-01549,2026-06-17 08:40:09+00:00,OT_SCADA,NORMAL,0,
NOTE-00031,2026-06-17 08:52:15+00:00,TEXT,NORMAL,0,
EDR-00268,2026-06-17 08:53:11+00:00,ENDPOINT,NORMAL,0,
CARGO-01105,2026-06-17 08:54:49+00:00,CARGO,NORMAL,0,
OT-00955,2026-06-17 09:01:56+00:00,OT_SCADA,NORMAL,0,
NET-01562,2026-06-17 09:04:41+00:00,NETWORK,NORMAL,0,
VPN-01616,2026-06-17 09:06:13+00:00,VPN_IAM,NORMAL,0,
NET-00109,2026-06-17 09:06:30+00:00,NETWORK,NORMAL,0,
NET-01338,2026-06-17 09:11:04+00:00,NETWORK,NORMAL,0,
VPN-01665,2026-06-17 09:12:42+00:00,VPN_IAM,NORMAL,0,
CARGO-00825,2026-06-17 09:23:16+00:00,CARGO,NORMAL,0,
VPN-00238,2026-06-17 09:23:24+00:00,VPN_IAM,NORMAL,0,
CARGO-00060,2026-06-17 09:28:15+00:00,CARGO,NORMAL,0,
EDR-01163,2026-06-17 09:32:06+00:00,ENDPOINT,NORMAL,0,
NET-02097,2026-06-17 09:34:17+00:00,NETWORK,NORMAL,0,
OT-01929,2026-06-17 09:58:41+00:00,OT_SCADA,NORMAL,0,
NET-00012,2026-06-17 09:59:35+00:00,NETWORK,NORMAL,0,
EDR-00774,2026-06-17 10:05:41+00:00,ENDPOINT,NORMAL,0,
VPN-01692,2026-06-17 10:08:26+00:00,VPN_IAM,NORMAL,0,
VPN-00478,2026-06-17 10:17:47+00:00,VPN_IAM,NORMAL,0,
OT-00159,2026-06-17 10:21:30+00:00,OT_SCADA,NORMAL,0,
OT-01518,2026-06-17 10:26:27+00:00,OT_SCADA,NORMAL,0,
VPN-00183,2026-06-17 10:30:40+00:00,VPN_IAM,NORMAL,0,
VPN-01480,2026-06-17 10:31:10+00:00,VPN_IAM,NORMAL,0,
CARGO-00573,2026-06-17 10:34:01+00:00,CARGO,NORMAL,0,
NET-02095,2026-06-17 10:38:33+00:00,NETWORK,NORMAL,0,
PHY-00152,2026-06-17 10:48:32+00:00,PHYSICAL,NORMAL,0,
OT-01678,2026-06-17 10:50:14+00:00,OT_SCADA,NORMAL,0,
OT-01742,2026-06-17 11:03:21+00:00,OT_SCADA,NORMAL,0,
EDR-00458,2026-06-17 11:04:48+00:00,ENDPOINT,NORMAL,0,
PHY-00702,2026-06-17 11:13:25+00:00,PHYSICAL,NORMAL,0,
VPN-00193,2026-06-17 11:16:01+00:00,VPN_IAM,NORMAL,0,
NET-01045,2026-06-17 11:23:19+00:00,NETWORK,NORMAL,0,
CARGO-00711,2026-06-17 11:33:10+00:00,CARGO,NORMAL,0,
PHY-00143,2026-06-17 11:41:44+00:00,PHYSICAL,NORMAL,0,
EDR-00949,2026-06-17 11:45:53+00:00,ENDPOINT,NORMAL,0,
EDR-00791,2026-06-17 11:46:52+00:00,ENDPOINT,NORMAL,0,
EDR-00218,2026-06-17 11:53:17+00:00,ENDPOINT,NORMAL,0,
CARGO-00929,2026-06-17 12:00:53+00:00,CARGO,NORMAL,0,
NET-01394,2026-06-17 12:02:13+00:00,NETWORK,NORMAL,0,
OT-00842,2026-06-17 12:02:56+00:00,OT_SCADA,NORMAL,0,
OT-00616,2026-06-17 12:03:19+00:00,OT_SCADA,NORMAL,0,
CARGO-00787,2026-06-17 12:12:51+00:00,CARGO,NORMAL,0,
OT-00297,2026-06-17 12:23:43+00:00,OT_SCADA,SUSPICIOUS,1,
NET-01670,2026-06-17 12:30:33+00:00,NETWORK,NORMAL,0,
NET-01127,2026-06-17 12:41:33+00:00,NETWORK,NORMAL,0,
OT-00621,2026-06-17 12:43:39+00:00,OT_SCADA,NORMAL,0,
CARGO-00731,2026-06-17 13:00:09+00:00,CARGO,NORMAL,0,
EDR-00488,2026-06-17 13:07:39+00:00,ENDPOINT,NORMAL,0,
NET-00742,2026-06-17 13:14:17+00:00,NETWORK,NORMAL,0,
VPN-00292,2026-06-17 13:14:53+00:00,VPN_IAM,NORMAL,0,
PHY-00191,2026-06-17 13:15:41+00:00,PHYSICAL,NORMAL,0,
VPN-01669,2026-06-17 13:16:04+00:00,VPN_IAM,NORMAL,0,
OT-01703,2026-06-17 13:17:32+00:00,OT_SCADA,NORMAL,0,
NET-00711,2026-06-17 13:20:33+00:00,NETWORK,NORMAL,0,
OT-01576,2026-06-17 13:22:15+00:00,OT_SCADA,NORMAL,0,
NOTE-00166,2026-06-17 13:23:20+00:00,TEXT,NORMAL,0,
NET-00229,2026-06-17 13:25:51+00:00,NETWORK,NORMAL,0,
NET-01731,2026-06-17 13:28:08+00:00,NETWORK,NORMAL,0,
NET-00253,2026-06-17 13:34:02+00:00,NETWORK,NORMAL,0,
CARGO-00349,2026-06-17 13:35:08+00:00,CARGO,NORMAL,0,
PHY-00541,2026-06-17 13:47:11+00:00,PHYSICAL,NORMAL,0,
NET-01439,2026-06-17 13:48:05+00:00,NETWORK,NORMAL,0,
NET-01889,2026-06-17 13:55:35+00:00,NETWORK,NORMAL,0,
OT-01182,2026-06-17 14:00:56+00:00,OT_SCADA,NORMAL,0,
PHY-00677,2026-06-17 14:02:26+00:00,PHYSICAL,NORMAL,0,
CARGO-00055,2026-06-17 14:08:38+00:00,CARGO,NORMAL,0,
OT-01173,2026-06-17 14:20:28+00:00,OT_SCADA,NORMAL,0,
OT-01673,2026-06-17 14:22:23+00:00,OT_SCADA,NORMAL,0,
OT-00862,2026-06-17 14:26:18+00:00,OT_SCADA,NORMAL,0,
OT-01800,2026-06-17 14:26:46+00:00,OT_SCADA,NORMAL,0,
NET-00637,2026-06-17 14:26:58+00:00,NETWORK,NORMAL,0,
EDR-00096,2026-06-17 14:27:50+00:00,ENDPOINT,NORMAL,0,
PHY-00512,2026-06-17 14:33:35+00:00,PHYSICAL,NORMAL,0,
NET-01492,2026-06-17 14:38:35+00:00,NETWORK,NORMAL,0,
CARGO-00797,2026-06-17 14:39:03+00:00,CARGO,NORMAL,0,
CARGO-00375,2026-06-17 14:40:17+00:00,CARGO,NORMAL,0,
EDR-00255,2026-06-17 14:43:37+00:00,ENDPOINT,NORMAL,0,
PHY-00124,2026-06-17 14:46:54+00:00,PHYSICAL,NORMAL,0,
NET-02048,2026-06-17 14:48:38+00:00,NETWORK,NORMAL,0,
NET-01877,2026-06-17 14:56:29+00:00,NETWORK,NORMAL,0,
OT-00692,2026-06-17 15:04:06+00:00,OT_SCADA,NORMAL,0,
NET-02065,2026-06-17 15:10:56+00:00,NETWORK,NORMAL,0,
NET-02195,2026-06-17 15:13:56+00:00,NETWORK,NORMAL,0,
NET-01785,2026-06-17 15:14:37+00:00,NETWORK,NORMAL,0,
OT-00222,2026-06-17 15:15:11+00:00,OT_SCADA,NORMAL,0,
NET-00622,2026-06-17 15:31:22+00:00,NETWORK,NORMAL,0,
EDR-00816,2026-06-17 15:38:10+00:00,ENDPOINT,NORMAL,0,
VPN-00936,2026-06-17 15:55:07+00:00,VPN_IAM,NORMAL,0,
NET-01816,2026-06-17 16:06:49+00:00,NETWORK,NORMAL,0,
NET-00914,2026-06-17 16:09:45+00:00,NETWORK,NORMAL,0,
PHY-00515,2026-06-17 16:12:21+00:00,PHYSICAL,NORMAL,0,
CARGO-00448,2026-06-17 16:13:16+00:00,CARGO,NORMAL,0,
OT-01938,2026-06-17 16:18:19+00:00,OT_SCADA,NORMAL,0,
OT-01838,2026-06-17 16:19:01+00:00,OT_SCADA,NORMAL,0,
VPN-01686,2026-06-17 16:30:43+00:00,VPN_IAM,NORMAL,0,
OT-00167,2026-06-17 16:31:28+00:00,OT_SCADA,NORMAL,0,
OT-01726,2026-06-17 16:33:01+00:00,OT_SCADA,NORMAL,0,
EDR-00333,2026-06-17 16:43:32+00:00,ENDPOINT,NORMAL,0,
NET-01120,2026-06-17 16:45:43+00:00,NETWORK,NORMAL,0,
NET-01776,2026-06-17 16:45:51+00:00,NETWORK,NORMAL,0,
OT-01408,2026-06-17 16:46:58+00:00,OT_SCADA,NORMAL,0,
PHY-00506,2026-06-17 16:48:08+00:00,PHYSICAL,NORMAL,0,
CARGO-00401,2026-06-17 16:50:20+00:00,CARGO,NORMAL,0,
EDR-00912,2026-06-17 16:58:51+00:00,ENDPOINT,NORMAL,0,
OT-01482,2026-06-17 17:05:16+00:00,OT_SCADA,NORMAL,0,
OT-01863,2026-06-17 17:09:34+00:00,OT_SCADA,NORMAL,0,
VPN-01798,2026-06-17 17:19:25+00:00,VPN_IAM,NORMAL,0,
CARGO-00422,2026-06-17 17:20:54+00:00,CARGO,NORMAL,0,
NET-00007,2026-06-17 17:26:55+00:00,NETWORK,NORMAL,0,
NET-00724,2026-06-17 17:28:11+00:00,NETWORK,NORMAL,0,
PHY-00830,2026-06-17 17:31:37+00:00,PHYSICAL,NORMAL,0,
CARGO-01085,2026-06-17 17:41:47+00:00,CARGO,NORMAL,0,
OT-00787,2026-06-17 17:43:04+00:00,OT_SCADA,NORMAL,0,
NET-01730,2026-06-17 17:44:49+00:00,NETWORK,NORMAL,0,
NET-00268,2026-06-17 17:45:28+00:00,NETWORK,NORMAL,0,
NET-01547,2026-06-17 17:57:06+00:00,NETWORK,NORMAL,0,
NET-01991,2026-06-17 17:59:47+00:00,NETWORK,NORMAL,0,
EDR-01195,2026-06-17 18:02:26+00:00,ENDPOINT,NORMAL,0,
EDR-01170,2026-06-17 18:02:45+00:00,ENDPOINT,NORMAL,0,
VPN-00205,2026-06-17 18:08:49+00:00,VPN_IAM,NORMAL,0,
CARGO-01172,2026-06-17 18:09:41+00:00,CARGO,NORMAL,0,
EDR-00191,2026-06-17 18:31:33+00:00,ENDPOINT,NORMAL,0,
CARGO-00279,2026-06-17 18:32:36+00:00,CARGO,NORMAL,0,
EDR-00422,2026-06-17 18:33:32+00:00,ENDPOINT,NORMAL,0,
PHY-00803,2026-06-17 18:40:11+00:00,PHYSICAL,NORMAL,0,
PHY-00791,2026-06-17 18:42:06+00:00,PHYSICAL,NORMAL,0,
OT-01232,2026-06-17 18:43:50+00:00,OT_SCADA,NORMAL,0,
VPN-00472,2026-06-17 18:45:41+00:00,VPN_IAM,NORMAL,0,
OT-00519,2026-06-17 18:46:43+00:00,OT_SCADA,NORMAL,0,
EDR-00561,2026-06-17 18:50:38+00:00,ENDPOINT,NORMAL,0,
NET-01644,2026-06-17 18:52:36+00:00,NETWORK,NORMAL,0,
EDR-00049,2026-06-17 18:59:29+00:00,ENDPOINT,NORMAL,0,
OT-01189,2026-06-17 19:01:29+00:00,OT_SCADA,NORMAL,0,
VPN-01745,2026-06-17 19:09:43+00:00,VPN_IAM,NORMAL,0,
NET-00432,2026-06-17 19:13:43+00:00,NETWORK,NORMAL,0,
CARGO-00394,2026-06-17 19:14:23+00:00,CARGO,NORMAL,0,
VPN-00266,2026-06-17 19:20:07+00:00,VPN_IAM,NORMAL,0,
PHY-00260,2026-06-17 19:23:02+00:00,PHYSICAL,NORMAL,0,
NET-00234,2026-06-17 19:33:37+00:00,NETWORK,NORMAL,0,
NET-02056,2026-06-17 19:35:16+00:00,NETWORK,NORMAL,0,
OT-00106,2026-06-17 19:37:10+00:00,OT_SCADA,NORMAL,0,
OT-01626,2026-06-17 19:38:23+00:00,OT_SCADA,NORMAL,0,
NET-00358,2026-06-17 19:40:04+00:00,NETWORK,NORMAL,0,
VPN-01288,2026-06-17 19:43:21+00:00,VPN_IAM,NORMAL,0,
VPN-00680,2026-06-17 19:43:33+00:00,VPN_IAM,NORMAL,0,
PHY-00640,2026-06-17 19:48:31+00:00,PHYSICAL,NORMAL,0,
CARGO-00549,2026-06-17 19:53:47+00:00,CARGO,NORMAL,0,
VPN-00585,2026-06-17 20:04:15+00:00,VPN_IAM,NORMAL,0,
EDR-00739,2026-06-17 20:04:46+00:00,ENDPOINT,NORMAL,0,
OT-00015,2026-06-17 20:05:58+00:00,OT_SCADA,NORMAL,0,
VPN-00720,2026-06-17 20:13:20+00:00,VPN_IAM,NORMAL,0,
VPN-01266,2026-06-17 20:20:40+00:00,VPN_IAM,NORMAL,0,
VPN-00580,2026-06-17 20:26:39+00:00,VPN_IAM,SUSPICIOUS,1,
VPN-01704,2026-06-17 20:28:48+00:00,VPN_IAM,SUSPICIOUS,1,
PHY-00203,2026-06-17 20:30:51+00:00,PHYSICAL,NORMAL,0,
EDR-00113,2026-06-17 20:43:22+00:00,ENDPOINT,NORMAL,0,
NET-01135,2026-06-17 20:50:25+00:00,NETWORK,NORMAL,0,
VPN-00036,2026-06-17 20:50:53+00:00,VPN_IAM,NORMAL,0,
VPN-00399,2026-06-17 21:03:09+00:00,VPN_IAM,SUSPICIOUS,1,
NET-01364,2026-06-17 21:07:34+00:00,NETWORK,NORMAL,0,
EDR-00061,2026-06-17 21:08:06+00:00,ENDPOINT,NORMAL,0,
EDR-00521,2026-06-17 21:13:44+00:00,ENDPOINT,NORMAL,0,
NET-00877,2026-06-17 21:15:28+00:00,NETWORK,NORMAL,0,
CARGO-00439,2026-06-17 21:21:24+00:00,CARGO,NORMAL,0,
OT-00757,2026-06-17 21:21:25+00:00,OT_SCADA,NORMAL,0,
CARGO-00467,2026-06-17 21:24:44+00:00,CARGO,NORMAL,0,
CARGO-01006,2026-06-17 21:45:11+00:00,CARGO,NORMAL,0,
OT-01125,2026-06-17 21:56:26+00:00,OT_SCADA,NORMAL,0,
CARGO-00192,2026-06-17 21:59:46+00:00,CARGO,NORMAL,0,
CARGO-00593,2026-06-17 22:00:15+00:00,CARGO,NORMAL,0,
VPN-00107,2026-06-17 22:01:50+00:00,VPN_IAM,NORMAL,0,
PHY-00148,2026-06-17 22:21:30+00:00,PHYSICAL,NORMAL,0,
VPN-01127,2026-06-17 22:31:33+00:00,VPN_IAM,NORMAL,0,
CARGO-00353,2026-06-17 22:38:31+00:00,CARGO,NORMAL,0,
VPN-00131,2026-06-17 22:47:17+00:00,VPN_IAM,NORMAL,0,
VPN-00433,2026-06-17 22:49:36+00:00,VPN_IAM,NORMAL,0,
OT-01229,2026-06-17 22:54:03+00:00,OT_SCADA,NORMAL,0,
VPN-00120,2026-06-17 22:55:52+00:00,VPN_IAM,NORMAL,0,
EDR-01065,2026-06-17 22:58:07+00:00,ENDPOINT,NORMAL,0,
NET-01336,2026-06-17 23:02:10+00:00,NETWORK,NORMAL,0,
CARGO-00902,2026-06-17 23:02:36+00:00,CARGO,NORMAL,0,
NOTE-00288,2026-06-17 23:03:00+00:00,TEXT,NORMAL,0,
NET-01789,2026-06-17 23:07:18+00:00,NETWORK,NORMAL,0,
NET-02181,2026-06-17 23:07:52+00:00,NETWORK,NORMAL,0,
VPN-01241,2026-06-17 23:10:07+00:00,VPN_IAM,NORMAL,0,
NET-01186,2026-06-17 23:10:36+00:00,NETWORK,SUSPICIOUS,1,
PHY-00328,2026-06-17 23:11:38+00:00,PHYSICAL,NORMAL,0,
NET-00249,2026-06-17 23:22:19+00:00,NETWORK,NORMAL,0,
VPN-00316,2026-06-17 23:22:26+00:00,VPN_IAM,NORMAL,0,
OT-00913,2026-06-17 23:31:56+00:00,OT_SCADA,NORMAL,0,
VPN-00548,2026-06-17 23:36:41+00:00,VPN_IAM,NORMAL,0,
NET-00083,2026-06-17 23:36:48+00:00,NETWORK,NORMAL,0,
VPN-00939,2026-06-17 23:40:05+00:00,VPN_IAM,NORMAL,0,
NET-01931,2026-06-17 23:41:39+00:00,NETWORK,NORMAL,0,
PHY-00446,2026-06-17 23:43:24+00:00,PHYSICAL,NORMAL,0,
OT-01646,2026-06-17 23:49:03+00:00,OT_SCADA,SUSPICIOUS,1,
NOTE-00110,2026-06-17 23:58:09+00:00,TEXT,NORMAL,0,
NET-02080,2026-06-18 00:08:40+00:00,NETWORK,NORMAL,0,
EDR-00030,2026-06-18 00:09:39+00:00,ENDPOINT,SUSPICIOUS,1,
OT-00295,2026-06-18 00:13:07+00:00,OT_SCADA,NORMAL,0,
CARGO-00039,2026-06-18 00:22:15+00:00,CARGO,NORMAL,0,
VPN-00783,2026-06-18 00:22:32+00:00,VPN_IAM,NORMAL,0,
NET-00761,2026-06-18 00:28:07+00:00,NETWORK,NORMAL,0,
CARGO-00032,2026-06-18 00:29:28+00:00,CARGO,SUSPICIOUS,1,
NET-00092,2026-06-18 00:34:05+00:00,NETWORK,NORMAL,0,
OT-00048,2026-06-18 00:35:37+00:00,OT_SCADA,NORMAL,0,
NET-01984,2026-06-18 00:50:33+00:00,NETWORK,SUSPICIOUS,1,
EDR-00219,2026-06-18 00:54:23+00:00,ENDPOINT,NORMAL,0,
NET-02107,2026-06-18 00:56:25+00:00,NETWORK,SUSPICIOUS,1,
NET-00411,2026-06-18 01:06:58+00:00,NETWORK,NORMAL,0,
NET-01906,2026-06-18 01:08:03+00:00,NETWORK,NORMAL,0,
VPN-00429,2026-06-18 01:16:27+00:00,VPN_IAM,NORMAL,0,
OT-01741,2026-06-18 01:20:56+00:00,OT_SCADA,NORMAL,0,
CARGO-00003,2026-06-18 01:21:11+00:00,CARGO,NORMAL,0,
CARGO-00889,2026-06-18 01:34:24+00:00,CARGO,NORMAL,0,
NET-01946,2026-06-18 01:38:26+00:00,NETWORK,NORMAL,0,
OT-01966,2026-06-18 01:47:08+00:00,OT_SCADA,NORMAL,0,
NET-00276,2026-06-18 01:55:37+00:00,NETWORK,NORMAL,0,
VPN-01624,2026-06-18 01:59:09+00:00,VPN_IAM,NORMAL,0,
CARGO-00734,2026-06-18 02:05:00+00:00,CARGO,NORMAL,0,
EDR-00136,2026-06-18 02:05:12+00:00,ENDPOINT,SUSPICIOUS,1,
NET-00376,2026-06-18 02:06:01+00:00,NETWORK,NORMAL,0,
EDR-00299,2026-06-18 02:12:42+00:00,ENDPOINT,NORMAL,0,
NET-00047,2026-06-18 02:24:16+00:00,NETWORK,NORMAL,0,
NOTE-00157,2026-06-18 02:30:54+00:00,TEXT,NORMAL,0,
NET-00495,2026-06-18 02:33:20+00:00,NETWORK,NORMAL,0,
CARGO-00781,2026-06-18 02:34:40+00:00,CARGO,NORMAL,0,
VPN-01178,2026-06-18 02:40:16+00:00,VPN_IAM,NORMAL,0,
CARGO-00120,2026-06-18 02:42:18+00:00,CARGO,NORMAL,0,
CARGO-01154,2026-06-18 02:45:53+00:00,CARGO,NORMAL,0,
NET-01354,2026-06-18 02:52:09+00:00,NETWORK,NORMAL,0,
CARGO-00771,2026-06-18 03:03:50+00:00,CARGO,NORMAL,0,
EDR-00693,2026-06-18 03:04:42+00:00,ENDPOINT,NORMAL,0,
PHY-00638,2026-06-18 03:09:56+00:00,PHYSICAL,NORMAL,0,
CARGO-00716,2026-06-18 03:14:43+00:00,CARGO,NORMAL,0,
OT-01881,2026-06-18 03:19:50+00:00,OT_SCADA,NORMAL,0,
VPN-00556,2026-06-18 03:25:55+00:00,VPN_IAM,NORMAL,0,
CARGO-00535,2026-06-18 03:30:09+00:00,CARGO,NORMAL,0,
OT-00609,2026-06-18 03:31:26+00:00,OT_SCADA,NORMAL,0,
OT-00284,2026-06-18 03:36:46+00:00,OT_SCADA,NORMAL,0,
CARGO-00927,2026-06-18 03:43:51+00:00,CARGO,NORMAL,0,
PHY-00985,2026-06-18 03:44:08+00:00,PHYSICAL,NORMAL,0,
OT-00299,2026-06-18 03:54:42+00:00,OT_SCADA,NORMAL,0,
NET-02094,2026-06-18 03:56:11+00:00,NETWORK,NORMAL,0,
OT-01440,2026-06-18 03:57:18+00:00,OT_SCADA,NORMAL,0,
VPN-00432,2026-06-18 04:03:33+00:00,VPN_IAM,NORMAL,0,
PHY-00361,2026-06-18 04:05:17+00:00,PHYSICAL,NORMAL,0,
EDR-01130,2026-06-18 04:07:02+00:00,ENDPOINT,NORMAL,0,
EDR-00202,2026-06-18 04:08:26+00:00,ENDPOINT,NORMAL,0,
EDR-00955,2026-06-18 04:09:29+00:00,ENDPOINT,NORMAL,0,
OT-01298,2026-06-18 04:11:13+00:00,OT_SCADA,NORMAL,0,
OT-00420,2026-06-18 04:19:13+00:00,OT_SCADA,NORMAL,0,
NET-01159,2026-06-18 04:28:29+00:00,NETWORK,NORMAL,0,
PHY-00657,2026-06-18 04:29:54+00:00,PHYSICAL,NORMAL,0,
PHY-00653,2026-06-18 04:35:46+00:00,PHYSICAL,NORMAL,0,
NET-01937,2026-06-18 04:39:11+00:00,NETWORK,NORMAL,0,
OT-00496,2026-06-18 04:41:08+00:00,OT_SCADA,NORMAL,0,
EDR-00090,2026-06-18 04:41:09+00:00,ENDPOINT,NORMAL,0,
VPN-01765,2026-06-18 04:44:20+00:00,VPN_IAM,NORMAL,0,
NET-01799,2026-06-18 04:47:04+00:00,NETWORK,NORMAL,0,
NET-01636,2026-06-18 04:53:58+00:00,NETWORK,NORMAL,0,
NET-02105,2026-06-18 04:55:33+00:00,NETWORK,NORMAL,0,
EDR-00950,2026-06-18 04:55:53+00:00,ENDPOINT,NORMAL,0,
EDR-00223,2026-06-18 04:58:55+00:00,ENDPOINT,NORMAL,0,
CARGO-01018,2026-06-18 04:59:09+00:00,CARGO,NORMAL,0,
CARGO-00692,2026-06-18 04:59:27+00:00,CARGO,NORMAL,0,
VPN-01454,2026-06-18 05:03:39+00:00,VPN_IAM,NORMAL,0,
NET-01765,2026-06-18 05:07:27+00:00,NETWORK,NORMAL,0,
NET-02069,2026-06-18 05:09:47+00:00,NETWORK,NORMAL,0,
VPN-01255,2026-06-18 05:09:58+00:00,VPN_IAM,NORMAL,0,
NET-00398,2026-06-18 05:11:04+00:00,NETWORK,NORMAL,0,
VPN-01277,2026-06-18 05:13:03+00:00,VPN_IAM,NORMAL,0,
OT-01892,2026-06-18 05:14:35+00:00,OT_SCADA,NORMAL,0,
NET-02025,2026-06-18 05:28:26+00:00,NETWORK,NORMAL,0,
PHY-00817,2026-06-18 05:35:33+00:00,PHYSICAL,NORMAL,0,
CARGO-00807,2026-06-18 05:40:35+00:00,CARGO,NORMAL,0,
OT-00607,2026-06-18 05:46:04+00:00,OT_SCADA,NORMAL,0,
NOTE-00282,2026-06-18 05:46:50+00:00,TEXT,NORMAL,0,
EDR-00300,2026-06-18 05:58:10+00:00,ENDPOINT,NORMAL,0,
CARGO-00265,2026-06-18 05:58:14+00:00,CARGO,NORMAL,0,
VPN-01204,2026-06-18 06:05:45+00:00,VPN_IAM,NORMAL,0,
VPN-00623,2026-06-18 06:05:47+00:00,VPN_IAM,NORMAL,0,
CARGO-00324,2026-06-18 06:07:43+00:00,CARGO,NORMAL,0,
VPN-00976,2026-06-18 06:11:32+00:00,VPN_IAM,NORMAL,0,
OT-00650,2026-06-18 06:12:58+00:00,OT_SCADA,NORMAL,0,
PHY-00061,2026-06-18 06:15:14+00:00,PHYSICAL,NORMAL,0,
VPN-01248,2026-06-18 06:18:27+00:00,VPN_IAM,NORMAL,0,
VPN-00681,2026-06-18 06:19:21+00:00,VPN_IAM,NORMAL,0,
CARGO-01141,2026-06-18 06:24:36+00:00,CARGO,NORMAL,0,
OT-00922,2026-06-18 06:29:33+00:00,OT_SCADA,NORMAL,0,
NET-01586,2026-06-18 06:35:36+00:00,NETWORK,NORMAL,0,
VPN-00729,2026-06-18 06:40:19+00:00,VPN_IAM,NORMAL,0,
NOTE-00171,2026-06-18 06:42:53+00:00,TEXT,NORMAL,0,
CARGO-00092,2026-06-18 06:45:54+00:00,CARGO,NORMAL,0,
NET-00575,2026-06-18 06:51:21+00:00,NETWORK,NORMAL,0,
CARGO-00245,2026-06-18 06:56:19+00:00,CARGO,NORMAL,0,
PHY-00341,2026-06-18 06:57:48+00:00,PHYSICAL,NORMAL,0,
EDR-00526,2026-06-18 06:58:45+00:00,ENDPOINT,NORMAL,0,
VPN-00675,2026-06-18 07:02:21+00:00,VPN_IAM,NORMAL,0,
VPN-01200,2026-06-18 07:07:53+00:00,VPN_IAM,NORMAL,0,
NET-01567,2026-06-18 07:12:34+00:00,NETWORK,NORMAL,0,
VPN-00885,2026-06-18 07:16:31+00:00,VPN_IAM,NORMAL,0,
VPN-00401,2026-06-18 07:29:55+00:00,VPN_IAM,NORMAL,0,
VPN-01507,2026-06-18 07:30:21+00:00,VPN_IAM,NORMAL,0,
CARGO-00911,2026-06-18 07:31:26+00:00,CARGO,NORMAL,0,
CARGO-01019,2026-06-18 07:40:40+00:00,CARGO,NORMAL,0,
EDR-00557,2026-06-18 07:42:44+00:00,ENDPOINT,NORMAL,0,
NET-02103,2026-06-18 07:46:17+00:00,NETWORK,NORMAL,0,
VPN-01487,2026-06-18 07:48:38+00:00,VPN_IAM,NORMAL,0,
PHY-00620,2026-06-18 07:56:10+00:00,PHYSICAL,NORMAL,0,
EDR-01187,2026-06-18 08:07:56+00:00,ENDPOINT,NORMAL,0,
CARGO-00220,2026-06-18 08:12:30+00:00,CARGO,NORMAL,0,
VPN-01464,2026-06-18 08:12:53+00:00,VPN_IAM,NORMAL,0,
EDR-00229,2026-06-18 08:26:11+00:00,ENDPOINT,NORMAL,0,
NET-02108,2026-06-18 08:29:47+00:00,NETWORK,NORMAL,0,
EDR-01143,2026-06-18 08:36:45+00:00,ENDPOINT,NORMAL,0,
PHY-00684,2026-06-18 08:38:10+00:00,PHYSICAL,NORMAL,0,
PHY-00295,2026-06-18 08:38:20+00:00,PHYSICAL,NORMAL,0,
NET-02085,2026-06-18 08:40:11+00:00,NETWORK,NORMAL,0,
VPN-00340,2026-06-18 08:40:52+00:00,VPN_IAM,NORMAL,0,
NET-00106,2026-06-18 08:51:17+00:00,NETWORK,NORMAL,0,
VPN-00618,2026-06-18 08:51:53+00:00,VPN_IAM,NORMAL,0,
CARGO-00338,2026-06-18 08:56:39+00:00,CARGO,NORMAL,0,
PHY-00333,2026-06-18 09:01:18+00:00,PHYSICAL,SUSPICIOUS,1,
OT-00023,2026-06-18 09:11:04+00:00,OT_SCADA,NORMAL,0,
VPN-01456,2026-06-18 09:12:15+00:00,VPN_IAM,NORMAL,0,
NET-01021,2026-06-18 09:16:37+00:00,NETWORK,NORMAL,0,
OT-00884,2026-06-18 09:18:02+00:00,OT_SCADA,NORMAL,0,
NOTE-00197,2026-06-18 09:18:08+00:00,TEXT,NORMAL,0,
NET-00477,2026-06-18 09:18:46+00:00,NETWORK,NORMAL,0,
NET-00206,2026-06-18 09:20:33+00:00,NETWORK,NORMAL,0,
CARGO-00359,2026-06-18 09:22:31+00:00,CARGO,NORMAL,0,
OT-01267,2026-06-18 09:37:28+00:00,OT_SCADA,NORMAL,0,
PHY-00752,2026-06-18 09:39:33+00:00,PHYSICAL,NORMAL,0,
NET-00803,2026-06-18 09:54:06+00:00,NETWORK,NORMAL,0,
PHY-00215,2026-06-18 09:55:49+00:00,PHYSICAL,NORMAL,0,
VPN-00676,2026-06-18 10:02:18+00:00,VPN_IAM,NORMAL,0,
NET-00992,2026-06-18 10:02:27+00:00,NETWORK,NORMAL,0,
VPN-00147,2026-06-18 10:08:55+00:00,VPN_IAM,NORMAL,0,
VPN-01135,2026-06-18 10:09:46+00:00,VPN_IAM,NORMAL,0,
NOTE-00108,2026-06-18 10:28:29+00:00,TEXT,NORMAL,0,
NET-00957,2026-06-18 10:33:50+00:00,NETWORK,NORMAL,0,
NET-01337,2026-06-18 10:35:56+00:00,NETWORK,NORMAL,0,
VPN-00606,2026-06-18 10:37:21+00:00,VPN_IAM,NORMAL,0,
NET-01654,2026-06-18 10:38:03+00:00,NETWORK,NORMAL,0,
PHY-00023,2026-06-18 10:44:13+00:00,PHYSICAL,NORMAL,0,
EDR-00359,2026-06-18 10:44:22+00:00,ENDPOINT,NORMAL,0,
CARGO-00618,2026-06-18 10:45:24+00:00,CARGO,NORMAL,0,
EDR-01060,2026-06-18 10:47:03+00:00,ENDPOINT,NORMAL,0,
VPN-00790,2026-06-18 10:49:51+00:00,VPN_IAM,NORMAL,0,
EDR-00748,2026-06-18 10:50:18+00:00,ENDPOINT,NORMAL,0,
CARGO-00335,2026-06-18 10:54:49+00:00,CARGO,NORMAL,0,
OT-01434,2026-06-18 10:56:38+00:00,OT_SCADA,NORMAL,0,
EDR-00817,2026-06-18 11:05:35+00:00,ENDPOINT,NORMAL,0,
CARGO-00382,2026-06-18 11:06:32+00:00,CARGO,SUSPICIOUS,1,
NET-00759,2026-06-18 11:16:37+00:00,NETWORK,NORMAL,0,
CARGO-00211,2026-06-18 11:24:10+00:00,CARGO,NORMAL,0,
PHY-00842,2026-06-18 11:59:56+00:00,PHYSICAL,NORMAL,0,
OT-01351,2026-06-18 12:01:26+00:00,OT_SCADA,NORMAL,0,
VPN-00245,2026-06-18 12:05:08+00:00,VPN_IAM,NORMAL,0,
OT-01224,2026-06-18 12:07:45+00:00,OT_SCADA,NORMAL,0,
NOTE-00103,2026-06-18 12:08:01+00:00,TEXT,NORMAL,0,
OT-00229,2026-06-18 12:11:51+00:00,OT_SCADA,NORMAL,0,
OT-00938,2026-06-18 12:18:00+00:00,OT_SCADA,SUSPICIOUS,1,
PHY-00714,2026-06-18 12:21:57+00:00,PHYSICAL,NORMAL,0,
PHY-00700,2026-06-18 12:33:31+00:00,PHYSICAL,NORMAL,0,
PHY-00227,2026-06-18 12:38:02+00:00,PHYSICAL,NORMAL,0,
VPN-00056,2026-06-18 12:41:15+00:00,VPN_IAM,NORMAL,0,
OT-01760,2026-06-18 12:43:21+00:00,OT_SCADA,NORMAL,0,
CARGO-00141,2026-06-18 12:50:13+00:00,CARGO,NORMAL,0,
EDR-00807,2026-06-18 12:51:48+00:00,ENDPOINT,NORMAL,0,
CARGO-00191,2026-06-18 12:53:47+00:00,CARGO,NORMAL,0,
NET-00322,2026-06-18 13:07:42+00:00,NETWORK,NORMAL,0,
PHY-00644,2026-06-18 13:08:30+00:00,PHYSICAL,NORMAL,0,
NET-01454,2026-06-18 13:09:02+00:00,NETWORK,NORMAL,0,
PHY-00759,2026-06-18 13:13:45+00:00,PHYSICAL,NORMAL,0,
NET-01659,2026-06-18 13:14:59+00:00,NETWORK,NORMAL,0,
NET-00266,2026-06-18 13:18:41+00:00,NETWORK,NORMAL,0,
VPN-01744,2026-06-18 13:19:33+00:00,VPN_IAM,NORMAL,0,
EDR-00648,2026-06-18 13:20:50+00:00,ENDPOINT,NORMAL,0,
EDR-00405,2026-06-18 13:20:56+00:00,ENDPOINT,NORMAL,0,
NET-01963,2026-06-18 13:21:05+00:00,NETWORK,NORMAL,0,
NOTE-00247,2026-06-18 13:27:24+00:00,TEXT,NORMAL,0,
VPN-00142,2026-06-18 13:35:08+00:00,VPN_IAM,NORMAL,0,
EDR-00645,2026-06-18 13:36:04+00:00,ENDPOINT,NORMAL,0,
OT-01409,2026-06-18 13:36:12+00:00,OT_SCADA,NORMAL,0,
NET-00162,2026-06-18 13:48:23+00:00,NETWORK,NORMAL,0,
VPN-01789,2026-06-18 13:54:11+00:00,VPN_IAM,NORMAL,0,
PHY-00747,2026-06-18 13:55:38+00:00,PHYSICAL,NORMAL,0,
VPN-00161,2026-06-18 14:00:53+00:00,VPN_IAM,NORMAL,0,
EDR-00190,2026-06-18 14:06:13+00:00,ENDPOINT,NORMAL,0,
OT-01179,2026-06-18 14:09:52+00:00,OT_SCADA,NORMAL,0,
CARGO-00238,2026-06-18 14:13:36+00:00,CARGO,NORMAL,0,
NET-00891,2026-06-18 14:24:02+00:00,NETWORK,NORMAL,0,
VPN-00330,2026-06-18 14:28:30+00:00,VPN_IAM,NORMAL,0,
NET-00611,2026-06-18 14:28:58+00:00,NETWORK,NORMAL,0,
NET-00111,2026-06-18 14:32:16+00:00,NETWORK,NORMAL,0,
EDR-00930,2026-06-18 14:34:04+00:00,ENDPOINT,NORMAL,0,
EDR-00573,2026-06-18 14:35:55+00:00,ENDPOINT,NORMAL,0,
OT-00005,2026-06-18 14:44:43+00:00,OT_SCADA,NORMAL,0,
NET-01924,2026-06-18 14:48:45+00:00,NETWORK,NORMAL,0,
OT-01717,2026-06-18 14:50:24+00:00,OT_SCADA,NORMAL,0,
NET-00602,2026-06-18 14:52:51+00:00,NETWORK,NORMAL,0,
NET-01841,2026-06-18 14:55:31+00:00,NETWORK,NORMAL,0,
VPN-00444,2026-06-18 14:56:03+00:00,VPN_IAM,NORMAL,0,
EDR-00681,2026-06-18 15:07:26+00:00,ENDPOINT,NORMAL,0,
NET-01335,2026-06-18 15:16:02+00:00,NETWORK,NORMAL,0,
VPN-01182,2026-06-18 15:21:17+00:00,VPN_IAM,NORMAL,0,
OT-00835,2026-06-18 15:28:27+00:00,OT_SCADA,NORMAL,0,
OT-01971,2026-06-18 15:36:39+00:00,OT_SCADA,NORMAL,0,
EDR-00716,2026-06-18 15:40:46+00:00,ENDPOINT,NORMAL,0,
OT-00811,2026-06-18 15:42:07+00:00,OT_SCADA,NORMAL,0,
EDR-00743,2026-06-18 15:44:53+00:00,ENDPOINT,NORMAL,0,
PHY-00495,2026-06-18 15:51:11+00:00,PHYSICAL,NORMAL,0,
NET-00310,2026-06-18 16:00:37+00:00,NETWORK,NORMAL,0,
VPN-00988,2026-06-18 16:05:33+00:00,VPN_IAM,NORMAL,0,
VPN-01460,2026-06-18 16:09:46+00:00,VPN_IAM,NORMAL,0,
CARGO-00205,2026-06-18 16:11:10+00:00,CARGO,NORMAL,0,
PHY-00582,2026-06-18 16:12:37+00:00,PHYSICAL,NORMAL,0,
NET-01102,2026-06-18 16:19:47+00:00,NETWORK,NORMAL,0,
EDR-00862,2026-06-18 16:20:55+00:00,ENDPOINT,NORMAL,0,
CARGO-01070,2026-06-18 16:29:40+00:00,CARGO,NORMAL,0,
VPN-01070,2026-06-18 16:56:48+00:00,VPN_IAM,NORMAL,0,
OT-00544,2026-06-18 17:02:10+00:00,OT_SCADA,NORMAL,0,
PHY-00181,2026-06-18 17:03:57+00:00,PHYSICAL,NORMAL,0,
NET-00718,2026-06-18 17:08:18+00:00,NETWORK,NORMAL,0,
EDR-00690,2026-06-18 17:10:56+00:00,ENDPOINT,NORMAL,0,
PHY-00591,2026-06-18 17:24:46+00:00,PHYSICAL,NORMAL,0,
PHY-00789,2026-06-18 17:25:14+00:00,PHYSICAL,NORMAL,0,
EDR-00455,2026-06-18 17:31:18+00:00,ENDPOINT,NORMAL,0,
NET-01591,2026-06-18 17:32:09+00:00,NETWORK,NORMAL,0,
NET-00446,2026-06-18 17:34:40+00:00,NETWORK,NORMAL,0,
EDR-00855,2026-06-18 17:39:10+00:00,ENDPOINT,NORMAL,0,
OT-01471,2026-06-18 17:39:16+00:00,OT_SCADA,NORMAL,0,
VPN-01690,2026-06-18 17:39:20+00:00,VPN_IAM,NORMAL,0,
PHY-00436,2026-06-18 17:51:45+00:00,PHYSICAL,NORMAL,0,
NET-01556,2026-06-18 17:54:39+00:00,NETWORK,SUSPICIOUS,1,
NET-01304,2026-06-18 17:59:07+00:00,NETWORK,NORMAL,0,
NET-00403,2026-06-18 18:00:29+00:00,NETWORK,NORMAL,0,
NET-02072,2026-06-18 18:07:15+00:00,NETWORK,NORMAL,0,
OT-00953,2026-06-18 18:14:59+00:00,OT_SCADA,NORMAL,0,
PHY-00566,2026-06-18 18:24:43+00:00,PHYSICAL,NORMAL,0,
PHY-00234,2026-06-18 18:28:22+00:00,PHYSICAL,NORMAL,0,
NET-01033,2026-06-18 18:31:11+00:00,NETWORK,NORMAL,0,
VPN-01382,2026-06-18 18:31:21+00:00,VPN_IAM,NORMAL,0,
EDR-00571,2026-06-18 18:35:30+00:00,ENDPOINT,NORMAL,0,
NET-00984,2026-06-18 18:39:42+00:00,NETWORK,NORMAL,0,
OT-00987,2026-06-18 18:40:59+00:00,OT_SCADA,NORMAL,0,
OT-01656,2026-06-18 18:42:32+00:00,OT_SCADA,NORMAL,0,
EDR-00236,2026-06-18 18:43:56+00:00,ENDPOINT,NORMAL,0,
PHY-00703,2026-06-18 18:46:18+00:00,PHYSICAL,SUSPICIOUS,1,
VPN-00554,2026-06-18 18:50:20+00:00,VPN_IAM,NORMAL,0,
NET-01473,2026-06-18 18:51:15+00:00,NETWORK,NORMAL,0,
EDR-00603,2026-06-18 18:51:54+00:00,ENDPOINT,NORMAL,0,
NET-00563,2026-06-18 18:52:09+00:00,NETWORK,NORMAL,0,
OT-00556,2026-06-18 18:55:22+00:00,OT_SCADA,NORMAL,0,
NET-00672,2026-06-18 19:03:08+00:00,NETWORK,NORMAL,0,
OT-00135,2026-06-18 19:09:14+00:00,OT_SCADA,NORMAL,0,
EDR-00920,2026-06-18 19:10:00+00:00,ENDPOINT,NORMAL,0,
CARGO-00515,2026-06-18 19:11:08+00:00,CARGO,NORMAL,0,
OT-01371,2026-06-18 19:24:33+00:00,OT_SCADA,NORMAL,0,
PHY-00875,2026-06-18 19:30:15+00:00,PHYSICAL,NORMAL,0,
PHY-00481,2026-06-18 19:31:22+00:00,PHYSICAL,NORMAL,0,
NET-01190,2026-06-18 19:38:30+00:00,NETWORK,NORMAL,0,
CARGO-00813,2026-06-18 19:43:29+00:00,CARGO,NORMAL,0,
NET-01211,2026-06-18 19:50:36+00:00,NETWORK,SUSPICIOUS,1,
OT-01698,2026-06-18 20:02:19+00:00,OT_SCADA,SUSPICIOUS,1,
OT-00145,2026-06-18 20:03:03+00:00,OT_SCADA,NORMAL,0,
OT-00303,2026-06-18 20:07:57+00:00,OT_SCADA,NORMAL,0,
NET-00678,2026-06-18 20:11:16+00:00,NETWORK,NORMAL,0,
VPN-01268,2026-06-18 20:13:44+00:00,VPN_IAM,NORMAL,0,
CARGO-00822,2026-06-18 20:14:23+00:00,CARGO,NORMAL,0,
OT-00324,2026-06-18 20:14:49+00:00,OT_SCADA,NORMAL,0,
NET-01800,2026-06-18 20:18:50+00:00,NETWORK,NORMAL,0,
OT-01829,2026-06-18 20:27:48+00:00,OT_SCADA,NORMAL,0,
EDR-01111,2026-06-18 20:28:23+00:00,ENDPOINT,NORMAL,0,
NET-00444,2026-06-18 20:39:19+00:00,NETWORK,NORMAL,0,
NET-00590,2026-06-18 20:40:44+00:00,NETWORK,NORMAL,0,
EDR-00686,2026-06-18 20:42:53+00:00,ENDPOINT,NORMAL,0,
CARGO-01050,2026-06-18 20:49:15+00:00,CARGO,NORMAL,0,
NET-01242,2026-06-18 20:59:24+00:00,NETWORK,NORMAL,0,
EDR-00167,2026-06-18 21:12:22+00:00,ENDPOINT,NORMAL,0,
VPN-00011,2026-06-18 21:18:39+00:00,VPN_IAM,NORMAL,0,
NOTE-00241,2026-06-18 21:21:23+00:00,TEXT,SUSPICIOUS,1,
NET-00865,2026-06-18 21:22:12+00:00,NETWORK,NORMAL,0,
EDR-00437,2026-06-18 21:25:52+00:00,ENDPOINT,NORMAL,0,
EDR-00128,2026-06-18 21:30:07+00:00,ENDPOINT,NORMAL,0,
OT-00507,2026-06-18 21:32:53+00:00,OT_SCADA,NORMAL,0,
PHY-00105,2026-06-18 21:33:20+00:00,PHYSICAL,NORMAL,0,
NET-00550,2026-06-18 21:38:30+00:00,NETWORK,SUSPICIOUS,1,
PHY-00030,2026-06-18 21:42:05+00:00,PHYSICAL,NORMAL,0,
OT-00995,2026-06-18 21:42:09+00:00,OT_SCADA,NORMAL,0,
EDR-01078,2026-06-18 21:44:43+00:00,ENDPOINT,SUSPICIOUS,1,
OT-01095,2026-06-18 21:45:52+00:00,OT_SCADA,NORMAL,0,
NET-00703,2026-06-18 21:47:03+00:00,NETWORK,NORMAL,0,
VPN-00717,2026-06-18 21:47:14+00:00,VPN_IAM,SUSPICIOUS,1,
CARGO-00377,2026-06-18 21:51:22+00:00,CARGO,NORMAL,0,
NET-01713,2026-06-18 21:51:44+00:00,NETWORK,NORMAL,0,
NET-01664,2026-06-18 21:58:32+00:00,NETWORK,NORMAL,0,
OT-00799,2026-06-18 22:01:13+00:00,OT_SCADA,NORMAL,0,
NET-00373,2026-06-18 22:10:21+00:00,NETWORK,NORMAL,0,
VPN-01727,2026-06-18 22:26:14+00:00,VPN_IAM,NORMAL,0,
VPN-01411,2026-06-18 22:26:47+00:00,VPN_IAM,SUSPICIOUS,1,
VPN-01746,2026-06-18 22:26:50+00:00,VPN_IAM,NORMAL,0,
CARGO-00244,2026-06-18 22:28:32+00:00,CARGO,NORMAL,0,
VPN-00929,2026-06-18 22:32:01+00:00,VPN_IAM,NORMAL,0,
PHY-00655,2026-06-18 22:36:50+00:00,PHYSICAL,NORMAL,0,
OT-01526,2026-06-18 22:44:25+00:00,OT_SCADA,NORMAL,0,
CARGO-00626,2026-06-18 22:56:51+00:00,CARGO,NORMAL,0,
NOTE-00156,2026-06-18 22:58:57+00:00,TEXT,NORMAL,0,
NET-00058,2026-06-18 23:00:28+00:00,NETWORK,NORMAL,0,
VPN-00137,2026-06-18 23:05:00+00:00,VPN_IAM,SUSPICIOUS,1,INC-T21-003
OT-01454,2026-06-18 23:05:52+00:00,OT_SCADA,SUSPICIOUS,1,INC-T21-003
EDR-00512,2026-06-18 23:07:00+00:00,ENDPOINT,SUSPICIOUS,1,INC-T21-003
OT-01410,2026-06-18 23:08:44+00:00,OT_SCADA,NORMAL,0,
OT-00701,2026-06-18 23:08:55+00:00,OT_SCADA,SUSPICIOUS,1,INC-T21-003
VPN-00254,2026-06-18 23:09:00+00:00,VPN_IAM,SUSPICIOUS,1,INC-T21-003
VPN-01049,2026-06-18 23:09:00+00:00,VPN_IAM,SUSPICIOUS,1,INC-T21-003
EDR-00873,2026-06-18 23:09:00+00:00,ENDPOINT,SUSPICIOUS,1,INC-T21-003
NET-02068,2026-06-18 23:10:00+00:00,NETWORK,SUSPICIOUS,1,INC-T21-003
VPN-01361,2026-06-18 23:10:00+00:00,VPN_IAM,SUSPICIOUS,1,INC-T21-003
OT-01100,2026-06-18 23:10:38+00:00,OT_SCADA,SUSPICIOUS,1,INC-T21-003
NET-01971,2026-06-18 23:10:38+00:00,NETWORK,NORMAL,0,
VPN-00653,2026-06-18 23:11:00+00:00,VPN_IAM,SUSPICIOUS,1,INC-T21-003
OT-INC-003-01,2026-06-18 23:11:00+00:00,OT_SCADA,INCIDENT,1,INC-T21-003
NET-01382,2026-06-18 23:11:00+00:00,NETWORK,SUSPICIOUS,1,INC-T21-003
EDR-00283,2026-06-18 23:12:00+00:00,ENDPOINT,SUSPICIOUS,1,INC-T21-003
OT-INC-003-02,2026-06-18 23:12:00+00:00,OT_SCADA,INCIDENT,1,INC-T21-003
PHY-00245,2026-06-18 23:12:39+00:00,PHYSICAL,NORMAL,0,
OT-INC-003-03,2026-06-18 23:13:00+00:00,OT_SCADA,INCIDENT,1,INC-T21-003
EDR-00498,2026-06-18 23:13:00+00:00,ENDPOINT,SUSPICIOUS,1,INC-T21-003
NET-02082,2026-06-18 23:14:00+00:00,NETWORK,SUSPICIOUS,1,INC-T21-003
OT-INC-003-04,2026-06-18 23:14:00+00:00,OT_SCADA,INCIDENT,1,INC-T21-003
PHY-INC-003,2026-06-18 23:14:00+00:00,PHYSICAL,INCIDENT,1,INC-T21-003
EDR-00528,2026-06-18 23:15:00+00:00,ENDPOINT,SUSPICIOUS,1,INC-T21-003
VPN-00369,2026-06-18 23:15:36+00:00,VPN_IAM,SUSPICIOUS,1,
CARGO-INC-003,2026-06-18 23:16:00+00:00,CARGO,INCIDENT,1,INC-T21-003
NET-00049,2026-06-18 23:16:00+00:00,NETWORK,SUSPICIOUS,1,INC-T21-003
NET-01601,2026-06-18 23:17:00+00:00,NETWORK,SUSPICIOUS,1,INC-T21-003
NOTE-INC-003,2026-06-18 23:18:00+00:00,TEXT,INCIDENT,1,INC-T21-003
VPN-00581,2026-06-18 23:18:57+00:00,VPN_IAM,NORMAL,0,
NET-02117,2026-06-18 23:20:00+00:00,NETWORK,SUSPICIOUS,1,INC-T21-003
NET-00528,2026-06-18 23:20:00+00:00,NETWORK,SUSPICIOUS,1,INC-T21-003
OT-01960,2026-06-18 23:20:40+00:00,OT_SCADA,SUSPICIOUS,1,INC-T21-003
NET-00497,2026-06-18 23:22:00+00:00,NETWORK,SUSPICIOUS,1,INC-T21-003
NOTE-00113,2026-06-18 23:33:56+00:00,TEXT,NORMAL,0,
PHY-00425,2026-06-18 23:36:14+00:00,PHYSICAL,NORMAL,0,
OT-01878,2026-06-18 23:36:19+00:00,OT_SCADA,NORMAL,0,
VPN-01452,2026-06-18 23:41:54+00:00,VPN_IAM,NORMAL,0,
NET-00416,2026-06-18 23:45:50+00:00,NETWORK,NORMAL,0,
OT-01312,2026-06-18 23:55:25+00:00,OT_SCADA,NORMAL,0,
NET-00519,2026-06-18 23:56:26+00:00,NETWORK,NORMAL,0,
OT-01569,2026-06-19 00:03:48+00:00,OT_SCADA,NORMAL,0,
PHY-00722,2026-06-19 00:04:44+00:00,PHYSICAL,NORMAL,0,
VPN-01784,2026-06-19 00:06:20+00:00,VPN_IAM,NORMAL,0,
NET-02012,2026-06-19 00:13:22+00:00,NETWORK,NORMAL,0,
PHY-00744,2026-06-19 00:16:48+00:00,PHYSICAL,NORMAL,0,
OT-00866,2026-06-19 00:17:45+00:00,OT_SCADA,NORMAL,0,
EDR-00183,2026-06-19 00:18:05+00:00,ENDPOINT,NORMAL,0,
EDR-00089,2026-06-19 00:20:49+00:00,ENDPOINT,NORMAL,0,
VPN-01570,2026-06-19 00:24:29+00:00,VPN_IAM,NORMAL,0,
OT-01439,2026-06-19 00:28:19+00:00,OT_SCADA,NORMAL,0,
VPN-01596,2026-06-19 00:30:29+00:00,VPN_IAM,NORMAL,0,
VPN-01716,2026-06-19 00:40:38+00:00,VPN_IAM,NORMAL,0,
NET-01557,2026-06-19 00:46:56+00:00,NETWORK,NORMAL,0,
PHY-00705,2026-06-19 00:52:16+00:00,PHYSICAL,SUSPICIOUS,1,
PHY-00076,2026-06-19 00:55:20+00:00,PHYSICAL,NORMAL,0,
PHY-00167,2026-06-19 00:56:30+00:00,PHYSICAL,NORMAL,0,
VPN-00211,2026-06-19 01:05:14+00:00,VPN_IAM,NORMAL,0,
VPN-00933,2026-06-19 01:07:08+00:00,VPN_IAM,NORMAL,0,
OT-00559,2026-06-19 01:11:32+00:00,OT_SCADA,NORMAL,0,
CARGO-01081,2026-06-19 01:14:50+00:00,CARGO,NORMAL,0,
EDR-00295,2026-06-19 01:32:54+00:00,ENDPOINT,NORMAL,0,
PHY-00851,2026-06-19 01:45:55+00:00,PHYSICAL,NORMAL,0,
PHY-00527,2026-06-19 01:48:13+00:00,PHYSICAL,NORMAL,0,
OT-00088,2026-06-19 01:50:03+00:00,OT_SCADA,NORMAL,0,
VPN-00876,2026-06-19 01:50:30+00:00,VPN_IAM,NORMAL,0,
VPN-01493,2026-06-19 02:14:50+00:00,VPN_IAM,NORMAL,0,
VPN-01383,2026-06-19 02:18:19+00:00,VPN_IAM,NORMAL,0,
OT-00396,2026-06-19 02:20:47+00:00,OT_SCADA,NORMAL,0,
PHY-00634,2026-06-19 02:21:41+00:00,PHYSICAL,NORMAL,0,
VPN-01491,2026-06-19 02:27:31+00:00,VPN_IAM,NORMAL,0,
VPN-01608,2026-06-19 02:28:38+00:00,VPN_IAM,NORMAL,0,
OT-01816,2026-06-19 02:36:32+00:00,OT_SCADA,NORMAL,0,
PHY-00016,2026-06-19 02:43:50+00:00,PHYSICAL,NORMAL,0,
NET-00540,2026-06-19 02:48:08+00:00,NETWORK,NORMAL,0,
VPN-01052,2026-06-19 02:54:44+00:00,VPN_IAM,NORMAL,0,
VPN-01580,2026-06-19 02:58:35+00:00,VPN_IAM,NORMAL,0,
CARGO-00440,2026-06-19 03:00:44+00:00,CARGO,NORMAL,0,
VPN-01555,2026-06-19 03:08:49+00:00,VPN_IAM,NORMAL,0,
OT-01875,2026-06-19 03:10:00+00:00,OT_SCADA,NORMAL,0,
OT-01222,2026-06-19 03:20:05+00:00,OT_SCADA,NORMAL,0,
VPN-01562,2026-06-19 03:22:26+00:00,VPN_IAM,NORMAL,0,
OT-01835,2026-06-19 03:23:14+00:00,OT_SCADA,NORMAL,0,
OT-01973,2026-06-19 03:26:34+00:00,OT_SCADA,NORMAL,0,
VPN-00736,2026-06-19 03:36:12+00:00,VPN_IAM,NORMAL,0,
OT-00059,2026-06-19 03:36:27+00:00,OT_SCADA,NORMAL,0,
VPN-01259,2026-06-19 03:50:27+00:00,VPN_IAM,NORMAL,0,
NET-00784,2026-06-19 03:56:34+00:00,NETWORK,NORMAL,0,
VPN-01710,2026-06-19 04:00:52+00:00,VPN_IAM,NORMAL,0,
PHY-00971,2026-06-19 04:03:17+00:00,PHYSICAL,NORMAL,0,
EDR-00472,2026-06-19 04:07:08+00:00,ENDPOINT,NORMAL,0,
VPN-00902,2026-06-19 04:07:45+00:00,VPN_IAM,SUSPICIOUS,1,
NET-01285,2026-06-19 04:12:32+00:00,NETWORK,NORMAL,0,
OT-00156,2026-06-19 04:22:23+00:00,OT_SCADA,NORMAL,0,
NET-02046,2026-06-19 04:27:46+00:00,NETWORK,NORMAL,0,
OT-01457,2026-06-19 04:32:07+00:00,OT_SCADA,NORMAL,0,
NET-01951,2026-06-19 04:36:37+00:00,NETWORK,NORMAL,0,
OT-00766,2026-06-19 04:44:35+00:00,OT_SCADA,NORMAL,0,
NET-01537,2026-06-19 04:46:29+00:00,NETWORK,NORMAL,0,
CARGO-00259,2026-06-19 04:51:25+00:00,CARGO,NORMAL,0,
NET-02171,2026-06-19 04:55:09+00:00,NETWORK,NORMAL,0,
VPN-00054,2026-06-19 04:55:59+00:00,VPN_IAM,NORMAL,0,
NET-00216,2026-06-19 04:57:09+00:00,NETWORK,NORMAL,0,
EDR-00448,2026-06-19 05:04:40+00:00,ENDPOINT,NORMAL,0,
PHY-00440,2026-06-19 05:05:03+00:00,PHYSICAL,NORMAL,0,
CARGO-00965,2026-06-19 05:05:28+00:00,CARGO,NORMAL,0,
OT-01654,2026-06-19 05:08:37+00:00,OT_SCADA,NORMAL,0,
CARGO-00821,2026-06-19 05:11:14+00:00,CARGO,NORMAL,0,
VPN-00000,2026-06-19 05:15:05+00:00,VPN_IAM,NORMAL,0,
PHY-00323,2026-06-19 05:25:26+00:00,PHYSICAL,NORMAL,0,
PHY-00047,2026-06-19 05:30:39+00:00,PHYSICAL,NORMAL,0,
CARGO-00007,2026-06-19 05:32:31+00:00,CARGO,NORMAL,0,
NET-00243,2026-06-19 05:33:01+00:00,NETWORK,NORMAL,0,
NET-02043,2026-06-19 05:35:06+00:00,NETWORK,NORMAL,0,
NET-02148,2026-06-19 05:35:07+00:00,NETWORK,NORMAL,0,
NET-01386,2026-06-19 05:40:53+00:00,NETWORK,NORMAL,0,
CARGO-00636,2026-06-19 05:42:22+00:00,CARGO,NORMAL,0,
OT-00300,2026-06-19 05:50:31+00:00,OT_SCADA,NORMAL,0,
NET-01132,2026-06-19 05:51:41+00:00,NETWORK,NORMAL,0,
NET-00406,2026-06-19 05:55:52+00:00,NETWORK,NORMAL,0,
NET-00183,2026-06-19 05:58:16+00:00,NETWORK,SUSPICIOUS,1,
EDR-00171,2026-06-19 06:02:40+00:00,ENDPOINT,NORMAL,0,
OT-00197,2026-06-19 06:09:12+00:00,OT_SCADA,NORMAL,0,
CARGO-00861,2026-06-19 06:16:18+00:00,CARGO,NORMAL,0,
CARGO-00479,2026-06-19 06:17:41+00:00,CARGO,NORMAL,0,
OT-01912,2026-06-19 06:21:43+00:00,OT_SCADA,NORMAL,0,
NET-01769,2026-06-19 06:24:41+00:00,NETWORK,NORMAL,0,
VPN-01479,2026-06-19 06:25:07+00:00,VPN_IAM,NORMAL,0,
OT-00062,2026-06-19 06:33:09+00:00,OT_SCADA,NORMAL,0,
CARGO-01013,2026-06-19 06:33:55+00:00,CARGO,NORMAL,0,
CARGO-00706,2026-06-19 06:45:53+00:00,CARGO,NORMAL,0,
OT-00856,2026-06-19 06:47:02+00:00,OT_SCADA,NORMAL,0,
NET-01821,2026-06-19 06:47:17+00:00,NETWORK,NORMAL,0,
PHY-00577,2026-06-19 06:50:07+00:00,PHYSICAL,NORMAL,0,
VPN-01306,2026-06-19 06:58:51+00:00,VPN_IAM,NORMAL,0,
NET-00137,2026-06-19 07:01:00+00:00,NETWORK,NORMAL,0,
CARGO-00471,2026-06-19 07:02:05+00:00,CARGO,NORMAL,0,
CARGO-00379,2026-06-19 07:02:25+00:00,CARGO,NORMAL,0,
NET-00819,2026-06-19 07:08:42+00:00,NETWORK,NORMAL,0,
OT-00495,2026-06-19 07:15:09+00:00,OT_SCADA,NORMAL,0,
CARGO-00304,2026-06-19 07:27:20+00:00,CARGO,NORMAL,0,
EDR-00967,2026-06-19 07:38:13+00:00,ENDPOINT,SUSPICIOUS,1,
EDR-00547,2026-06-19 07:50:03+00:00,ENDPOINT,NORMAL,0,
EDR-00018,2026-06-19 07:56:00+00:00,ENDPOINT,SUSPICIOUS,1,
CARGO-00217,2026-06-19 07:59:07+00:00,CARGO,NORMAL,0,
VPN-00621,2026-06-19 08:05:20+00:00,VPN_IAM,NORMAL,0,
NET-00267,2026-06-19 08:06:39+00:00,NETWORK,NORMAL,0,
CARGO-00852,2026-06-19 08:06:46+00:00,CARGO,NORMAL,0,
NET-01873,2026-06-19 08:17:42+00:00,NETWORK,NORMAL,0,
CARGO-00417,2026-06-19 08:23:20+00:00,CARGO,NORMAL,0,
OT-01666,2026-06-19 08:27:20+00:00,OT_SCADA,NORMAL,0,
NET-00314,2026-06-19 08:36:30+00:00,NETWORK,NORMAL,0,
NET-00227,2026-06-19 08:37:33+00:00,NETWORK,NORMAL,0,
NET-00864,2026-06-19 08:38:53+00:00,NETWORK,NORMAL,0,
NOTE-00130,2026-06-19 08:38:58+00:00,TEXT,NORMAL,0,
OT-00264,2026-06-19 08:41:03+00:00,OT_SCADA,NORMAL,0,
NET-00380,2026-06-19 08:49:24+00:00,NETWORK,NORMAL,0,
NET-00737,2026-06-19 08:53:50+00:00,NETWORK,NORMAL,0,
NET-01181,2026-06-19 08:56:51+00:00,NETWORK,NORMAL,0,
EDR-00776,2026-06-19 09:07:52+00:00,ENDPOINT,NORMAL,0,
CARGO-00601,2026-06-19 09:09:45+00:00,CARGO,NORMAL,0,
CARGO-00340,2026-06-19 09:12:09+00:00,CARGO,NORMAL,0,
CARGO-00297,2026-06-19 09:16:39+00:00,CARGO,NORMAL,0,
NET-00095,2026-06-19 09:26:02+00:00,NETWORK,NORMAL,0,
CARGO-00266,2026-06-19 09:29:20+00:00,CARGO,NORMAL,0,
NET-00919,2026-06-19 09:51:58+00:00,NETWORK,NORMAL,0,
OT-01669,2026-06-19 09:52:30+00:00,OT_SCADA,NORMAL,0,
OT-01126,2026-06-19 09:56:46+00:00,OT_SCADA,NORMAL,0,
NET-00110,2026-06-19 09:58:21+00:00,NETWORK,NORMAL,0,
NET-00506,2026-06-19 09:59:12+00:00,NETWORK,NORMAL,0,
EDR-00931,2026-06-19 10:00:01+00:00,ENDPOINT,NORMAL,0,
EDR-00699,2026-06-19 10:00:56+00:00,ENDPOINT,NORMAL,0,
NET-01860,2026-06-19 10:04:24+00:00,NETWORK,NORMAL,0,
OT-00877,2026-06-19 10:06:24+00:00,OT_SCADA,NORMAL,0,
NOTE-00015,2026-06-19 10:07:49+00:00,TEXT,NORMAL,0,
NET-00931,2026-06-19 10:07:54+00:00,NETWORK,NORMAL,0,
OT-01739,2026-06-19 10:11:45+00:00,OT_SCADA,NORMAL,0,
VPN-01195,2026-06-19 10:18:07+00:00,VPN_IAM,NORMAL,0,
OT-00117,2026-06-19 10:26:36+00:00,OT_SCADA,NORMAL,0,
OT-01644,2026-06-19 10:28:33+00:00,OT_SCADA,NORMAL,0,
VPN-01509,2026-06-19 10:34:24+00:00,VPN_IAM,NORMAL,0,
NET-00551,2026-06-19 10:40:08+00:00,NETWORK,NORMAL,0,
NET-02112,2026-06-19 10:48:15+00:00,NETWORK,NORMAL,0,
VPN-00903,2026-06-19 10:57:59+00:00,VPN_IAM,NORMAL,0,
OT-00783,2026-06-19 11:02:03+00:00,OT_SCADA,NORMAL,0,
OT-01391,2026-06-19 11:16:28+00:00,OT_SCADA,NORMAL,0,
NET-00312,2026-06-19 11:22:39+00:00,NETWORK,NORMAL,0,
CARGO-00676,2026-06-19 11:31:25+00:00,CARGO,NORMAL,0,
VPN-00081,2026-06-19 11:34:06+00:00,VPN_IAM,NORMAL,0,
OT-01946,2026-06-19 11:37:58+00:00,OT_SCADA,NORMAL,0,
PHY-00020,2026-06-19 11:40:08+00:00,PHYSICAL,NORMAL,0,
EDR-00286,2026-06-19 11:42:41+00:00,ENDPOINT,NORMAL,0,
NET-01582,2026-06-19 11:46:35+00:00,NETWORK,NORMAL,0,
NOTE-00271,2026-06-19 11:52:13+00:00,TEXT,NORMAL,0,
CARGO-00328,2026-06-19 12:04:07+00:00,CARGO,NORMAL,0,
OT-01937,2026-06-19 12:06:47+00:00,OT_SCADA,NORMAL,0,
PHY-00911,2026-06-19 12:10:26+00:00,PHYSICAL,NORMAL,0,
VPN-01069,2026-06-19 12:17:06+00:00,VPN_IAM,NORMAL,0,
CARGO-00381,2026-06-19 12:24:39+00:00,CARGO,NORMAL,0,
OT-00983,2026-06-19 12:25:02+00:00,OT_SCADA,NORMAL,0,
OT-00226,2026-06-19 12:28:54+00:00,OT_SCADA,SUSPICIOUS,1,
CARGO-00594,2026-06-19 12:32:55+00:00,CARGO,NORMAL,0,
VPN-00683,2026-06-19 12:47:57+00:00,VPN_IAM,NORMAL,0,
OT-00743,2026-06-19 13:04:03+00:00,OT_SCADA,NORMAL,0,
VPN-00570,2026-06-19 13:07:05+00:00,VPN_IAM,NORMAL,0,
VPN-01051,2026-06-19 13:18:48+00:00,VPN_IAM,NORMAL,0,
PHY-00410,2026-06-19 13:23:52+00:00,PHYSICAL,NORMAL,0,
VPN-00400,2026-06-19 13:23:57+00:00,VPN_IAM,NORMAL,0,
EDR-00741,2026-06-19 13:26:55+00:00,ENDPOINT,NORMAL,0,
NET-01126,2026-06-19 13:32:52+00:00,NETWORK,NORMAL,0,
CARGO-00736,2026-06-19 13:34:04+00:00,CARGO,SUSPICIOUS,1,
NET-00359,2026-06-19 13:34:13+00:00,NETWORK,NORMAL,0,
VPN-00801,2026-06-19 13:37:01+00:00,VPN_IAM,NORMAL,0,
PHY-00032,2026-06-19 13:40:43+00:00,PHYSICAL,NORMAL,0,
CARGO-00876,2026-06-19 13:43:12+00:00,CARGO,NORMAL,0,
NET-01158,2026-06-19 13:44:59+00:00,NETWORK,NORMAL,0,
OT-01292,2026-06-19 13:56:03+00:00,OT_SCADA,NORMAL,0,
CARGO-01116,2026-06-19 13:59:45+00:00,CARGO,NORMAL,0,
OT-00050,2026-06-19 14:01:27+00:00,OT_SCADA,NORMAL,0,
NOTE-00058,2026-06-19 14:03:25+00:00,TEXT,NORMAL,0,
NET-00985,2026-06-19 14:03:59+00:00,NETWORK,NORMAL,0,
OT-00864,2026-06-19 14:08:28+00:00,OT_SCADA,NORMAL,0,
VPN-00073,2026-06-19 14:25:48+00:00,VPN_IAM,SUSPICIOUS,1,
VPN-01679,2026-06-19 14:28:06+00:00,VPN_IAM,NORMAL,0,
NET-01400,2026-06-19 14:28:57+00:00,NETWORK,NORMAL,0,
PHY-00112,2026-06-19 14:28:57+00:00,PHYSICAL,NORMAL,0,
NET-01234,2026-06-19 14:30:24+00:00,NETWORK,NORMAL,0,
OT-00318,2026-06-19 14:33:34+00:00,OT_SCADA,NORMAL,0,
VPN-00065,2026-06-19 14:37:55+00:00,VPN_IAM,NORMAL,0,
VPN-01406,2026-06-19 14:43:18+00:00,VPN_IAM,NORMAL,0,
OT-01721,2026-06-19 14:45:03+00:00,OT_SCADA,NORMAL,0,
VPN-00944,2026-06-19 14:46:52+00:00,VPN_IAM,NORMAL,0,
PHY-00384,2026-06-19 14:47:22+00:00,PHYSICAL,NORMAL,0,
OT-00873,2026-06-19 14:52:58+00:00,OT_SCADA,NORMAL,0,
VPN-00665,2026-06-19 14:56:40+00:00,VPN_IAM,NORMAL,0,
CARGO-00271,2026-06-19 14:59:33+00:00,CARGO,NORMAL,0,
EDR-00371,2026-06-19 15:08:15+00:00,ENDPOINT,NORMAL,0,
PHY-00430,2026-06-19 15:14:59+00:00,PHYSICAL,NORMAL,0,
OT-00136,2026-06-19 15:16:21+00:00,OT_SCADA,NORMAL,0,
EDR-00953,2026-06-19 15:18:04+00:00,ENDPOINT,NORMAL,0,
VPN-01343,2026-06-19 15:23:39+00:00,VPN_IAM,NORMAL,0,
EDR-01077,2026-06-19 15:36:36+00:00,ENDPOINT,NORMAL,0,
NET-01667,2026-06-19 15:39:22+00:00,NETWORK,NORMAL,0,
VPN-01703,2026-06-19 15:42:38+00:00,VPN_IAM,NORMAL,0,
VPN-00217,2026-06-19 15:44:05+00:00,VPN_IAM,NORMAL,0,
PHY-00103,2026-06-19 15:45:07+00:00,PHYSICAL,NORMAL,0,
CARGO-00648,2026-06-19 15:45:52+00:00,CARGO,NORMAL,0,
NET-01688,2026-06-19 15:47:08+00:00,NETWORK,NORMAL,0,
EDR-00694,2026-06-19 15:47:59+00:00,ENDPOINT,NORMAL,0,
OT-01737,2026-06-19 15:48:36+00:00,OT_SCADA,NORMAL,0,
CARGO-00665,2026-06-19 15:50:31+00:00,CARGO,SUSPICIOUS,1,
NOTE-00023,2026-06-19 15:57:08+00:00,TEXT,NORMAL,0,
CARGO-00742,2026-06-19 15:58:28+00:00,CARGO,NORMAL,0,
OT-00002,2026-06-19 16:05:01+00:00,OT_SCADA,NORMAL,0,
NET-01831,2026-06-19 16:22:54+00:00,NETWORK,NORMAL,0,
NET-01363,2026-06-19 16:24:03+00:00,NETWORK,NORMAL,0,
VPN-01446,2026-06-19 16:39:17+00:00,VPN_IAM,NORMAL,0,
VPN-01428,2026-06-19 16:41:31+00:00,VPN_IAM,NORMAL,0,
CARGO-00668,2026-06-19 16:43:12+00:00,CARGO,NORMAL,0,
CARGO-00669,2026-06-19 16:46:34+00:00,CARGO,SUSPICIOUS,1,
VPN-00755,2026-06-19 16:54:45+00:00,VPN_IAM,NORMAL,0,
OT-01372,2026-06-19 16:58:45+00:00,OT_SCADA,NORMAL,0,
EDR-00052,2026-06-19 16:58:56+00:00,ENDPOINT,SUSPICIOUS,1,
EDR-01122,2026-06-19 17:01:28+00:00,ENDPOINT,NORMAL,0,
NET-01510,2026-06-19 17:07:38+00:00,NETWORK,NORMAL,0,
CARGO-00306,2026-06-19 17:12:08+00:00,CARGO,NORMAL,0,
VPN-00702,2026-06-19 17:13:39+00:00,VPN_IAM,NORMAL,0,
VPN-00382,2026-06-19 17:13:44+00:00,VPN_IAM,NORMAL,0,
VPN-00845,2026-06-19 17:18:23+00:00,VPN_IAM,NORMAL,0,
NET-00948,2026-06-19 17:27:21+00:00,NETWORK,NORMAL,0,
PHY-00958,2026-06-19 17:32:32+00:00,PHYSICAL,NORMAL,0,
CARGO-01051,2026-06-19 17:37:54+00:00,CARGO,NORMAL,0,
NET-00923,2026-06-19 17:43:15+00:00,NETWORK,NORMAL,0,
NET-00545,2026-06-19 17:45:26+00:00,NETWORK,NORMAL,0,
EDR-00285,2026-06-19 17:46:42+00:00,ENDPOINT,NORMAL,0,
OT-01919,2026-06-19 17:49:24+00:00,OT_SCADA,NORMAL,0,
OT-00951,2026-06-19 17:50:20+00:00,OT_SCADA,NORMAL,0,
VPN-00136,2026-06-19 17:53:56+00:00,VPN_IAM,NORMAL,0,
OT-01411,2026-06-19 18:04:14+00:00,OT_SCADA,NORMAL,0,
OT-01322,2026-06-19 18:08:11+00:00,OT_SCADA,NORMAL,0,
NET-01274,2026-06-19 18:12:28+00:00,NETWORK,NORMAL,0,
VPN-00516,2026-06-19 18:14:03+00:00,VPN_IAM,NORMAL,0,
OT-01514,2026-06-19 18:18:22+00:00,OT_SCADA,NORMAL,0,
OT-01839,2026-06-19 18:22:31+00:00,OT_SCADA,NORMAL,0,
NET-00760,2026-06-19 18:31:15+00:00,NETWORK,NORMAL,0,
OT-01623,2026-06-19 18:33:05+00:00,OT_SCADA,NORMAL,0,
OT-01734,2026-06-19 18:51:18+00:00,OT_SCADA,NORMAL,0,
CARGO-00352,2026-06-19 18:54:06+00:00,CARGO,NORMAL,0,
VPN-00486,2026-06-19 18:56:18+00:00,VPN_IAM,NORMAL,0,
EDR-01107,2026-06-19 19:08:22+00:00,ENDPOINT,NORMAL,0,
VPN-01389,2026-06-19 19:09:57+00:00,VPN_IAM,NORMAL,0,
OT-01464,2026-06-19 19:13:00+00:00,OT_SCADA,NORMAL,0,
EDR-00844,2026-06-19 19:13:06+00:00,ENDPOINT,NORMAL,0,
VPN-01586,2026-06-19 19:17:28+00:00,VPN_IAM,NORMAL,0,
OT-00949,2026-06-19 19:19:27+00:00,OT_SCADA,NORMAL,0,
OT-01077,2026-06-19 19:25:06+00:00,OT_SCADA,NORMAL,0,
NET-02018,2026-06-19 19:27:53+00:00,NETWORK,NORMAL,0,
VPN-00579,2026-06-19 19:32:17+00:00,VPN_IAM,NORMAL,0,
OT-00429,2026-06-19 19:34:39+00:00,OT_SCADA,NORMAL,0,
NET-01272,2026-06-19 19:35:40+00:00,NETWORK,NORMAL,0,
NET-00654,2026-06-19 19:36:12+00:00,NETWORK,NORMAL,0,
EDR-00921,2026-06-19 19:45:32+00:00,ENDPOINT,SUSPICIOUS,1,
EDR-00612,2026-06-19 19:48:32+00:00,ENDPOINT,SUSPICIOUS,1,
OT-01135,2026-06-19 19:52:59+00:00,OT_SCADA,NORMAL,0,
OT-01614,2026-06-19 19:56:26+00:00,OT_SCADA,NORMAL,0,
OT-00740,2026-06-19 19:57:43+00:00,OT_SCADA,NORMAL,0,
NOTE-00277,2026-06-19 20:03:56+00:00,TEXT,NORMAL,0,
CARGO-01082,2026-06-19 20:06:55+00:00,CARGO,NORMAL,0,
VPN-00731,2026-06-19 20:14:39+00:00,VPN_IAM,NORMAL,0,
OT-00363,2026-06-19 20:14:43+00:00,OT_SCADA,NORMAL,0,
VPN-00950,2026-06-19 20:40:46+00:00,VPN_IAM,NORMAL,0,
PHY-00178,2026-06-19 20:40:48+00:00,PHYSICAL,NORMAL,0,
EDR-01057,2026-06-19 20:42:54+00:00,ENDPOINT,SUSPICIOUS,1,
PHY-00659,2026-06-19 20:52:54+00:00,PHYSICAL,NORMAL,0,
NET-01051,2026-06-19 20:55:02+00:00,NETWORK,NORMAL,0,
NET-02040,2026-06-19 21:05:56+00:00,NETWORK,NORMAL,0,
OT-01210,2026-06-19 21:09:10+00:00,OT_SCADA,NORMAL,0,
VPN-00006,2026-06-19 21:19:45+00:00,VPN_IAM,NORMAL,0,
NET-00579,2026-06-19 21:25:43+00:00,NETWORK,NORMAL,0,
EDR-00288,2026-06-19 21:25:53+00:00,ENDPOINT,NORMAL,0,
VPN-01572,2026-06-19 21:30:37+00:00,VPN_IAM,NORMAL,0,
OT-00357,2026-06-19 21:40:59+00:00,OT_SCADA,NORMAL,0,
VPN-01718,2026-06-19 21:41:23+00:00,VPN_IAM,NORMAL,0,
OT-01922,2026-06-19 21:41:33+00:00,OT_SCADA,NORMAL,0,
CARGO-00855,2026-06-19 21:44:06+00:00,CARGO,NORMAL,0,
NET-02116,2026-06-19 21:47:38+00:00,NETWORK,NORMAL,0,
OT-00236,2026-06-19 21:47:54+00:00,OT_SCADA,NORMAL,0,
CARGO-00883,2026-06-19 21:48:04+00:00,CARGO,NORMAL,0,
NET-01716,2026-06-19 21:48:36+00:00,NETWORK,NORMAL,0,
OT-01638,2026-06-19 21:48:48+00:00,OT_SCADA,NORMAL,0,
PHY-00809,2026-06-19 21:52:14+00:00,PHYSICAL,NORMAL,0,
CARGO-01001,2026-06-19 22:01:04+00:00,CARGO,NORMAL,0,
EDR-00421,2026-06-19 22:01:49+00:00,ENDPOINT,NORMAL,0,
NET-00259,2026-06-19 22:06:04+00:00,NETWORK,NORMAL,0,
CARGO-00580,2026-06-19 22:17:03+00:00,CARGO,NORMAL,0,
VPN-01461,2026-06-19 22:23:03+00:00,VPN_IAM,NORMAL,0,
NET-01587,2026-06-19 22:43:35+00:00,NETWORK,NORMAL,0,
CARGO-00628,2026-06-19 22:47:28+00:00,CARGO,NORMAL,0,
NOTE-00060,2026-06-19 22:49:21+00:00,TEXT,SUSPICIOUS,1,
NET-01719,2026-06-19 22:51:32+00:00,NETWORK,NORMAL,0,
NOTE-00260,2026-06-19 22:53:26+00:00,TEXT,NORMAL,0,
NET-01123,2026-06-19 22:59:09+00:00,NETWORK,NORMAL,0,
EDR-00610,2026-06-19 23:15:02+00:00,ENDPOINT,NORMAL,0,
VPN-01525,2026-06-19 23:15:30+00:00,VPN_IAM,NORMAL,0,
PHY-00454,2026-06-19 23:18:31+00:00,PHYSICAL,NORMAL,0,
NET-00103,2026-06-19 23:19:05+00:00,NETWORK,NORMAL,0,
OT-01340,2026-06-19 23:25:30+00:00,OT_SCADA,NORMAL,0,
NET-00248,2026-06-19 23:26:02+00:00,NETWORK,NORMAL,0,
OT-01872,2026-06-19 23:33:13+00:00,OT_SCADA,NORMAL,0,
NET-01083,2026-06-19 23:36:19+00:00,NETWORK,NORMAL,0,
NET-01020,2026-06-19 23:39:56+00:00,NETWORK,NORMAL,0,
PHY-00077,2026-06-19 23:56:47+00:00,PHYSICAL,NORMAL,0,
NOTE-00147,2026-06-20 00:05:53+00:00,TEXT,NORMAL,0,
EDR-01098,2026-06-20 00:10:09+00:00,ENDPOINT,NORMAL,0,
EDR-00109,2026-06-20 00:14:53+00:00,ENDPOINT,NORMAL,0,
PHY-00320,2026-06-20 00:20:10+00:00,PHYSICAL,NORMAL,0,
VPN-01101,2026-06-20 00:22:28+00:00,VPN_IAM,NORMAL,0,
PHY-00331,2026-06-20 00:29:20+00:00,PHYSICAL,NORMAL,0,
EDR-00226,2026-06-20 00:33:25+00:00,ENDPOINT,NORMAL,0,
EDR-00307,2026-06-20 00:35:24+00:00,ENDPOINT,NORMAL,0,
VPN-00943,2026-06-20 00:52:55+00:00,VPN_IAM,NORMAL,0,
CARGO-00307,2026-06-20 01:01:15+00:00,CARGO,NORMAL,0,
VPN-01533,2026-06-20 01:11:16+00:00,VPN_IAM,NORMAL,0,
OT-01493,2026-06-20 01:17:48+00:00,OT_SCADA,NORMAL,0,
CARGO-00859,2026-06-20 01:18:26+00:00,CARGO,NORMAL,0,
OT-00172,2026-06-20 01:33:09+00:00,OT_SCADA,NORMAL,0,
NET-01764,2026-06-20 01:34:13+00:00,NETWORK,NORMAL,0,
NET-00662,2026-06-20 01:35:46+00:00,NETWORK,NORMAL,0,
OT-01288,2026-06-20 01:43:17+00:00,OT_SCADA,NORMAL,0,
OT-00052,2026-06-20 01:44:07+00:00,OT_SCADA,NORMAL,0,
VPN-01289,2026-06-20 01:59:35+00:00,VPN_IAM,SUSPICIOUS,1,
CARGO-00299,2026-06-20 02:03:31+00:00,CARGO,NORMAL,0,
OT-00975,2026-06-20 02:12:54+00:00,OT_SCADA,NORMAL,0,
OT-01768,2026-06-20 02:19:04+00:00,OT_SCADA,NORMAL,0,
VPN-00577,2026-06-20 02:23:26+00:00,VPN_IAM,NORMAL,0,
NET-01751,2026-06-20 02:29:17+00:00,NETWORK,NORMAL,0,
OT-01032,2026-06-20 02:36:08+00:00,OT_SCADA,NORMAL,0,
VPN-00650,2026-06-20 02:38:42+00:00,VPN_IAM,NORMAL,0,
PHY-00933,2026-06-20 02:43:36+00:00,PHYSICAL,NORMAL,0,
NET-00357,2026-06-20 02:46:46+00:00,NETWORK,NORMAL,0,
NET-00687,2026-06-20 02:51:53+00:00,NETWORK,NORMAL,0,
VPN-01365,2026-06-20 02:53:44+00:00,VPN_IAM,SUSPICIOUS,1,
CARGO-00869,2026-06-20 02:54:37+00:00,CARGO,NORMAL,0,
NET-01504,2026-06-20 02:55:25+00:00,NETWORK,SUSPICIOUS,1,
EDR-00176,2026-06-20 02:59:17+00:00,ENDPOINT,NORMAL,0,
NET-02166,2026-06-20 02:59:29+00:00,NETWORK,NORMAL,0,
OT-00858,2026-06-20 03:02:58+00:00,OT_SCADA,NORMAL,0,
OT-01684,2026-06-20 03:09:17+00:00,OT_SCADA,NORMAL,0,
NET-00169,2026-06-20 03:14:11+00:00,NETWORK,NORMAL,0,
PHY-00926,2026-06-20 03:14:45+00:00,PHYSICAL,NORMAL,0,
OT-00385,2026-06-20 03:17:23+00:00,OT_SCADA,NORMAL,0,
OT-01500,2026-06-20 03:22:38+00:00,OT_SCADA,NORMAL,0,
PHY-00017,2026-06-20 03:41:38+00:00,PHYSICAL,NORMAL,0,
CARGO-00273,2026-06-20 03:43:43+00:00,CARGO,NORMAL,0,
EDR-00221,2026-06-20 03:53:44+00:00,ENDPOINT,NORMAL,0,
OT-00374,2026-06-20 03:58:10+00:00,OT_SCADA,NORMAL,0,
NET-00096,2026-06-20 03:58:44+00:00,NETWORK,NORMAL,0,
VPN-00685,2026-06-20 04:01:22+00:00,VPN_IAM,NORMAL,0,
VPN-01421,2026-06-20 04:01:24+00:00,VPN_IAM,SUSPICIOUS,1,
NOTE-00196,2026-06-20 04:02:31+00:00,TEXT,NORMAL,0,
PHY-00292,2026-06-20 04:12:29+00:00,PHYSICAL,NORMAL,0,
PHY-00525,2026-06-20 04:18:21+00:00,PHYSICAL,NORMAL,0,
VPN-01644,2026-06-20 04:27:27+00:00,VPN_IAM,NORMAL,0,
OT-01251,2026-06-20 04:31:38+00:00,OT_SCADA,NORMAL,0,
NOTE-00233,2026-06-20 04:33:50+00:00,TEXT,NORMAL,0,
NET-02139,2026-06-20 04:43:36+00:00,NETWORK,NORMAL,0,
EDR-00254,2026-06-20 04:47:41+00:00,ENDPOINT,NORMAL,0,
PHY-00442,2026-06-20 04:52:39+00:00,PHYSICAL,NORMAL,0,
VPN-01414,2026-06-20 04:52:46+00:00,VPN_IAM,NORMAL,0,
OT-01200,2026-06-20 04:54:41+00:00,OT_SCADA,NORMAL,0,
NET-01583,2026-06-20 04:58:22+00:00,NETWORK,NORMAL,0,
NET-00758,2026-06-20 05:22:15+00:00,NETWORK,NORMAL,0,
NET-00640,2026-06-20 05:25:35+00:00,NETWORK,NORMAL,0,
NET-02129,2026-06-20 05:25:54+00:00,NETWORK,SUSPICIOUS,1,
NET-00991,2026-06-20 05:28:02+00:00,NETWORK,NORMAL,0,
OT-01713,2026-06-20 05:28:12+00:00,OT_SCADA,NORMAL,0,
OT-00694,2026-06-20 05:29:08+00:00,OT_SCADA,NORMAL,0,
PHY-00096,2026-06-20 05:33:40+00:00,PHYSICAL,NORMAL,0,
OT-00748,2026-06-20 05:39:22+00:00,OT_SCADA,NORMAL,0,
NET-00799,2026-06-20 05:43:18+00:00,NETWORK,NORMAL,0,
OT-01497,2026-06-20 05:47:35+00:00,OT_SCADA,NORMAL,0,
NET-00436,2026-06-20 05:52:16+00:00,NETWORK,NORMAL,0,
VPN-01695,2026-06-20 05:53:17+00:00,VPN_IAM,NORMAL,0,
CARGO-00442,2026-06-20 06:05:08+00:00,CARGO,NORMAL,0,
NET-00977,2026-06-20 06:07:08+00:00,NETWORK,NORMAL,0,
OT-01043,2026-06-20 06:09:00+00:00,OT_SCADA,NORMAL,0,
CARGO-00939,2026-06-20 06:11:39+00:00,CARGO,NORMAL,0,
NET-00795,2026-06-20 06:13:14+00:00,NETWORK,NORMAL,0,
EDR-00733,2026-06-20 06:19:32+00:00,ENDPOINT,SUSPICIOUS,1,
EDR-00257,2026-06-20 06:48:08+00:00,ENDPOINT,NORMAL,0,
EDR-01117,2026-06-20 06:52:17+00:00,ENDPOINT,NORMAL,0,
NET-00392,2026-06-20 06:58:36+00:00,NETWORK,NORMAL,0,
CARGO-00833,2026-06-20 07:00:22+00:00,CARGO,NORMAL,0,
CARGO-00182,2026-06-20 07:04:07+00:00,CARGO,NORMAL,0,
CARGO-00384,2026-06-20 07:06:06+00:00,CARGO,NORMAL,0,
EDR-01093,2026-06-20 07:07:18+00:00,ENDPOINT,NORMAL,0,
CARGO-00402,2026-06-20 07:08:57+00:00,CARGO,NORMAL,0,
VPN-00833,2026-06-20 07:23:40+00:00,VPN_IAM,NORMAL,0,
CARGO-00228,2026-06-20 07:30:15+00:00,CARGO,NORMAL,0,
NET-01895,2026-06-20 07:30:19+00:00,NETWORK,NORMAL,0,
EDR-00908,2026-06-20 07:32:27+00:00,ENDPOINT,NORMAL,0,
VPN-00502,2026-06-20 07:34:10+00:00,VPN_IAM,NORMAL,0,
PHY-00544,2026-06-20 07:39:01+00:00,PHYSICAL,NORMAL,0,
PHY-00024,2026-06-20 07:45:21+00:00,PHYSICAL,NORMAL,0,
NET-00559,2026-06-20 07:45:47+00:00,NETWORK,NORMAL,0,
EDR-00737,2026-06-20 07:47:52+00:00,ENDPOINT,NORMAL,0,
VPN-00263,2026-06-20 07:49:19+00:00,VPN_IAM,NORMAL,0,
CARGO-00923,2026-06-20 08:02:11+00:00,CARGO,NORMAL,0,
PHY-00293,2026-06-20 08:04:34+00:00,PHYSICAL,NORMAL,0,
CARGO-00865,2026-06-20 08:05:54+00:00,CARGO,NORMAL,0,
OT-01530,2026-06-20 08:08:34+00:00,OT_SCADA,NORMAL,0,
NET-01763,2026-06-20 08:08:43+00:00,NETWORK,NORMAL,0,
VPN-00515,2026-06-20 08:09:08+00:00,VPN_IAM,NORMAL,0,
CARGO-00391,2026-06-20 08:17:35+00:00,CARGO,NORMAL,0,
CARGO-00351,2026-06-20 08:18:53+00:00,CARGO,NORMAL,0,
EDR-00669,2026-06-20 08:22:35+00:00,ENDPOINT,NORMAL,0,
OT-01785,2026-06-20 08:26:21+00:00,OT_SCADA,NORMAL,0,
CARGO-00109,2026-06-20 08:35:43+00:00,CARGO,NORMAL,0,
VPN-01192,2026-06-20 08:40:21+00:00,VPN_IAM,NORMAL,0,
EDR-01023,2026-06-20 08:42:41+00:00,ENDPOINT,NORMAL,0,
OT-00934,2026-06-20 08:49:41+00:00,OT_SCADA,NORMAL,0,
NET-00474,2026-06-20 08:57:11+00:00,NETWORK,NORMAL,0,
OT-00043,2026-06-20 09:12:22+00:00,OT_SCADA,NORMAL,0,
PHY-00411,2026-06-20 09:15:35+00:00,PHYSICAL,NORMAL,0,
VPN-00310,2026-06-20 09:16:35+00:00,VPN_IAM,NORMAL,0,
CARGO-00413,2026-06-20 09:24:57+00:00,CARGO,NORMAL,0,
EDR-00380,2026-06-20 09:26:42+00:00,ENDPOINT,NORMAL,0,
OT-00141,2026-06-20 09:27:23+00:00,OT_SCADA,NORMAL,0,
NET-01174,2026-06-20 09:30:24+00:00,NETWORK,NORMAL,0,
VPN-00935,2026-06-20 09:33:04+00:00,VPN_IAM,NORMAL,0,
NET-00279,2026-06-20 09:35:21+00:00,NETWORK,NORMAL,0,
PHY-00224,2026-06-20 09:42:48+00:00,PHYSICAL,NORMAL,0,
NET-01534,2026-06-20 09:50:15+00:00,NETWORK,NORMAL,0,
OT-00460,2026-06-20 09:51:57+00:00,OT_SCADA,NORMAL,0,
OT-01516,2026-06-20 09:57:43+00:00,OT_SCADA,NORMAL,0,
VPN-00009,2026-06-20 10:02:54+00:00,VPN_IAM,NORMAL,0,
OT-01196,2026-06-20 10:11:38+00:00,OT_SCADA,NORMAL,0,
VPN-01366,2026-06-20 10:17:51+00:00,VPN_IAM,NORMAL,0,
EDR-01135,2026-06-20 10:19:57+00:00,ENDPOINT,NORMAL,0,
EDR-00102,2026-06-20 10:33:44+00:00,ENDPOINT,NORMAL,0,
EDR-00765,2026-06-20 10:35:47+00:00,ENDPOINT,NORMAL,0,
NET-00482,2026-06-20 10:35:51+00:00,NETWORK,NORMAL,0,
OT-01817,2026-06-20 10:38:16+00:00,OT_SCADA,NORMAL,0,
NET-01334,2026-06-20 10:43:42+00:00,NETWORK,NORMAL,0,
PHY-00768,2026-06-20 10:50:14+00:00,PHYSICAL,NORMAL,0,
EDR-00995,2026-06-20 10:54:42+00:00,ENDPOINT,NORMAL,0,
OT-00957,2026-06-20 10:57:51+00:00,OT_SCADA,NORMAL,0,
OT-00183,2026-06-20 11:06:46+00:00,OT_SCADA,NORMAL,0,
NET-00717,2026-06-20 11:22:03+00:00,NETWORK,NORMAL,0,
VPN-01386,2026-06-20 11:23:39+00:00,VPN_IAM,NORMAL,0,
CARGO-00999,2026-06-20 11:25:32+00:00,CARGO,NORMAL,0,
OT-01857,2026-06-20 11:25:40+00:00,OT_SCADA,NORMAL,0,
NOTE-00259,2026-06-20 11:29:59+00:00,TEXT,NORMAL,0,
NET-00679,2026-06-20 11:33:04+00:00,NETWORK,NORMAL,0,
NET-01036,2026-06-20 11:33:14+00:00,NETWORK,NORMAL,0,
CARGO-00293,2026-06-20 11:41:09+00:00,CARGO,NORMAL,0,
VPN-00669,2026-06-20 11:51:05+00:00,VPN_IAM,NORMAL,0,
OT-01311,2026-06-20 11:52:10+00:00,OT_SCADA,NORMAL,0,
PHY-00373,2026-06-20 11:53:53+00:00,PHYSICAL,NORMAL,0,
OT-00310,2026-06-20 11:56:36+00:00,OT_SCADA,NORMAL,0,
NET-01226,2026-06-20 11:56:42+00:00,NETWORK,NORMAL,0,
OT-01403,2026-06-20 11:57:22+00:00,OT_SCADA,NORMAL,0,
OT-00576,2026-06-20 12:00:27+00:00,OT_SCADA,NORMAL,0,
OT-00234,2026-06-20 12:02:06+00:00,OT_SCADA,NORMAL,0,
NET-01595,2026-06-20 12:11:54+00:00,NETWORK,NORMAL,0,
PHY-00906,2026-06-20 12:13:16+00:00,PHYSICAL,NORMAL,0,
VPN-00501,2026-06-20 12:15:50+00:00,VPN_IAM,NORMAL,0,
VPN-01380,2026-06-20 12:23:35+00:00,VPN_IAM,NORMAL,0,
NOTE-00065,2026-06-20 12:29:26+00:00,TEXT,NORMAL,0,
NET-01643,2026-06-20 12:43:37+00:00,NETWORK,NORMAL,0,
OT-00920,2026-06-20 12:46:09+00:00,OT_SCADA,NORMAL,0,
PHY-00222,2026-06-20 12:47:32+00:00,PHYSICAL,NORMAL,0,
EDR-00170,2026-06-20 12:55:13+00:00,ENDPOINT,NORMAL,0,
VPN-00543,2026-06-20 12:56:48+00:00,VPN_IAM,NORMAL,0,
NET-00316,2026-06-20 12:58:38+00:00,NETWORK,NORMAL,0,
NET-02174,2026-06-20 13:03:38+00:00,NETWORK,NORMAL,0,
CARGO-01010,2026-06-20 13:04:55+00:00,CARGO,NORMAL,0,
EDR-01094,2026-06-20 13:06:38+00:00,ENDPOINT,NORMAL,0,
PHY-00238,2026-06-20 13:17:28+00:00,PHYSICAL,NORMAL,0,
PHY-00009,2026-06-20 13:23:23+00:00,PHYSICAL,NORMAL,0,
EDR-00387,2026-06-20 13:26:45+00:00,ENDPOINT,NORMAL,0,
VPN-01341,2026-06-20 13:28:32+00:00,VPN_IAM,NORMAL,0,
EDR-00445,2026-06-20 13:33:07+00:00,ENDPOINT,NORMAL,0,
VPN-00888,2026-06-20 13:33:37+00:00,VPN_IAM,NORMAL,0,
NOTE-00209,2026-06-20 13:33:43+00:00,TEXT,NORMAL,0,
VPN-01521,2026-06-20 13:37:46+00:00,VPN_IAM,NORMAL,0,
NET-01284,2026-06-20 13:44:02+00:00,NETWORK,NORMAL,0,
OT-01604,2026-06-20 13:46:20+00:00,OT_SCADA,NORMAL,0,
NOTE-00087,2026-06-20 13:53:46+00:00,TEXT,SUSPICIOUS,1,
VPN-01114,2026-06-20 13:57:50+00:00,VPN_IAM,NORMAL,0,
VPN-00201,2026-06-20 14:03:52+00:00,VPN_IAM,NORMAL,0,
NET-01140,2026-06-20 14:09:43+00:00,NETWORK,NORMAL,0,
EDR-00615,2026-06-20 14:11:50+00:00,ENDPOINT,NORMAL,0,
OT-00431,2026-06-20 14:16:19+00:00,OT_SCADA,NORMAL,0,
OT-01218,2026-06-20 14:16:32+00:00,OT_SCADA,NORMAL,0,
EDR-00427,2026-06-20 14:17:47+00:00,ENDPOINT,NORMAL,0,
VPN-00013,2026-06-20 14:26:05+00:00,VPN_IAM,NORMAL,0,
EDR-00833,2026-06-20 14:36:33+00:00,ENDPOINT,NORMAL,0,
NET-00714,2026-06-20 14:38:50+00:00,NETWORK,NORMAL,0,
NET-01590,2026-06-20 14:42:20+00:00,NETWORK,NORMAL,0,
NET-00744,2026-06-20 14:47:08+00:00,NETWORK,NORMAL,0,
CARGO-00370,2026-06-20 14:49:47+00:00,CARGO,NORMAL,0,
NET-01515,2026-06-20 14:56:51+00:00,NETWORK,NORMAL,0,
CARGO-00649,2026-06-20 15:00:55+00:00,CARGO,NORMAL,0,
EDR-01099,2026-06-20 15:07:17+00:00,ENDPOINT,NORMAL,0,
OT-00901,2026-06-20 15:09:02+00:00,OT_SCADA,NORMAL,0,
EDR-01121,2026-06-20 15:11:56+00:00,ENDPOINT,NORMAL,0,
OT-00687,2026-06-20 15:14:26+00:00,OT_SCADA,NORMAL,0,
CARGO-00702,2026-06-20 15:22:20+00:00,CARGO,NORMAL,0,
NET-00503,2026-06-20 15:26:01+00:00,NETWORK,NORMAL,0,
NET-01059,2026-06-20 15:32:59+00:00,NETWORK,NORMAL,0,
CARGO-00579,2026-06-20 15:42:15+00:00,CARGO,NORMAL,0,
NET-02100,2026-06-20 15:46:18+00:00,NETWORK,NORMAL,0,
NET-00063,2026-06-20 15:46:32+00:00,NETWORK,NORMAL,0,
EDR-00726,2026-06-20 15:51:45+00:00,ENDPOINT,NORMAL,0,
OT-00620,2026-06-20 15:53:26+00:00,OT_SCADA,NORMAL,0,
EDR-00196,2026-06-20 15:53:58+00:00,ENDPOINT,NORMAL,0,
VPN-01661,2026-06-20 15:54:33+00:00,VPN_IAM,NORMAL,0,
PHY-00905,2026-06-20 15:58:48+00:00,PHYSICAL,NORMAL,0,
NET-00811,2026-06-20 15:59:55+00:00,NETWORK,NORMAL,0,
CARGO-00926,2026-06-20 16:00:18+00:00,CARGO,NORMAL,0,
NOTE-00280,2026-06-20 16:02:26+00:00,TEXT,SUSPICIOUS,1,
NET-00393,2026-06-20 16:06:42+00:00,NETWORK,NORMAL,0,
NET-01874,2026-06-20 16:06:57+00:00,NETWORK,NORMAL,0,
OT-00662,2026-06-20 16:09:21+00:00,OT_SCADA,NORMAL,0,
PHY-00040,2026-06-20 16:15:50+00:00,PHYSICAL,NORMAL,0,
OT-01709,2026-06-20 16:19:35+00:00,OT_SCADA,NORMAL,0,
NET-02158,2026-06-20 16:25:53+00:00,NETWORK,NORMAL,0,
NET-00009,2026-06-20 16:30:41+00:00,NETWORK,SUSPICIOUS,1,
VPN-01590,2026-06-20 16:38:53+00:00,VPN_IAM,NORMAL,0,
OT-00847,2026-06-20 16:38:58+00:00,OT_SCADA,NORMAL,0,
PHY-00807,2026-06-20 16:39:04+00:00,PHYSICAL,NORMAL,0,
NOTE-00151,2026-06-20 16:41:43+00:00,TEXT,NORMAL,0,
PHY-00374,2026-06-20 16:47:17+00:00,PHYSICAL,NORMAL,0,
OT-01821,2026-06-20 16:58:32+00:00,OT_SCADA,NORMAL,0,
EDR-00697,2026-06-20 17:01:35+00:00,ENDPOINT,NORMAL,0,
OT-01664,2026-06-20 17:11:30+00:00,OT_SCADA,SUSPICIOUS,1,
EDR-00062,2026-06-20 17:19:31+00:00,ENDPOINT,NORMAL,0,
OT-00850,2026-06-20 17:23:23+00:00,OT_SCADA,NORMAL,0,
CARGO-00529,2026-06-20 17:30:38+00:00,CARGO,NORMAL,0,
OT-00661,2026-06-20 17:32:51+00:00,OT_SCADA,NORMAL,0,
VPN-01378,2026-06-20 17:34:00+00:00,VPN_IAM,NORMAL,0,
OT-00749,2026-06-20 17:37:13+00:00,OT_SCADA,NORMAL,0,
NET-01461,2026-06-20 17:39:02+00:00,NETWORK,NORMAL,0,
EDR-01096,2026-06-20 17:39:46+00:00,ENDPOINT,NORMAL,0,
OT-01111,2026-06-20 17:44:03+00:00,OT_SCADA,NORMAL,0,
NET-01592,2026-06-20 17:49:29+00:00,NETWORK,NORMAL,0,
EDR-00705,2026-06-20 18:03:13+00:00,ENDPOINT,SUSPICIOUS,1,
OT-00785,2026-06-20 18:06:53+00:00,OT_SCADA,NORMAL,0,
VPN-00784,2026-06-20 18:10:26+00:00,VPN_IAM,SUSPICIOUS,1,
NET-00077,2026-06-20 18:12:19+00:00,NETWORK,NORMAL,0,
OT-00344,2026-06-20 18:13:30+00:00,OT_SCADA,NORMAL,0,
NET-00074,2026-06-20 18:18:20+00:00,NETWORK,NORMAL,0,
NET-00247,2026-06-20 18:21:54+00:00,NETWORK,SUSPICIOUS,1,
VPN-00613,2026-06-20 18:24:55+00:00,VPN_IAM,NORMAL,0,
OT-00436,2026-06-20 18:28:56+00:00,OT_SCADA,NORMAL,0,
OT-00071,2026-06-20 18:28:58+00:00,OT_SCADA,NORMAL,0,
CARGO-00510,2026-06-20 18:30:46+00:00,CARGO,NORMAL,0,
NET-00786,2026-06-20 18:34:21+00:00,NETWORK,NORMAL,0,
CARGO-00605,2026-06-20 18:37:20+00:00,CARGO,NORMAL,0,
PHY-00521,2026-06-20 18:38:33+00:00,PHYSICAL,NORMAL,0,
NET-00751,2026-06-20 18:52:31+00:00,NETWORK,NORMAL,0,
EDR-00127,2026-06-20 18:54:06+00:00,ENDPOINT,NORMAL,0,
OT-00306,2026-06-20 19:05:31+00:00,OT_SCADA,NORMAL,0,
PHY-00556,2026-06-20 19:11:55+00:00,PHYSICAL,NORMAL,0,
OT-00887,2026-06-20 19:18:09+00:00,OT_SCADA,NORMAL,0,
CARGO-00662,2026-06-20 19:23:56+00:00,CARGO,NORMAL,0,
EDR-00943,2026-06-20 19:28:25+00:00,ENDPOINT,NORMAL,0,
NET-00325,2026-06-20 19:33:10+00:00,NETWORK,NORMAL,0,
OT-01314,2026-06-20 19:39:34+00:00,OT_SCADA,NORMAL,0,
OT-01071,2026-06-20 19:42:38+00:00,OT_SCADA,NORMAL,0,
OT-00875,2026-06-20 19:45:05+00:00,OT_SCADA,NORMAL,0,
VPN-00334,2026-06-20 19:53:36+00:00,VPN_IAM,NORMAL,0,
CARGO-00222,2026-06-20 19:54:59+00:00,CARGO,NORMAL,0,
PHY-00863,2026-06-20 20:01:02+00:00,PHYSICAL,NORMAL,0,
VPN-00224,2026-06-20 20:20:59+00:00,VPN_IAM,NORMAL,0,
NET-01842,2026-06-20 20:21:53+00:00,NETWORK,NORMAL,0,
CARGO-00651,2026-06-20 20:23:51+00:00,CARGO,NORMAL,0,
VPN-00673,2026-06-20 20:24:35+00:00,VPN_IAM,NORMAL,0,
OT-00635,2026-06-20 20:24:43+00:00,OT_SCADA,SUSPICIOUS,1,
VPN-01737,2026-06-20 20:26:09+00:00,VPN_IAM,NORMAL,0,
NET-00447,2026-06-20 20:35:41+00:00,NETWORK,NORMAL,0,
NOTE-00183,2026-06-20 20:38:18+00:00,TEXT,NORMAL,0,
NOTE-00266,2026-06-20 20:40:46+00:00,TEXT,SUSPICIOUS,1,
NOTE-00045,2026-06-20 20:41:36+00:00,TEXT,SUSPICIOUS,1,
OT-00844,2026-06-20 20:44:52+00:00,OT_SCADA,NORMAL,0,
OT-00706,2026-06-20 20:58:34+00:00,OT_SCADA,NORMAL,0,
CARGO-01144,2026-06-20 21:00:51+00:00,CARGO,NORMAL,0,
NET-02198,2026-06-20 21:01:03+00:00,NETWORK,NORMAL,0,
OT-01268,2026-06-20 21:01:53+00:00,OT_SCADA,NORMAL,0,
PHY-00788,2026-06-20 21:03:46+00:00,PHYSICAL,NORMAL,0,
VPN-01295,2026-06-20 21:13:08+00:00,VPN_IAM,NORMAL,0,
PHY-00289,2026-06-20 21:14:11+00:00,PHYSICAL,SUSPICIOUS,1,
EDR-01018,2026-06-20 21:17:10+00:00,ENDPOINT,NORMAL,0,
VPN-00917,2026-06-20 21:19:58+00:00,VPN_IAM,NORMAL,0,
VPN-00379,2026-06-20 21:22:05+00:00,VPN_IAM,NORMAL,0,
NET-01496,2026-06-20 21:23:00+00:00,NETWORK,NORMAL,0,
NET-01896,2026-06-20 21:43:04+00:00,NETWORK,NORMAL,0,
EDR-00273,2026-06-20 21:44:24+00:00,ENDPOINT,NORMAL,0,
NET-01880,2026-06-20 21:47:50+00:00,NETWORK,NORMAL,0,
NET-00056,2026-06-20 21:54:34+00:00,NETWORK,NORMAL,0,
NET-00284,2026-06-20 21:57:19+00:00,NETWORK,NORMAL,0,
VPN-00781,2026-06-20 22:06:22+00:00,VPN_IAM,NORMAL,0,
OT-00940,2026-06-20 22:16:14+00:00,OT_SCADA,NORMAL,0,
CARGO-00022,2026-06-20 22:17:12+00:00,CARGO,NORMAL,0,
CARGO-00568,2026-06-20 22:17:59+00:00,CARGO,NORMAL,0,
NET-01431,2026-06-20 22:18:00+00:00,NETWORK,NORMAL,0,
NET-01507,2026-06-20 22:23:10+00:00,NETWORK,NORMAL,0,
PHY-00428,2026-06-20 22:24:09+00:00,PHYSICAL,NORMAL,0,
EDR-00416,2026-06-20 22:28:32+00:00,ENDPOINT,NORMAL,0,
NET-01678,2026-06-20 22:29:28+00:00,NETWORK,NORMAL,0,
VPN-00522,2026-06-20 22:33:58+00:00,VPN_IAM,NORMAL,0,
NET-00401,2026-06-20 22:34:22+00:00,NETWORK,NORMAL,0,
NET-01019,2026-06-20 22:47:21+00:00,NETWORK,NORMAL,0,
CARGO-00285,2026-06-20 22:51:15+00:00,CARGO,NORMAL,0,
CARGO-01100,2026-06-20 22:52:14+00:00,CARGO,NORMAL,0,
CARGO-00623,2026-06-20 22:56:10+00:00,CARGO,NORMAL,0,
NET-01175,2026-06-20 22:59:45+00:00,NETWORK,NORMAL,0,
CARGO-00848,2026-06-20 23:07:17+00:00,CARGO,NORMAL,0,
OT-01432,2026-06-20 23:11:58+00:00,OT_SCADA,NORMAL,0,
NOTE-00004,2026-06-20 23:23:35+00:00,TEXT,NORMAL,0,
NET-02090,2026-06-20 23:38:42+00:00,NETWORK,NORMAL,0,
NET-00055,2026-06-20 23:48:15+00:00,NETWORK,NORMAL,0,
EDR-00990,2026-06-20 23:49:19+00:00,ENDPOINT,NORMAL,0,
PHY-00416,2026-06-20 23:50:49+00:00,PHYSICAL,NORMAL,0,
VPN-00064,2026-06-21 00:02:31+00:00,VPN_IAM,NORMAL,0,
CARGO-00792,2026-06-21 00:04:36+00:00,CARGO,NORMAL,0,
OT-00455,2026-06-21 00:04:55+00:00,OT_SCADA,NORMAL,0,
NET-00889,2026-06-21 00:16:31+00:00,NETWORK,NORMAL,0,
NET-00027,2026-06-21 00:16:39+00:00,NETWORK,NORMAL,0,
PHY-00625,2026-06-21 00:20:14+00:00,PHYSICAL,NORMAL,0,
OT-00546,2026-06-21 00:22:45+00:00,OT_SCADA,SUSPICIOUS,1,
NET-01886,2026-06-21 00:23:45+00:00,NETWORK,NORMAL,0,
VPN-01237,2026-06-21 00:38:24+00:00,VPN_IAM,NORMAL,0,
OT-00259,2026-06-21 00:51:40+00:00,OT_SCADA,NORMAL,0,
PHY-00976,2026-06-21 00:56:22+00:00,PHYSICAL,NORMAL,0,
EDR-01073,2026-06-21 00:57:10+00:00,ENDPOINT,NORMAL,0,
EDR-00531,2026-06-21 01:02:56+00:00,ENDPOINT,NORMAL,0,
OT-00822,2026-06-21 01:10:58+00:00,OT_SCADA,NORMAL,0,
VPN-01543,2026-06-21 01:13:30+00:00,VPN_IAM,NORMAL,0,
EDR-00800,2026-06-21 01:16:36+00:00,ENDPOINT,NORMAL,0,
PHY-00539,2026-06-21 01:21:32+00:00,PHYSICAL,SUSPICIOUS,1,
CARGO-01118,2026-06-21 01:26:27+00:00,CARGO,NORMAL,0,
VPN-01602,2026-06-21 01:27:42+00:00,VPN_IAM,NORMAL,0,
PHY-00825,2026-06-21 01:33:29+00:00,PHYSICAL,SUSPICIOUS,1,
PHY-00171,2026-06-21 01:36:26+00:00,PHYSICAL,NORMAL,0,
EDR-00721,2026-06-21 01:40:25+00:00,ENDPOINT,NORMAL,0,
OT-00166,2026-06-21 01:45:50+00:00,OT_SCADA,NORMAL,0,
EDR-00772,2026-06-21 01:48:58+00:00,ENDPOINT,NORMAL,0,
EDR-00081,2026-06-21 01:49:55+00:00,ENDPOINT,NORMAL,0,
VPN-00409,2026-06-21 01:52:25+00:00,VPN_IAM,NORMAL,0,
OT-00049,2026-06-21 02:00:04+00:00,OT_SCADA,NORMAL,0,
OT-01431,2026-06-21 02:08:57+00:00,OT_SCADA,NORMAL,0,
CARGO-00163,2026-06-21 02:10:42+00:00,CARGO,NORMAL,0,
NET-02160,2026-06-21 02:14:03+00:00,NETWORK,NORMAL,0,
PHY-00675,2026-06-21 02:16:41+00:00,PHYSICAL,NORMAL,0,
OT-01747,2026-06-21 02:22:24+00:00,OT_SCADA,NORMAL,0,
VPN-00239,2026-06-21 02:25:37+00:00,VPN_IAM,NORMAL,0,
NET-00552,2026-06-21 02:27:11+00:00,NETWORK,NORMAL,0,
EDR-01167,2026-06-21 02:31:00+00:00,ENDPOINT,SUSPICIOUS,1,
PHY-00609,2026-06-21 02:50:12+00:00,PHYSICAL,NORMAL,0,
VPN-00973,2026-06-21 02:52:30+00:00,VPN_IAM,NORMAL,0,
NET-01674,2026-06-21 02:53:04+00:00,NETWORK,NORMAL,0,
VPN-00544,2026-06-21 02:53:04+00:00,VPN_IAM,NORMAL,0,
OT-01633,2026-06-21 02:56:15+00:00,OT_SCADA,NORMAL,0,
PHY-00927,2026-06-21 03:01:21+00:00,PHYSICAL,SUSPICIOUS,1,
CARGO-00435,2026-06-21 03:03:00+00:00,CARGO,NORMAL,0,
NET-00610,2026-06-21 03:08:52+00:00,NETWORK,NORMAL,0,
EDR-01079,2026-06-21 03:27:06+00:00,ENDPOINT,NORMAL,0,
CARGO-00931,2026-06-21 03:30:24+00:00,CARGO,NORMAL,0,
NOTE-00204,2026-06-21 03:38:30+00:00,TEXT,NORMAL,0,
NET-01807,2026-06-21 03:43:22+00:00,NETWORK,NORMAL,0,
PHY-00336,2026-06-21 03:46:02+00:00,PHYSICAL,NORMAL,0,
EDR-00887,2026-06-21 03:51:00+00:00,ENDPOINT,NORMAL,0,
NET-02191,2026-06-21 03:51:58+00:00,NETWORK,NORMAL,0,
CARGO-00303,2026-06-21 03:56:00+00:00,CARGO,NORMAL,0,
NET-00308,2026-06-21 03:58:10+00:00,NETWORK,NORMAL,0,
NET-02016,2026-06-21 04:00:23+00:00,NETWORK,NORMAL,0,
OT-00042,2026-06-21 04:02:57+00:00,OT_SCADA,NORMAL,0,
CARGO-00815,2026-06-21 04:10:39+00:00,CARGO,NORMAL,0,
VPN-01546,2026-06-21 04:10:55+00:00,VPN_IAM,NORMAL,0,
VPN-01318,2026-06-21 04:17:00+00:00,VPN_IAM,NORMAL,0,
EDR-00232,2026-06-21 04:17:03+00:00,ENDPOINT,NORMAL,0,
PHY-00437,2026-06-21 04:17:51+00:00,PHYSICAL,NORMAL,0,
OT-00723,2026-06-21 04:21:34+00:00,OT_SCADA,NORMAL,0,
CARGO-01065,2026-06-21 04:23:55+00:00,CARGO,NORMAL,0,
PHY-00092,2026-06-21 04:25:06+00:00,PHYSICAL,NORMAL,0,
NET-00230,2026-06-21 04:38:57+00:00,NETWORK,NORMAL,0,
VPN-00682,2026-06-21 04:44:33+00:00,VPN_IAM,NORMAL,0,
OT-00370,2026-06-21 04:48:49+00:00,OT_SCADA,NORMAL,0,
CARGO-00789,2026-06-21 04:51:30+00:00,CARGO,NORMAL,0,
PHY-00696,2026-06-21 04:53:05+00:00,PHYSICAL,NORMAL,0,
CARGO-00928,2026-06-21 04:53:44+00:00,CARGO,NORMAL,0,
CARGO-00346,2026-06-21 04:54:23+00:00,CARGO,NORMAL,0,
VPN-01397,2026-06-21 04:55:57+00:00,VPN_IAM,NORMAL,0,
VPN-01164,2026-06-21 05:08:04+00:00,VPN_IAM,SUSPICIOUS,1,
NET-01050,2026-06-21 05:15:27+00:00,NETWORK,NORMAL,0,
VPN-01506,2026-06-21 05:18:58+00:00,VPN_IAM,NORMAL,0,
EDR-00979,2026-06-21 05:22:03+00:00,ENDPOINT,NORMAL,0,
CARGO-00118,2026-06-21 05:22:28+00:00,CARGO,NORMAL,0,
EDR-00647,2026-06-21 05:24:00+00:00,ENDPOINT,NORMAL,0,
VPN-01096,2026-06-21 05:48:15+00:00,VPN_IAM,NORMAL,0,
CARGO-00114,2026-06-21 05:49:23+00:00,CARGO,SUSPICIOUS,1,
CARGO-01057,2026-06-21 06:02:17+00:00,CARGO,SUSPICIOUS,1,
PHY-00399,2026-06-21 06:04:23+00:00,PHYSICAL,NORMAL,0,
OT-01612,2026-06-21 06:06:30+00:00,OT_SCADA,NORMAL,0,
CARGO-00099,2026-06-21 06:07:33+00:00,CARGO,NORMAL,0,
VPN-00774,2026-06-21 06:18:50+00:00,VPN_IAM,NORMAL,0,
PHY-00765,2026-06-21 06:34:07+00:00,PHYSICAL,NORMAL,0,
CARGO-00088,2026-06-21 06:38:14+00:00,CARGO,NORMAL,0,
NET-00972,2026-06-21 06:39:19+00:00,NETWORK,SUSPICIOUS,1,
PHY-00368,2026-06-21 06:47:48+00:00,PHYSICAL,NORMAL,0,
VPN-01658,2026-06-21 06:52:50+00:00,VPN_IAM,SUSPICIOUS,1,
NET-01007,2026-06-21 06:54:24+00:00,NETWORK,NORMAL,0,
CARGO-00461,2026-06-21 07:01:25+00:00,CARGO,NORMAL,0,
NET-00655,2026-06-21 07:07:56+00:00,NETWORK,NORMAL,0,
OT-01951,2026-06-21 07:08:09+00:00,OT_SCADA,NORMAL,0,
OT-00180,2026-06-21 07:15:01+00:00,OT_SCADA,NORMAL,0,
VPN-00145,2026-06-21 07:19:07+00:00,VPN_IAM,NORMAL,0,
CARGO-00229,2026-06-21 07:20:12+00:00,CARGO,NORMAL,0,
NET-01797,2026-06-21 07:22:43+00:00,NETWORK,NORMAL,0,
NET-00651,2026-06-21 07:30:32+00:00,NETWORK,NORMAL,0,
EDR-00661,2026-06-21 07:31:36+00:00,ENDPOINT,NORMAL,0,
NET-01645,2026-06-21 07:33:26+00:00,NETWORK,NORMAL,0,
CARGO-00645,2026-06-21 07:35:56+00:00,CARGO,NORMAL,0,
VPN-00025,2026-06-21 07:40:43+00:00,VPN_IAM,NORMAL,0,
PHY-00493,2026-06-21 07:41:04+00:00,PHYSICAL,NORMAL,0,
PHY-00862,2026-06-21 07:44:13+00:00,PHYSICAL,NORMAL,0,
NET-01815,2026-06-21 07:48:57+00:00,NETWORK,NORMAL,0,
CARGO-00500,2026-06-21 07:52:49+00:00,CARGO,NORMAL,0,
OT-00531,2026-06-21 08:03:27+00:00,OT_SCADA,NORMAL,0,
EDR-00536,2026-06-21 08:07:16+00:00,ENDPOINT,NORMAL,0,
VPN-01028,2026-06-21 08:07:27+00:00,VPN_IAM,NORMAL,0,
NOTE-00283,2026-06-21 08:14:07+00:00,TEXT,NORMAL,0,
VPN-01012,2026-06-21 08:18:41+00:00,VPN_IAM,NORMAL,0,
CARGO-00151,2026-06-21 08:20:31+00:00,CARGO,NORMAL,0,
OT-00001,2026-06-21 08:22:14+00:00,OT_SCADA,NORMAL,0,
PHY-00043,2026-06-21 08:30:34+00:00,PHYSICAL,NORMAL,0,
CARGO-00704,2026-06-21 08:31:48+00:00,CARGO,NORMAL,0,
PHY-00073,2026-06-21 08:31:52+00:00,PHYSICAL,NORMAL,0,
NET-02013,2026-06-21 08:33:04+00:00,NETWORK,NORMAL,0,
OT-01023,2026-06-21 08:33:46+00:00,OT_SCADA,NORMAL,0,
CARGO-00234,2026-06-21 08:36:36+00:00,CARGO,NORMAL,0,
EDR-00975,2026-06-21 08:44:15+00:00,ENDPOINT,NORMAL,0,
VPN-00337,2026-06-21 08:44:24+00:00,VPN_IAM,NORMAL,0,
OT-01580,2026-06-21 08:48:28+00:00,OT_SCADA,NORMAL,0,
EDR-00414,2026-06-21 08:50:12+00:00,ENDPOINT,NORMAL,0,
EDR-01171,2026-06-21 08:55:11+00:00,ENDPOINT,NORMAL,0,
VPN-01284,2026-06-21 09:02:53+00:00,VPN_IAM,NORMAL,0,
OT-01466,2026-06-21 09:03:38+00:00,OT_SCADA,NORMAL,0,
NET-01648,2026-06-21 09:04:18+00:00,NETWORK,NORMAL,0,
VPN-01409,2026-06-21 09:09:58+00:00,VPN_IAM,SUSPICIOUS,1,
OT-00488,2026-06-21 09:11:54+00:00,OT_SCADA,NORMAL,0,
VPN-00920,2026-06-21 09:12:35+00:00,VPN_IAM,NORMAL,0,
VPN-00225,2026-06-21 09:13:46+00:00,VPN_IAM,NORMAL,0,
PHY-00719,2026-06-21 09:14:19+00:00,PHYSICAL,NORMAL,0,
NOTE-00184,2026-06-21 09:17:32+00:00,TEXT,SUSPICIOUS,1,
PHY-00552,2026-06-21 09:23:51+00:00,PHYSICAL,NORMAL,0,
CARGO-00161,2026-06-21 09:25:28+00:00,CARGO,NORMAL,0,
NOTE-00069,2026-06-21 09:31:23+00:00,TEXT,NORMAL,0,
CARGO-00853,2026-06-21 09:34:07+00:00,CARGO,SUSPICIOUS,1,
NET-01093,2026-06-21 09:40:45+00:00,NETWORK,NORMAL,0,
OT-01380,2026-06-21 09:41:00+00:00,OT_SCADA,NORMAL,0,
OT-00253,2026-06-21 09:42:39+00:00,OT_SCADA,NORMAL,0,
VPN-01759,2026-06-21 09:43:02+00:00,VPN_IAM,NORMAL,0,
EDR-00238,2026-06-21 09:46:11+00:00,ENDPOINT,NORMAL,0,
EDR-00250,2026-06-21 09:58:27+00:00,ENDPOINT,NORMAL,0,
EDR-00438,2026-06-21 09:58:38+00:00,ENDPOINT,NORMAL,0,
NET-00282,2026-06-21 09:59:23+00:00,NETWORK,NORMAL,0,
NET-02175,2026-06-21 10:00:30+00:00,NETWORK,NORMAL,0,
NET-02119,2026-06-21 10:00:44+00:00,NETWORK,NORMAL,0,
VPN-01717,2026-06-21 10:03:25+00:00,VPN_IAM,NORMAL,0,
NET-00099,2026-06-21 10:04:27+00:00,NETWORK,NORMAL,0,
CARGO-00150,2026-06-21 10:07:58+00:00,CARGO,NORMAL,0,
OT-00872,2026-06-21 10:10:14+00:00,OT_SCADA,NORMAL,0,
EDR-00899,2026-06-21 10:12:25+00:00,ENDPOINT,NORMAL,0,
VPN-01583,2026-06-21 10:12:41+00:00,VPN_IAM,NORMAL,0,
VPN-01072,2026-06-21 10:15:01+00:00,VPN_IAM,NORMAL,0,
OT-01566,2026-06-21 10:37:03+00:00,OT_SCADA,NORMAL,0,
EDR-00554,2026-06-21 10:38:24+00:00,ENDPOINT,NORMAL,0,
PHY-00160,2026-06-21 10:39:50+00:00,PHYSICAL,NORMAL,0,
NET-00868,2026-06-21 10:41:12+00:00,NETWORK,NORMAL,0,
NET-00824,2026-06-21 10:43:50+00:00,NETWORK,NORMAL,0,
NET-00617,2026-06-21 10:46:06+00:00,NETWORK,NORMAL,0,
NET-00114,2026-06-21 10:46:20+00:00,NETWORK,NORMAL,0,
VPN-00156,2026-06-21 10:46:24+00:00,VPN_IAM,NORMAL,0,
PHY-00414,2026-06-21 10:49:32+00:00,PHYSICAL,NORMAL,0,
NET-00922,2026-06-21 10:50:00+00:00,NETWORK,SUSPICIOUS,1,
NET-00418,2026-06-21 10:56:25+00:00,NETWORK,NORMAL,0,
OT-01365,2026-06-21 11:00:15+00:00,OT_SCADA,NORMAL,0,
CARGO-00914,2026-06-21 11:01:00+00:00,CARGO,NORMAL,0,
EDR-00152,2026-06-21 11:02:39+00:00,ENDPOINT,NORMAL,0,
NOTE-00003,2026-06-21 11:05:16+00:00,TEXT,NORMAL,0,
OT-01537,2026-06-21 11:10:37+00:00,OT_SCADA,NORMAL,0,
CARGO-01171,2026-06-21 11:24:24+00:00,CARGO,NORMAL,0,
NET-01261,2026-06-21 11:26:53+00:00,NETWORK,SUSPICIOUS,1,
OT-00891,2026-06-21 11:34:52+00:00,OT_SCADA,NORMAL,0,
NET-01200,2026-06-21 11:35:01+00:00,NETWORK,NORMAL,0,
VPN-00411,2026-06-21 11:36:31+00:00,VPN_IAM,NORMAL,0,
CARGO-00332,2026-06-21 11:37:25+00:00,CARGO,NORMAL,0,
VPN-00560,2026-06-21 11:45:41+00:00,VPN_IAM,NORMAL,0,
NOTE-00062,2026-06-21 11:46:22+00:00,TEXT,NORMAL,0,
OT-00889,2026-06-21 11:47:06+00:00,OT_SCADA,NORMAL,0,
PHY-00035,2026-06-21 11:48:12+00:00,PHYSICAL,NORMAL,0,
EDR-00788,2026-06-21 11:55:56+00:00,ENDPOINT,NORMAL,0,
VPN-00293,2026-06-21 12:02:10+00:00,VPN_IAM,NORMAL,0,
CARGO-01147,2026-06-21 12:02:32+00:00,CARGO,NORMAL,0,
OT-01413,2026-06-21 12:04:39+00:00,OT_SCADA,NORMAL,0,
PHY-00037,2026-06-21 12:05:34+00:00,PHYSICAL,NORMAL,0,
VPN-01556,2026-06-21 12:05:51+00:00,VPN_IAM,NORMAL,0,
CARGO-01063,2026-06-21 12:18:11+00:00,CARGO,NORMAL,0,
CARGO-01062,2026-06-21 12:18:14+00:00,CARGO,NORMAL,0,
PHY-00250,2026-06-21 12:19:45+00:00,PHYSICAL,NORMAL,0,
NET-00884,2026-06-21 12:19:45+00:00,NETWORK,NORMAL,0,
VPN-01124,2026-06-21 12:23:29+00:00,VPN_IAM,NORMAL,0,
CARGO-00057,2026-06-21 12:32:30+00:00,CARGO,NORMAL,0,
NET-02036,2026-06-21 12:36:47+00:00,NETWORK,NORMAL,0,
OT-01153,2026-06-21 12:40:44+00:00,OT_SCADA,NORMAL,0,
OT-01211,2026-06-21 12:45:51+00:00,OT_SCADA,NORMAL,0,
VPN-01625,2026-06-21 12:48:43+00:00,VPN_IAM,NORMAL,0,
VPN-01419,2026-06-21 12:54:26+00:00,VPN_IAM,NORMAL,0,
EDR-01165,2026-06-21 13:04:36+00:00,ENDPOINT,NORMAL,0,
PHY-00859,2026-06-21 13:05:17+00:00,PHYSICAL,NORMAL,0,
OT-01578,2026-06-21 13:07:32+00:00,OT_SCADA,NORMAL,0,
PHY-00266,2026-06-21 13:09:26+00:00,PHYSICAL,NORMAL,0,
NET-01675,2026-06-21 13:10:56+00:00,NETWORK,NORMAL,0,
PHY-00881,2026-06-21 13:12:20+00:00,PHYSICAL,NORMAL,0,
CARGO-00005,2026-06-21 13:15:53+00:00,CARGO,NORMAL,0,
OT-01889,2026-06-21 13:20:13+00:00,OT_SCADA,NORMAL,0,
OT-00816,2026-06-21 13:22:40+00:00,OT_SCADA,NORMAL,0,
NET-00866,2026-06-21 13:32:56+00:00,NETWORK,NORMAL,0,
EDR-01189,2026-06-21 13:33:07+00:00,ENDPOINT,NORMAL,0,
NET-02177,2026-06-21 13:34:21+00:00,NETWORK,NORMAL,0,
OT-01299,2026-06-21 13:41:28+00:00,OT_SCADA,NORMAL,0,
PHY-00972,2026-06-21 13:44:25+00:00,PHYSICAL,NORMAL,0,
NET-01112,2026-06-21 13:50:54+00:00,NETWORK,NORMAL,0,
OT-01652,2026-06-21 13:52:12+00:00,OT_SCADA,NORMAL,0,
OT-00571,2026-06-21 13:56:05+00:00,OT_SCADA,NORMAL,0,
EDR-00842,2026-06-21 14:05:08+00:00,ENDPOINT,NORMAL,0,
CARGO-00051,2026-06-21 14:16:05+00:00,CARGO,NORMAL,0,
VPN-01776,2026-06-21 14:16:37+00:00,VPN_IAM,NORMAL,0,
PHY-00730,2026-06-21 14:17:16+00:00,PHYSICAL,SUSPICIOUS,1,
CARGO-00385,2026-06-21 14:17:35+00:00,CARGO,NORMAL,0,
OT-01787,2026-06-21 14:18:33+00:00,OT_SCADA,NORMAL,0,
NET-00286,2026-06-21 14:18:58+00:00,NETWORK,NORMAL,0,
OT-01611,2026-06-21 14:25:24+00:00,OT_SCADA,NORMAL,0,
NET-00257,2026-06-21 14:29:21+00:00,NETWORK,NORMAL,0,
VPN-01634,2026-06-21 14:34:31+00:00,VPN_IAM,NORMAL,0,
OT-01011,2026-06-21 14:41:05+00:00,OT_SCADA,SUSPICIOUS,1,
OT-00329,2026-06-21 14:42:54+00:00,OT_SCADA,NORMAL,0,
VPN-00802,2026-06-21 14:44:20+00:00,VPN_IAM,NORMAL,0,
NET-00484,2026-06-21 14:48:57+00:00,NETWORK,NORMAL,0,
EDR-00134,2026-06-21 14:53:08+00:00,ENDPOINT,NORMAL,0,
VPN-00643,2026-06-21 14:55:12+00:00,VPN_IAM,NORMAL,0,
OT-00439,2026-06-21 14:57:00+00:00,OT_SCADA,NORMAL,0,
VPN-01613,2026-06-21 14:57:14+00:00,VPN_IAM,NORMAL,0,
OT-00869,2026-06-21 15:02:12+00:00,OT_SCADA,NORMAL,0,
NET-01609,2026-06-21 15:06:34+00:00,NETWORK,NORMAL,0,
CARGO-01068,2026-06-21 15:08:36+00:00,CARGO,NORMAL,0,
NET-00490,2026-06-21 15:08:49+00:00,NETWORK,NORMAL,0,
OT-01412,2026-06-21 15:14:12+00:00,OT_SCADA,NORMAL,0,
VPN-00649,2026-06-21 15:15:59+00:00,VPN_IAM,NORMAL,0,
PHY-00485,2026-06-21 15:18:28+00:00,PHYSICAL,NORMAL,0,
NET-01016,2026-06-21 15:30:15+00:00,NETWORK,NORMAL,0,
NET-00005,2026-06-21 15:46:20+00:00,NETWORK,NORMAL,0,
NET-00838,2026-06-21 15:47:02+00:00,NETWORK,NORMAL,0,
NET-01646,2026-06-21 15:55:10+00:00,NETWORK,NORMAL,0,
VPN-00342,2026-06-21 15:56:14+00:00,VPN_IAM,NORMAL,0,
OT-00762,2026-06-21 15:59:22+00:00,OT_SCADA,SUSPICIOUS,1,
EDR-00618,2026-06-21 16:00:22+00:00,ENDPOINT,NORMAL,0,
OT-01791,2026-06-21 16:05:14+00:00,OT_SCADA,SUSPICIOUS,1,
NET-00764,2026-06-21 16:08:50+00:00,NETWORK,NORMAL,0,
VPN-01516,2026-06-21 16:08:53+00:00,VPN_IAM,NORMAL,0,
OT-01243,2026-06-21 16:10:45+00:00,OT_SCADA,NORMAL,0,
EDR-00384,2026-06-21 16:13:50+00:00,ENDPOINT,NORMAL,0,
VPN-00368,2026-06-21 16:20:20+00:00,VPN_IAM,NORMAL,0,
OT-01132,2026-06-21 16:25:20+00:00,OT_SCADA,NORMAL,0,
EDR-00558,2026-06-21 16:35:59+00:00,ENDPOINT,NORMAL,0,
OT-01040,2026-06-21 16:46:42+00:00,OT_SCADA,NORMAL,0,
NET-00102,2026-06-21 16:47:34+00:00,NETWORK,SUSPICIOUS,1,
NET-01856,2026-06-21 16:54:09+00:00,NETWORK,NORMAL,0,
OT-01198,2026-06-21 16:57:17+00:00,OT_SCADA,NORMAL,0,
NET-01662,2026-06-21 17:04:57+00:00,NETWORK,NORMAL,0,
NET-00606,2026-06-21 17:14:47+00:00,NETWORK,NORMAL,0,
CARGO-00075,2026-06-21 17:23:59+00:00,CARGO,NORMAL,0,
PHY-00172,2026-06-21 17:27:47+00:00,PHYSICAL,NORMAL,0,
EDR-00066,2026-06-21 17:30:57+00:00,ENDPOINT,NORMAL,0,
OT-00525,2026-06-21 17:30:58+00:00,OT_SCADA,NORMAL,0,
VPN-00699,2026-06-21 17:32:44+00:00,VPN_IAM,NORMAL,0,
CARGO-01033,2026-06-21 17:36:04+00:00,CARGO,NORMAL,0,
OT-01913,2026-06-21 17:58:12+00:00,OT_SCADA,NORMAL,0,
CARGO-00066,2026-06-21 17:59:04+00:00,CARGO,NORMAL,0,
VPN-00323,2026-06-21 18:01:54+00:00,VPN_IAM,NORMAL,0,
NET-01673,2026-06-21 18:11:14+00:00,NETWORK,NORMAL,0,
PHY-00617,2026-06-21 18:12:30+00:00,PHYSICAL,NORMAL,0,
VPN-00598,2026-06-21 18:13:39+00:00,VPN_IAM,NORMAL,0,
NOTE-00174,2026-06-21 18:17:00+00:00,TEXT,SUSPICIOUS,1,
OT-01175,2026-06-21 18:17:23+00:00,OT_SCADA,NORMAL,0,
NET-00409,2026-06-21 18:20:41+00:00,NETWORK,NORMAL,0,
VPN-00047,2026-06-21 18:26:38+00:00,VPN_IAM,NORMAL,0,
OT-01423,2026-06-21 18:27:34+00:00,OT_SCADA,NORMAL,0,
NET-02178,2026-06-21 18:28:29+00:00,NETWORK,NORMAL,0,
VPN-00030,2026-06-21 18:34:36+00:00,VPN_IAM,NORMAL,0,
OT-00082,2026-06-21 18:39:37+00:00,OT_SCADA,NORMAL,0,
EDR-00594,2026-06-21 18:56:23+00:00,ENDPOINT,SUSPICIOUS,1,
VPN-00160,2026-06-21 19:04:21+00:00,VPN_IAM,NORMAL,0,
VPN-01167,2026-06-21 19:06:32+00:00,VPN_IAM,NORMAL,0,
VPN-01437,2026-06-21 19:10:06+00:00,VPN_IAM,NORMAL,0,
VPN-00010,2026-06-21 19:16:52+00:00,VPN_IAM,NORMAL,0,
VPN-01342,2026-06-21 19:24:21+00:00,VPN_IAM,NORMAL,0,
NET-01947,2026-06-21 19:30:08+00:00,NETWORK,NORMAL,0,
EDR-00331,2026-06-21 19:30:59+00:00,ENDPOINT,NORMAL,0,
CARGO-00144,2026-06-21 19:32:03+00:00,CARGO,NORMAL,0,
NET-00915,2026-06-21 19:32:17+00:00,NETWORK,NORMAL,0,
VPN-01796,2026-06-21 19:41:19+00:00,VPN_IAM,NORMAL,0,
EDR-00731,2026-06-21 19:42:30+00:00,ENDPOINT,NORMAL,0,
PHY-00036,2026-06-21 19:47:44+00:00,PHYSICAL,NORMAL,0,
CARGO-00233,2026-06-21 19:48:04+00:00,CARGO,NORMAL,0,
OT-01732,2026-06-21 19:48:54+00:00,OT_SCADA,NORMAL,0,
VPN-00255,2026-06-21 20:02:20+00:00,VPN_IAM,NORMAL,0,
VPN-00882,2026-06-21 20:02:34+00:00,VPN_IAM,NORMAL,0,
NET-00461,2026-06-21 20:03:52+00:00,NETWORK,NORMAL,0,
PHY-00294,2026-06-21 20:06:14+00:00,PHYSICAL,NORMAL,0,
PHY-00217,2026-06-21 20:16:35+00:00,PHYSICAL,NORMAL,0,
NET-01463,2026-06-21 20:18:28+00:00,NETWORK,NORMAL,0,
OT-00287,2026-06-21 20:18:42+00:00,OT_SCADA,NORMAL,0,
PHY-00529,2026-06-21 20:28:26+00:00,PHYSICAL,NORMAL,0,
EDR-00002,2026-06-21 20:29:28+00:00,ENDPOINT,NORMAL,0,
OT-01567,2026-06-21 20:30:23+00:00,OT_SCADA,NORMAL,0,
EDR-00687,2026-06-21 20:32:22+00:00,ENDPOINT,NORMAL,0,
VPN-00475,2026-06-21 20:41:56+00:00,VPN_IAM,NORMAL,0,
OT-01663,2026-06-21 20:43:56+00:00,OT_SCADA,NORMAL,0,
OT-01000,2026-06-21 20:53:25+00:00,OT_SCADA,NORMAL,0,
OT-01221,2026-06-21 20:57:10+00:00,OT_SCADA,NORMAL,0,
PHY-00275,2026-06-21 21:01:01+00:00,PHYSICAL,NORMAL,0,
VPN-01047,2026-06-21 21:13:11+00:00,VPN_IAM,NORMAL,0,
NET-00150,2026-06-21 21:19:42+00:00,NETWORK,NORMAL,0,
VPN-00126,2026-06-21 21:29:31+00:00,VPN_IAM,NORMAL,0,
NET-00255,2026-06-21 21:32:20+00:00,NETWORK,NORMAL,0,
NET-00809,2026-06-21 21:40:43+00:00,NETWORK,SUSPICIOUS,1,
NET-01851,2026-06-21 21:58:51+00:00,NETWORK,SUSPICIOUS,1,
PHY-00418,2026-06-21 21:59:12+00:00,PHYSICAL,NORMAL,0,
EDR-00075,2026-06-21 21:59:38+00:00,ENDPOINT,SUSPICIOUS,1,
VPN-00274,2026-06-21 22:00:41+00:00,VPN_IAM,NORMAL,0,
NOTE-00273,2026-06-21 22:02:53+00:00,TEXT,SUSPICIOUS,1,
OT-00570,2026-06-21 22:07:16+00:00,OT_SCADA,NORMAL,0,
NOTE-00255,2026-06-21 22:13:03+00:00,TEXT,NORMAL,0,
OT-01152,2026-06-21 22:13:46+00:00,OT_SCADA,NORMAL,0,
NET-01917,2026-06-21 22:19:50+00:00,NETWORK,SUSPICIOUS,1,
CARGO-00663,2026-06-21 22:23:00+00:00,CARGO,NORMAL,0,
PHY-00627,2026-06-21 22:24:49+00:00,PHYSICAL,NORMAL,0,
NET-01180,2026-06-21 22:27:54+00:00,NETWORK,NORMAL,0,
CARGO-00497,2026-06-21 22:31:31+00:00,CARGO,NORMAL,0,
PHY-00516,2026-06-21 22:32:09+00:00,PHYSICAL,NORMAL,0,
OT-00737,2026-06-21 22:36:21+00:00,OT_SCADA,NORMAL,0,
NET-01761,2026-06-21 22:39:17+00:00,NETWORK,NORMAL,0,
CARGO-00326,2026-06-21 22:41:52+00:00,CARGO,NORMAL,0,
VPN-00448,2026-06-21 22:53:51+00:00,VPN_IAM,NORMAL,0,
OT-00575,2026-06-21 22:55:24+00:00,OT_SCADA,NORMAL,0,
OT-01226,2026-06-21 22:58:10+00:00,OT_SCADA,NORMAL,0,
OT-01917,2026-06-21 23:03:16+00:00,OT_SCADA,NORMAL,0,
PHY-00833,2026-06-21 23:03:19+00:00,PHYSICAL,NORMAL,0,
VPN-00198,2026-06-21 23:16:49+00:00,VPN_IAM,NORMAL,0,
VPN-00015,2026-06-21 23:25:43+00:00,VPN_IAM,NORMAL,0,
EDR-00148,2026-06-21 23:28:12+00:00,ENDPOINT,NORMAL,0,
OT-00228,2026-06-21 23:29:54+00:00,OT_SCADA,NORMAL,0,
PHY-00537,2026-06-21 23:32:03+00:00,PHYSICAL,NORMAL,0,
OT-01254,2026-06-21 23:34:06+00:00,OT_SCADA,NORMAL,0,
PHY-00102,2026-06-21 23:47:11+00:00,PHYSICAL,NORMAL,0,
OT-01296,2026-06-21 23:57:37+00:00,OT_SCADA,NORMAL,0,
OT-00747,2026-06-21 23:58:32+00:00,OT_SCADA,NORMAL,0,
CARGO-00255,2026-06-22 00:01:13+00:00,CARGO,NORMAL,0,
OT-01984,2026-06-22 00:04:10+00:00,OT_SCADA,NORMAL,0,
NET-00341,2026-06-22 00:06:02+00:00,NETWORK,NORMAL,0,
CARGO-00023,2026-06-22 00:08:46+00:00,CARGO,NORMAL,0,
PHY-00598,2026-06-22 00:12:39+00:00,PHYSICAL,NORMAL,0,
VPN-00283,2026-06-22 00:21:14+00:00,VPN_IAM,NORMAL,0,
CARGO-00110,2026-06-22 00:21:42+00:00,CARGO,NORMAL,0,
OT-01772,2026-06-22 00:26:14+00:00,OT_SCADA,NORMAL,0,
OT-01051,2026-06-22 00:26:24+00:00,OT_SCADA,NORMAL,0,
VPN-01324,2026-06-22 00:30:18+00:00,VPN_IAM,NORMAL,0,
NET-01847,2026-06-22 00:33:47+00:00,NETWORK,NORMAL,0,
VPN-00656,2026-06-22 00:37:50+00:00,VPN_IAM,NORMAL,0,
PHY-00141,2026-06-22 00:42:53+00:00,PHYSICAL,NORMAL,0,
EDR-01108,2026-06-22 00:45:20+00:00,ENDPOINT,NORMAL,0,
OT-00759,2026-06-22 00:49:29+00:00,OT_SCADA,NORMAL,0,
OT-00140,2026-06-22 00:50:06+00:00,OT_SCADA,NORMAL,0,
NET-00790,2026-06-22 00:50:16+00:00,NETWORK,NORMAL,0,
NET-01122,2026-06-22 00:51:08+00:00,NETWORK,NORMAL,0,
CARGO-00160,2026-06-22 00:56:34+00:00,CARGO,NORMAL,0,
OT-01360,2026-06-22 00:57:07+00:00,OT_SCADA,NORMAL,0,
NET-01683,2026-06-22 01:00:17+00:00,NETWORK,NORMAL,0,
EDR-00922,2026-06-22 01:04:54+00:00,ENDPOINT,NORMAL,0,
OT-00459,2026-06-22 01:05:36+00:00,OT_SCADA,NORMAL,0,
NET-01577,2026-06-22 01:09:51+00:00,NETWORK,NORMAL,0,
PHY-00821,2026-06-22 01:10:16+00:00,PHYSICAL,NORMAL,0,
VPN-00951,2026-06-22 01:11:32+00:00,VPN_IAM,NORMAL,0,
EDR-00702,2026-06-22 01:15:40+00:00,ENDPOINT,NORMAL,0,
OT-01615,2026-06-22 01:17:42+00:00,OT_SCADA,NORMAL,0,
VPN-00842,2026-06-22 01:24:41+00:00,VPN_IAM,NORMAL,0,
NOTE-00050,2026-06-22 01:28:33+00:00,TEXT,SUSPICIOUS,1,
PHY-00186,2026-06-22 01:31:28+00:00,PHYSICAL,NORMAL,0,
VPN-01110,2026-06-22 01:39:20+00:00,VPN_IAM,NORMAL,0,
NET-00301,2026-06-22 01:41:57+00:00,NETWORK,NORMAL,0,
EDR-00771,2026-06-22 01:45:18+00:00,ENDPOINT,NORMAL,0,
EDR-00803,2026-06-22 01:50:49+00:00,ENDPOINT,NORMAL,0,
EDR-00119,2026-06-22 01:53:05+00:00,ENDPOINT,NORMAL,0,
CARGO-01021,2026-06-22 01:55:46+00:00,CARGO,NORMAL,0,
OT-01667,2026-06-22 02:01:50+00:00,OT_SCADA,NORMAL,0,
VPN-00061,2026-06-22 02:03:01+00:00,VPN_IAM,NORMAL,0,
OT-00516,2026-06-22 02:09:16+00:00,OT_SCADA,NORMAL,0,
NET-02197,2026-06-22 02:19:28+00:00,NETWORK,NORMAL,0,
CARGO-01048,2026-06-22 02:27:16+00:00,CARGO,NORMAL,0,
NET-01909,2026-06-22 02:32:18+00:00,NETWORK,NORMAL,0,
OT-00794,2026-06-22 02:35:30+00:00,OT_SCADA,NORMAL,0,
NOTE-00172,2026-06-22 02:41:51+00:00,TEXT,SUSPICIOUS,1,
PHY-00075,2026-06-22 02:42:26+00:00,PHYSICAL,NORMAL,0,
VPN-00351,2026-06-22 02:42:32+00:00,VPN_IAM,NORMAL,0,
OT-00980,2026-06-22 02:42:49+00:00,OT_SCADA,NORMAL,0,
CARGO-00296,2026-06-22 02:46:56+00:00,CARGO,NORMAL,0,
PHY-00494,2026-06-22 02:47:07+00:00,PHYSICAL,NORMAL,0,
VPN-01756,2026-06-22 02:47:25+00:00,VPN_IAM,NORMAL,0,
VPN-01036,2026-06-22 02:52:18+00:00,VPN_IAM,NORMAL,0,
NET-00878,2026-06-22 02:58:21+00:00,NETWORK,NORMAL,0,
NET-00349,2026-06-22 03:00:28+00:00,NETWORK,NORMAL,0,
OT-01290,2026-06-22 03:00:45+00:00,OT_SCADA,NORMAL,0,
OT-00680,2026-06-22 03:09:51+00:00,OT_SCADA,NORMAL,0,
PHY-00610,2026-06-22 03:15:10+00:00,PHYSICAL,NORMAL,0,
NET-00636,2026-06-22 03:22:59+00:00,NETWORK,NORMAL,0,
NET-00867,2026-06-22 03:32:28+00:00,NETWORK,NORMAL,0,
NOTE-00137,2026-06-22 03:35:03+00:00,TEXT,NORMAL,0,
PHY-00034,2026-06-22 03:39:31+00:00,PHYSICAL,NORMAL,0,
PHY-00928,2026-06-22 03:42:35+00:00,PHYSICAL,NORMAL,0,
EDR-00882,2026-06-22 03:50:32+00:00,ENDPOINT,NORMAL,0,
VPN-01159,2026-06-22 03:55:24+00:00,VPN_IAM,NORMAL,0,
EDR-00048,2026-06-22 03:56:24+00:00,ENDPOINT,NORMAL,0,
NET-01748,2026-06-22 04:06:37+00:00,NETWORK,NORMAL,0,
OT-01227,2026-06-22 04:28:52+00:00,OT_SCADA,NORMAL,0,
NET-01283,2026-06-22 04:31:50+00:00,NETWORK,NORMAL,0,
OT-00243,2026-06-22 04:32:05+00:00,OT_SCADA,NORMAL,0,
CARGO-01126,2026-06-22 04:35:50+00:00,CARGO,NORMAL,0,
CARGO-00556,2026-06-22 04:37:45+00:00,CARGO,NORMAL,0,
OT-00014,2026-06-22 04:45:04+00:00,OT_SCADA,NORMAL,0,
NET-00034,2026-06-22 05:02:34+00:00,NETWORK,NORMAL,0,
PHY-00670,2026-06-22 05:03:47+00:00,PHYSICAL,NORMAL,0,
PHY-00303,2026-06-22 05:04:01+00:00,PHYSICAL,SUSPICIOUS,1,
OT-00909,2026-06-22 05:04:22+00:00,OT_SCADA,NORMAL,0,
PHY-00125,2026-06-22 05:05:02+00:00,PHYSICAL,NORMAL,0,
OT-00405,2026-06-22 05:05:31+00:00,OT_SCADA,NORMAL,0,
VPN-01742,2026-06-22 05:13:30+00:00,VPN_IAM,NORMAL,0,
VPN-00724,2026-06-22 05:14:57+00:00,VPN_IAM,NORMAL,0,
EDR-00370,2026-06-22 05:18:42+00:00,ENDPOINT,NORMAL,0,
NET-01460,2026-06-22 05:23:29+00:00,NETWORK,NORMAL,0,
VPN-01468,2026-06-22 05:23:44+00:00,VPN_IAM,NORMAL,0,
OT-01686,2026-06-22 05:27:12+00:00,OT_SCADA,NORMAL,0,
PHY-00622,2026-06-22 05:29:11+00:00,PHYSICAL,NORMAL,0,
EDR-00050,2026-06-22 05:33:34+00:00,ENDPOINT,NORMAL,0,
VPN-01793,2026-06-22 05:34:07+00:00,VPN_IAM,NORMAL,0,
NET-00032,2026-06-22 05:36:10+00:00,NETWORK,NORMAL,0,
CARGO-00733,2026-06-22 05:41:04+00:00,CARGO,NORMAL,0,
VPN-01794,2026-06-22 05:44:04+00:00,VPN_IAM,NORMAL,0,
OT-01053,2026-06-22 05:44:23+00:00,OT_SCADA,NORMAL,0,
OT-01277,2026-06-22 05:46:34+00:00,OT_SCADA,NORMAL,0,
OT-01508,2026-06-22 05:53:16+00:00,OT_SCADA,NORMAL,0,
CARGO-00975,2026-06-22 05:53:54+00:00,CARGO,NORMAL,0,
VPN-00538,2026-06-22 05:54:14+00:00,VPN_IAM,NORMAL,0,
OT-01302,2026-06-22 06:03:02+00:00,OT_SCADA,NORMAL,0,
CARGO-00737,2026-06-22 06:04:15+00:00,CARGO,NORMAL,0,
OT-01870,2026-06-22 06:06:22+00:00,OT_SCADA,NORMAL,0,
PHY-00451,2026-06-22 06:17:32+00:00,PHYSICAL,NORMAL,0,
NET-01528,2026-06-22 06:29:10+00:00,NETWORK,NORMAL,0,
VPN-00049,2026-06-22 06:29:36+00:00,VPN_IAM,NORMAL,0,
NET-00469,2026-06-22 06:30:03+00:00,NETWORK,NORMAL,0,
CARGO-01044,2026-06-22 06:30:46+00:00,CARGO,NORMAL,0,
NET-00449,2026-06-22 06:31:27+00:00,NETWORK,NORMAL,0,
PHY-00249,2026-06-22 06:50:24+00:00,PHYSICAL,NORMAL,0,
NET-01814,2026-06-22 06:50:56+00:00,NETWORK,NORMAL,0,
VPN-00715,2026-06-22 06:56:39+00:00,VPN_IAM,NORMAL,0,
EDR-00688,2026-06-22 06:56:49+00:00,ENDPOINT,NORMAL,0,
VPN-00697,2026-06-22 07:04:59+00:00,VPN_IAM,NORMAL,0,
PHY-00793,2026-06-22 07:05:44+00:00,PHYSICAL,NORMAL,0,
NET-00802,2026-06-22 07:12:28+00:00,NETWORK,NORMAL,0,
PHY-00688,2026-06-22 07:17:34+00:00,PHYSICAL,NORMAL,0,
CARGO-00655,2026-06-22 07:18:08+00:00,CARGO,NORMAL,0,
VPN-00575,2026-06-22 07:21:00+00:00,VPN_IAM,NORMAL,0,
CARGO-00703,2026-06-22 07:23:20+00:00,CARGO,NORMAL,0,
NOTE-00293,2026-06-22 07:26:53+00:00,TEXT,NORMAL,0,
NET-01269,2026-06-22 07:29:07+00:00,NETWORK,SUSPICIOUS,1,
NET-00290,2026-06-22 07:29:16+00:00,NETWORK,NORMAL,0,
NET-00029,2026-06-22 07:31:50+00:00,NETWORK,NORMAL,0,
NET-01871,2026-06-22 07:40:40+00:00,NETWORK,NORMAL,0,
CARGO-01124,2026-06-22 07:43:56+00:00,CARGO,NORMAL,0,
NET-01413,2026-06-22 07:45:47+00:00,NETWORK,NORMAL,0,
OT-00674,2026-06-22 07:49:23+00:00,OT_SCADA,NORMAL,0,
NET-01637,2026-06-22 07:56:09+00:00,NETWORK,NORMAL,0,
OT-00671,2026-06-22 07:57:10+00:00,OT_SCADA,NORMAL,0,
EDR-00746,2026-06-22 08:07:01+00:00,ENDPOINT,NORMAL,0,
OT-01873,2026-06-22 08:22:45+00:00,OT_SCADA,NORMAL,0,
VPN-01387,2026-06-22 08:26:26+00:00,VPN_IAM,NORMAL,0,
VPN-00014,2026-06-22 08:26:48+00:00,VPN_IAM,NORMAL,0,
CARGO-00362,2026-06-22 08:27:19+00:00,CARGO,NORMAL,0,
NET-01925,2026-06-22 08:39:41+00:00,NETWORK,NORMAL,0,
CARGO-01174,2026-06-22 08:42:12+00:00,CARGO,NORMAL,0,
VPN-00870,2026-06-22 08:42:13+00:00,VPN_IAM,NORMAL,0,
CARGO-00657,2026-06-22 08:43:20+00:00,CARGO,NORMAL,0,
NET-01482,2026-06-22 08:44:32+00:00,NETWORK,NORMAL,0,
VPN-00318,2026-06-22 08:56:16+00:00,VPN_IAM,NORMAL,0,
CARGO-00058,2026-06-22 08:57:00+00:00,CARGO,NORMAL,0,
PHY-00329,2026-06-22 09:06:22+00:00,PHYSICAL,NORMAL,0,
PHY-00138,2026-06-22 09:06:22+00:00,PHYSICAL,NORMAL,0,
OT-01103,2026-06-22 09:09:16+00:00,OT_SCADA,NORMAL,0,
NOTE-00179,2026-06-22 09:22:04+00:00,TEXT,NORMAL,0,
VPN-00174,2026-06-22 09:27:26+00:00,VPN_IAM,NORMAL,0,
EDR-00722,2026-06-22 09:33:28+00:00,ENDPOINT,NORMAL,0,
EDR-00611,2026-06-22 09:40:11+00:00,ENDPOINT,NORMAL,0,
VPN-00473,2026-06-22 09:44:40+00:00,VPN_IAM,NORMAL,0,
OT-01346,2026-06-22 09:44:52+00:00,OT_SCADA,SUSPICIOUS,1,
VPN-01714,2026-06-22 09:45:27+00:00,VPN_IAM,NORMAL,0,
NET-01502,2026-06-22 09:45:33+00:00,NETWORK,NORMAL,0,
NET-01490,2026-06-22 09:45:35+00:00,NETWORK,NORMAL,0,
CARGO-00411,2026-06-22 09:46:31+00:00,CARGO,NORMAL,0,
NET-01927,2026-06-22 09:49:07+00:00,NETWORK,NORMAL,0,
NET-01911,2026-06-22 10:07:06+00:00,NETWORK,NORMAL,0,
PHY-00689,2026-06-22 10:10:07+00:00,PHYSICAL,NORMAL,0,
OT-00729,2026-06-22 10:15:56+00:00,OT_SCADA,NORMAL,0,
PHY-00810,2026-06-22 10:17:31+00:00,PHYSICAL,NORMAL,0,
VPN-01013,2026-06-22 10:28:12+00:00,VPN_IAM,NORMAL,0,
NOTE-00178,2026-06-22 10:32:42+00:00,TEXT,NORMAL,0,
NET-00116,2026-06-22 10:35:48+00:00,NETWORK,SUSPICIOUS,1,
OT-00803,2026-06-22 10:40:48+00:00,OT_SCADA,NORMAL,0,
VPN-00634,2026-06-22 10:45:46+00:00,VPN_IAM,NORMAL,0,
OT-01848,2026-06-22 10:53:57+00:00,OT_SCADA,NORMAL,0,
EDR-00092,2026-06-22 10:54:44+00:00,ENDPOINT,NORMAL,0,
NET-01481,2026-06-22 10:55:49+00:00,NETWORK,NORMAL,0,
EDR-00377,2026-06-22 10:58:13+00:00,ENDPOINT,NORMAL,0,
NET-01258,2026-06-22 11:10:38+00:00,NETWORK,NORMAL,0,
VPN-00361,2026-06-22 11:10:46+00:00,VPN_IAM,NORMAL,0,
NET-01191,2026-06-22 11:18:17+00:00,NETWORK,NORMAL,0,
EDR-01080,2026-06-22 11:20:06+00:00,ENDPOINT,NORMAL,0,
CARGO-00485,2026-06-22 11:29:36+00:00,CARGO,NORMAL,0,
EDR-00522,2026-06-22 11:42:38+00:00,ENDPOINT,NORMAL,0,
OT-01225,2026-06-22 11:45:41+00:00,OT_SCADA,NORMAL,0,
EDR-00105,2026-06-22 12:00:50+00:00,ENDPOINT,NORMAL,0,
OT-00613,2026-06-22 12:04:37+00:00,OT_SCADA,NORMAL,0,
NET-00959,2026-06-22 12:05:38+00:00,NETWORK,NORMAL,0,
VPN-00655,2026-06-22 12:05:38+00:00,VPN_IAM,NORMAL,0,
OT-01240,2026-06-22 12:20:58+00:00,OT_SCADA,NORMAL,0,
NOTE-00234,2026-06-22 12:25:12+00:00,TEXT,NORMAL,0,
NET-02005,2026-06-22 12:28:41+00:00,NETWORK,NORMAL,0,
VPN-00589,2026-06-22 12:33:23+00:00,VPN_IAM,SUSPICIOUS,1,
OT-01349,2026-06-22 12:46:25+00:00,OT_SCADA,NORMAL,0,
VPN-01518,2026-06-22 12:49:55+00:00,VPN_IAM,NORMAL,0,
OT-01149,2026-06-22 12:57:18+00:00,OT_SCADA,NORMAL,0,
OT-01456,2026-06-22 13:01:23+00:00,OT_SCADA,NORMAL,0,
VPN-00360,2026-06-22 13:06:08+00:00,VPN_IAM,NORMAL,0,
NOTE-00298,2026-06-22 13:13:12+00:00,TEXT,SUSPICIOUS,1,
NET-01316,2026-06-22 13:18:19+00:00,NETWORK,NORMAL,0,
EDR-00841,2026-06-22 13:22:51+00:00,ENDPOINT,NORMAL,0,
PHY-00929,2026-06-22 13:24:04+00:00,PHYSICAL,NORMAL,0,
NOTE-00210,2026-06-22 13:25:23+00:00,TEXT,NORMAL,0,
NET-01589,2026-06-22 13:27:26+00:00,NETWORK,NORMAL,0,
OT-01131,2026-06-22 13:28:09+00:00,OT_SCADA,NORMAL,0,
NET-01859,2026-06-22 13:28:12+00:00,NETWORK,NORMAL,0,
VPN-01254,2026-06-22 13:32:05+00:00,VPN_IAM,NORMAL,0,
NET-00847,2026-06-22 13:33:31+00:00,NETWORK,NORMAL,0,
NET-01544,2026-06-22 13:38:51+00:00,NETWORK,NORMAL,0,
NET-01447,2026-06-22 13:47:12+00:00,NETWORK,NORMAL,0,
NET-00741,2026-06-22 13:49:09+00:00,NETWORK,NORMAL,0,
VPN-00080,2026-06-22 13:51:01+00:00,VPN_IAM,NORMAL,0,
OT-01810,2026-06-22 13:54:21+00:00,OT_SCADA,NORMAL,0,
EDR-00264,2026-06-22 13:56:36+00:00,ENDPOINT,NORMAL,0,
OT-01745,2026-06-22 14:10:47+00:00,OT_SCADA,NORMAL,0,
OT-01992,2026-06-22 14:14:38+00:00,OT_SCADA,NORMAL,0,
OT-00846,2026-06-22 14:19:42+00:00,OT_SCADA,NORMAL,0,
NET-00493,2026-06-22 14:23:45+00:00,NETWORK,NORMAL,0,
NET-00618,2026-06-22 14:25:50+00:00,NETWORK,NORMAL,0,
OT-00721,2026-06-22 14:30:49+00:00,OT_SCADA,NORMAL,0,
OT-00812,2026-06-22 14:48:16+00:00,OT_SCADA,NORMAL,0,
VPN-00916,2026-06-22 14:53:49+00:00,VPN_IAM,NORMAL,0,
NET-01168,2026-06-22 14:54:29+00:00,NETWORK,NORMAL,0,
NET-02071,2026-06-22 14:55:16+00:00,NETWORK,NORMAL,0,
CARGO-01139,2026-06-22 14:56:29+00:00,CARGO,NORMAL,0,
VPN-00508,2026-06-22 15:00:53+00:00,VPN_IAM,NORMAL,0,
NET-00612,2026-06-22 15:06:41+00:00,NETWORK,NORMAL,0,
CARGO-00868,2026-06-22 15:11:37+00:00,CARGO,NORMAL,0,
VPN-00886,2026-06-22 15:15:01+00:00,VPN_IAM,NORMAL,0,
CARGO-00203,2026-06-22 15:27:35+00:00,CARGO,NORMAL,0,
EDR-00847,2026-06-22 15:32:31+00:00,ENDPOINT,NORMAL,0,
VPN-01773,2026-06-22 15:33:01+00:00,VPN_IAM,NORMAL,0,
PHY-00837,2026-06-22 15:36:15+00:00,PHYSICAL,NORMAL,0,
NET-01828,2026-06-22 15:41:17+00:00,NETWORK,NORMAL,0,
NET-01276,2026-06-22 15:43:31+00:00,NETWORK,NORMAL,0,
EDR-00000,2026-06-22 15:47:47+00:00,ENDPOINT,NORMAL,0,
NET-00607,2026-06-22 15:54:02+00:00,NETWORK,NORMAL,0,
NET-01024,2026-06-22 15:56:43+00:00,NETWORK,NORMAL,0,
CARGO-00187,2026-06-22 15:57:27+00:00,CARGO,NORMAL,0,
VPN-00871,2026-06-22 16:04:39+00:00,VPN_IAM,NORMAL,0,
NET-01402,2026-06-22 16:09:20+00:00,NETWORK,NORMAL,0,
VPN-00899,2026-06-22 16:13:09+00:00,VPN_IAM,NORMAL,0,
PHY-00763,2026-06-22 16:13:56+00:00,PHYSICAL,NORMAL,0,
EDR-00983,2026-06-22 16:14:01+00:00,ENDPOINT,NORMAL,0,
CARGO-00378,2026-06-22 16:17:21+00:00,CARGO,NORMAL,0,
OT-00127,2026-06-22 16:23:30+00:00,OT_SCADA,NORMAL,0,
VPN-01498,2026-06-22 16:25:43+00:00,VPN_IAM,NORMAL,0,
NOTE-00239,2026-06-22 16:26:45+00:00,TEXT,NORMAL,0,
NET-00665,2026-06-22 16:27:13+00:00,NETWORK,NORMAL,0,
OT-00697,2026-06-22 16:27:19+00:00,OT_SCADA,NORMAL,0,
OT-01295,2026-06-22 16:29:58+00:00,OT_SCADA,NORMAL,0,
OT-00275,2026-06-22 16:33:38+00:00,OT_SCADA,SUSPICIOUS,1,
EDR-00330,2026-06-22 16:38:18+00:00,ENDPOINT,NORMAL,0,
VPN-00331,2026-06-22 16:43:37+00:00,VPN_IAM,NORMAL,0,
OT-00336,2026-06-22 16:50:56+00:00,OT_SCADA,NORMAL,0,
OT-01105,2026-06-22 16:57:30+00:00,OT_SCADA,NORMAL,0,
NET-00523,2026-06-22 17:01:00+00:00,NETWORK,NORMAL,0,
PHY-00200,2026-06-22 17:24:07+00:00,PHYSICAL,NORMAL,0,
NET-00295,2026-06-22 17:26:11+00:00,NETWORK,NORMAL,0,
PHY-00808,2026-06-22 17:29:18+00:00,PHYSICAL,NORMAL,0,
VPN-00305,2026-06-22 17:34:29+00:00,VPN_IAM,NORMAL,0,
PHY-00259,2026-06-22 17:36:51+00:00,PHYSICAL,NORMAL,0,
PHY-00601,2026-06-22 17:37:51+00:00,PHYSICAL,NORMAL,0,
OT-01118,2026-06-22 17:39:30+00:00,OT_SCADA,NORMAL,0,
EDR-00068,2026-06-22 17:40:25+00:00,ENDPOINT,SUSPICIOUS,1,
OT-00286,2026-06-22 17:41:48+00:00,OT_SCADA,NORMAL,0,
OT-01424,2026-06-22 17:42:09+00:00,OT_SCADA,NORMAL,0,
NET-00872,2026-06-22 17:42:17+00:00,NETWORK,NORMAL,0,
PHY-00583,2026-06-22 17:43:08+00:00,PHYSICAL,NORMAL,0,
PHY-00402,2026-06-22 17:47:40+00:00,PHYSICAL,NORMAL,0,
NET-01342,2026-06-22 17:48:52+00:00,NETWORK,NORMAL,0,
OT-01375,2026-06-22 17:52:56+00:00,OT_SCADA,NORMAL,0,
EDR-00581,2026-06-22 17:53:05+00:00,ENDPOINT,NORMAL,0,
CARGO-00530,2026-06-22 17:58:33+00:00,CARGO,NORMAL,0,
VPN-01194,2026-06-22 18:00:24+00:00,VPN_IAM,NORMAL,0,
NET-01671,2026-06-22 18:04:04+00:00,NETWORK,NORMAL,0,
OT-01860,2026-06-22 18:17:09+00:00,OT_SCADA,NORMAL,0,
PHY-00835,2026-06-22 18:22:24+00:00,PHYSICAL,NORMAL,0,
OT-01515,2026-06-22 18:26:08+00:00,OT_SCADA,NORMAL,0,
CARGO-01179,2026-06-22 18:26:55+00:00,CARGO,NORMAL,0,
OT-01803,2026-06-22 18:33:23+00:00,OT_SCADA,NORMAL,0,
VPN-01097,2026-06-22 18:35:04+00:00,VPN_IAM,NORMAL,0,
OT-00195,2026-06-22 18:43:23+00:00,OT_SCADA,NORMAL,0,
OT-00657,2026-06-22 18:45:31+00:00,OT_SCADA,NORMAL,0,
OT-00775,2026-06-22 19:07:19+00:00,OT_SCADA,NORMAL,0,
OT-01977,2026-06-22 19:07:33+00:00,OT_SCADA,NORMAL,0,
VPN-01076,2026-06-22 19:10:44+00:00,VPN_IAM,NORMAL,0,
EDR-00954,2026-06-22 19:16:47+00:00,ENDPOINT,NORMAL,0,
NET-01608,2026-06-22 19:25:32+00:00,NETWORK,NORMAL,0,
NET-01391,2026-06-22 19:28:53+00:00,NETWORK,NORMAL,0,
CARGO-00696,2026-06-22 19:38:04+00:00,CARGO,NORMAL,0,
EDR-00863,2026-06-22 19:38:34+00:00,ENDPOINT,NORMAL,0,
OT-01564,2026-06-22 19:44:41+00:00,OT_SCADA,NORMAL,0,
OT-01093,2026-06-22 19:45:37+00:00,OT_SCADA,NORMAL,0,
VPN-00103,2026-06-22 19:48:08+00:00,VPN_IAM,NORMAL,0,
VPN-00997,2026-06-22 19:52:08+00:00,VPN_IAM,NORMAL,0,
VPN-01212,2026-06-22 19:53:26+00:00,VPN_IAM,NORMAL,0,
NET-02044,2026-06-22 19:54:22+00:00,NETWORK,NORMAL,0,
CARGO-00085,2026-06-22 20:05:36+00:00,CARGO,NORMAL,0,
EDR-00678,2026-06-22 20:10:03+00:00,ENDPOINT,NORMAL,0,
NET-01471,2026-06-22 20:12:05+00:00,NETWORK,NORMAL,0,
VPN-01523,2026-06-22 20:19:55+00:00,VPN_IAM,NORMAL,0,
NET-01025,2026-06-22 20:23:47+00:00,NETWORK,SUSPICIOUS,1,
NET-00852,2026-06-22 20:27:26+00:00,NETWORK,NORMAL,0,
OT-01501,2026-06-22 20:34:29+00:00,OT_SCADA,NORMAL,0,
NET-00143,2026-06-22 20:36:34+00:00,NETWORK,NORMAL,0,
CARGO-00920,2026-06-22 20:41:30+00:00,CARGO,NORMAL,0,
NET-01199,2026-06-22 20:42:25+00:00,NETWORK,NORMAL,0,
OT-00497,2026-06-22 20:48:09+00:00,OT_SCADA,NORMAL,0,
CARGO-00249,2026-06-22 20:57:30+00:00,CARGO,NORMAL,0,
VPN-00488,2026-06-22 21:07:39+00:00,VPN_IAM,NORMAL,0,
NET-01022,2026-06-22 21:08:37+00:00,NETWORK,NORMAL,0,
EDR-00477,2026-06-22 21:08:40+00:00,ENDPOINT,NORMAL,0,
VPN-00786,2026-06-22 21:09:54+00:00,VPN_IAM,NORMAL,0,
VPN-00424,2026-06-22 21:15:49+00:00,VPN_IAM,NORMAL,0,
OT-01468,2026-06-22 21:21:13+00:00,OT_SCADA,NORMAL,0,
NET-01081,2026-06-22 21:24:55+00:00,NETWORK,NORMAL,0,
CARGO-01190,2026-06-22 21:25:40+00:00,CARGO,NORMAL,0,
EDR-00565,2026-06-22 21:25:45+00:00,ENDPOINT,NORMAL,0,
EDR-00398,2026-06-22 21:26:16+00:00,ENDPOINT,SUSPICIOUS,1,
NET-01623,2026-06-22 21:34:32+00:00,NETWORK,NORMAL,0,
OT-01498,2026-06-22 21:43:23+00:00,OT_SCADA,NORMAL,0,
NET-01252,2026-06-22 21:47:16+00:00,NETWORK,NORMAL,0,
OT-00548,2026-06-22 21:55:34+00:00,OT_SCADA,NORMAL,0,
NET-02122,2026-06-22 21:56:20+00:00,NETWORK,NORMAL,0,
CARGO-00664,2026-06-22 22:01:28+00:00,CARGO,NORMAL,0,
EDR-00305,2026-06-22 22:10:15+00:00,ENDPOINT,NORMAL,0,
NET-01976,2026-06-22 22:23:17+00:00,NETWORK,NORMAL,0,
OT-01019,2026-06-22 22:33:52+00:00,OT_SCADA,NORMAL,0,
OT-00954,2026-06-22 22:36:45+00:00,OT_SCADA,SUSPICIOUS,1,
NET-00487,2026-06-22 22:42:44+00:00,NETWORK,NORMAL,0,
EDR-00332,2026-06-22 22:43:21+00:00,ENDPOINT,NORMAL,0,
OT-01789,2026-06-22 22:48:21+00:00,OT_SCADA,NORMAL,0,
NET-00516,2026-06-22 22:50:39+00:00,NETWORK,NORMAL,0,
EDR-00830,2026-06-22 22:53:34+00:00,ENDPOINT,NORMAL,0,
NET-00728,2026-06-22 22:56:50+00:00,NETWORK,NORMAL,0,
VPN-00991,2026-06-22 23:05:35+00:00,VPN_IAM,NORMAL,0,
PHY-00162,2026-06-22 23:13:37+00:00,PHYSICAL,NORMAL,0,
NET-01633,2026-06-22 23:14:18+00:00,NETWORK,NORMAL,0,
VPN-01455,2026-06-22 23:16:12+00:00,VPN_IAM,NORMAL,0,
OT-00510,2026-06-22 23:18:09+00:00,OT_SCADA,NORMAL,0,
OT-01443,2026-06-22 23:20:51+00:00,OT_SCADA,NORMAL,0,
CARGO-00801,2026-06-22 23:24:55+00:00,CARGO,NORMAL,0,
NOTE-00262,2026-06-22 23:27:39+00:00,TEXT,NORMAL,0,
PHY-00243,2026-06-22 23:34:14+00:00,PHYSICAL,NORMAL,0,
NET-00743,2026-06-22 23:40:25+00:00,NETWORK,NORMAL,0,
EDR-00261,2026-06-22 23:41:33+00:00,ENDPOINT,NORMAL,0,
OT-01676,2026-06-22 23:57:25+00:00,OT_SCADA,NORMAL,0,
EDR-01097,2026-06-23 00:00:47+00:00,ENDPOINT,NORMAL,0,
VPN-00197,2026-06-23 00:07:27+00:00,VPN_IAM,NORMAL,0,
OT-00703,2026-06-23 00:22:26+00:00,OT_SCADA,NORMAL,0,
VPN-00758,2026-06-23 00:23:25+00:00,VPN_IAM,NORMAL,0,
EDR-01157,2026-06-23 00:29:22+00:00,ENDPOINT,NORMAL,0,
CARGO-00239,2026-06-23 00:29:48+00:00,CARGO,NORMAL,0,
NET-01110,2026-06-23 00:36:24+00:00,NETWORK,NORMAL,0,
OT-00479,2026-06-23 00:44:50+00:00,OT_SCADA,NORMAL,0,
VPN-01724,2026-06-23 00:50:38+00:00,VPN_IAM,NORMAL,0,
OT-00190,2026-06-23 00:51:30+00:00,OT_SCADA,NORMAL,0,
VPN-00857,2026-06-23 00:51:53+00:00,VPN_IAM,NORMAL,0,
OT-00535,2026-06-23 01:00:23+00:00,OT_SCADA,NORMAL,0,
NET-01329,2026-06-23 01:08:41+00:00,NETWORK,NORMAL,0,
EDR-00431,2026-06-23 01:09:17+00:00,ENDPOINT,SUSPICIOUS,1,
NET-01952,2026-06-23 01:27:28+00:00,NETWORK,NORMAL,0,
OT-00201,2026-06-23 01:42:59+00:00,OT_SCADA,SUSPICIOUS,1,
CARGO-00525,2026-06-23 01:47:59+00:00,CARGO,NORMAL,0,
NET-01106,2026-06-23 01:49:51+00:00,NETWORK,NORMAL,0,
CARGO-00915,2026-06-23 01:51:35+00:00,CARGO,NORMAL,0,
PHY-00893,2026-06-23 01:54:54+00:00,PHYSICAL,NORMAL,0,
CARGO-00540,2026-06-23 01:59:51+00:00,CARGO,NORMAL,0,
VPN-00505,2026-06-23 02:20:37+00:00,VPN_IAM,NORMAL,0,
OT-00442,2026-06-23 02:20:40+00:00,OT_SCADA,NORMAL,0,
CARGO-00864,2026-06-23 02:22:31+00:00,CARGO,NORMAL,0,
CARGO-01076,2026-06-23 02:24:30+00:00,CARGO,NORMAL,0,
NET-01263,2026-06-23 02:25:34+00:00,NETWORK,NORMAL,0,
CARGO-00816,2026-06-23 02:27:04+00:00,CARGO,NORMAL,0,
PHY-00812,2026-06-23 02:40:33+00:00,PHYSICAL,NORMAL,0,
OT-00173,2026-06-23 02:42:21+00:00,OT_SCADA,NORMAL,0,
EDR-00796,2026-06-23 02:52:23+00:00,ENDPOINT,NORMAL,0,
CARGO-00643,2026-06-23 02:53:50+00:00,CARGO,NORMAL,0,
NOTE-00228,2026-06-23 02:58:47+00:00,TEXT,NORMAL,0,
EDR-00379,2026-06-23 03:08:41+00:00,ENDPOINT,NORMAL,0,
PHY-00228,2026-06-23 03:09:50+00:00,PHYSICAL,NORMAL,0,
NET-01722,2026-06-23 03:22:07+00:00,NETWORK,NORMAL,0,
NOTE-00007,2026-06-23 03:28:10+00:00,TEXT,NORMAL,0,
OT-01793,2026-06-23 03:29:39+00:00,OT_SCADA,NORMAL,0,
NET-00805,2026-06-23 03:32:53+00:00,NETWORK,NORMAL,0,
CARGO-00782,2026-06-23 03:33:27+00:00,CARGO,NORMAL,0,
OT-00704,2026-06-23 03:34:58+00:00,OT_SCADA,NORMAL,0,
NET-01294,2026-06-23 03:46:07+00:00,NETWORK,NORMAL,0,
CARGO-00132,2026-06-23 03:46:59+00:00,CARGO,NORMAL,0,
EDR-00077,2026-06-23 03:59:04+00:00,ENDPOINT,NORMAL,0,
VPN-00671,2026-06-23 04:01:11+00:00,VPN_IAM,NORMAL,0,
NET-00962,2026-06-23 04:04:30+00:00,NETWORK,NORMAL,0,
NET-01729,2026-06-23 04:05:58+00:00,NETWORK,NORMAL,0,
CARGO-00646,2026-06-23 04:09:21+00:00,CARGO,NORMAL,0,
EDR-00156,2026-06-23 04:18:28+00:00,ENDPOINT,NORMAL,0,
NET-00706,2026-06-23 04:27:30+00:00,NETWORK,NORMAL,0,
OT-00637,2026-06-23 04:34:02+00:00,OT_SCADA,NORMAL,0,
OT-01891,2026-06-23 04:44:34+00:00,OT_SCADA,NORMAL,0,
CARGO-00070,2026-06-23 04:46:16+00:00,CARGO,NORMAL,0,
NET-00399,2026-06-23 04:48:51+00:00,NETWORK,SUSPICIOUS,1,
CARGO-01143,2026-06-23 04:49:00+00:00,CARGO,NORMAL,0,
CARGO-00221,2026-06-23 04:55:19+00:00,CARGO,NORMAL,0,
OT-01830,2026-06-23 04:55:46+00:00,OT_SCADA,NORMAL,0,
NET-01029,2026-06-23 04:57:10+00:00,NETWORK,NORMAL,0,
NET-01287,2026-06-23 04:57:13+00:00,NETWORK,NORMAL,0,
OT-00988,2026-06-23 04:58:21+00:00,OT_SCADA,NORMAL,0,
EDR-00614,2026-06-23 04:58:51+00:00,ENDPOINT,SUSPICIOUS,1,
CARGO-00397,2026-06-23 04:59:10+00:00,CARGO,NORMAL,0,
OT-00338,2026-06-23 05:00:17+00:00,OT_SCADA,NORMAL,0,
OT-01170,2026-06-23 05:02:37+00:00,OT_SCADA,NORMAL,0,
NET-00996,2026-06-23 05:06:56+00:00,NETWORK,NORMAL,0,
CARGO-01160,2026-06-23 05:23:01+00:00,CARGO,NORMAL,0,
NET-01494,2026-06-23 05:24:35+00:00,NETWORK,NORMAL,0,
CARGO-00764,2026-06-23 05:26:05+00:00,CARGO,NORMAL,0,
NOTE-00051,2026-06-23 05:36:05+00:00,TEXT,NORMAL,0,
OT-01995,2026-06-23 05:37:54+00:00,OT_SCADA,NORMAL,0,
CARGO-00995,2026-06-23 05:37:54+00:00,CARGO,NORMAL,0,
VPN-01316,2026-06-23 05:38:38+00:00,VPN_IAM,NORMAL,0,
CARGO-01130,2026-06-23 05:40:40+00:00,CARGO,NORMAL,0,
OT-01512,2026-06-23 05:41:15+00:00,OT_SCADA,NORMAL,0,
NET-02028,2026-06-23 05:44:54+00:00,NETWORK,NORMAL,0,
PHY-00989,2026-06-23 05:45:59+00:00,PHYSICAL,NORMAL,0,
CARGO-00653,2026-06-23 05:50:38+00:00,CARGO,NORMAL,0,
OT-00031,2026-06-23 05:53:10+00:00,OT_SCADA,NORMAL,0,
CARGO-01158,2026-06-23 05:55:17+00:00,CARGO,NORMAL,0,
PHY-00531,2026-06-23 05:57:21+00:00,PHYSICAL,NORMAL,0,
NET-01164,2026-06-23 05:57:29+00:00,NETWORK,NORMAL,0,
OT-00199,2026-06-23 05:58:33+00:00,OT_SCADA,NORMAL,0,
VPN-01292,2026-06-23 06:01:27+00:00,VPN_IAM,NORMAL,0,
OT-01843,2026-06-23 06:06:11+00:00,OT_SCADA,NORMAL,0,
VPN-01486,2026-06-23 06:11:59+00:00,VPN_IAM,NORMAL,0,
VPN-01575,2026-06-23 06:13:58+00:00,VPN_IAM,NORMAL,0,
OT-00932,2026-06-23 06:14:41+00:00,OT_SCADA,SUSPICIOUS,1,
OT-01035,2026-06-23 06:28:25+00:00,OT_SCADA,NORMAL,0,
NET-00888,2026-06-23 06:31:07+00:00,NETWORK,NORMAL,0,
NET-02111,2026-06-23 06:34:57+00:00,NETWORK,NORMAL,0,
NET-00082,2026-06-23 06:36:21+00:00,NETWORK,NORMAL,0,
NET-01429,2026-06-23 06:37:42+00:00,NETWORK,NORMAL,0,
OT-00653,2026-06-23 06:39:22+00:00,OT_SCADA,NORMAL,0,
PHY-00852,2026-06-23 06:44:39+00:00,PHYSICAL,NORMAL,0,
VPN-00894,2026-06-23 07:04:25+00:00,VPN_IAM,NORMAL,0,
EDR-00460,2026-06-23 07:08:04+00:00,ENDPOINT,NORMAL,0,
OT-00859,2026-06-23 07:28:54+00:00,OT_SCADA,NORMAL,0,
NOTE-00124,2026-06-23 07:38:03+00:00,TEXT,NORMAL,0,
OT-01533,2026-06-23 07:38:33+00:00,OT_SCADA,NORMAL,0,
CARGO-00441,2026-06-23 07:42:26+00:00,CARGO,NORMAL,0,
NOTE-00220,2026-06-23 07:46:10+00:00,TEXT,NORMAL,0,
OT-00096,2026-06-23 07:53:11+00:00,OT_SCADA,NORMAL,0,
OT-01645,2026-06-23 07:53:26+00:00,OT_SCADA,SUSPICIOUS,1,
OT-01039,2026-06-23 07:58:31+00:00,OT_SCADA,NORMAL,0,
EDR-00749,2026-06-23 07:58:49+00:00,ENDPOINT,NORMAL,0,
CARGO-01184,2026-06-23 08:01:46+00:00,CARGO,NORMAL,0,
OT-01765,2026-06-23 08:04:35+00:00,OT_SCADA,NORMAL,0,
OT-00647,2026-06-23 08:08:14+00:00,OT_SCADA,NORMAL,0,
NET-01397,2026-06-23 08:10:55+00:00,NETWORK,NORMAL,0,
VPN-00207,2026-06-23 08:13:23+00:00,VPN_IAM,NORMAL,0,
EDR-00353,2026-06-23 08:14:24+00:00,ENDPOINT,NORMAL,0,
NOTE-00048,2026-06-23 08:21:55+00:00,TEXT,NORMAL,0,
VPN-01276,2026-06-23 08:27:18+00:00,VPN_IAM,NORMAL,0,
OT-01935,2026-06-23 08:36:39+00:00,OT_SCADA,NORMAL,0,
CARGO-00315,2026-06-23 08:42:08+00:00,CARGO,NORMAL,0,
VPN-01567,2026-06-23 08:42:20+00:00,VPN_IAM,NORMAL,0,
PHY-00003,2026-06-23 08:52:20+00:00,PHYSICAL,NORMAL,0,
OT-01502,2026-06-23 08:55:52+00:00,OT_SCADA,NORMAL,0,
OT-00810,2026-06-23 08:59:21+00:00,OT_SCADA,NORMAL,0,
NOTE-00128,2026-06-23 09:04:50+00:00,TEXT,NORMAL,0,
CARGO-00432,2026-06-23 09:05:11+00:00,CARGO,NORMAL,0,
PHY-00866,2026-06-23 09:08:57+00:00,PHYSICAL,NORMAL,0,
VPN-00442,2026-06-23 09:09:43+00:00,VPN_IAM,NORMAL,0,
OT-01804,2026-06-23 09:16:22+00:00,OT_SCADA,NORMAL,0,
OT-01276,2026-06-23 09:21:02+00:00,OT_SCADA,NORMAL,0,
VPN-00603,2026-06-23 09:33:14+00:00,VPN_IAM,SUSPICIOUS,1,
NET-01837,2026-06-23 09:37:05+00:00,NETWORK,NORMAL,0,
NET-00244,2026-06-23 09:49:43+00:00,NETWORK,NORMAL,0,
CARGO-00735,2026-06-23 09:57:59+00:00,CARGO,NORMAL,0,
OT-00448,2026-06-23 09:58:06+00:00,OT_SCADA,NORMAL,0,
OT-01012,2026-06-23 10:00:09+00:00,OT_SCADA,NORMAL,0,
EDR-01162,2026-06-23 10:05:13+00:00,ENDPOINT,NORMAL,0,
VPN-00465,2026-06-23 10:08:51+00:00,VPN_IAM,NORMAL,0,
NET-01237,2026-06-23 10:13:40+00:00,NETWORK,NORMAL,0,
EDR-00677,2026-06-23 10:15:09+00:00,ENDPOINT,NORMAL,0,
OT-01185,2026-06-23 10:21:24+00:00,OT_SCADA,NORMAL,0,
OT-00514,2026-06-23 10:22:51+00:00,OT_SCADA,NORMAL,0,
OT-00768,2026-06-23 10:27:23+00:00,OT_SCADA,NORMAL,0,
NET-01245,2026-06-23 10:28:47+00:00,NETWORK,NORMAL,0,
EDR-00168,2026-06-23 10:30:52+00:00,ENDPOINT,NORMAL,0,
VPN-01511,2026-06-23 10:42:16+00:00,VPN_IAM,SUSPICIOUS,1,
NET-00656,2026-06-23 10:49:42+00:00,NETWORK,NORMAL,0,
EDR-00809,2026-06-23 10:50:34+00:00,ENDPOINT,NORMAL,0,
OT-01844,2026-06-23 10:55:43+00:00,OT_SCADA,NORMAL,0,
NOTE-00250,2026-06-23 10:58:47+00:00,TEXT,SUSPICIOUS,1,
NET-01067,2026-06-23 11:08:07+00:00,NETWORK,NORMAL,0,
EDR-00131,2026-06-23 11:09:22+00:00,ENDPOINT,NORMAL,0,
NOTE-00105,2026-06-23 11:13:16+00:00,TEXT,NORMAL,0,
VPN-00628,2026-06-23 11:25:09+00:00,VPN_IAM,NORMAL,0,
VPN-00869,2026-06-23 11:40:47+00:00,VPN_IAM,NORMAL,0,
NET-02143,2026-06-23 11:42:01+00:00,NETWORK,NORMAL,0,
EDR-00667,2026-06-23 11:48:31+00:00,ENDPOINT,NORMAL,0,
OT-00582,2026-06-23 11:50:16+00:00,OT_SCADA,NORMAL,0,
CARGO-00316,2026-06-23 11:53:06+00:00,CARGO,SUSPICIOUS,1,
PHY-00461,2026-06-23 11:54:47+00:00,PHYSICAL,NORMAL,0,
OT-01092,2026-06-23 11:55:29+00:00,OT_SCADA,NORMAL,0,
CARGO-00053,2026-06-23 11:57:40+00:00,CARGO,NORMAL,0,
CARGO-00136,2026-06-23 12:00:34+00:00,CARGO,NORMAL,0,
NOTE-00067,2026-06-23 12:00:37+00:00,TEXT,NORMAL,0,
VPN-01401,2026-06-23 12:02:25+00:00,VPN_IAM,NORMAL,0,
NET-00850,2026-06-23 12:07:28+00:00,NETWORK,NORMAL,0,
NET-01422,2026-06-23 12:25:58+00:00,NETWORK,NORMAL,0,
NET-00604,2026-06-23 12:26:43+00:00,NETWORK,NORMAL,0,
VPN-01429,2026-06-23 12:26:59+00:00,VPN_IAM,NORMAL,0,
CARGO-00840,2026-06-23 12:33:01+00:00,CARGO,NORMAL,0,
CARGO-00765,2026-06-23 12:36:02+00:00,CARGO,NORMAL,0,
PHY-00715,2026-06-23 12:39:13+00:00,PHYSICAL,NORMAL,0,
EDR-00473,2026-06-23 12:40:31+00:00,ENDPOINT,SUSPICIOUS,1,
PHY-00482,2026-06-23 12:43:52+00:00,PHYSICAL,NORMAL,0,
OT-00340,2026-06-23 12:46:52+00:00,OT_SCADA,NORMAL,0,
OT-01017,2026-06-23 12:53:55+00:00,OT_SCADA,NORMAL,0,
VPN-01156,2026-06-23 13:00:11+00:00,VPN_IAM,NORMAL,0,
NET-01914,2026-06-23 13:04:07+00:00,NETWORK,NORMAL,0,
PHY-00882,2026-06-23 13:04:45+00:00,PHYSICAL,SUSPICIOUS,1,
NET-01900,2026-06-23 13:04:56+00:00,NETWORK,NORMAL,0,
OT-01239,2026-06-23 13:05:39+00:00,OT_SCADA,NORMAL,0,
PHY-00483,2026-06-23 13:13:22+00:00,PHYSICAL,NORMAL,0,
NET-01427,2026-06-23 13:14:20+00:00,NETWORK,NORMAL,0,
VPN-01075,2026-06-23 13:32:48+00:00,VPN_IAM,NORMAL,0,
PHY-00707,2026-06-23 13:33:19+00:00,PHYSICAL,NORMAL,0,
PHY-00633,2026-06-23 13:33:31+00:00,PHYSICAL,SUSPICIOUS,1,
OT-01060,2026-06-23 13:36:33+00:00,OT_SCADA,NORMAL,0,
NET-00792,2026-06-23 13:37:46+00:00,NETWORK,NORMAL,0,
PHY-00907,2026-06-23 13:40:15+00:00,PHYSICAL,NORMAL,0,
NET-00566,2026-06-23 13:41:20+00:00,NETWORK,NORMAL,0,
CARGO-00832,2026-06-23 13:42:27+00:00,CARGO,NORMAL,0,
VPN-01138,2026-06-23 13:45:55+00:00,VPN_IAM,NORMAL,0,
OT-00093,2026-06-23 13:49:36+00:00,OT_SCADA,NORMAL,0,
VPN-01270,2026-06-23 13:50:42+00:00,VPN_IAM,NORMAL,0,
VPN-00060,2026-06-23 14:14:39+00:00,VPN_IAM,NORMAL,0,
PHY-00169,2026-06-23 14:16:29+00:00,PHYSICAL,NORMAL,0,
PHY-00161,2026-06-23 14:17:05+00:00,PHYSICAL,NORMAL,0,
VPN-00158,2026-06-23 14:25:16+00:00,VPN_IAM,NORMAL,0,
OT-00472,2026-06-23 14:27:06+00:00,OT_SCADA,NORMAL,0,
OT-00342,2026-06-23 14:29:23+00:00,OT_SCADA,NORMAL,0,
CARGO-00052,2026-06-23 14:30:21+00:00,CARGO,NORMAL,0,
NET-01738,2026-06-23 14:30:58+00:00,NETWORK,NORMAL,0,
EDR-00487,2026-06-23 14:37:21+00:00,ENDPOINT,NORMAL,0,
OT-00160,2026-06-23 14:37:34+00:00,OT_SCADA,NORMAL,0,
NET-00515,2026-06-23 14:38:28+00:00,NETWORK,NORMAL,0,
OT-00352,2026-06-23 14:38:32+00:00,OT_SCADA,NORMAL,0,
EDR-00480,2026-06-23 14:58:15+00:00,ENDPOINT,NORMAL,0,
EDR-00451,2026-06-23 15:01:40+00:00,ENDPOINT,NORMAL,0,
EDR-01055,2026-06-23 15:09:08+00:00,ENDPOINT,NORMAL,0,
CARGO-00971,2026-06-23 15:29:00+00:00,CARGO,NORMAL,0,
OT-01382,2026-06-23 15:29:33+00:00,OT_SCADA,NORMAL,0,
EDR-01027,2026-06-23 15:33:18+00:00,ENDPOINT,NORMAL,0,
VPN-00076,2026-06-23 15:44:48+00:00,VPN_IAM,NORMAL,0,
NET-00076,2026-06-23 15:51:01+00:00,NETWORK,SUSPICIOUS,1,
VPN-01471,2026-06-23 15:51:28+00:00,VPN_IAM,NORMAL,0,
CARGO-00309,2026-06-23 15:57:10+00:00,CARGO,NORMAL,0,
VPN-00286,2026-06-23 15:58:34+00:00,VPN_IAM,SUSPICIOUS,1,
NET-01491,2026-06-23 16:04:20+00:00,NETWORK,NORMAL,0,
PHY-00902,2026-06-23 16:08:42+00:00,PHYSICAL,NORMAL,0,
CARGO-00534,2026-06-23 16:08:44+00:00,CARGO,NORMAL,0,
NET-00287,2026-06-23 16:15:26+00:00,NETWORK,NORMAL,0,
CARGO-01186,2026-06-23 16:20:27+00:00,CARGO,NORMAL,0,
EDR-00970,2026-06-23 16:24:02+00:00,ENDPOINT,NORMAL,0,
OT-00755,2026-06-23 16:27:45+00:00,OT_SCADA,NORMAL,0,
NET-02132,2026-06-23 16:29:19+00:00,NETWORK,NORMAL,0,
OT-01681,2026-06-23 16:29:40+00:00,OT_SCADA,NORMAL,0,
PHY-00059,2026-06-23 16:32:16+00:00,PHYSICAL,NORMAL,0,
CARGO-00524,2026-06-23 16:52:28+00:00,CARGO,NORMAL,0,
PHY-00580,2026-06-23 17:01:56+00:00,PHYSICAL,NORMAL,0,
EDR-01114,2026-06-23 17:02:12+00:00,ENDPOINT,NORMAL,0,
EDR-00248,2026-06-23 17:07:29+00:00,ENDPOINT,NORMAL,0,
NET-01744,2026-06-23 17:12:04+00:00,NETWORK,SUSPICIOUS,1,
EDR-00893,2026-06-23 17:16:05+00:00,ENDPOINT,NORMAL,0,
EDR-00428,2026-06-23 17:16:54+00:00,ENDPOINT,NORMAL,0,
PHY-00315,2026-06-23 17:19:18+00:00,PHYSICAL,NORMAL,0,
OT-01948,2026-06-23 17:30:30+00:00,OT_SCADA,NORMAL,0,
NET-00782,2026-06-23 17:33:44+00:00,NETWORK,NORMAL,0,
EDR-01039,2026-06-23 17:36:49+00:00,ENDPOINT,NORMAL,0,
NET-01365,2026-06-23 17:40:53+00:00,NETWORK,NORMAL,0,
VPN-00635,2026-06-23 17:54:05+00:00,VPN_IAM,NORMAL,0,
VPN-01758,2026-06-23 17:59:11+00:00,VPN_IAM,NORMAL,0,
VPN-01285,2026-06-23 18:02:25+00:00,VPN_IAM,NORMAL,0,
NET-01903,2026-06-23 18:06:05+00:00,NETWORK,NORMAL,0,
NET-01782,2026-06-23 18:18:58+00:00,NETWORK,NORMAL,0,
NET-01733,2026-06-23 18:19:54+00:00,NETWORK,NORMAL,0,
EDR-00934,2026-06-23 18:38:53+00:00,ENDPOINT,SUSPICIOUS,1,
CARGO-00768,2026-06-23 18:44:05+00:00,CARGO,NORMAL,0,
OT-00711,2026-06-23 18:47:45+00:00,OT_SCADA,NORMAL,0,
VPN-00788,2026-06-23 18:48:02+00:00,VPN_IAM,NORMAL,0,
CARGO-01104,2026-06-23 18:57:00+00:00,CARGO,NORMAL,0,
VPN-01598,2026-06-23 19:04:31+00:00,VPN_IAM,NORMAL,0,
EDR-00164,2026-06-23 19:04:48+00:00,ENDPOINT,NORMAL,0,
OT-01797,2026-06-23 19:11:40+00:00,OT_SCADA,NORMAL,0,
CARGO-00820,2026-06-23 19:13:33+00:00,CARGO,NORMAL,0,
OT-00758,2026-06-23 19:15:54+00:00,OT_SCADA,NORMAL,0,
NET-01411,2026-06-23 19:16:17+00:00,NETWORK,NORMAL,0,
OT-00888,2026-06-23 19:17:49+00:00,OT_SCADA,NORMAL,0,
PHY-00782,2026-06-23 19:18:17+00:00,PHYSICAL,NORMAL,0,
PHY-00184,2026-06-23 19:18:26+00:00,PHYSICAL,NORMAL,0,
CARGO-00780,2026-06-23 19:21:48+00:00,CARGO,NORMAL,0,
OT-00715,2026-06-23 19:22:24+00:00,OT_SCADA,NORMAL,0,
EDR-00317,2026-06-23 19:22:32+00:00,ENDPOINT,NORMAL,0,
NET-01865,2026-06-23 19:28:24+00:00,NETWORK,NORMAL,0,
NET-00771,2026-06-23 19:31:49+00:00,NETWORK,NORMAL,0,
VPN-00304,2026-06-23 19:32:00+00:00,VPN_IAM,NORMAL,0,
EDR-00994,2026-06-23 19:55:00+00:00,ENDPOINT,NORMAL,0,
VPN-00226,2026-06-23 20:15:08+00:00,VPN_IAM,NORMAL,0,
VPN-01246,2026-06-23 20:16:57+00:00,VPN_IAM,NORMAL,0,
NOTE-00034,2026-06-23 20:21:22+00:00,TEXT,NORMAL,0,
CARGO-01049,2026-06-23 20:21:39+00:00,CARGO,NORMAL,0,
OT-00317,2026-06-23 20:36:28+00:00,OT_SCADA,NORMAL,0,
OT-01688,2026-06-23 20:45:38+00:00,OT_SCADA,NORMAL,0,
EDR-00038,2026-06-23 21:00:23+00:00,ENDPOINT,NORMAL,0,
CARGO-00010,2026-06-23 21:01:47+00:00,CARGO,NORMAL,0,
NET-01154,2026-06-23 21:15:57+00:00,NETWORK,NORMAL,0,
VPN-00881,2026-06-23 21:20:03+00:00,VPN_IAM,NORMAL,0,
OT-00281,2026-06-23 21:22:16+00:00,OT_SCADA,NORMAL,0,
OT-01047,2026-06-23 21:25:47+00:00,OT_SCADA,NORMAL,0,
NET-00223,2026-06-23 21:28:21+00:00,NETWORK,NORMAL,0,
VPN-01003,2026-06-23 21:43:34+00:00,VPN_IAM,NORMAL,0,
PHY-00397,2026-06-23 21:43:47+00:00,PHYSICAL,NORMAL,0,
PHY-00637,2026-06-23 21:52:37+00:00,PHYSICAL,NORMAL,0,
NET-01251,2026-06-23 21:54:26+00:00,NETWORK,NORMAL,0,
EDR-01044,2026-06-23 21:57:45+00:00,ENDPOINT,NORMAL,0,
VPN-00251,2026-06-23 22:02:48+00:00,VPN_IAM,NORMAL,0,
EDR-00225,2026-06-23 22:07:54+00:00,ENDPOINT,NORMAL,0,
VPN-01571,2026-06-23 22:10:52+00:00,VPN_IAM,SUSPICIOUS,1,
NET-00555,2026-06-23 22:20:26+00:00,NETWORK,NORMAL,0,
CARGO-00354,2026-06-23 22:20:43+00:00,CARGO,NORMAL,0,
CARGO-00582,2026-06-23 22:29:18+00:00,CARGO,NORMAL,0,
NET-02099,2026-06-23 22:29:47+00:00,NETWORK,NORMAL,0,
VPN-01256,2026-06-23 22:30:00+00:00,VPN_IAM,NORMAL,0,
NET-00899,2026-06-23 22:33:47+00:00,NETWORK,NORMAL,0,
NET-01275,2026-06-23 22:43:23+00:00,NETWORK,NORMAL,0,
VPN-00934,2026-06-23 22:44:17+00:00,VPN_IAM,NORMAL,0,
OT-00413,2026-06-23 22:45:31+00:00,OT_SCADA,NORMAL,0,
VPN-00571,2026-06-23 22:45:33+00:00,VPN_IAM,NORMAL,0,
OT-01932,2026-06-23 22:45:43+00:00,OT_SCADA,NORMAL,0,
EDR-01112,2026-06-23 23:00:51+00:00,ENDPOINT,NORMAL,0,
CARGO-00495,2026-06-23 23:01:29+00:00,CARGO,NORMAL,0,
NET-00212,2026-06-23 23:02:48+00:00,NETWORK,NORMAL,0,
NET-02003,2026-06-23 23:11:18+00:00,NETWORK,NORMAL,0,
OT-00978,2026-06-23 23:14:39+00:00,OT_SCADA,NORMAL,0,
VPN-00487,2026-06-23 23:22:23+00:00,VPN_IAM,NORMAL,0,
CARGO-00213,2026-06-23 23:25:36+00:00,CARGO,NORMAL,0,
VPN-01772,2026-06-23 23:31:14+00:00,VPN_IAM,NORMAL,0,
EDR-00069,2026-06-23 23:38:13+00:00,ENDPOINT,NORMAL,0,
VPN-00633,2026-06-23 23:48:10+00:00,VPN_IAM,NORMAL,0,
CARGO-00779,2026-06-23 23:48:15+00:00,CARGO,NORMAL,0,
EDR-00632,2026-06-23 23:48:32+00:00,ENDPOINT,NORMAL,0,
EDR-01085,2026-06-23 23:53:53+00:00,ENDPOINT,NORMAL,0,
OT-01187,2026-06-23 23:55:30+00:00,OT_SCADA,NORMAL,0,
OT-00334,2026-06-23 23:56:14+00:00,OT_SCADA,NORMAL,0,
NET-00574,2026-06-24 00:02:01+00:00,NETWORK,NORMAL,0,
NET-02110,2026-06-24 00:04:55+00:00,NETWORK,NORMAL,0,
CARGO-01059,2026-06-24 00:05:12+00:00,CARGO,NORMAL,0,
VPN-00021,2026-06-24 00:12:36+00:00,VPN_IAM,NORMAL,0,
OT-01479,2026-06-24 00:13:09+00:00,OT_SCADA,NORMAL,0,
PHY-00477,2026-06-24 00:18:17+00:00,PHYSICAL,NORMAL,0,
OT-01490,2026-06-24 00:29:02+00:00,OT_SCADA,NORMAL,0,
PHY-00820,2026-06-24 00:31:26+00:00,PHYSICAL,NORMAL,0,
OT-01378,2026-06-24 00:32:41+00:00,OT_SCADA,NORMAL,0,
NOTE-00292,2026-06-24 00:36:42+00:00,TEXT,NORMAL,0,
OT-01882,2026-06-24 00:38:09+00:00,OT_SCADA,NORMAL,0,
VPN-00427,2026-06-24 00:38:11+00:00,VPN_IAM,NORMAL,0,
VPN-00792,2026-06-24 00:43:14+00:00,VPN_IAM,NORMAL,0,
NET-01165,2026-06-24 00:43:40+00:00,NETWORK,NORMAL,0,
VPN-00552,2026-06-24 00:49:18+00:00,VPN_IAM,NORMAL,0,
OT-01574,2026-06-24 00:55:20+00:00,OT_SCADA,NORMAL,0,
VPN-00594,2026-06-24 00:56:28+00:00,VPN_IAM,NORMAL,0,
VPN-00366,2026-06-24 01:00:12+00:00,VPN_IAM,NORMAL,0,
VPN-00300,2026-06-24 01:02:27+00:00,VPN_IAM,NORMAL,0,
NET-00647,2026-06-24 01:05:01+00:00,NETWORK,NORMAL,0,
CARGO-00565,2026-06-24 01:08:01+00:00,CARGO,NORMAL,0,
VPN-00867,2026-06-24 01:10:02+00:00,VPN_IAM,NORMAL,0,
VPN-01016,2026-06-24 01:13:31+00:00,VPN_IAM,NORMAL,0,
VPN-01754,2026-06-24 01:15:49+00:00,VPN_IAM,NORMAL,0,
VPN-00794,2026-06-24 01:16:34+00:00,VPN_IAM,NORMAL,0,
NET-01613,2026-06-24 01:18:23+00:00,NETWORK,NORMAL,0,
NET-01661,2026-06-24 01:21:16+00:00,NETWORK,NORMAL,0,
VPN-00559,2026-06-24 01:23:30+00:00,VPN_IAM,NORMAL,0,
OT-01754,2026-06-24 01:28:17+00:00,OT_SCADA,NORMAL,0,
EDR-00091,2026-06-24 01:29:54+00:00,ENDPOINT,NORMAL,0,
CARGO-00968,2026-06-24 01:31:59+00:00,CARGO,NORMAL,0,
NET-00126,2026-06-24 01:34:45+00:00,NETWORK,NORMAL,0,
VPN-00028,2026-06-24 01:39:30+00:00,VPN_IAM,NORMAL,0,
OT-01886,2026-06-24 01:40:22+00:00,OT_SCADA,NORMAL,0,
PHY-00163,2026-06-24 01:40:28+00:00,PHYSICAL,NORMAL,0,
EDR-00374,2026-06-24 01:41:06+00:00,ENDPOINT,NORMAL,0,
NET-00904,2026-06-24 01:42:50+00:00,NETWORK,NORMAL,0,
NET-00773,2026-06-24 01:52:19+00:00,NETWORK,NORMAL,0,
NET-01652,2026-06-24 01:59:57+00:00,NETWORK,NORMAL,0,
EDR-00137,2026-06-24 02:00:04+00:00,ENDPOINT,NORMAL,0,
EDR-01102,2026-06-24 02:00:20+00:00,ENDPOINT,NORMAL,0,
NET-00671,2026-06-24 02:07:30+00:00,NETWORK,NORMAL,0,
NET-01136,2026-06-24 02:19:40+00:00,NETWORK,NORMAL,0,
NET-01202,2026-06-24 02:21:17+00:00,NETWORK,SUSPICIOUS,1,
NET-00189,2026-06-24 02:23:30+00:00,NETWORK,NORMAL,0,
PHY-00128,2026-06-24 02:39:48+00:00,PHYSICAL,NORMAL,0,
NET-00975,2026-06-24 02:45:30+00:00,NETWORK,NORMAL,0,
NOTE-00116,2026-06-24 03:02:45+00:00,TEXT,NORMAL,0,
OT-01970,2026-06-24 03:03:37+00:00,OT_SCADA,NORMAL,0,
OT-01551,2026-06-24 03:07:45+00:00,OT_SCADA,NORMAL,0,
VPN-01633,2026-06-24 03:16:21+00:00,VPN_IAM,NORMAL,0,
OT-01871,2026-06-24 03:20:10+00:00,OT_SCADA,NORMAL,0,
OT-00465,2026-06-24 03:22:28+00:00,OT_SCADA,NORMAL,0,
VPN-01410,2026-06-24 03:24:41+00:00,VPN_IAM,NORMAL,0,
VPN-01763,2026-06-24 03:46:55+00:00,VPN_IAM,NORMAL,0,
VPN-00279,2026-06-24 03:49:44+00:00,VPN_IAM,NORMAL,0,
VPN-00219,2026-06-24 03:50:12+00:00,VPN_IAM,NORMAL,0,
OT-01909,2026-06-24 03:53:07+00:00,OT_SCADA,NORMAL,0,
CARGO-00705,2026-06-24 03:54:16+00:00,CARGO,NORMAL,0,
EDR-01066,2026-06-24 03:56:46+00:00,ENDPOINT,NORMAL,0,
NET-00120,2026-06-24 04:01:56+00:00,NETWORK,NORMAL,0,
VPN-01152,2026-06-24 04:03:29+00:00,VPN_IAM,NORMAL,0,
OT-00578,2026-06-24 04:05:32+00:00,OT_SCADA,NORMAL,0,
NET-00415,2026-06-24 04:17:07+00:00,NETWORK,NORMAL,0,
NET-01292,2026-06-24 04:18:06+00:00,NETWORK,NORMAL,0,
NET-01366,2026-06-24 04:19:53+00:00,NETWORK,NORMAL,0,
NET-02165,2026-06-24 04:21:31+00:00,NETWORK,NORMAL,0,
NET-01279,2026-06-24 04:21:52+00:00,NETWORK,NORMAL,0,
PHY-00889,2026-06-24 04:26:49+00:00,PHYSICAL,NORMAL,0,
NET-00693,2026-06-24 04:30:50+00:00,NETWORK,NORMAL,0,
NET-00664,2026-06-24 04:31:40+00:00,NETWORK,NORMAL,0,
EDR-00829,2026-06-24 04:34:42+00:00,ENDPOINT,NORMAL,0,
PHY-00584,2026-06-24 04:51:59+00:00,PHYSICAL,NORMAL,0,
VPN-00602,2026-06-24 04:56:27+00:00,VPN_IAM,NORMAL,0,
VPN-00814,2026-06-24 04:56:49+00:00,VPN_IAM,NORMAL,0,
OT-00041,2026-06-24 05:05:32+00:00,OT_SCADA,SUSPICIOUS,1,
NET-00894,2026-06-24 05:13:49+00:00,NETWORK,NORMAL,0,
VPN-01118,2026-06-24 05:19:49+00:00,VPN_IAM,SUSPICIOUS,1,
EDR-00806,2026-06-24 05:21:45+00:00,ENDPOINT,NORMAL,0,
NET-00531,2026-06-24 05:28:51+00:00,NETWORK,NORMAL,0,
CARGO-01074,2026-06-24 05:32:59+00:00,CARGO,NORMAL,0,
NET-00897,2026-06-24 05:44:42+00:00,NETWORK,NORMAL,0,
NET-01749,2026-06-24 05:48:38+00:00,NETWORK,NORMAL,0,
CARGO-01008,2026-06-24 05:51:05+00:00,CARGO,NORMAL,0,
NET-00156,2026-06-24 05:53:24+00:00,NETWORK,NORMAL,0,
CARGO-01022,2026-06-24 05:58:46+00:00,CARGO,NORMAL,0,
VPN-00962,2026-06-24 06:13:51+00:00,VPN_IAM,NORMAL,0,
NET-00305,2026-06-24 06:15:36+00:00,NETWORK,NORMAL,0,
OT-00985,2026-06-24 06:16:01+00:00,OT_SCADA,NORMAL,0,
PHY-00457,2026-06-24 06:25:43+00:00,PHYSICAL,NORMAL,0,
CARGO-00831,2026-06-24 06:26:16+00:00,CARGO,NORMAL,0,
VPN-01490,2026-06-24 06:27:01+00:00,VPN_IAM,NORMAL,0,
NET-02023,2026-06-24 06:28:32+00:00,NETWORK,NORMAL,0,
EDR-00447,2026-06-24 06:28:40+00:00,ENDPOINT,NORMAL,0,
OT-00705,2026-06-24 06:36:08+00:00,OT_SCADA,NORMAL,0,
CARGO-00204,2026-06-24 06:36:49+00:00,CARGO,NORMAL,0,
VPN-00154,2026-06-24 06:41:54+00:00,VPN_IAM,NORMAL,0,
CARGO-00589,2026-06-24 06:43:11+00:00,CARGO,NORMAL,0,
OT-01339,2026-06-24 06:43:25+00:00,OT_SCADA,SUSPICIOUS,1,
EDR-00851,2026-06-24 06:44:04+00:00,ENDPOINT,NORMAL,0,
NET-02179,2026-06-24 06:44:27+00:00,NETWORK,NORMAL,0,
OT-00675,2026-06-24 06:46:32+00:00,OT_SCADA,NORMAL,0,
NET-00981,2026-06-24 06:56:16+00:00,NETWORK,NORMAL,0,
OT-01883,2026-06-24 06:57:54+00:00,OT_SCADA,NORMAL,0,
CARGO-01004,2026-06-24 06:59:57+00:00,CARGO,NORMAL,0,
CARGO-00760,2026-06-24 07:00:25+00:00,CARGO,NORMAL,0,
CARGO-00786,2026-06-24 07:02:42+00:00,CARGO,NORMAL,0,
VPN-01593,2026-06-24 07:03:59+00:00,VPN_IAM,NORMAL,0,
EDR-00259,2026-06-24 07:06:04+00:00,ENDPOINT,NORMAL,0,
EDR-00823,2026-06-24 07:07:01+00:00,ENDPOINT,NORMAL,0,
OT-00996,2026-06-24 07:08:12+00:00,OT_SCADA,SUSPICIOUS,1,
NET-01850,2026-06-24 07:09:52+00:00,NETWORK,NORMAL,0,
VPN-01677,2026-06-24 07:23:42+00:00,VPN_IAM,NORMAL,0,
OT-01640,2026-06-24 07:32:33+00:00,OT_SCADA,NORMAL,0,
VPN-00834,2026-06-24 07:45:35+00:00,VPN_IAM,NORMAL,0,
PHY-00606,2026-06-24 07:47:21+00:00,PHYSICAL,NORMAL,0,
EDR-01179,2026-06-24 07:55:53+00:00,ENDPOINT,SUSPICIOUS,1,
VPN-01459,2026-06-24 07:57:29+00:00,VPN_IAM,NORMAL,0,
OT-01489,2026-06-24 08:07:28+00:00,OT_SCADA,NORMAL,0,
EDR-00194,2026-06-24 08:09:35+00:00,ENDPOINT,NORMAL,0,
VPN-00684,2026-06-24 08:11:39+00:00,VPN_IAM,NORMAL,0,
OT-00010,2026-06-24 08:14:32+00:00,OT_SCADA,NORMAL,0,
NET-02000,2026-06-24 08:25:19+00:00,NETWORK,NORMAL,0,
CARGO-00050,2026-06-24 08:28:03+00:00,CARGO,NORMAL,0,
OT-01164,2026-06-24 08:47:42+00:00,OT_SCADA,NORMAL,0,
CARGO-00545,2026-06-24 08:54:42+00:00,CARGO,NORMAL,0,
NET-00131,2026-06-24 08:55:52+00:00,NETWORK,NORMAL,0,
VPN-01122,2026-06-24 08:56:27+00:00,VPN_IAM,NORMAL,0,
NET-01887,2026-06-24 08:57:28+00:00,NETWORK,NORMAL,0,
VPN-01046,2026-06-24 08:59:18+00:00,VPN_IAM,NORMAL,0,
EDR-00006,2026-06-24 09:00:06+00:00,ENDPOINT,NORMAL,0,
OT-00719,2026-06-24 09:01:20+00:00,OT_SCADA,NORMAL,0,
VPN-00652,2026-06-24 09:12:36+00:00,VPN_IAM,NORMAL,0,
OT-01968,2026-06-24 09:12:53+00:00,OT_SCADA,NORMAL,0,
NOTE-00022,2026-06-24 09:16:45+00:00,TEXT,SUSPICIOUS,1,
VPN-01550,2026-06-24 09:16:55+00:00,VPN_IAM,NORMAL,0,
VPN-00170,2026-06-24 09:22:05+00:00,VPN_IAM,NORMAL,0,
NET-01201,2026-06-24 09:26:01+00:00,NETWORK,NORMAL,0,
OT-00693,2026-06-24 09:39:00+00:00,OT_SCADA,NORMAL,0,
EDR-01050,2026-06-24 09:46:50+00:00,ENDPOINT,NORMAL,0,
OT-01590,2026-06-24 09:52:45+00:00,OT_SCADA,NORMAL,0,
EDR-00220,2026-06-24 09:53:10+00:00,ENDPOINT,NORMAL,0,
PHY-00207,2026-06-24 09:58:53+00:00,PHYSICAL,NORMAL,0,
VPN-01577,2026-06-24 10:02:06+00:00,VPN_IAM,NORMAL,0,
EDR-00689,2026-06-24 10:04:29+00:00,ENDPOINT,NORMAL,0,
EDR-00173,2026-06-24 10:08:50+00:00,ENDPOINT,NORMAL,0,
NOTE-00112,2026-06-24 10:22:35+00:00,TEXT,NORMAL,0,
EDR-00582,2026-06-24 10:26:54+00:00,ENDPOINT,NORMAL,0,
NET-01511,2026-06-24 10:36:34+00:00,NETWORK,NORMAL,0,
VPN-01512,2026-06-24 10:44:11+00:00,VPN_IAM,NORMAL,0,
NET-01915,2026-06-24 10:46:07+00:00,NETWORK,NORMAL,0,
CARGO-00180,2026-06-24 10:48:53+00:00,CARGO,NORMAL,0,
OT-00498,2026-06-24 10:51:32+00:00,OT_SCADA,NORMAL,0,
PHY-00469,2026-06-24 11:09:13+00:00,PHYSICAL,NORMAL,0,
PHY-00532,2026-06-24 11:09:22+00:00,PHYSICAL,NORMAL,0,
NET-01632,2026-06-24 11:17:45+00:00,NETWORK,NORMAL,0,
EDR-00179,2026-06-24 11:25:39+00:00,ENDPOINT,NORMAL,0,
OT-00547,2026-06-24 11:27:17+00:00,OT_SCADA,NORMAL,0,
OT-01176,2026-06-24 11:33:49+00:00,OT_SCADA,NORMAL,0,
NET-02126,2026-06-24 11:33:55+00:00,NETWORK,NORMAL,0,
NET-01680,2026-06-24 11:34:24+00:00,NETWORK,NORMAL,0,
OT-00111,2026-06-24 11:38:47+00:00,OT_SCADA,NORMAL,0,
OT-00024,2026-06-24 11:42:43+00:00,OT_SCADA,NORMAL,0,
NET-01345,2026-06-24 11:46:09+00:00,NETWORK,NORMAL,0,
OT-01635,2026-06-24 11:54:28+00:00,OT_SCADA,NORMAL,0,
OT-00389,2026-06-24 12:00:32+00:00,OT_SCADA,NORMAL,0,
NET-01843,2026-06-24 12:08:43+00:00,NETWORK,NORMAL,0,
NET-01266,2026-06-24 12:10:25+00:00,NETWORK,NORMAL,0,
OT-01064,2026-06-24 12:13:11+00:00,OT_SCADA,NORMAL,0,
NOTE-00212,2026-06-24 12:14:13+00:00,TEXT,NORMAL,0,
NET-01425,2026-06-24 12:31:33+00:00,NETWORK,NORMAL,0,
VPN-01093,2026-06-24 12:37:47+00:00,VPN_IAM,NORMAL,0,
CARGO-00908,2026-06-24 12:43:56+00:00,CARGO,NORMAL,0,
OT-00553,2026-06-24 12:50:19+00:00,OT_SCADA,NORMAL,0,
OT-00276,2026-06-24 13:06:50+00:00,OT_SCADA,NORMAL,0,
CARGO-00215,2026-06-24 13:07:12+00:00,CARGO,NORMAL,0,
VPN-01777,2026-06-24 13:09:53+00:00,VPN_IAM,NORMAL,0,
CARGO-00246,2026-06-24 13:13:18+00:00,CARGO,NORMAL,0,
EDR-00144,2026-06-24 13:14:21+00:00,ENDPOINT,NORMAL,0,
CARGO-00950,2026-06-24 13:16:07+00:00,CARGO,NORMAL,0,
VPN-00932,2026-06-24 13:18:44+00:00,VPN_IAM,NORMAL,0,
CARGO-00241,2026-06-24 13:24:07+00:00,CARGO,NORMAL,0,
OT-00116,2026-06-24 13:25:07+00:00,OT_SCADA,NORMAL,0,
OT-01662,2026-06-24 13:40:59+00:00,OT_SCADA,NORMAL,0,
VPN-01023,2026-06-24 13:41:19+00:00,VPN_IAM,NORMAL,0,
NET-00851,2026-06-24 13:44:33+00:00,NETWORK,NORMAL,0,
EDR-00351,2026-06-24 13:56:37+00:00,ENDPOINT,NORMAL,0,
OT-00792,2026-06-24 13:57:28+00:00,OT_SCADA,NORMAL,0,
EDR-00574,2026-06-24 13:58:10+00:00,ENDPOINT,NORMAL,0,
NET-01803,2026-06-24 13:59:02+00:00,NETWORK,NORMAL,0,
PHY-00363,2026-06-24 14:00:19+00:00,PHYSICAL,NORMAL,0,
OT-00138,2026-06-24 14:06:52+00:00,OT_SCADA,NORMAL,0,
EDR-00292,2026-06-24 14:08:28+00:00,ENDPOINT,NORMAL,0,
CARGO-01107,2026-06-24 14:09:20+00:00,CARGO,NORMAL,0,
NOTE-00221,2026-06-24 14:12:03+00:00,TEXT,NORMAL,0,
OT-00853,2026-06-24 14:20:00+00:00,OT_SCADA,NORMAL,0,
NOTE-00042,2026-06-24 14:27:01+00:00,TEXT,NORMAL,0,
NET-00875,2026-06-24 14:31:07+00:00,NETWORK,NORMAL,0,
NET-01970,2026-06-24 14:37:46+00:00,NETWORK,NORMAL,0,
EDR-00989,2026-06-24 14:47:02+00:00,ENDPOINT,NORMAL,0,
CARGO-00107,2026-06-24 14:51:21+00:00,CARGO,NORMAL,0,
OT-00735,2026-06-24 14:56:56+00:00,OT_SCADA,NORMAL,0,
OT-00815,2026-06-24 14:58:34+00:00,OT_SCADA,NORMAL,0,
VPN-00210,2026-06-24 15:00:58+00:00,VPN_IAM,NORMAL,0,
EDR-00940,2026-06-24 15:01:58+00:00,ENDPOINT,NORMAL,0,
OT-00659,2026-06-24 15:04:46+00:00,OT_SCADA,NORMAL,0,
EDR-01032,2026-06-24 15:06:47+00:00,ENDPOINT,NORMAL,0,
OT-00791,2026-06-24 15:10:46+00:00,OT_SCADA,NORMAL,0,
NET-00796,2026-06-24 15:15:24+00:00,NETWORK,NORMAL,0,
PHY-00550,2026-06-24 15:20:44+00:00,PHYSICAL,NORMAL,0,
CARGO-00004,2026-06-24 15:23:41+00:00,CARGO,NORMAL,0,
VPN-00860,2026-06-24 15:32:54+00:00,VPN_IAM,NORMAL,0,
OT-01672,2026-06-24 15:44:41+00:00,OT_SCADA,NORMAL,0,
NET-00856,2026-06-24 15:48:42+00:00,NETWORK,NORMAL,0,
NET-01870,2026-06-24 15:54:30+00:00,NETWORK,NORMAL,0,
NET-00203,2026-06-24 16:08:04+00:00,NETWORK,NORMAL,0,
NET-00582,2026-06-24 16:11:12+00:00,NETWORK,NORMAL,0,
NET-01786,2026-06-24 16:11:43+00:00,NETWORK,SUSPICIOUS,1,
EDR-01041,2026-06-24 16:26:44+00:00,ENDPOINT,NORMAL,0,
NET-00584,2026-06-24 16:33:36+00:00,NETWORK,NORMAL,0,
VPN-00150,2026-06-24 16:35:34+00:00,VPN_IAM,NORMAL,0,
NOTE-00098,2026-06-24 16:38:00+00:00,TEXT,SUSPICIOUS,1,
VPN-00631,2026-06-24 16:52:54+00:00,VPN_IAM,NORMAL,0,
NET-01062,2026-06-24 16:57:04+00:00,NETWORK,NORMAL,0,
CARGO-00498,2026-06-24 16:58:24+00:00,CARGO,NORMAL,0,
NET-01066,2026-06-24 17:00:54+00:00,NETWORK,SUSPICIOUS,1,
PHY-00335,2026-06-24 17:08:59+00:00,PHYSICAL,NORMAL,0,
PHY-00362,2026-06-24 17:17:40+00:00,PHYSICAL,NORMAL,0,
VPN-00457,2026-06-24 17:30:17+00:00,VPN_IAM,NORMAL,0,
NET-00386,2026-06-24 17:31:38+00:00,NETWORK,NORMAL,0,
PHY-00304,2026-06-24 17:37:50+00:00,PHYSICAL,NORMAL,0,
OT-00065,2026-06-24 17:45:10+00:00,OT_SCADA,NORMAL,0,
CARGO-01173,2026-06-24 17:45:36+00:00,CARGO,NORMAL,0,
NET-02167,2026-06-24 17:52:20+00:00,NETWORK,NORMAL,0,
NET-00900,2026-06-24 17:56:30+00:00,NETWORK,NORMAL,0,
OT-00734,2026-06-24 18:03:47+00:00,OT_SCADA,NORMAL,0,
OT-00386,2026-06-24 18:11:32+00:00,OT_SCADA,NORMAL,0,
NET-01415,2026-06-24 18:11:36+00:00,NETWORK,NORMAL,0,
NET-01161,2026-06-24 18:12:06+00:00,NETWORK,NORMAL,0,
EDR-00767,2026-06-24 18:12:49+00:00,ENDPOINT,NORMAL,0,
PHY-00002,2026-06-24 18:16:54+00:00,PHYSICAL,NORMAL,0,
VPN-01168,2026-06-24 18:27:35+00:00,VPN_IAM,NORMAL,0,
OT-01324,2026-06-24 18:30:55+00:00,OT_SCADA,NORMAL,0,
VPN-00260,2026-06-24 18:31:22+00:00,VPN_IAM,NORMAL,0,
VPN-01653,2026-06-24 18:31:39+00:00,VPN_IAM,NORMAL,0,
OT-00384,2026-06-24 18:52:19+00:00,OT_SCADA,NORMAL,0,
PHY-00977,2026-06-24 18:52:48+00:00,PHYSICAL,NORMAL,0,
VPN-01612,2026-06-24 19:03:57+00:00,VPN_IAM,NORMAL,0,
NET-01715,2026-06-24 19:06:20+00:00,NETWORK,NORMAL,0,
OT-00867,2026-06-24 19:07:45+00:00,OT_SCADA,NORMAL,0,
EDR-00507,2026-06-24 19:13:04+00:00,ENDPOINT,NORMAL,0,
PHY-00545,2026-06-24 19:15:18+00:00,PHYSICAL,NORMAL,0,
EDR-00344,2026-06-24 19:19:12+00:00,ENDPOINT,NORMAL,0,
VPN-01448,2026-06-24 19:21:15+00:00,VPN_IAM,NORMAL,0,
OT-00262,2026-06-24 19:24:35+00:00,OT_SCADA,NORMAL,0,
NET-00983,2026-06-24 19:25:20+00:00,NETWORK,NORMAL,0,
VPN-00893,2026-06-24 19:28:23+00:00,VPN_IAM,NORMAL,0,
EDR-00291,2026-06-24 19:31:00+00:00,ENDPOINT,SUSPICIOUS,1,INC-T21-004
NET-01008,2026-06-24 19:32:00+00:00,NETWORK,SUSPICIOUS,1,INC-T21-004
OT-01521,2026-06-24 19:32:12+00:00,OT_SCADA,SUSPICIOUS,1,INC-T21-004
NET-02041,2026-06-24 19:32:24+00:00,NETWORK,NORMAL,0,
OT-00290,2026-06-24 19:33:56+00:00,OT_SCADA,SUSPICIOUS,1,INC-T21-004
VPN-01544,2026-06-24 19:35:00+00:00,VPN_IAM,SUSPICIOUS,1,INC-T21-004
NET-01063,2026-06-24 19:35:00+00:00,NETWORK,SUSPICIOUS,1,INC-T21-004
EDR-00898,2026-06-24 19:35:00+00:00,ENDPOINT,SUSPICIOUS,1,INC-T21-004
EDR-00932,2026-06-24 19:36:00+00:00,ENDPOINT,SUSPICIOUS,1,INC-T21-004
OT-INC-004-01,2026-06-24 19:36:00+00:00,OT_SCADA,INCIDENT,1,INC-T21-004
OT-01746,2026-06-24 19:36:18+00:00,OT_SCADA,SUSPICIOUS,1,INC-T21-004
EDR-00235,2026-06-24 19:37:00+00:00,ENDPOINT,SUSPICIOUS,1,INC-T21-004
OT-INC-004-02,2026-06-24 19:37:00+00:00,OT_SCADA,INCIDENT,1,INC-T21-004
VPN-01077,2026-06-24 19:38:00+00:00,VPN_IAM,SUSPICIOUS,1,INC-T21-004
OT-INC-004-03,2026-06-24 19:38:00+00:00,OT_SCADA,INCIDENT,1,INC-T21-004
VPN-00622,2026-06-24 19:39:00+00:00,VPN_IAM,SUSPICIOUS,1,INC-T21-004
OT-INC-004-04,2026-06-24 19:39:00+00:00,OT_SCADA,INCIDENT,1,INC-T21-004
NET-00623,2026-06-24 19:39:00+00:00,NETWORK,SUSPICIOUS,1,INC-T21-004
PHY-INC-004,2026-06-24 19:39:00+00:00,PHYSICAL,INCIDENT,1,INC-T21-004
EDR-00683,2026-06-24 19:39:20+00:00,ENDPOINT,NORMAL,0,
NET-01822,2026-06-24 19:40:00+00:00,NETWORK,SUSPICIOUS,1,INC-T21-004
EDR-01002,2026-06-24 19:40:29+00:00,ENDPOINT,NORMAL,0,
CARGO-INC-004,2026-06-24 19:41:00+00:00,CARGO,INCIDENT,1,INC-T21-004
NET-01836,2026-06-24 19:41:00+00:00,NETWORK,SUSPICIOUS,1,INC-T21-004
VPN-01150,2026-06-24 19:41:00+00:00,VPN_IAM,SUSPICIOUS,1,INC-T21-004
EDR-00590,2026-06-24 19:41:00+00:00,ENDPOINT,SUSPICIOUS,1,INC-T21-004
EDR-00204,2026-06-24 19:42:00+00:00,ENDPOINT,SUSPICIOUS,1,INC-T21-004
OT-00257,2026-06-24 19:42:05+00:00,OT_SCADA,SUSPICIOUS,1,INC-T21-004
NOTE-INC-004,2026-06-24 19:43:00+00:00,TEXT,INCIDENT,1,INC-T21-004
OT-01536,2026-06-24 19:43:28+00:00,OT_SCADA,NORMAL,0,
NET-01531,2026-06-24 19:45:00+00:00,NETWORK,SUSPICIOUS,1,INC-T21-004
OT-00150,2026-06-24 19:46:49+00:00,OT_SCADA,SUSPICIOUS,1,INC-T21-004
NET-01691,2026-06-24 19:47:00+00:00,NETWORK,SUSPICIOUS,1,INC-T21-004
OT-01271,2026-06-24 19:47:07+00:00,OT_SCADA,SUSPICIOUS,1,INC-T21-004
NET-01409,2026-06-24 19:48:00+00:00,NETWORK,SUSPICIOUS,1,INC-T21-004
NET-01393,2026-06-24 19:48:00+00:00,NETWORK,SUSPICIOUS,1,INC-T21-004
NET-00035,2026-06-24 19:49:00+00:00,NETWORK,SUSPICIOUS,1,INC-T21-004
NET-00472,2026-06-24 19:49:00+00:00,NETWORK,SUSPICIOUS,1,INC-T21-004
EDR-00781,2026-06-24 19:51:42+00:00,ENDPOINT,NORMAL,0,
EDR-00358,2026-06-24 20:00:27+00:00,ENDPOINT,NORMAL,0,
VPN-01595,2026-06-24 20:00:43+00:00,VPN_IAM,NORMAL,0,
CARGO-00314,2026-06-24 20:04:45+00:00,CARGO,NORMAL,0,
OT-01902,2026-06-24 20:07:09+00:00,OT_SCADA,NORMAL,0,
NET-01145,2026-06-24 20:33:04+00:00,NETWORK,NORMAL,0,
VPN-01766,2026-06-24 20:37:48+00:00,VPN_IAM,SUSPICIOUS,1,
CARGO-01039,2026-06-24 20:44:45+00:00,CARGO,NORMAL,0,
VPN-01510,2026-06-24 20:45:41+00:00,VPN_IAM,NORMAL,0,
NET-01372,2026-06-24 20:51:33+00:00,NETWORK,NORMAL,0,
VPN-00140,2026-06-24 20:57:57+00:00,VPN_IAM,NORMAL,0,
NET-02149,2026-06-24 21:04:27+00:00,NETWORK,NORMAL,0,
NET-00062,2026-06-24 21:13:50+00:00,NETWORK,NORMAL,0,
NET-00848,2026-06-24 21:20:19+00:00,NETWORK,NORMAL,0,
EDR-01145,2026-06-24 21:28:00+00:00,ENDPOINT,NORMAL,0,
PHY-00429,2026-06-24 21:38:26+00:00,PHYSICAL,NORMAL,0,
EDR-01129,2026-06-24 21:39:06+00:00,ENDPOINT,NORMAL,0,
NET-00689,2026-06-24 21:44:15+00:00,NETWORK,NORMAL,0,
PHY-00952,2026-06-24 21:46:45+00:00,PHYSICAL,NORMAL,0,
NET-01096,2026-06-24 22:04:08+00:00,NETWORK,NORMAL,0,
EDR-00485,2026-06-24 22:04:45+00:00,ENDPOINT,NORMAL,0,
VPN-00258,2026-06-24 22:10:30+00:00,VPN_IAM,NORMAL,0,
EDR-00630,2026-06-24 22:16:08+00:00,ENDPOINT,NORMAL,0,
EDR-00770,2026-06-24 22:20:35+00:00,ENDPOINT,NORMAL,0,
NOTE-00071,2026-06-24 22:22:54+00:00,TEXT,NORMAL,0,
OT-01003,2026-06-24 22:39:21+00:00,OT_SCADA,NORMAL,0,
NET-01942,2026-06-24 22:42:03+00:00,NETWORK,NORMAL,0,
VPN-00324,2026-06-24 22:42:05+00:00,VPN_IAM,NORMAL,0,
VPN-00407,2026-06-24 22:44:52+00:00,VPN_IAM,NORMAL,0,
OT-01552,2026-06-24 22:54:07+00:00,OT_SCADA,NORMAL,0,
OT-00929,2026-06-24 22:54:25+00:00,OT_SCADA,NORMAL,0,
VPN-01017,2026-06-24 22:58:36+00:00,VPN_IAM,NORMAL,0,
OT-00053,2026-06-24 22:58:42+00:00,OT_SCADA,NORMAL,0,
OT-00962,2026-06-24 22:59:43+00:00,OT_SCADA,NORMAL,0,
CARGO-00125,2026-06-24 23:08:23+00:00,CARGO,NORMAL,0,
VPN-01457,2026-06-24 23:13:28+00:00,VPN_IAM,NORMAL,0,
NOTE-00168,2026-06-24 23:21:55+00:00,TEXT,NORMAL,0,
NET-01813,2026-06-24 23:24:06+00:00,NETWORK,NORMAL,0,
NET-01829,2026-06-24 23:27:38+00:00,NETWORK,NORMAL,0,
PHY-00520,2026-06-24 23:37:20+00:00,PHYSICAL,NORMAL,0,
NET-00274,2026-06-24 23:41:48+00:00,NETWORK,NORMAL,0,
CARGO-00135,2026-06-24 23:49:09+00:00,CARGO,SUSPICIOUS,1,
VPN-00372,2026-06-24 23:49:20+00:00,VPN_IAM,NORMAL,0,
NET-00140,2026-06-24 23:54:38+00:00,NETWORK,NORMAL,0,
OT-01819,2026-06-25 00:04:46+00:00,OT_SCADA,NORMAL,0,
NET-01647,2026-06-25 00:08:53+00:00,NETWORK,NORMAL,0,
NET-00960,2026-06-25 00:10:42+00:00,NETWORK,SUSPICIOUS,1,
NET-00837,2026-06-25 00:21:05+00:00,NETWORK,NORMAL,0,
OT-01007,2026-06-25 00:26:41+00:00,OT_SCADA,NORMAL,0,
NET-00682,2026-06-25 00:30:37+00:00,NETWORK,NORMAL,0,
NET-00172,2026-06-25 00:33:31+00:00,NETWORK,NORMAL,0,
PHY-00208,2026-06-25 00:40:45+00:00,PHYSICAL,SUSPICIOUS,1,
NET-00521,2026-06-25 00:43:07+00:00,NETWORK,NORMAL,0,
EDR-00516,2026-06-25 00:45:20+00:00,ENDPOINT,NORMAL,0,
OT-01781,2026-06-25 00:49:48+00:00,OT_SCADA,NORMAL,0,
CARGO-00423,2026-06-25 00:52:14+00:00,CARGO,NORMAL,0,
CARGO-00174,2026-06-25 00:57:37+00:00,CARGO,SUSPICIOUS,1,
OT-00665,2026-06-25 00:57:57+00:00,OT_SCADA,NORMAL,0,
OT-01068,2026-06-25 01:01:36+00:00,OT_SCADA,NORMAL,0,
OT-00986,2026-06-25 01:06:31+00:00,OT_SCADA,SUSPICIOUS,1,
VPN-00795,2026-06-25 01:14:59+00:00,VPN_IAM,NORMAL,0,
OT-01150,2026-06-25 01:19:51+00:00,OT_SCADA,NORMAL,0,
OT-01535,2026-06-25 01:21:48+00:00,OT_SCADA,NORMAL,0,
NET-01280,2026-06-25 01:23:15+00:00,NETWORK,NORMAL,0,
CARGO-00567,2026-06-25 01:28:17+00:00,CARGO,NORMAL,0,
VPN-00531,2026-06-25 01:29:10+00:00,VPN_IAM,NORMAL,0,
NET-02102,2026-06-25 01:38:00+00:00,NETWORK,NORMAL,0,
EDR-00797,2026-06-25 01:41:28+00:00,ENDPOINT,NORMAL,0,
NET-00323,2026-06-25 01:56:10+00:00,NETWORK,NORMAL,0,
PHY-00522,2026-06-25 01:56:29+00:00,PHYSICAL,NORMAL,0,
NET-01897,2026-06-25 01:57:04+00:00,NETWORK,NORMAL,0,
EDR-00773,2026-06-25 01:57:52+00:00,ENDPOINT,NORMAL,0,
OT-00248,2026-06-25 02:04:29+00:00,OT_SCADA,NORMAL,0,
CARGO-00933,2026-06-25 02:12:42+00:00,CARGO,NORMAL,0,
PHY-00269,2026-06-25 02:12:53+00:00,PHYSICAL,NORMAL,0,
NET-00756,2026-06-25 02:14:14+00:00,NETWORK,NORMAL,0,
CARGO-00759,2026-06-25 02:18:27+00:00,CARGO,SUSPICIOUS,1,
CARGO-00708,2026-06-25 02:19:25+00:00,CARGO,NORMAL,0,
PHY-00443,2026-06-25 02:22:07+00:00,PHYSICAL,NORMAL,0,
VPN-00075,2026-06-25 02:24:13+00:00,VPN_IAM,NORMAL,0,
OT-00475,2026-06-25 02:25:05+00:00,OT_SCADA,NORMAL,0,
CARGO-01122,2026-06-25 02:28:02+00:00,CARGO,NORMAL,0,
NET-01076,2026-06-25 02:31:20+00:00,NETWORK,NORMAL,0,
PHY-00452,2026-06-25 02:38:18+00:00,PHYSICAL,NORMAL,0,
CARGO-00416,2026-06-25 02:39:48+00:00,CARGO,NORMAL,0,
PHY-00645,2026-06-25 02:43:36+00:00,PHYSICAL,NORMAL,0,
VPN-00031,2026-06-25 02:52:38+00:00,VPN_IAM,NORMAL,0,
VPN-01449,2026-06-25 02:57:16+00:00,VPN_IAM,NORMAL,0,
NET-00509,2026-06-25 03:05:41+00:00,NETWORK,NORMAL,0,
CARGO-01197,2026-06-25 03:06:35+00:00,CARGO,NORMAL,0,
PHY-00568,2026-06-25 03:11:41+00:00,PHYSICAL,NORMAL,0,
CARGO-00776,2026-06-25 03:12:15+00:00,CARGO,NORMAL,0,
VPN-01762,2026-06-25 03:18:43+00:00,VPN_IAM,NORMAL,0,
VPN-00714,2026-06-25 03:25:24+00:00,VPN_IAM,NORMAL,0,
OT-01163,2026-06-25 03:28:25+00:00,OT_SCADA,NORMAL,0,
OT-01608,2026-06-25 03:32:28+00:00,OT_SCADA,NORMAL,0,
VPN-00660,2026-06-25 03:45:43+00:00,VPN_IAM,NORMAL,0,
OT-01062,2026-06-25 03:47:24+00:00,OT_SCADA,NORMAL,0,
OT-00664,2026-06-25 03:53:49+00:00,OT_SCADA,NORMAL,0,
NET-01408,2026-06-25 03:53:55+00:00,NETWORK,SUSPICIOUS,1,
VPN-00108,2026-06-25 03:56:20+00:00,VPN_IAM,SUSPICIOUS,1,
PHY-00975,2026-06-25 04:01:24+00:00,PHYSICAL,NORMAL,0,
VPN-01302,2026-06-25 04:06:42+00:00,VPN_IAM,NORMAL,0,
NET-00270,2026-06-25 04:11:57+00:00,NETWORK,NORMAL,0,
NET-01034,2026-06-25 04:13:40+00:00,NETWORK,NORMAL,0,
VPN-01477,2026-06-25 04:13:41+00:00,VPN_IAM,NORMAL,0,
OT-00481,2026-06-25 04:18:08+00:00,OT_SCADA,NORMAL,0,
NOTE-00027,2026-06-25 04:18:45+00:00,TEXT,SUSPICIOUS,1,
NET-00420,2026-06-25 04:20:01+00:00,NETWORK,NORMAL,0,
CARGO-00997,2026-06-25 04:23:28+00:00,CARGO,NORMAL,0,
EDR-00320,2026-06-25 04:27:44+00:00,ENDPOINT,SUSPICIOUS,1,
OT-00213,2026-06-25 04:28:31+00:00,OT_SCADA,NORMAL,0,
NOTE-00052,2026-06-25 04:29:27+00:00,TEXT,NORMAL,0,
CARGO-00839,2026-06-25 04:33:11+00:00,CARGO,NORMAL,0,
NET-01948,2026-06-25 04:40:36+00:00,NETWORK,NORMAL,0,
OT-01151,2026-06-25 04:41:05+00:00,OT_SCADA,SUSPICIOUS,1,
VPN-01603,2026-06-25 04:51:59+00:00,VPN_IAM,NORMAL,0,
OT-01344,2026-06-25 04:52:54+00:00,OT_SCADA,NORMAL,0,
CARGO-00880,2026-06-25 05:00:32+00:00,CARGO,NORMAL,0,
VPN-00426,2026-06-25 05:05:03+00:00,VPN_IAM,SUSPICIOUS,1,
PHY-00476,2026-06-25 05:09:06+00:00,PHYSICAL,NORMAL,0,
EDR-00542,2026-06-25 05:10:06+00:00,ENDPOINT,NORMAL,0,
CARGO-00193,2026-06-25 05:10:31+00:00,CARGO,NORMAL,0,
NET-01928,2026-06-25 05:18:45+00:00,NETWORK,NORMAL,0,
OT-01284,2026-06-25 05:23:13+00:00,OT_SCADA,NORMAL,0,
VPN-01791,2026-06-25 05:24:28+00:00,VPN_IAM,NORMAL,0,
OT-01822,2026-06-25 05:27:51+00:00,OT_SCADA,NORMAL,0,
OT-01563,2026-06-25 05:40:50+00:00,OT_SCADA,NORMAL,0,
NET-01267,2026-06-25 05:43:38+00:00,NETWORK,NORMAL,0,
NET-01888,2026-06-25 05:46:53+00:00,NETWORK,NORMAL,0,
CARGO-01150,2026-06-25 05:48:13+00:00,CARGO,NORMAL,0,
CARGO-00102,2026-06-25 05:50:36+00:00,CARGO,NORMAL,0,
NET-00532,2026-06-25 05:51:10+00:00,NETWORK,NORMAL,0,
CARGO-01077,2026-06-25 06:02:44+00:00,CARGO,NORMAL,0,
NET-00854,2026-06-25 06:09:28+00:00,NETWORK,NORMAL,0,
NET-00374,2026-06-25 06:10:24+00:00,NETWORK,NORMAL,0,
VPN-00928,2026-06-25 06:17:29+00:00,VPN_IAM,NORMAL,0,
NET-00578,2026-06-25 06:26:23+00:00,NETWORK,NORMAL,0,
VPN-00823,2026-06-25 06:29:40+00:00,VPN_IAM,NORMAL,0,
OT-00227,2026-06-25 06:31:26+00:00,OT_SCADA,NORMAL,0,
CARGO-00953,2026-06-25 06:41:53+00:00,CARGO,NORMAL,0,
NOTE-00046,2026-06-25 06:42:20+00:00,TEXT,NORMAL,0,
OT-00047,2026-06-25 06:44:58+00:00,OT_SCADA,NORMAL,0,
NET-00462,2026-06-25 06:47:58+00:00,NETWORK,NORMAL,0,
OT-01607,2026-06-25 06:50:18+00:00,OT_SCADA,NORMAL,0,
OT-00271,2026-06-25 06:50:29+00:00,OT_SCADA,NORMAL,0,
PHY-00956,2026-06-25 06:57:54+00:00,PHYSICAL,NORMAL,0,
OT-00468,2026-06-25 06:58:14+00:00,OT_SCADA,NORMAL,0,
NET-00791,2026-06-25 06:58:15+00:00,NETWORK,NORMAL,0,
PHY-00694,2026-06-25 07:00:04+00:00,PHYSICAL,NORMAL,0,
NET-01626,2026-06-25 07:05:57+00:00,NETWORK,NORMAL,0,
CARGO-00468,2026-06-25 07:17:28+00:00,CARGO,NORMAL,0,
CARGO-01175,2026-06-25 07:29:15+00:00,CARGO,NORMAL,0,
OT-00977,2026-06-25 07:34:27+00:00,OT_SCADA,NORMAL,0,
PHY-00298,2026-06-25 07:38:55+00:00,PHYSICAL,NORMAL,0,
CARGO-00122,2026-06-25 07:42:53+00:00,CARGO,NORMAL,0,
VPN-01196,2026-06-25 07:44:34+00:00,VPN_IAM,NORMAL,0,
PHY-00366,2026-06-25 07:46:33+00:00,PHYSICAL,NORMAL,0,
OT-00165,2026-06-25 08:00:55+00:00,OT_SCADA,NORMAL,0,
OT-00280,2026-06-25 08:03:51+00:00,OT_SCADA,NORMAL,0,
OT-01119,2026-06-25 08:04:00+00:00,OT_SCADA,NORMAL,0,
PHY-00729,2026-06-25 08:04:59+00:00,PHYSICAL,NORMAL,0,
OT-01944,2026-06-25 08:10:37+00:00,OT_SCADA,NORMAL,0,
NET-00093,2026-06-25 08:12:01+00:00,NETWORK,NORMAL,0,
EDR-00029,2026-06-25 08:18:23+00:00,ENDPOINT,NORMAL,0,
NET-00348,2026-06-25 08:29:49+00:00,NETWORK,NORMAL,0,
CARGO-00571,2026-06-25 08:36:37+00:00,CARGO,NORMAL,0,
NET-00614,2026-06-25 08:38:28+00:00,NETWORK,NORMAL,0,
OT-00356,2026-06-25 08:46:06+00:00,OT_SCADA,NORMAL,0,
NET-00213,2026-06-25 08:48:57+00:00,NETWORK,NORMAL,0,
EDR-01115,2026-06-25 08:49:27+00:00,ENDPOINT,NORMAL,0,
NET-00481,2026-06-25 09:02:50+00:00,NETWORK,NORMAL,0,
PHY-00658,2026-06-25 09:06:28+00:00,PHYSICAL,NORMAL,0,
OT-01555,2026-06-25 09:12:58+00:00,OT_SCADA,NORMAL,0,
EDR-00836,2026-06-25 09:17:33+00:00,ENDPOINT,NORMAL,0,
NET-00017,2026-06-25 09:17:52+00:00,NETWORK,NORMAL,0,
PHY-00502,2026-06-25 09:19:01+00:00,PHYSICAL,NORMAL,0,
CARGO-00990,2026-06-25 09:21:37+00:00,CARGO,NORMAL,0,
PHY-00480,2026-06-25 09:22:47+00:00,PHYSICAL,NORMAL,0,
VPN-01323,2026-06-25 09:23:37+00:00,VPN_IAM,NORMAL,0,
OT-01096,2026-06-25 09:26:18+00:00,OT_SCADA,NORMAL,0,
PHY-00394,2026-06-25 09:36:00+00:00,PHYSICAL,NORMAL,0,
OT-01128,2026-06-25 09:36:25+00:00,OT_SCADA,NORMAL,0,
VPN-00319,2026-06-25 09:37:38+00:00,VPN_IAM,NORMAL,0,
OT-00652,2026-06-25 09:45:52+00:00,OT_SCADA,NORMAL,0,
EDR-00617,2026-06-25 09:49:28+00:00,ENDPOINT,NORMAL,0,
VPN-00573,2026-06-25 09:49:50+00:00,VPN_IAM,NORMAL,0,
OT-01278,2026-06-25 09:50:42+00:00,OT_SCADA,NORMAL,0,
EDR-00852,2026-06-25 09:51:23+00:00,ENDPOINT,NORMAL,0,
CARGO-01071,2026-06-25 09:52:04+00:00,CARGO,NORMAL,0,
VPN-01632,2026-06-25 09:55:54+00:00,VPN_IAM,NORMAL,0,
PHY-00286,2026-06-25 09:59:45+00:00,PHYSICAL,NORMAL,0,
CARGO-00517,2026-06-25 10:01:59+00:00,CARGO,NORMAL,0,
NOTE-00021,2026-06-25 10:09:15+00:00,TEXT,NORMAL,0,
OT-01924,2026-06-25 10:09:35+00:00,OT_SCADA,NORMAL,0,
NET-02060,2026-06-25 10:13:47+00:00,NETWORK,NORMAL,0,
NET-01371,2026-06-25 10:20:15+00:00,NETWORK,NORMAL,0,
EDR-00318,2026-06-25 10:25:22+00:00,ENDPOINT,NORMAL,0,
OT-00304,2026-06-25 10:26:04+00:00,OT_SCADA,NORMAL,0,
VPN-00908,2026-06-25 10:36:14+00:00,VPN_IAM,NORMAL,0,
NET-01508,2026-06-25 10:36:21+00:00,NETWORK,NORMAL,0,
OT-00450,2026-06-25 10:38:19+00:00,OT_SCADA,NORMAL,0,
OT-01539,2026-06-25 10:40:44+00:00,OT_SCADA,NORMAL,0,
VPN-01335,2026-06-25 10:45:36+00:00,VPN_IAM,NORMAL,0,
PHY-00068,2026-06-25 10:49:12+00:00,PHYSICAL,NORMAL,0,
NET-00475,2026-06-25 11:07:53+00:00,NETWORK,NORMAL,0,
EDR-00886,2026-06-25 11:11:14+00:00,ENDPOINT,SUSPICIOUS,1,
PHY-00966,2026-06-25 11:15:16+00:00,PHYSICAL,NORMAL,0,
CARGO-01017,2026-06-25 11:16:52+00:00,CARGO,NORMAL,0,
VPN-00186,2026-06-25 11:20:31+00:00,VPN_IAM,NORMAL,0,
NET-01699,2026-06-25 11:22:16+00:00,NETWORK,NORMAL,0,
OT-00879,2026-06-25 11:23:36+00:00,OT_SCADA,NORMAL,0,
VPN-01205,2026-06-25 11:36:21+00:00,VPN_IAM,NORMAL,0,
CARGO-00483,2026-06-25 11:40:20+00:00,CARGO,NORMAL,0,
OT-00219,2026-06-25 11:50:38+00:00,OT_SCADA,NORMAL,0,
PHY-00951,2026-06-25 11:52:42+00:00,PHYSICAL,NORMAL,0,
VPN-00406,2026-06-25 11:57:39+00:00,VPN_IAM,NORMAL,0,
OT-01565,2026-06-25 12:00:25+00:00,OT_SCADA,NORMAL,0,
OT-01895,2026-06-25 12:05:56+00:00,OT_SCADA,NORMAL,0,
NET-01259,2026-06-25 12:07:20+00:00,NETWORK,NORMAL,0,
NET-00479,2026-06-25 12:09:27+00:00,NETWORK,NORMAL,0,
NET-01124,2026-06-25 12:09:53+00:00,NETWORK,NORMAL,0,
CARGO-00747,2026-06-25 12:09:55+00:00,CARGO,NORMAL,0,
NET-01724,2026-06-25 12:10:37+00:00,NETWORK,NORMAL,0,
NET-00426,2026-06-25 12:13:46+00:00,NETWORK,NORMAL,0,
VPN-01037,2026-06-25 12:16:50+00:00,VPN_IAM,NORMAL,0,
PHY-00630,2026-06-25 12:16:52+00:00,PHYSICAL,NORMAL,0,
CARGO-00552,2026-06-25 12:21:50+00:00,CARGO,NORMAL,0,
EDR-00489,2026-06-25 12:24:21+00:00,ENDPOINT,NORMAL,0,
CARGO-00367,2026-06-25 12:25:41+00:00,CARGO,SUSPICIOUS,1,
CARGO-00288,2026-06-25 12:28:13+00:00,CARGO,NORMAL,0,
CARGO-00980,2026-06-25 12:31:06+00:00,CARGO,NORMAL,0,
NET-00441,2026-06-25 12:31:22+00:00,NETWORK,NORMAL,0,
PHY-00635,2026-06-25 12:34:17+00:00,PHYSICAL,NORMAL,0,
EDR-00907,2026-06-25 12:35:06+00:00,ENDPOINT,NORMAL,0,
OT-00066,2026-06-25 12:37:51+00:00,OT_SCADA,NORMAL,0,
VPN-00175,2026-06-25 12:50:21+00:00,VPN_IAM,NORMAL,0,
PHY-00779,2026-06-25 12:54:45+00:00,PHYSICAL,NORMAL,0,
VPN-00315,2026-06-25 13:11:05+00:00,VPN_IAM,NORMAL,0,
EDR-00607,2026-06-25 13:13:18+00:00,ENDPOINT,NORMAL,0,
OT-01650,2026-06-25 13:13:56+00:00,OT_SCADA,NORMAL,0,
OT-00916,2026-06-25 13:14:33+00:00,OT_SCADA,NORMAL,0,
EDR-00087,2026-06-25 13:19:50+00:00,ENDPOINT,NORMAL,0,
VPN-01515,2026-06-25 13:20:40+00:00,VPN_IAM,NORMAL,0,
OT-01825,2026-06-25 13:21:56+00:00,OT_SCADA,NORMAL,0,
PHY-00300,2026-06-25 13:24:11+00:00,PHYSICAL,NORMAL,0,
OT-01234,2026-06-25 13:24:44+00:00,OT_SCADA,NORMAL,0,
OT-00022,2026-06-25 13:30:24+00:00,OT_SCADA,NORMAL,0,
NET-01070,2026-06-25 13:31:57+00:00,NETWORK,SUSPICIOUS,1,
VPN-00159,2026-06-25 13:34:05+00:00,VPN_IAM,NORMAL,0,
OT-01350,2026-06-25 13:36:34+00:00,OT_SCADA,NORMAL,0,
OT-00377,2026-06-25 13:40:50+00:00,OT_SCADA,NORMAL,0,
EDR-00657,2026-06-25 13:53:43+00:00,ENDPOINT,SUSPICIOUS,1,
NET-00387,2026-06-25 13:54:38+00:00,NETWORK,NORMAL,0,
PHY-00011,2026-06-25 13:54:56+00:00,PHYSICAL,NORMAL,0,
OT-00223,2026-06-25 14:00:16+00:00,OT_SCADA,NORMAL,0,
CARGO-00414,2026-06-25 14:00:29+00:00,CARGO,NORMAL,0,
NET-00151,2026-06-25 14:06:29+00:00,NETWORK,SUSPICIOUS,1,
CARGO-01091,2026-06-25 14:06:29+00:00,CARGO,NORMAL,0,
EDR-00396,2026-06-25 14:14:41+00:00,ENDPOINT,NORMAL,0,
NOTE-00109,2026-06-25 14:15:39+00:00,TEXT,NORMAL,0,
PHY-00847,2026-06-25 14:23:29+00:00,PHYSICAL,NORMAL,0,
EDR-00432,2026-06-25 14:26:03+00:00,ENDPOINT,NORMAL,0,
VPN-00806,2026-06-25 14:26:55+00:00,VPN_IAM,NORMAL,0,
EDR-00672,2026-06-25 14:27:17+00:00,ENDPOINT,NORMAL,0,
VPN-01298,2026-06-25 14:28:14+00:00,VPN_IAM,NORMAL,0,
EDR-00177,2026-06-25 14:32:07+00:00,ENDPOINT,NORMAL,0,
OT-00945,2026-06-25 14:35:54+00:00,OT_SCADA,NORMAL,0,
EDR-00475,2026-06-25 14:39:03+00:00,ENDPOINT,NORMAL,0,
NOTE-00104,2026-06-25 14:39:22+00:00,TEXT,SUSPICIOUS,1,
VPN-00249,2026-06-25 14:39:29+00:00,VPN_IAM,NORMAL,0,
NET-00946,2026-06-25 14:40:35+00:00,NETWORK,NORMAL,0,
OT-00469,2026-06-25 14:41:27+00:00,OT_SCADA,NORMAL,0,
CARGO-01041,2026-06-25 14:45:49+00:00,CARGO,NORMAL,0,
PHY-00792,2026-06-25 14:47:17+00:00,PHYSICAL,NORMAL,0,
OT-01714,2026-06-25 14:49:27+00:00,OT_SCADA,NORMAL,0,
NET-00680,2026-06-25 14:52:01+00:00,NETWORK,NORMAL,0,
EDR-00906,2026-06-25 14:53:08+00:00,ENDPOINT,NORMAL,0,
NET-00925,2026-06-25 14:59:59+00:00,NETWORK,NORMAL,0,
NET-01487,2026-06-25 15:04:59+00:00,NETWORK,NORMAL,0,
EDR-00442,2026-06-25 15:06:38+00:00,ENDPOINT,SUSPICIOUS,1,
OT-01706,2026-06-25 15:10:39+00:00,OT_SCADA,NORMAL,0,
OT-01214,2026-06-25 15:14:27+00:00,OT_SCADA,NORMAL,0,
NET-01209,2026-06-25 15:25:47+00:00,NETWORK,NORMAL,0,
VPN-00048,2026-06-25 15:38:44+00:00,VPN_IAM,NORMAL,0,
CARGO-00034,2026-06-25 15:45:14+00:00,CARGO,NORMAL,0,
EDR-00598,2026-06-25 15:45:44+00:00,ENDPOINT,NORMAL,0,
VPN-01559,2026-06-25 15:48:31+00:00,VPN_IAM,NORMAL,0,
OT-00207,2026-06-25 15:52:39+00:00,OT_SCADA,NORMAL,0,
NET-01745,2026-06-25 15:54:50+00:00,NETWORK,NORMAL,0,
VPN-00296,2026-06-25 16:01:23+00:00,VPN_IAM,NORMAL,0,
OT-00745,2026-06-25 16:01:28+00:00,OT_SCADA,NORMAL,0,
CARGO-01055,2026-06-25 16:04:05+00:00,CARGO,NORMAL,0,
EDR-01049,2026-06-25 16:06:36+00:00,ENDPOINT,NORMAL,0,
NET-00173,2026-06-25 16:22:51+00:00,NETWORK,NORMAL,0,
OT-00786,2026-06-25 16:34:29+00:00,OT_SCADA,NORMAL,0,
PHY-00941,2026-06-25 16:44:16+00:00,PHYSICAL,NORMAL,0,
NET-00041,2026-06-25 16:46:08+00:00,NETWORK,NORMAL,0,
OT-00870,2026-06-25 16:50:52+00:00,OT_SCADA,NORMAL,0,
OT-00899,2026-06-25 16:51:18+00:00,OT_SCADA,NORMAL,0,
NOTE-00208,2026-06-25 16:52:52+00:00,TEXT,NORMAL,0,
VPN-01137,2026-06-25 16:57:17+00:00,VPN_IAM,NORMAL,0,
VPN-00764,2026-06-25 16:59:43+00:00,VPN_IAM,NORMAL,0,
OT-01866,2026-06-25 17:04:24+00:00,OT_SCADA,NORMAL,0,
NOTE-00001,2026-06-25 17:06:11+00:00,TEXT,NORMAL,0,
EDR-00409,2026-06-25 17:07:44+00:00,ENDPOINT,NORMAL,0,
NET-01795,2026-06-25 17:11:16+00:00,NETWORK,NORMAL,0,
NET-00086,2026-06-25 17:12:40+00:00,NETWORK,NORMAL,0,
EDR-00309,2026-06-25 17:27:53+00:00,ENDPOINT,NORMAL,0,
CARGO-00718,2026-06-25 17:29:19+00:00,CARGO,NORMAL,0,
NET-00068,2026-06-25 17:30:48+00:00,NETWORK,NORMAL,0,
NET-00846,2026-06-25 17:32:03+00:00,NETWORK,NORMAL,0,
PHY-00850,2026-06-25 17:37:42+00:00,PHYSICAL,NORMAL,0,
NET-00078,2026-06-25 17:39:44+00:00,NETWORK,SUSPICIOUS,1,
PHY-00118,2026-06-25 17:43:29+00:00,PHYSICAL,NORMAL,0,
NET-00567,2026-06-25 17:48:06+00:00,NETWORK,NORMAL,0,
NOTE-00039,2026-06-25 17:49:05+00:00,TEXT,NORMAL,0,
PHY-00557,2026-06-25 17:53:12+00:00,PHYSICAL,NORMAL,0,
OT-01461,2026-06-25 17:54:17+00:00,OT_SCADA,NORMAL,0,
EDR-00860,2026-06-25 17:56:37+00:00,ENDPOINT,NORMAL,0,
NET-01695,2026-06-25 18:01:02+00:00,NETWORK,NORMAL,0,
OT-00654,2026-06-25 18:04:27+00:00,OT_SCADA,NORMAL,0,
VPN-01056,2026-06-25 18:05:19+00:00,VPN_IAM,NORMAL,0,
VPN-00779,2026-06-25 18:05:57+00:00,VPN_IAM,NORMAL,0,
VPN-00969,2026-06-25 18:07:37+00:00,VPN_IAM,NORMAL,0,
OT-00925,2026-06-25 18:11:34+00:00,OT_SCADA,NORMAL,0,
OT-00629,2026-06-25 18:13:17+00:00,OT_SCADA,NORMAL,0,
EDR-00303,2026-06-25 18:20:59+00:00,ENDPOINT,NORMAL,0,
VPN-00996,2026-06-25 18:22:50+00:00,VPN_IAM,NORMAL,0,
CARGO-00113,2026-06-25 18:23:14+00:00,CARGO,SUSPICIOUS,1,
VPN-00166,2026-06-25 18:24:29+00:00,VPN_IAM,NORMAL,0,
OT-00622,2026-06-25 18:41:03+00:00,OT_SCADA,NORMAL,0,
NET-01555,2026-06-25 18:42:23+00:00,NETWORK,NORMAL,0,
OT-01639,2026-06-25 18:43:05+00:00,OT_SCADA,NORMAL,0,
PHY-00553,2026-06-25 18:44:25+00:00,PHYSICAL,NORMAL,0,
VPN-01552,2026-06-25 18:45:19+00:00,VPN_IAM,NORMAL,0,
CARGO-00798,2026-06-25 18:47:06+00:00,CARGO,NORMAL,0,
OT-01618,2026-06-25 18:49:37+00:00,OT_SCADA,NORMAL,0,
EDR-00464,2026-06-25 18:49:48+00:00,ENDPOINT,NORMAL,0,
VPN-00092,2026-06-25 18:56:08+00:00,VPN_IAM,NORMAL,0,
PHY-00538,2026-06-25 18:56:21+00:00,PHYSICAL,NORMAL,0,
NET-00587,2026-06-25 19:02:03+00:00,NETWORK,NORMAL,0,
OT-00809,2026-06-25 19:07:19+00:00,OT_SCADA,NORMAL,0,
NET-00336,2026-06-25 19:13:11+00:00,NETWORK,NORMAL,0,
VPN-00420,2026-06-25 19:14:41+00:00,VPN_IAM,NORMAL,0,
OT-00272,2026-06-25 19:22:37+00:00,OT_SCADA,NORMAL,0,
EDR-00734,2026-06-25 19:24:36+00:00,ENDPOINT,NORMAL,0,
NET-01142,2026-06-25 19:36:52+00:00,NETWORK,NORMAL,0,
VPN-01275,2026-06-25 19:42:39+00:00,VPN_IAM,NORMAL,0,
OT-01107,2026-06-25 19:47:44+00:00,OT_SCADA,NORMAL,0,
OT-00515,2026-06-25 19:51:48+00:00,OT_SCADA,SUSPICIOUS,1,
EDR-00456,2026-06-25 20:09:13+00:00,ENDPOINT,NORMAL,0,
OT-01976,2026-06-25 20:13:00+00:00,OT_SCADA,NORMAL,0,
EDR-00849,2026-06-25 20:13:41+00:00,ENDPOINT,NORMAL,0,
CARGO-00261,2026-06-25 20:19:51+00:00,CARGO,NORMAL,0,
NET-00620,2026-06-25 20:21:30+00:00,NETWORK,NORMAL,0,
PHY-00943,2026-06-25 20:23:54+00:00,PHYSICAL,NORMAL,0,
OT-01123,2026-06-25 20:34:44+00:00,OT_SCADA,NORMAL,0,
OT-00708,2026-06-25 20:39:28+00:00,OT_SCADA,NORMAL,0,
VPN-01155,2026-06-25 20:56:27+00:00,VPN_IAM,NORMAL,0,
VPN-01514,2026-06-25 21:00:12+00:00,VPN_IAM,NORMAL,0,
NET-01037,2026-06-25 21:06:32+00:00,NETWORK,NORMAL,0,
VPN-01221,2026-06-25 21:08:51+00:00,VPN_IAM,SUSPICIOUS,1,
CARGO-00025,2026-06-25 21:14:33+00:00,CARGO,NORMAL,0,
VPN-00872,2026-06-25 21:14:37+00:00,VPN_IAM,NORMAL,0,
NET-01736,2026-06-25 21:19:39+00:00,NETWORK,NORMAL,0,
VPN-00458,2026-06-25 21:29:11+00:00,VPN_IAM,NORMAL,0,
VPN-01588,2026-06-25 21:31:37+00:00,VPN_IAM,NORMAL,0,
NET-00334,2026-06-25 21:44:33+00:00,NETWORK,NORMAL,0,
OT-01601,2026-06-25 21:45:45+00:00,OT_SCADA,NORMAL,0,
NET-01325,2026-06-25 21:49:03+00:00,NETWORK,NORMAL,0,
NET-00843,2026-06-25 21:56:16+00:00,NETWORK,NORMAL,0,
EDR-00883,2026-06-25 21:56:30+00:00,ENDPOINT,NORMAL,0,
NET-01056,2026-06-25 21:58:14+00:00,NETWORK,NORMAL,0,
VPN-01467,2026-06-25 21:58:20+00:00,VPN_IAM,NORMAL,0,
NET-01330,2026-06-25 22:05:35+00:00,NETWORK,NORMAL,0,
CARGO-00142,2026-06-25 22:07:26+00:00,CARGO,NORMAL,0,
OT-01775,2026-06-25 22:26:56+00:00,OT_SCADA,NORMAL,0,
CARGO-00893,2026-06-25 22:32:13+00:00,CARGO,NORMAL,0,
CARGO-00673,2026-06-25 22:42:33+00:00,CARGO,NORMAL,0,
NET-01356,2026-06-25 22:43:40+00:00,NETWORK,NORMAL,0,
CARGO-00930,2026-06-25 22:43:52+00:00,CARGO,NORMAL,0,
VPN-01116,2026-06-25 22:46:59+00:00,VPN_IAM,NORMAL,0,
OT-01046,2026-06-25 22:51:44+00:00,OT_SCADA,NORMAL,0,
EDR-00037,2026-06-25 22:56:46+00:00,ENDPOINT,NORMAL,0,
OT-01075,2026-06-25 22:56:55+00:00,OT_SCADA,NORMAL,0,
VPN-00992,2026-06-25 22:59:40+00:00,VPN_IAM,NORMAL,0,
CARGO-00188,2026-06-25 23:04:07+00:00,CARGO,NORMAL,0,
NET-01818,2026-06-25 23:04:12+00:00,NETWORK,NORMAL,0,
OT-00270,2026-06-25 23:05:03+00:00,OT_SCADA,NORMAL,0,
NET-00067,2026-06-25 23:09:18+00:00,NETWORK,NORMAL,0,
VPN-01685,2026-06-25 23:20:27+00:00,VPN_IAM,NORMAL,0,
PHY-00611,2026-06-25 23:35:43+00:00,PHYSICAL,NORMAL,0,
PHY-00571,2026-06-25 23:43:27+00:00,PHYSICAL,NORMAL,0,
CARGO-00128,2026-06-25 23:44:48+00:00,CARGO,NORMAL,0,
NET-01146,2026-06-25 23:45:45+00:00,NETWORK,NORMAL,0,
CARGO-00455,2026-06-25 23:45:50+00:00,CARGO,NORMAL,0,
NET-00512,2026-06-25 23:50:20+00:00,NETWORK,NORMAL,0,
CARGO-00029,2026-06-26 00:00:27+00:00,CARGO,NORMAL,0,
NET-00013,2026-06-26 00:06:47+00:00,NETWORK,NORMAL,0,
OT-00770,2026-06-26 00:11:23+00:00,OT_SCADA,NORMAL,0,
OT-00820,2026-06-26 00:12:56+00:00,OT_SCADA,NORMAL,0,
VPN-00055,2026-06-26 00:21:28+00:00,VPN_IAM,NORMAL,0,
VPN-00547,2026-06-26 00:30:29+00:00,VPN_IAM,NORMAL,0,
NET-02029,2026-06-26 00:32:29+00:00,NETWORK,NORMAL,0,
NET-00119,2026-06-26 00:44:15+00:00,NETWORK,NORMAL,0,
CARGO-00860,2026-06-26 00:50:47+00:00,CARGO,NORMAL,0,
OT-00110,2026-06-26 00:52:46+00:00,OT_SCADA,NORMAL,0,
CARGO-01015,2026-06-26 01:03:30+00:00,CARGO,NORMAL,0,
VPN-01463,2026-06-26 01:16:27+00:00,VPN_IAM,NORMAL,0,
OT-01947,2026-06-26 01:24:20+00:00,OT_SCADA,SUSPICIOUS,1,
VPN-00584,2026-06-26 01:25:54+00:00,VPN_IAM,NORMAL,0,
OT-00818,2026-06-26 01:26:41+00:00,OT_SCADA,NORMAL,0,
EDR-01009,2026-06-26 01:34:25+00:00,ENDPOINT,NORMAL,0,
VPN-01059,2026-06-26 01:35:39+00:00,VPN_IAM,NORMAL,0,
VPN-00099,2026-06-26 01:42:54+00:00,VPN_IAM,NORMAL,0,
NET-00748,2026-06-26 01:44:27+00:00,NETWORK,NORMAL,0,
OT-01540,2026-06-26 01:45:56+00:00,OT_SCADA,NORMAL,0,
EDR-00099,2026-06-26 01:47:44+00:00,ENDPOINT,NORMAL,0,
PHY-00282,2026-06-26 01:50:12+00:00,PHYSICAL,NORMAL,0,
OT-01325,2026-06-26 01:55:33+00:00,OT_SCADA,NORMAL,0,
PHY-00147,2026-06-26 01:57:29+00:00,PHYSICAL,NORMAL,0,
OT-00174,2026-06-26 02:07:13+00:00,OT_SCADA,NORMAL,0,
NOTE-00017,2026-06-26 02:08:31+00:00,TEXT,NORMAL,0,
NET-01489,2026-06-26 02:13:47+00:00,NETWORK,NORMAL,0,
CARGO-00563,2026-06-26 02:18:57+00:00,CARGO,NORMAL,0,
OT-01009,2026-06-26 02:21:59+00:00,OT_SCADA,NORMAL,0,
NET-01581,2026-06-26 02:22:23+00:00,NETWORK,NORMAL,0,
VPN-01025,2026-06-26 02:24:37+00:00,VPN_IAM,NORMAL,0,
EDR-00393,2026-06-26 02:32:31+00:00,ENDPOINT,NORMAL,0,
PHY-00145,2026-06-26 02:36:50+00:00,PHYSICAL,NORMAL,0,
NET-01756,2026-06-26 02:37:13+00:00,NETWORK,NORMAL,0,
CARGO-00961,2026-06-26 02:41:02+00:00,CARGO,NORMAL,0,
NET-00435,2026-06-26 02:44:12+00:00,NETWORK,NORMAL,0,
CARGO-00713,2026-06-26 02:48:19+00:00,CARGO,NORMAL,0,
OT-01655,2026-06-26 02:51:07+00:00,OT_SCADA,NORMAL,0,
VPN-00451,2026-06-26 02:56:36+00:00,VPN_IAM,NORMAL,0,
CARGO-01182,2026-06-26 02:58:52+00:00,CARGO,NORMAL,0,
EDR-00185,2026-06-26 03:00:00+00:00,ENDPOINT,NORMAL,0,
VPN-00709,2026-06-26 03:09:16+00:00,VPN_IAM,NORMAL,0,
NET-01452,2026-06-26 03:19:08+00:00,NETWORK,NORMAL,0,
VPN-00452,2026-06-26 03:20:23+00:00,VPN_IAM,NORMAL,0,
OT-00274,2026-06-26 03:24:17+00:00,OT_SCADA,NORMAL,0,
CARGO-00393,2026-06-26 03:25:06+00:00,CARGO,NORMAL,0,
CARGO-00769,2026-06-26 03:32:41+00:00,CARGO,NORMAL,0,
OT-00098,2026-06-26 03:33:08+00:00,OT_SCADA,NORMAL,0,
NOTE-00246,2026-06-26 03:38:45+00:00,TEXT,NORMAL,0,
OT-01217,2026-06-26 03:40:35+00:00,OT_SCADA,NORMAL,0,
CARGO-00785,2026-06-26 03:42:30+00:00,CARGO,NORMAL,0,
NET-01054,2026-06-26 03:44:52+00:00,NETWORK,NORMAL,0,
OT-01986,2026-06-26 03:46:26+00:00,OT_SCADA,NORMAL,0,
EDR-00362,2026-06-26 03:54:35+00:00,ENDPOINT,NORMAL,0,
OT-01836,2026-06-26 04:03:57+00:00,OT_SCADA,NORMAL,0,
CARGO-00347,2026-06-26 04:08:34+00:00,CARGO,NORMAL,0,
CARGO-00437,2026-06-26 04:10:44+00:00,CARGO,NORMAL,0,
EDR-00567,2026-06-26 04:12:04+00:00,ENDPOINT,NORMAL,0,
NET-00166,2026-06-26 04:19:45+00:00,NETWORK,NORMAL,0,
EDR-00843,2026-06-26 04:23:33+00:00,ENDPOINT,NORMAL,0,
CARGO-00523,2026-06-26 04:33:16+00:00,CARGO,NORMAL,0,
NET-00500,2026-06-26 04:34:23+00:00,NETWORK,NORMAL,0,
NET-01455,2026-06-26 04:38:56+00:00,NETWORK,NORMAL,0,
NET-00659,2026-06-26 04:45:23+00:00,NETWORK,NORMAL,0,
CARGO-00743,2026-06-26 04:45:57+00:00,CARGO,NORMAL,0,
NET-02006,2026-06-26 04:50:01+00:00,NETWORK,NORMAL,0,
CARGO-01009,2026-06-26 04:57:12+00:00,CARGO,NORMAL,0,
EDR-01128,2026-06-26 05:00:38+00:00,ENDPOINT,NORMAL,0,
NET-00642,2026-06-26 05:03:01+00:00,NETWORK,NORMAL,0,
NET-00004,2026-06-26 05:07:54+00:00,NETWORK,NORMAL,0,
VPN-00566,2026-06-26 05:09:11+00:00,VPN_IAM,NORMAL,0,
VPN-00672,2026-06-26 05:21:36+00:00,VPN_IAM,NORMAL,0,
OT-01183,2026-06-26 05:23:07+00:00,OT_SCADA,NORMAL,0,
OT-00626,2026-06-26 05:23:57+00:00,OT_SCADA,SUSPICIOUS,1,
NET-01606,2026-06-26 05:30:31+00:00,NETWORK,NORMAL,0,
OT-00939,2026-06-26 05:36:12+00:00,OT_SCADA,NORMAL,0,
NET-01340,2026-06-26 05:40:29+00:00,NETWORK,NORMAL,0,
OT-01305,2026-06-26 05:44:39+00:00,OT_SCADA,NORMAL,0,
OT-00742,2026-06-26 05:48:11+00:00,OT_SCADA,SUSPICIOUS,1,
VPN-00044,2026-06-26 05:49:18+00:00,VPN_IAM,NORMAL,0,
NET-00945,2026-06-26 05:57:29+00:00,NETWORK,NORMAL,0,
CARGO-00424,2026-06-26 05:59:55+00:00,CARGO,NORMAL,0,
VPN-00113,2026-06-26 06:02:22+00:00,VPN_IAM,NORMAL,0,
EDR-00324,2026-06-26 06:02:31+00:00,ENDPOINT,SUSPICIOUS,1,
OT-00447,2026-06-26 06:06:44+00:00,OT_SCADA,NORMAL,0,
VPN-01183,2026-06-26 06:09:37+00:00,VPN_IAM,NORMAL,0,
VPN-01080,2026-06-26 06:12:04+00:00,VPN_IAM,NORMAL,0,
OT-00598,2026-06-26 06:20:06+00:00,OT_SCADA,NORMAL,0,
NOTE-00019,2026-06-26 06:24:33+00:00,TEXT,NORMAL,0,
OT-00086,2026-06-26 06:36:32+00:00,OT_SCADA,NORMAL,0,
PHY-00158,2026-06-26 06:37:52+00:00,PHYSICAL,SUSPICIOUS,1,
CARGO-00202,2026-06-26 06:40:08+00:00,CARGO,NORMAL,0,
NET-01228,2026-06-26 06:43:46+00:00,NETWORK,NORMAL,0,
OT-01061,2026-06-26 06:43:52+00:00,OT_SCADA,NORMAL,0,
NET-01569,2026-06-26 06:49:48+00:00,NETWORK,NORMAL,0,
VPN-00332,2026-06-26 06:50:28+00:00,VPN_IAM,NORMAL,0,
PHY-00104,2026-06-26 06:50:44+00:00,PHYSICAL,NORMAL,0,
EDR-01046,2026-06-26 06:58:48+00:00,ENDPOINT,NORMAL,0,
VPN-00290,2026-06-26 07:04:27+00:00,VPN_IAM,NORMAL,0,
OT-01036,2026-06-26 07:05:11+00:00,OT_SCADA,NORMAL,0,
PHY-00912,2026-06-26 07:07:12+00:00,PHYSICAL,NORMAL,0,
CARGO-00124,2026-06-26 07:15:14+00:00,CARGO,NORMAL,0,
OT-00608,2026-06-26 07:15:17+00:00,OT_SCADA,NORMAL,0,
CARGO-00553,2026-06-26 07:16:41+00:00,CARGO,NORMAL,0,
VPN-00937,2026-06-26 07:16:44+00:00,VPN_IAM,NORMAL,0,
OT-01550,2026-06-26 07:18:49+00:00,OT_SCADA,NORMAL,0,
NET-01421,2026-06-26 07:24:18+00:00,NETWORK,NORMAL,0,
VPN-00070,2026-06-26 07:49:25+00:00,VPN_IAM,NORMAL,0,
EDR-00592,2026-06-26 07:54:45+00:00,ENDPOINT,NORMAL,0,
NET-00842,2026-06-26 08:04:06+00:00,NETWORK,NORMAL,0,
VPN-01451,2026-06-26 08:09:18+00:00,VPN_IAM,NORMAL,0,
EDR-00864,2026-06-26 08:13:49+00:00,ENDPOINT,SUSPICIOUS,1,
OT-00644,2026-06-26 08:15:38+00:00,OT_SCADA,NORMAL,0,
NOTE-00085,2026-06-26 08:24:05+00:00,TEXT,SUSPICIOUS,1,
NET-02188,2026-06-26 08:26:54+00:00,NETWORK,NORMAL,0,
NET-01488,2026-06-26 08:32:40+00:00,NETWORK,NORMAL,0,
OT-00094,2026-06-26 09:05:29+00:00,OT_SCADA,NORMAL,0,
NOTE-00227,2026-06-26 09:06:40+00:00,TEXT,SUSPICIOUS,1,
VPN-00692,2026-06-26 09:06:47+00:00,VPN_IAM,NORMAL,0,
NET-00676,2026-06-26 09:11:48+00:00,NETWORK,NORMAL,0,
VPN-00534,2026-06-26 09:15:29+00:00,VPN_IAM,NORMAL,0,
NET-01255,2026-06-26 09:17:23+00:00,NETWORK,NORMAL,0,
EDR-00549,2026-06-26 09:22:21+00:00,ENDPOINT,NORMAL,0,
VPN-01379,2026-06-26 09:25:17+00:00,VPN_IAM,SUSPICIOUS,1,
CARGO-00804,2026-06-26 09:25:24+00:00,CARGO,NORMAL,0,
NET-01540,2026-06-26 09:25:57+00:00,NETWORK,NORMAL,0,
VPN-01466,2026-06-26 09:36:37+00:00,VPN_IAM,NORMAL,0,
OT-00175,2026-06-26 09:41:18+00:00,OT_SCADA,NORMAL,0,
NET-01332,2026-06-26 09:44:36+00:00,NETWORK,NORMAL,0,
VPN-00321,2026-06-26 09:46:16+00:00,VPN_IAM,NORMAL,0,
VPN-01465,2026-06-26 09:46:16+00:00,VPN_IAM,NORMAL,0,
VPN-00062,2026-06-26 09:57:08+00:00,VPN_IAM,NORMAL,0,
EDR-00509,2026-06-26 09:58:16+00:00,ENDPOINT,NORMAL,0,
CARGO-00838,2026-06-26 10:11:01+00:00,CARGO,NORMAL,0,
CARGO-00248,2026-06-26 10:28:42+00:00,CARGO,NORMAL,0,
CARGO-00277,2026-06-26 10:29:58+00:00,CARGO,NORMAL,0,
OT-01906,2026-06-26 10:34:35+00:00,OT_SCADA,NORMAL,0,
EDR-00732,2026-06-26 10:38:44+00:00,ENDPOINT,NORMAL,0,
EDR-00198,2026-06-26 10:43:20+00:00,ENDPOINT,NORMAL,0,
OT-00261,2026-06-26 10:44:35+00:00,OT_SCADA,SUSPICIOUS,1,
OT-00579,2026-06-26 10:45:14+00:00,OT_SCADA,NORMAL,0,
PHY-00095,2026-06-26 10:51:53+00:00,PHYSICAL,NORMAL,0,
CARGO-01157,2026-06-26 10:54:34+00:00,CARGO,NORMAL,0,
NET-01442,2026-06-26 11:02:40+00:00,NETWORK,NORMAL,0,
OT-01648,2026-06-26 11:06:27+00:00,OT_SCADA,NORMAL,0,
NOTE-00218,2026-06-26 11:08:15+00:00,TEXT,NORMAL,0,
NET-01768,2026-06-26 11:18:49+00:00,NETWORK,NORMAL,0,
PHY-00854,2026-06-26 11:22:55+00:00,PHYSICAL,NORMAL,0,
OT-01933,2026-06-26 11:23:05+00:00,OT_SCADA,NORMAL,0,
OT-00376,2026-06-26 11:23:48+00:00,OT_SCADA,NORMAL,0,
PHY-00412,2026-06-26 11:28:12+00:00,PHYSICAL,NORMAL,0,
VPN-00134,2026-06-26 11:29:20+00:00,VPN_IAM,NORMAL,0,
NET-01820,2026-06-26 11:31:28+00:00,NETWORK,NORMAL,0,
NET-00242,2026-06-26 11:31:57+00:00,NETWORK,NORMAL,0,
OT-01109,2026-06-26 11:34:51+00:00,OT_SCADA,NORMAL,0,
OT-01452,2026-06-26 11:35:11+00:00,OT_SCADA,NORMAL,0,
VPN-00195,2026-06-26 11:38:03+00:00,VPN_IAM,NORMAL,0,
OT-00802,2026-06-26 11:41:12+00:00,OT_SCADA,NORMAL,0,
NET-00675,2026-06-26 11:43:00+00:00,NETWORK,NORMAL,0,
OT-01257,2026-06-26 11:46:32+00:00,OT_SCADA,NORMAL,0,
OT-00632,2026-06-26 11:49:17+00:00,OT_SCADA,NORMAL,0,
NET-00181,2026-06-26 11:49:33+00:00,NETWORK,NORMAL,0,
NET-00826,2026-06-26 11:51:03+00:00,NETWORK,NORMAL,0,
EDR-00126,2026-06-26 12:01:34+00:00,ENDPOINT,NORMAL,0,
CARGO-00753,2026-06-26 12:02:26+00:00,CARGO,NORMAL,0,
NET-01855,2026-06-26 12:07:42+00:00,NETWORK,NORMAL,0,
NET-01434,2026-06-26 12:10:13+00:00,NETWORK,NORMAL,0,
EDR-00319,2026-06-26 12:29:24+00:00,ENDPOINT,NORMAL,0,
OT-00025,2026-06-26 12:41:22+00:00,OT_SCADA,NORMAL,0,
CARGO-00690,2026-06-26 12:41:33+00:00,CARGO,NORMAL,0,
NET-01101,2026-06-26 12:47:41+00:00,NETWORK,NORMAL,0,
OT-00358,2026-06-26 12:48:50+00:00,OT_SCADA,NORMAL,0,
VPN-00353,2026-06-26 12:50:18+00:00,VPN_IAM,NORMAL,0,
NET-00313,2026-06-26 12:58:51+00:00,NETWORK,NORMAL,0,
OT-00045,2026-06-26 13:01:08+00:00,OT_SCADA,NORMAL,0,
NET-00483,2026-06-26 13:04:29+00:00,NETWORK,NORMAL,0,
EDR-01064,2026-06-26 13:10:09+00:00,ENDPOINT,NORMAL,0,
PHY-00542,2026-06-26 13:15:05+00:00,PHYSICAL,NORMAL,0,
VPN-00187,2026-06-26 13:15:28+00:00,VPN_IAM,NORMAL,0,
PHY-00959,2026-06-26 13:16:50+00:00,PHYSICAL,NORMAL,0,
VPN-00410,2026-06-26 13:16:52+00:00,VPN_IAM,NORMAL,0,
NET-00940,2026-06-26 13:26:48+00:00,NETWORK,NORMAL,0,
OT-01956,2026-06-26 13:30:16+00:00,OT_SCADA,NORMAL,0,
CARGO-00536,2026-06-26 13:37:57+00:00,CARGO,NORMAL,0,
CARGO-00592,2026-06-26 13:38:38+00:00,CARGO,NORMAL,0,
NET-01524,2026-06-26 13:40:44+00:00,NETWORK,NORMAL,0,
NET-01131,2026-06-26 13:52:09+00:00,NETWORK,NORMAL,0,
EDR-00394,2026-06-26 13:52:16+00:00,ENDPOINT,NORMAL,0,
NET-00797,2026-06-26 13:55:28+00:00,NETWORK,NORMAL,0,
PHY-00029,2026-06-26 14:09:03+00:00,PHYSICAL,NORMAL,0,
PHY-00874,2026-06-26 14:13:51+00:00,PHYSICAL,NORMAL,0,
EDR-00777,2026-06-26 14:18:22+00:00,ENDPOINT,NORMAL,0,
NET-01456,2026-06-26 14:19:04+00:00,NETWORK,NORMAL,0,
NOTE-00095,2026-06-26 14:19:57+00:00,TEXT,NORMAL,0,
NET-00598,2026-06-26 14:21:01+00:00,NETWORK,NORMAL,0,
VPN-00754,2026-06-26 14:22:15+00:00,VPN_IAM,SUSPICIOUS,1,
CARGO-00654,2026-06-26 14:23:23+00:00,CARGO,NORMAL,0,
OT-00709,2026-06-26 14:25:09+00:00,OT_SCADA,NORMAL,0,
NOTE-00081,2026-06-26 14:37:58+00:00,TEXT,NORMAL,0,
OT-00833,2026-06-26 14:40:27+00:00,OT_SCADA,NORMAL,0,
NET-00429,2026-06-26 14:45:01+00:00,NETWORK,NORMAL,0,
NET-01043,2026-06-26 14:45:53+00:00,NETWORK,SUSPICIOUS,1,
NET-00148,2026-06-26 14:58:48+00:00,NETWORK,NORMAL,0,
PHY-00643,2026-06-26 15:03:19+00:00,PHYSICAL,NORMAL,0,
PHY-00887,2026-06-26 15:06:34+00:00,PHYSICAL,NORMAL,0,
PHY-00727,2026-06-26 15:16:54+00:00,PHYSICAL,NORMAL,0,
OT-01942,2026-06-26 15:17:57+00:00,OT_SCADA,NORMAL,0,
NET-01630,2026-06-26 15:20:45+00:00,NETWORK,NORMAL,0,
EDR-00140,2026-06-26 15:21:19+00:00,ENDPOINT,NORMAL,0,
PHY-00086,2026-06-26 15:23:21+00:00,PHYSICAL,NORMAL,0,
VPN-00074,2026-06-26 15:24:41+00:00,VPN_IAM,NORMAL,0,
OT-00883,2026-06-26 15:41:25+00:00,OT_SCADA,NORMAL,0,
EDR-00962,2026-06-26 15:44:46+00:00,ENDPOINT,NORMAL,0,
EDR-00578,2026-06-26 16:00:37+00:00,ENDPOINT,NORMAL,0,
CARGO-01110,2026-06-26 16:12:45+00:00,CARGO,NORMAL,0,
EDR-00568,2026-06-26 16:15:04+00:00,ENDPOINT,NORMAL,0,
VPN-00972,2026-06-26 16:16:36+00:00,VPN_IAM,NORMAL,0,
PHY-00408,2026-06-26 16:18:37+00:00,PHYSICAL,NORMAL,0,
NET-01726,2026-06-26 16:28:37+00:00,NETWORK,NORMAL,0,
EDR-00644,2026-06-26 16:34:25+00:00,ENDPOINT,NORMAL,0,
EDR-00684,2026-06-26 16:36:24+00:00,ENDPOINT,NORMAL,0,
OT-00428,2026-06-26 16:40:34+00:00,OT_SCADA,NORMAL,0,
CARGO-00674,2026-06-26 16:41:38+00:00,CARGO,NORMAL,0,
NET-01486,2026-06-26 16:45:22+00:00,NETWORK,NORMAL,0,
NET-00367,2026-06-26 16:48:44+00:00,NETWORK,NORMAL,0,
NET-02066,2026-06-26 16:50:15+00:00,NETWORK,NORMAL,0,
CARGO-00887,2026-06-26 17:01:07+00:00,CARGO,NORMAL,0,
NET-00615,2026-06-26 17:13:25+00:00,NETWORK,NORMAL,0,
OT-01573,2026-06-26 17:15:36+00:00,OT_SCADA,NORMAL,0,
NET-01884,2026-06-26 17:17:34+00:00,NETWORK,NORMAL,0,
CARGO-01198,2026-06-26 17:20:07+00:00,CARGO,NORMAL,0,
VPN-01541,2026-06-26 17:22:42+00:00,VPN_IAM,NORMAL,0,
PHY-00964,2026-06-26 17:32:33+00:00,PHYSICAL,NORMAL,0,
OT-01704,2026-06-26 17:36:09+00:00,OT_SCADA,NORMAL,0,
PHY-00749,2026-06-26 17:49:54+00:00,PHYSICAL,NORMAL,0,
CARGO-00739,2026-06-26 17:51:35+00:00,CARGO,NORMAL,0,
EDR-00097,2026-06-26 17:52:21+00:00,ENDPOINT,NORMAL,0,
EDR-01177,2026-06-26 18:02:50+00:00,ENDPOINT,NORMAL,0,
NET-02151,2026-06-26 18:03:35+00:00,NETWORK,NORMAL,0,
PHY-00453,2026-06-26 18:04:09+00:00,PHYSICAL,NORMAL,0,
PHY-00326,2026-06-26 18:13:56+00:00,PHYSICAL,SUSPICIOUS,1,
OT-01193,2026-06-26 18:15:05+00:00,OT_SCADA,NORMAL,0,
NET-01955,2026-06-26 18:19:24+00:00,NETWORK,NORMAL,0,
CARGO-00013,2026-06-26 18:20:36+00:00,CARGO,NORMAL,0,
OT-01520,2026-06-26 18:24:59+00:00,OT_SCADA,NORMAL,0,
NET-01541,2026-06-26 18:26:23+00:00,NETWORK,NORMAL,0,
EDR-01100,2026-06-26 18:26:45+00:00,ENDPOINT,SUSPICIOUS,1,
EDR-01166,2026-06-26 18:26:54+00:00,ENDPOINT,NORMAL,0,
CARGO-00282,2026-06-26 18:35:25+00:00,CARGO,NORMAL,0,
NET-00912,2026-06-26 18:38:18+00:00,NETWORK,SUSPICIOUS,1,
NET-01708,2026-06-26 18:49:53+00:00,NETWORK,NORMAL,0,
EDR-00666,2026-06-26 18:53:01+00:00,ENDPOINT,NORMAL,0,
EDR-00032,2026-06-26 18:53:39+00:00,ENDPOINT,NORMAL,0,
NET-01183,2026-06-26 18:55:56+00:00,NETWORK,NORMAL,0,
NET-00396,2026-06-26 19:07:21+00:00,NETWORK,NORMAL,0,
EDR-00736,2026-06-26 19:09:44+00:00,ENDPOINT,NORMAL,0,
OT-00942,2026-06-26 19:10:35+00:00,OT_SCADA,NORMAL,0,
EDR-00538,2026-06-26 19:14:01+00:00,ENDPOINT,NORMAL,0,
PHY-00188,2026-06-26 19:19:10+00:00,PHYSICAL,NORMAL,0,
CARGO-00473,2026-06-26 19:19:47+00:00,CARGO,NORMAL,0,
PHY-00021,2026-06-26 19:22:45+00:00,PHYSICAL,NORMAL,0,
NET-01009,2026-06-26 19:37:48+00:00,NETWORK,NORMAL,0,
EDR-00021,2026-06-26 19:53:16+00:00,ENDPOINT,NORMAL,0,
EDR-00389,2026-06-26 20:03:48+00:00,ENDPOINT,NORMAL,0,
NET-01003,2026-06-26 20:14:34+00:00,NETWORK,NORMAL,0,
NOTE-00175,2026-06-26 20:17:56+00:00,TEXT,SUSPICIOUS,1,
OT-00782,2026-06-26 20:23:50+00:00,OT_SCADA,NORMAL,0,
OT-01546,2026-06-26 20:26:42+00:00,OT_SCADA,NORMAL,0,
EDR-01091,2026-06-26 20:31:52+00:00,ENDPOINT,NORMAL,0,
PHY-00954,2026-06-26 20:34:44+00:00,PHYSICAL,NORMAL,0,
NET-01169,2026-06-26 20:38:45+00:00,NETWORK,NORMAL,0,
OT-01874,2026-06-26 20:39:51+00:00,OT_SCADA,NORMAL,0,
NET-02038,2026-06-26 20:45:32+00:00,NETWORK,NORMAL,0,
NET-01641,2026-06-26 20:45:37+00:00,NETWORK,NORMAL,0,
OT-00871,2026-06-26 20:48:54+00:00,OT_SCADA,NORMAL,0,
EDR-00142,2026-06-26 20:51:19+00:00,ENDPOINT,NORMAL,0,
VPN-01098,2026-06-26 21:00:20+00:00,VPN_IAM,NORMAL,0,
EDR-00735,2026-06-26 21:00:50+00:00,ENDPOINT,NORMAL,0,
EDR-00045,2026-06-26 21:01:09+00:00,ENDPOINT,NORMAL,0,
PHY-00313,2026-06-26 21:04:11+00:00,PHYSICAL,SUSPICIOUS,1,
NOTE-00267,2026-06-26 21:04:40+00:00,TEXT,NORMAL,0,
PHY-00421,2026-06-26 21:04:44+00:00,PHYSICAL,SUSPICIOUS,1,
OT-00504,2026-06-26 21:05:11+00:00,OT_SCADA,NORMAL,0,
NET-00933,2026-06-26 21:05:21+00:00,NETWORK,NORMAL,0,
NET-01742,2026-06-26 21:06:27+00:00,NETWORK,NORMAL,0,
PHY-00629,2026-06-26 21:14:55+00:00,PHYSICAL,NORMAL,0,
NET-01262,2026-06-26 21:15:56+00:00,NETWORK,NORMAL,0,
OT-01494,2026-06-26 21:21:09+00:00,OT_SCADA,NORMAL,0,
VPN-01578,2026-06-26 21:21:43+00:00,VPN_IAM,NORMAL,0,
CARGO-00976,2026-06-26 21:31:29+00:00,CARGO,NORMAL,0,
CARGO-00312,2026-06-26 21:43:00+00:00,CARGO,NORMAL,0,
VPN-00288,2026-06-26 21:50:38+00:00,VPN_IAM,NORMAL,0,
PHY-00900,2026-06-26 21:52:19+00:00,PHYSICAL,NORMAL,0,
PHY-00049,2026-06-26 21:58:06+00:00,PHYSICAL,NORMAL,0,
NET-00205,2026-06-26 22:12:03+00:00,NETWORK,NORMAL,0,
EDR-00713,2026-06-26 22:17:37+00:00,ENDPOINT,NORMAL,0,
NOTE-00057,2026-06-26 22:19:24+00:00,TEXT,NORMAL,0,
OT-00063,2026-06-26 22:21:44+00:00,OT_SCADA,NORMAL,0,
EDR-00284,2026-06-26 22:22:02+00:00,ENDPOINT,NORMAL,0,
NOTE-00229,2026-06-26 22:28:11+00:00,TEXT,NORMAL,0,
PHY-00686,2026-06-26 22:33:07+00:00,PHYSICAL,NORMAL,0,
NET-00816,2026-06-26 22:33:09+00:00,NETWORK,NORMAL,0,
CARGO-00502,2026-06-26 22:40:04+00:00,CARGO,NORMAL,0,
VPN-00985,2026-06-26 22:46:12+00:00,VPN_IAM,SUSPICIOUS,1,
NET-01628,2026-06-26 22:56:03+00:00,NETWORK,NORMAL,0,
VPN-01391,2026-06-26 22:58:58+00:00,VPN_IAM,NORMAL,0,
CARGO-00682,2026-06-26 23:11:57+00:00,CARGO,NORMAL,0,
OT-01379,2026-06-26 23:25:15+00:00,OT_SCADA,NORMAL,0,
NET-00364,2026-06-26 23:35:08+00:00,NETWORK,SUSPICIOUS,1,
CARGO-00235,2026-06-26 23:39:04+00:00,CARGO,NORMAL,0,
EDR-00545,2026-06-26 23:39:46+00:00,ENDPOINT,NORMAL,0,
EDR-01075,2026-06-26 23:44:42+00:00,ENDPOINT,NORMAL,0,
EDR-00601,2026-06-26 23:44:54+00:00,ENDPOINT,NORMAL,0,
OT-00410,2026-06-26 23:45:41+00:00,OT_SCADA,NORMAL,0,
EDR-00631,2026-06-26 23:50:06+00:00,ENDPOINT,NORMAL,0,
CARGO-00550,2026-06-26 23:59:44+00:00,CARGO,NORMAL,0,
PHY-00999,2026-06-27 00:02:56+00:00,PHYSICAL,SUSPICIOUS,1,
EDR-01181,2026-06-27 00:03:23+00:00,ENDPOINT,NORMAL,0,
VPN-01611,2026-06-27 00:08:37+00:00,VPN_IAM,NORMAL,0,
CARGO-00281,2026-06-27 00:15:39+00:00,CARGO,NORMAL,0,
OT-00444,2026-06-27 00:17:08+00:00,OT_SCADA,NORMAL,0,
EDR-00214,2026-06-27 00:18:13+00:00,ENDPOINT,NORMAL,0,
VPN-01655,2026-06-27 00:28:32+00:00,VPN_IAM,NORMAL,0,
NET-02192,2026-06-27 00:30:42+00:00,NETWORK,NORMAL,0,
NET-01576,2026-06-27 00:31:54+00:00,NETWORK,NORMAL,0,
OT-01446,2026-06-27 00:33:33+00:00,OT_SCADA,NORMAL,0,
NET-01417,2026-06-27 00:37:31+00:00,NETWORK,NORMAL,0,
NET-00136,2026-06-27 00:39:05+00:00,NETWORK,NORMAL,0,
EDR-00985,2026-06-27 00:39:33+00:00,ENDPOINT,NORMAL,0,
NET-00470,2026-06-27 00:48:34+00:00,NETWORK,NORMAL,0,
NET-00280,2026-06-27 00:50:35+00:00,NETWORK,NORMAL,0,
OT-01021,2026-06-27 00:57:49+00:00,OT_SCADA,NORMAL,0,
PHY-00919,2026-06-27 01:18:51+00:00,PHYSICAL,NORMAL,0,
VPN-01172,2026-06-27 01:21:11+00:00,VPN_IAM,NORMAL,0,
EDR-00151,2026-06-27 01:23:53+00:00,ENDPOINT,NORMAL,0,
VPN-00809,2026-06-27 01:25:09+00:00,VPN_IAM,NORMAL,0,
CARGO-00616,2026-06-27 01:26:37+00:00,CARGO,NORMAL,0,
NET-00400,2026-06-27 01:29:55+00:00,NETWORK,NORMAL,0,
NET-01839,2026-06-27 01:40:38+00:00,NETWORK,NORMAL,0,
OT-00640,2026-06-27 01:41:30+00:00,OT_SCADA,SUSPICIOUS,1,
NET-00913,2026-06-27 01:55:17+00:00,NETWORK,NORMAL,0,
NET-01173,2026-06-27 01:55:37+00:00,NETWORK,NORMAL,0,
NET-02051,2026-06-27 01:56:47+00:00,NETWORK,SUSPICIOUS,1,
OT-00539,2026-06-27 01:56:49+00:00,OT_SCADA,SUSPICIOUS,1,
NET-01000,2026-06-27 01:59:38+00:00,NETWORK,NORMAL,0,
VPN-00313,2026-06-27 02:02:12+00:00,VPN_IAM,NORMAL,0,
CARGO-00086,2026-06-27 02:02:56+00:00,CARGO,NORMAL,0,
VPN-00884,2026-06-27 02:04:09+00:00,VPN_IAM,NORMAL,0,
NET-01162,2026-06-27 02:09:08+00:00,NETWORK,NORMAL,0,
VPN-00674,2026-06-27 02:11:32+00:00,VPN_IAM,NORMAL,0,
VPN-01294,2026-06-27 02:21:30+00:00,VPN_IAM,NORMAL,0,
EDR-00423,2026-06-27 02:38:58+00:00,ENDPOINT,NORMAL,0,
OT-01558,2026-06-27 02:40:41+00:00,OT_SCADA,NORMAL,0,
VPN-01520,2026-06-27 02:44:15+00:00,VPN_IAM,NORMAL,0,
NET-00577,2026-06-27 02:45:54+00:00,NETWORK,NORMAL,0,
NET-01781,2026-06-27 02:47:48+00:00,NETWORK,NORMAL,0,
CARGO-00875,2026-06-27 02:52:58+00:00,CARGO,NORMAL,0,
VPN-00404,2026-06-27 02:56:23+00:00,VPN_IAM,NORMAL,0,
OT-01588,2026-06-27 02:57:20+00:00,OT_SCADA,NORMAL,0,
PHY-00407,2026-06-27 03:10:10+00:00,PHYSICAL,NORMAL,0,
OT-00438,2026-06-27 03:10:16+00:00,OT_SCADA,NORMAL,0,
EDR-01021,2026-06-27 03:15:53+00:00,ENDPOINT,NORMAL,0,
VPN-00441,2026-06-27 03:16:03+00:00,VPN_IAM,SUSPICIOUS,1,
NET-01344,2026-06-27 03:21:36+00:00,NETWORK,NORMAL,0,
OT-00380,2026-06-27 03:39:25+00:00,OT_SCADA,NORMAL,0,
NOTE-00092,2026-06-27 03:40:23+00:00,TEXT,SUSPICIOUS,1,
VPN-00873,2026-06-27 03:42:52+00:00,VPN_IAM,SUSPICIOUS,1,
CARGO-00133,2026-06-27 03:51:06+00:00,CARGO,NORMAL,0,
VPN-01607,2026-06-27 03:52:51+00:00,VPN_IAM,NORMAL,0,
OT-01679,2026-06-27 03:53:38+00:00,OT_SCADA,NORMAL,0,
NET-00572,2026-06-27 03:56:07+00:00,NETWORK,NORMAL,0,
VPN-01214,2026-06-27 04:08:53+00:00,VPN_IAM,SUSPICIOUS,1,
NOTE-00114,2026-06-27 04:13:48+00:00,TEXT,NORMAL,0,
PHY-00088,2026-06-27 04:15:11+00:00,PHYSICAL,NORMAL,0,
NET-00663,2026-06-27 04:17:27+00:00,NETWORK,NORMAL,0,
OT-00881,2026-06-27 04:18:31+00:00,OT_SCADA,NORMAL,0,
PHY-00185,2026-06-27 04:22:57+00:00,PHYSICAL,NORMAL,0,
OT-01280,2026-06-27 04:25:51+00:00,OT_SCADA,NORMAL,0,
OT-01794,2026-06-27 04:29:09+00:00,OT_SCADA,NORMAL,0,
VPN-00498,2026-06-27 04:30:26+00:00,VPN_IAM,NORMAL,0,
NET-01631,2026-06-27 04:42:15+00:00,NETWORK,NORMAL,0,
CARGO-01170,2026-06-27 04:46:47+00:00,CARGO,NORMAL,0,
NOTE-00123,2026-06-27 04:52:42+00:00,TEXT,NORMAL,0,
PHY-00155,2026-06-27 04:53:39+00:00,PHYSICAL,NORMAL,0,
NET-00324,2026-06-27 04:54:28+00:00,NETWORK,NORMAL,0,
OT-01715,2026-06-27 04:57:27+00:00,OT_SCADA,NORMAL,0,
NET-00039,2026-06-27 05:05:42+00:00,NETWORK,NORMAL,0,
CARGO-00278,2026-06-27 05:13:38+00:00,CARGO,NORMAL,0,
VPN-01501,2026-06-27 05:26:00+00:00,VPN_IAM,NORMAL,0,
CARGO-00369,2026-06-27 05:26:35+00:00,CARGO,NORMAL,0,
EDR-00388,2026-06-27 05:27:54+00:00,ENDPOINT,NORMAL,0,
EDR-01104,2026-06-27 05:29:42+00:00,ENDPOINT,NORMAL,0,
VPN-00354,2026-06-27 05:30:28+00:00,VPN_IAM,NORMAL,0,
NET-02147,2026-06-27 05:42:55+00:00,NETWORK,NORMAL,0,
OT-01220,2026-06-27 05:53:32+00:00,OT_SCADA,NORMAL,0,
EDR-00846,2026-06-27 06:00:31+00:00,ENDPOINT,NORMAL,0,
NET-01188,2026-06-27 06:04:41+00:00,NETWORK,NORMAL,0,
OT-00736,2026-06-27 06:14:09+00:00,OT_SCADA,NORMAL,0,
VPN-01698,2026-06-27 06:22:43+00:00,VPN_IAM,NORMAL,0,
OT-00499,2026-06-27 06:23:56+00:00,OT_SCADA,NORMAL,0,
VPN-01374,2026-06-27 06:30:29+00:00,VPN_IAM,NORMAL,0,
OT-01364,2026-06-27 06:35:33+00:00,OT_SCADA,NORMAL,0,
CARGO-00954,2026-06-27 06:38:44+00:00,CARGO,NORMAL,0,
VPN-01549,2026-06-27 06:39:07+00:00,VPN_IAM,NORMAL,0,
OT-00667,2026-06-27 06:39:21+00:00,OT_SCADA,NORMAL,0,
VPN-01527,2026-06-27 06:44:48+00:00,VPN_IAM,NORMAL,0,
VPN-01674,2026-06-27 06:54:41+00:00,VPN_IAM,NORMAL,0,
NET-01894,2026-06-27 07:07:43+00:00,NETWORK,NORMAL,0,
CARGO-00691,2026-06-27 07:08:14+00:00,CARGO,NORMAL,0,
VPN-00325,2026-06-27 07:12:51+00:00,VPN_IAM,NORMAL,0,
PHY-00526,2026-06-27 07:15:16+00:00,PHYSICAL,NORMAL,0,
NET-00660,2026-06-27 07:25:04+00:00,NETWORK,NORMAL,0,
NET-01826,2026-06-27 07:28:09+00:00,NETWORK,NORMAL,0,
VPN-00024,2026-06-27 07:28:20+00:00,VPN_IAM,NORMAL,0,
PHY-00661,2026-06-27 07:31:12+00:00,PHYSICAL,NORMAL,0,
NET-00779,2026-06-27 07:32:50+00:00,NETWORK,NORMAL,0,
PHY-00211,2026-06-27 07:33:15+00:00,PHYSICAL,NORMAL,0,
PHY-00214,2026-06-27 07:39:20+00:00,PHYSICAL,NORMAL,0,
VPN-01139,2026-06-27 07:47:27+00:00,VPN_IAM,NORMAL,0,
OT-01323,2026-06-27 07:48:42+00:00,OT_SCADA,NORMAL,0,
CARGO-00372,2026-06-27 07:56:33+00:00,CARGO,NORMAL,0,
NET-00321,2026-06-27 08:01:36+00:00,NETWORK,NORMAL,0,
OT-00979,2026-06-27 08:05:46+00:00,OT_SCADA,NORMAL,0,
NET-00871,2026-06-27 08:22:21+00:00,NETWORK,NORMAL,0,
CARGO-01177,2026-06-27 08:24:59+00:00,CARGO,NORMAL,0,
PHY-00924,2026-06-27 08:39:18+00:00,PHYSICAL,NORMAL,0,
VPN-00712,2026-06-27 08:41:45+00:00,VPN_IAM,NORMAL,0,
OT-00727,2026-06-27 08:42:43+00:00,OT_SCADA,NORMAL,0,
OT-00603,2026-06-27 08:44:06+00:00,OT_SCADA,NORMAL,0,
NET-00157,2026-06-27 08:50:47+00:00,NETWORK,NORMAL,0,
VPN-00981,2026-06-27 09:03:01+00:00,VPN_IAM,NORMAL,0,
NET-01819,2026-06-27 09:07:34+00:00,NETWORK,NORMAL,0,
NET-00546,2026-06-27 09:09:36+00:00,NETWORK,NORMAL,0,
EDR-00646,2026-06-27 09:11:11+00:00,ENDPOINT,NORMAL,0,
VPN-01691,2026-06-27 09:15:40+00:00,VPN_IAM,SUSPICIOUS,1,
CARGO-01035,2026-06-27 09:18:32+00:00,CARGO,NORMAL,0,
OT-01847,2026-06-27 09:25:45+00:00,OT_SCADA,NORMAL,0,
EDR-00378,2026-06-27 09:29:15+00:00,ENDPOINT,NORMAL,0,
EDR-01180,2026-06-27 09:51:41+00:00,ENDPOINT,NORMAL,0,
CARGO-00551,2026-06-27 09:55:05+00:00,CARGO,NORMAL,0,
VPN-00307,2026-06-27 10:05:13+00:00,VPN_IAM,NORMAL,0,
VPN-01531,2026-06-27 10:15:43+00:00,VPN_IAM,NORMAL,0,
NET-00589,2026-06-27 10:17:35+00:00,NETWORK,NORMAL,0,
VPN-01368,2026-06-27 10:19:23+00:00,VPN_IAM,NORMAL,0,
VPN-01363,2026-06-27 10:24:25+00:00,VPN_IAM,NORMAL,0,
EDR-00157,2026-06-27 10:30:21+00:00,ENDPOINT,NORMAL,0,
OT-01303,2026-06-27 10:32:36+00:00,OT_SCADA,NORMAL,0,
NET-01805,2026-06-27 10:33:07+00:00,NETWORK,NORMAL,0,
EDR-00159,2026-06-27 10:44:15+00:00,ENDPOINT,NORMAL,0,
VPN-01317,2026-06-27 10:49:51+00:00,VPN_IAM,NORMAL,0,
VPN-01332,2026-06-27 10:52:05+00:00,VPN_IAM,NORMAL,0,
OT-01465,2026-06-27 10:55:54+00:00,OT_SCADA,NORMAL,0,
VPN-00689,2026-06-27 10:56:44+00:00,VPN_IAM,NORMAL,0,
CARGO-00327,2026-06-27 10:58:56+00:00,CARGO,NORMAL,0,
EDR-00296,2026-06-27 11:03:19+00:00,ENDPOINT,NORMAL,0,
NET-00431,2026-06-27 11:03:45+00:00,NETWORK,NORMAL,0,
PHY-00427,2026-06-27 11:07:04+00:00,PHYSICAL,NORMAL,0,
VPN-01424,2026-06-27 11:21:43+00:00,VPN_IAM,NORMAL,0,
OT-01274,2026-06-27 11:26:06+00:00,OT_SCADA,NORMAL,0,
OT-01401,2026-06-27 11:29:44+00:00,OT_SCADA,NORMAL,0,
VPN-01128,2026-06-27 11:30:47+00:00,VPN_IAM,NORMAL,0,
OT-00230,2026-06-27 11:34:25+00:00,OT_SCADA,NORMAL,0,
OT-00362,2026-06-27 11:37:57+00:00,OT_SCADA,NORMAL,0,
EDR-00007,2026-06-27 11:49:27+00:00,ENDPOINT,NORMAL,0,
EDR-00909,2026-06-27 11:51:41+00:00,ENDPOINT,NORMAL,0,
VPN-01732,2026-06-27 11:52:43+00:00,VPN_IAM,NORMAL,0,
OT-00619,2026-06-27 11:54:03+00:00,OT_SCADA,NORMAL,0,
PHY-00726,2026-06-27 12:04:22+00:00,PHYSICAL,NORMAL,0,
OT-01504,2026-06-27 12:07:30+00:00,OT_SCADA,NORMAL,0,
EDR-00875,2026-06-27 12:08:56+00:00,ENDPOINT,NORMAL,0,
NET-00668,2026-06-27 12:09:09+00:00,NETWORK,NORMAL,0,
NET-01038,2026-06-27 12:10:37+00:00,NETWORK,NORMAL,0,
NOTE-00037,2026-06-27 12:15:36+00:00,TEXT,SUSPICIOUS,1,
VPN-01647,2026-06-27 12:16:26+00:00,VPN_IAM,NORMAL,0,
OT-00826,2026-06-27 12:22:47+00:00,OT_SCADA,NORMAL,0,
OT-01659,2026-06-27 12:23:36+00:00,OT_SCADA,NORMAL,0,
CARGO-00546,2026-06-27 12:27:12+00:00,CARGO,NORMAL,0,
NET-00858,2026-06-27 12:28:40+00:00,NETWORK,NORMAL,0,
OT-00658,2026-06-27 12:31:48+00:00,OT_SCADA,NORMAL,0,
NOTE-00101,2026-06-27 12:32:02+00:00,TEXT,NORMAL,0,
VPN-01301,2026-06-27 12:35:00+00:00,VPN_IAM,NORMAL,0,
EDR-01019,2026-06-27 12:37:45+00:00,ENDPOINT,NORMAL,0,
VPN-01264,2026-06-27 12:44:04+00:00,VPN_IAM,NORMAL,0,
OT-01624,2026-06-27 12:47:44+00:00,OT_SCADA,NORMAL,0,
PHY-00543,2026-06-27 12:48:11+00:00,PHYSICAL,NORMAL,0,
OT-01385,2026-06-27 12:48:52+00:00,OT_SCADA,NORMAL,0,
CARGO-00131,2026-06-27 12:50:37+00:00,CARGO,NORMAL,0,
EDR-01051,2026-06-27 12:51:31+00:00,ENDPOINT,SUSPICIOUS,1,
OT-00562,2026-06-27 12:51:40+00:00,OT_SCADA,NORMAL,0,
NET-00793,2026-06-27 13:01:59+00:00,NETWORK,NORMAL,0,
EDR-01010,2026-06-27 13:06:53+00:00,ENDPOINT,NORMAL,0,
NET-01824,2026-06-27 13:12:53+00:00,NETWORK,NORMAL,0,
VPN-00617,2026-06-27 13:15:25+00:00,VPN_IAM,NORMAL,0,
EDR-00599,2026-06-27 13:31:30+00:00,ENDPOINT,NORMAL,0,
PHY-00393,2026-06-27 13:32:58+00:00,PHYSICAL,SUSPICIOUS,1,
NET-00831,2026-06-27 13:33:22+00:00,NETWORK,NORMAL,0,
NET-02088,2026-06-27 13:51:49+00:00,NETWORK,NORMAL,0,
EDR-00028,2026-06-27 13:55:55+00:00,ENDPOINT,NORMAL,0,
PHY-00986,2026-06-27 14:05:21+00:00,PHYSICAL,NORMAL,0,
PHY-00815,2026-06-27 14:11:36+00:00,PHYSICAL,SUSPICIOUS,1,
PHY-00899,2026-06-27 14:17:16+00:00,PHYSICAL,NORMAL,0,
NOTE-00111,2026-06-27 14:17:55+00:00,TEXT,NORMAL,0,
VPN-00227,2026-06-27 14:18:39+00:00,VPN_IAM,NORMAL,0,
OT-01264,2026-06-27 14:23:57+00:00,OT_SCADA,NORMAL,0,
NET-00391,2026-06-27 14:32:28+00:00,NETWORK,NORMAL,0,
VPN-00705,2026-06-27 14:34:58+00:00,VPN_IAM,NORMAL,0,
CARGO-00496,2026-06-27 14:43:23+00:00,CARGO,NORMAL,0,
NET-01551,2026-06-27 14:48:54+00:00,NETWORK,NORMAL,0,
OT-01316,2026-06-27 15:05:16+00:00,OT_SCADA,NORMAL,0,
OT-01101,2026-06-27 15:09:26+00:00,OT_SCADA,NORMAL,0,
NET-02124,2026-06-27 15:11:25+00:00,NETWORK,NORMAL,0,
CARGO-00527,2026-06-27 15:12:49+00:00,CARGO,NORMAL,0,
EDR-00357,2026-06-27 15:17:53+00:00,ENDPOINT,NORMAL,0,
VPN-01640,2026-06-27 15:22:53+00:00,VPN_IAM,NORMAL,0,
EDR-00756,2026-06-27 15:23:04+00:00,ENDPOINT,NORMAL,0,
CARGO-01061,2026-06-27 15:24:10+00:00,CARGO,NORMAL,0,
VPN-01218,2026-06-27 15:29:22+00:00,VPN_IAM,NORMAL,0,
OT-00741,2026-06-27 15:31:42+00:00,OT_SCADA,NORMAL,0,
EDR-00894,2026-06-27 15:32:39+00:00,ENDPOINT,NORMAL,0,
VPN-01050,2026-06-27 15:33:01+00:00,VPN_IAM,NORMAL,0,
EDR-00019,2026-06-27 15:34:15+00:00,ENDPOINT,NORMAL,0,
OT-00601,2026-06-27 15:42:19+00:00,OT_SCADA,NORMAL,0,
NET-01246,2026-06-27 15:48:24+00:00,NETWORK,NORMAL,0,
NET-00298,2026-06-27 15:54:43+00:00,NETWORK,NORMAL,0,
CARGO-00677,2026-06-27 15:58:22+00:00,CARGO,NORMAL,0,
OT-01246,2026-06-27 16:08:40+00:00,OT_SCADA,NORMAL,0,
NET-01527,2026-06-27 16:12:15+00:00,NETWORK,NORMAL,0,
PHY-00262,2026-06-27 16:15:22+00:00,PHYSICAL,NORMAL,0,
NET-01458,2026-06-27 16:28:23+00:00,NETWORK,NORMAL,0,
OT-01091,2026-06-27 16:32:25+00:00,OT_SCADA,NORMAL,0,
NET-01178,2026-06-27 16:34:41+00:00,NETWORK,NORMAL,0,
NET-01218,2026-06-27 16:36:15+00:00,NETWORK,NORMAL,0,
NET-01157,2026-06-27 16:43:51+00:00,NETWORK,NORMAL,0,
VPN-00851,2026-06-27 16:44:21+00:00,VPN_IAM,NORMAL,0,
NET-00413,2026-06-27 16:48:46+00:00,NETWORK,NORMAL,0,
NOTE-00278,2026-06-27 16:49:19+00:00,TEXT,NORMAL,0,
NET-00036,2026-06-27 16:49:47+00:00,NETWORK,SUSPICIOUS,1,
VPN-00169,2026-06-27 16:54:11+00:00,VPN_IAM,NORMAL,0,
PHY-00994,2026-06-27 17:03:13+00:00,PHYSICAL,NORMAL,0,
EDR-00517,2026-06-27 17:03:27+00:00,ENDPOINT,NORMAL,0,
EDR-00825,2026-06-27 17:03:53+00:00,ENDPOINT,NORMAL,0,
OT-01910,2026-06-27 17:04:40+00:00,OT_SCADA,NORMAL,0,
OT-01905,2026-06-27 17:07:12+00:00,OT_SCADA,NORMAL,0,
OT-01294,2026-06-27 17:08:20+00:00,OT_SCADA,NORMAL,0,
CARGO-00012,2026-06-27 17:11:31+00:00,CARGO,NORMAL,0,
PHY-00585,2026-06-27 17:18:56+00:00,PHYSICAL,NORMAL,0,
NET-01933,2026-06-27 17:21:22+00:00,NETWORK,NORMAL,0,
CARGO-01183,2026-06-27 17:25:04+00:00,CARGO,NORMAL,0,
EDR-00935,2026-06-27 17:27:21+00:00,ENDPOINT,NORMAL,0,
NET-01773,2026-06-27 17:29:18+00:00,NETWORK,NORMAL,0,
VPN-01112,2026-06-27 17:32:22+00:00,VPN_IAM,NORMAL,0,
VPN-01232,2026-06-27 17:43:32+00:00,VPN_IAM,NORMAL,0,
VPN-00846,2026-06-27 17:45:05+00:00,VPN_IAM,NORMAL,0,
VPN-00240,2026-06-27 17:47:49+00:00,VPN_IAM,NORMAL,0,
NET-00194,2026-06-27 17:58:07+00:00,NETWORK,NORMAL,0,
EDR-00149,2026-06-27 17:58:33+00:00,ENDPOINT,NORMAL,0,
VPN-01384,2026-06-27 17:59:29+00:00,VPN_IAM,NORMAL,0,
NET-00927,2026-06-27 18:03:01+00:00,NETWORK,NORMAL,0,
OT-00717,2026-06-27 18:33:44+00:00,OT_SCADA,NORMAL,0,
NET-00496,2026-06-27 18:56:03+00:00,NETWORK,SUSPICIOUS,1,
CARGO-00490,2026-06-27 19:02:19+00:00,CARGO,NORMAL,0,
NET-01876,2026-06-27 19:03:51+00:00,NETWORK,NORMAL,0,
CARGO-00755,2026-06-27 19:04:59+00:00,CARGO,NORMAL,0,
CARGO-00491,2026-06-27 19:05:22+00:00,CARGO,NORMAL,0,
VPN-01502,2026-06-27 19:06:33+00:00,VPN_IAM,NORMAL,0,
EDR-01074,2026-06-27 19:10:17+00:00,ENDPOINT,NORMAL,0,
OT-01474,2026-06-27 19:18:00+00:00,OT_SCADA,NORMAL,0,
CARGO-00366,2026-06-27 19:23:55+00:00,CARGO,NORMAL,0,
VPN-00182,2026-06-27 19:27:18+00:00,VPN_IAM,NORMAL,0,
NET-00269,2026-06-27 19:32:05+00:00,NETWORK,NORMAL,0,
NET-01967,2026-06-27 19:39:01+00:00,NETWORK,NORMAL,0,
VPN-00157,2026-06-27 19:39:22+00:00,VPN_IAM,NORMAL,0,
EDR-00058,2026-06-27 19:39:27+00:00,ENDPOINT,NORMAL,0,
CARGO-00426,2026-06-27 19:41:25+00:00,CARGO,NORMAL,0,
PHY-00505,2026-06-27 19:43:16+00:00,PHYSICAL,NORMAL,0,
PHY-00826,2026-06-27 19:48:10+00:00,PHYSICAL,NORMAL,0,
VPN-00771,2026-06-27 19:55:16+00:00,VPN_IAM,NORMAL,0,
VPN-00235,2026-06-27 19:57:44+00:00,VPN_IAM,NORMAL,0,
NET-00911,2026-06-27 20:02:15+00:00,NETWORK,NORMAL,0,
VPN-00180,2026-06-27 20:04:18+00:00,VPN_IAM,NORMAL,0,
VPN-01430,2026-06-27 20:04:53+00:00,VPN_IAM,NORMAL,0,
EDR-01092,2026-06-27 20:05:08+00:00,ENDPOINT,NORMAL,0,
OT-00923,2026-06-27 20:06:01+00:00,OT_SCADA,NORMAL,0,
PHY-00816,2026-06-27 20:18:00+00:00,PHYSICAL,NORMAL,0,
NET-01921,2026-06-27 20:20:27+00:00,NETWORK,NORMAL,0,
PHY-00858,2026-06-27 20:25:09+00:00,PHYSICAL,NORMAL,0,
OT-00529,2026-06-27 20:25:31+00:00,OT_SCADA,NORMAL,0,
PHY-00720,2026-06-27 20:27:23+00:00,PHYSICAL,NORMAL,0,
NET-00250,2026-06-27 20:31:50+00:00,NETWORK,NORMAL,0,
NET-01864,2026-06-27 20:36:09+00:00,NETWORK,NORMAL,0,
CARGO-00694,2026-06-27 20:39:43+00:00,CARGO,NORMAL,0,
OT-00523,2026-06-27 20:51:41+00:00,OT_SCADA,NORMAL,0,
OT-00400,2026-06-27 20:53:55+00:00,OT_SCADA,NORMAL,0,
NET-01111,2026-06-27 20:59:44+00:00,NETWORK,NORMAL,0,
OT-00805,2026-06-27 21:02:00+00:00,OT_SCADA,NORMAL,0,
EDR-01006,2026-06-27 21:15:36+00:00,ENDPOINT,NORMAL,0,
OT-01517,2026-06-27 21:19:30+00:00,OT_SCADA,SUSPICIOUS,1,
EDR-00347,2026-06-27 21:22:11+00:00,ENDPOINT,NORMAL,0,
CARGO-00016,2026-06-27 21:34:01+00:00,CARGO,NORMAL,0,
EDR-00467,2026-06-27 21:37:44+00:00,ENDPOINT,NORMAL,0,
NET-02058,2026-06-27 21:39:27+00:00,NETWORK,NORMAL,0,
CARGO-00700,2026-06-27 21:50:22+00:00,CARGO,NORMAL,0,
OT-01828,2026-06-27 21:53:22+00:00,OT_SCADA,NORMAL,0,
NET-00204,2026-06-27 21:54:50+00:00,NETWORK,SUSPICIOUS,1,
VPN-00892,2026-06-27 21:59:38+00:00,VPN_IAM,SUSPICIOUS,1,
NET-01281,2026-06-27 22:04:03+00:00,NETWORK,NORMAL,0,
OT-01556,2026-06-27 22:11:10+00:00,OT_SCADA,NORMAL,0,
NET-00993,2026-06-27 22:18:04+00:00,NETWORK,NORMAL,0,
PHY-00832,2026-06-27 22:18:35+00:00,PHYSICAL,NORMAL,0,
NET-00862,2026-06-27 22:27:56+00:00,NETWORK,NORMAL,0,
OT-00263,2026-06-27 22:29:25+00:00,OT_SCADA,NORMAL,0,
NET-00350,2026-06-27 22:34:01+00:00,NETWORK,NORMAL,0,
PHY-00540,2026-06-27 22:35:41+00:00,PHYSICAL,NORMAL,0,
PHY-00814,2026-06-27 22:47:41+00:00,PHYSICAL,NORMAL,0,
NET-00539,2026-06-27 22:48:24+00:00,NETWORK,NORMAL,0,
EDR-00659,2026-06-27 22:53:20+00:00,ENDPOINT,NORMAL,0,
NET-00755,2026-06-27 22:59:06+00:00,NETWORK,NORMAL,0,
CARGO-00697,2026-06-27 23:05:01+00:00,CARGO,NORMAL,0,
NET-00600,2026-06-27 23:06:09+00:00,NETWORK,NORMAL,0,
OT-01308,2026-06-27 23:09:00+00:00,OT_SCADA,NORMAL,0,
EDR-00474,2026-06-27 23:14:35+00:00,ENDPOINT,NORMAL,0,
VPN-01315,2026-06-27 23:18:38+00:00,VPN_IAM,NORMAL,0,
CARGO-00949,2026-06-27 23:23:58+00:00,CARGO,NORMAL,0,
CARGO-00863,2026-06-27 23:26:27+00:00,CARGO,NORMAL,0,
NET-00008,2026-06-27 23:31:35+00:00,NETWORK,NORMAL,0,
VPN-00303,2026-06-27 23:36:30+00:00,VPN_IAM,NORMAL,0,
VPN-00370,2026-06-27 23:37:13+00:00,VPN_IAM,NORMAL,0,
VPN-01344,2026-06-27 23:44:38+00:00,VPN_IAM,NORMAL,0,
OT-00364,2026-06-27 23:48:37+00:00,OT_SCADA,NORMAL,0,
OT-01962,2026-06-27 23:51:20+00:00,OT_SCADA,NORMAL,0,
EDR-00242,2026-06-28 00:01:51+00:00,ENDPOINT,NORMAL,0,
CARGO-01161,2026-06-28 00:06:22+00:00,CARGO,NORMAL,0,
VPN-00447,2026-06-28 00:13:06+00:00,VPN_IAM,NORMAL,0,
VPN-01651,2026-06-28 00:20:14+00:00,VPN_IAM,NORMAL,0,
CARGO-00622,2026-06-28 00:30:09+00:00,CARGO,NORMAL,0,
NET-01966,2026-06-28 00:35:47+00:00,NETWORK,NORMAL,0,
NET-01121,2026-06-28 00:40:41+00:00,NETWORK,NORMAL,0,
OT-00091,2026-06-28 00:40:57+00:00,OT_SCADA,NORMAL,0,
PHY-00133,2026-06-28 00:45:36+00:00,PHYSICAL,NORMAL,0,
NET-00272,2026-06-28 00:50:18+00:00,NETWORK,NORMAL,0,
OT-00215,2026-06-28 00:52:37+00:00,OT_SCADA,NORMAL,0,
OT-01127,2026-06-28 00:56:47+00:00,OT_SCADA,NORMAL,0,
PHY-00343,2026-06-28 00:57:45+00:00,PHYSICAL,NORMAL,0,
NET-01771,2026-06-28 00:59:18+00:00,NETWORK,NORMAL,0,
NOTE-00276,2026-06-28 01:00:20+00:00,TEXT,NORMAL,0,
OT-00646,2026-06-28 01:01:11+00:00,OT_SCADA,NORMAL,0,
OT-01450,2026-06-28 01:09:40+00:00,OT_SCADA,NORMAL,0,
VPN-00204,2026-06-28 01:17:39+00:00,VPN_IAM,NORMAL,0,
EDR-00782,2026-06-28 01:30:44+00:00,ENDPOINT,NORMAL,0,
VPN-00817,2026-06-28 01:35:22+00:00,VPN_IAM,NORMAL,0,
NET-01904,2026-06-28 01:35:55+00:00,NETWORK,NORMAL,0,
PHY-00348,2026-06-28 01:41:16+00:00,PHYSICAL,NORMAL,0,
EDR-00624,2026-06-28 01:44:42+00:00,ENDPOINT,NORMAL,0,
PHY-00613,2026-06-28 01:53:40+00:00,PHYSICAL,NORMAL,0,
OT-00345,2026-06-28 01:58:07+00:00,OT_SCADA,NORMAL,0,
VPN-00820,2026-06-28 02:07:44+00:00,VPN_IAM,NORMAL,0,
NET-01436,2026-06-28 02:09:00+00:00,NETWORK,NORMAL,0,
NET-01437,2026-06-28 02:09:36+00:00,NETWORK,NORMAL,0,
CARGO-00177,2026-06-28 02:09:48+00:00,CARGO,NORMAL,0,
PHY-00731,2026-06-28 02:16:10+00:00,PHYSICAL,NORMAL,0,
OT-01780,2026-06-28 02:16:11+00:00,OT_SCADA,NORMAL,0,
OT-01527,2026-06-28 02:18:06+00:00,OT_SCADA,NORMAL,0,
PHY-00806,2026-06-28 02:19:55+00:00,PHYSICAL,NORMAL,0,
NET-01349,2026-06-28 02:26:54+00:00,NETWORK,NORMAL,0,
PHY-00385,2026-06-28 02:29:37+00:00,PHYSICAL,NORMAL,0,
NET-00507,2026-06-28 02:37:10+00:00,NETWORK,NORMAL,0,
OT-01181,2026-06-28 02:37:14+00:00,OT_SCADA,NORMAL,0,
OT-01306,2026-06-28 02:38:13+00:00,OT_SCADA,NORMAL,0,
VPN-01314,2026-06-28 02:49:23+00:00,VPN_IAM,NORMAL,0,
NET-00117,2026-06-28 02:58:22+00:00,NETWORK,NORMAL,0,
CARGO-00985,2026-06-28 03:00:52+00:00,CARGO,NORMAL,0,
NET-01878,2026-06-28 03:05:35+00:00,NETWORK,NORMAL,0,
OT-00958,2026-06-28 03:14:39+00:00,OT_SCADA,NORMAL,0,
CARGO-00252,2026-06-28 03:19:27+00:00,CARGO,NORMAL,0,
PHY-00182,2026-06-28 03:22:07+00:00,PHYSICAL,NORMAL,0,
NET-01852,2026-06-28 03:24:00+00:00,NETWORK,NORMAL,0,
OT-01529,2026-06-28 03:29:42+00:00,OT_SCADA,NORMAL,0,
NET-01977,2026-06-28 03:30:27+00:00,NETWORK,NORMAL,0,
EDR-00792,2026-06-28 03:31:12+00:00,ENDPOINT,NORMAL,0,
CARGO-00162,2026-06-28 03:36:55+00:00,CARGO,NORMAL,0,
OT-00473,2026-06-28 03:46:51+00:00,OT_SCADA,NORMAL,0,
NET-01899,2026-06-28 03:52:58+00:00,NETWORK,NORMAL,0,
VPN-00772,2026-06-28 03:56:37+00:00,VPN_IAM,NORMAL,0,
CARGO-00094,2026-06-28 03:57:40+00:00,CARGO,NORMAL,0,
NET-01728,2026-06-28 04:07:37+00:00,NETWORK,NORMAL,0,
OT-01455,2026-06-28 04:13:37+00:00,OT_SCADA,NORMAL,0,
OT-00700,2026-06-28 04:19:44+00:00,OT_SCADA,NORMAL,0,
OT-01782,2026-06-28 04:19:45+00:00,OT_SCADA,NORMAL,0,
VPN-00419,2026-06-28 04:25:12+00:00,VPN_IAM,SUSPICIOUS,1,
VPN-01225,2026-06-28 04:28:22+00:00,VPN_IAM,NORMAL,0,
NET-01574,2026-06-28 04:28:32+00:00,NETWORK,NORMAL,0,
OT-01702,2026-06-28 04:28:56+00:00,OT_SCADA,NORMAL,0,
EDR-00789,2026-06-28 04:34:47+00:00,ENDPOINT,NORMAL,0,
VPN-00053,2026-06-28 04:48:55+00:00,VPN_IAM,NORMAL,0,
EDR-00588,2026-06-28 04:51:21+00:00,ENDPOINT,NORMAL,0,
NET-00176,2026-06-28 04:55:33+00:00,NETWORK,NORMAL,0,
CARGO-00738,2026-06-28 04:57:25+00:00,CARGO,NORMAL,0,
NET-00292,2026-06-28 05:04:17+00:00,NETWORK,NORMAL,0,
NOTE-00219,2026-06-28 05:20:34+00:00,TEXT,NORMAL,0,
OT-00594,2026-06-28 05:21:36+00:00,OT_SCADA,NORMAL,0,
NET-00045,2026-06-28 05:22:18+00:00,NETWORK,NORMAL,0,
PHY-00053,2026-06-28 05:25:10+00:00,PHYSICAL,NORMAL,0,
NET-01057,2026-06-28 05:27:04+00:00,NETWORK,SUSPICIOUS,1,
EDR-00951,2026-06-28 05:34:52+00:00,ENDPOINT,NORMAL,0,
NET-02114,2026-06-28 05:36:33+00:00,NETWORK,NORMAL,0,
VPN-00218,2026-06-28 05:36:43+00:00,VPN_IAM,NORMAL,0,
OT-00813,2026-06-28 05:45:17+00:00,OT_SCADA,SUSPICIOUS,1,
NET-00402,2026-06-28 05:48:57+00:00,NETWORK,NORMAL,0,
CARGO-00842,2026-06-28 05:53:21+00:00,CARGO,NORMAL,0,
VPN-00396,2026-06-28 05:54:55+00:00,VPN_IAM,NORMAL,0,
NOTE-00236,2026-06-28 05:57:11+00:00,TEXT,NORMAL,0,
NET-01793,2026-06-28 05:59:41+00:00,NETWORK,NORMAL,0,
NET-00832,2026-06-28 06:00:19+00:00,NETWORK,NORMAL,0,
PHY-00769,2026-06-28 06:01:17+00:00,PHYSICAL,NORMAL,0,
CARGO-00652,2026-06-28 06:06:39+00:00,CARGO,NORMAL,0,
NET-00199,2026-06-28 06:16:22+00:00,NETWORK,NORMAL,0,
NET-01296,2026-06-28 06:20:39+00:00,NETWORK,NORMAL,0,
CARGO-00688,2026-06-28 06:25:51+00:00,CARGO,NORMAL,0,
NET-01011,2026-06-28 06:27:27+00:00,NETWORK,NORMAL,0,
NET-01026,2026-06-28 06:38:11+00:00,NETWORK,NORMAL,0,
VPN-01002,2026-06-28 06:38:45+00:00,VPN_IAM,NORMAL,0,
CARGO-01056,2026-06-28 06:39:48+00:00,CARGO,NORMAL,0,
VPN-01415,2026-06-28 06:45:18+00:00,VPN_IAM,NORMAL,0,
CARGO-00724,2026-06-28 07:25:08+00:00,CARGO,SUSPICIOUS,1,
PHY-00444,2026-06-28 07:32:27+00:00,PHYSICAL,NORMAL,0,
VPN-01107,2026-06-28 07:47:41+00:00,VPN_IAM,NORMAL,0,
NET-00254,2026-06-28 08:00:05+00:00,NETWORK,NORMAL,0,
EDR-00629,2026-06-28 08:02:20+00:00,ENDPOINT,NORMAL,0,
OT-01209,2026-06-28 08:02:56+00:00,OT_SCADA,SUSPICIOUS,1,
VPN-00728,2026-06-28 08:08:48+00:00,VPN_IAM,NORMAL,0,
NET-01611,2026-06-28 08:09:14+00:00,NETWORK,NORMAL,0,
OT-00801,2026-06-28 08:17:39+00:00,OT_SCADA,NORMAL,0,
EDR-00412,2026-06-28 08:22:38+00:00,ENDPOINT,NORMAL,0,
NET-01519,2026-06-28 08:23:32+00:00,NETWORK,NORMAL,0,
PHY-00067,2026-06-28 08:25:14+00:00,PHYSICAL,NORMAL,0,
CARGO-00157,2026-06-28 08:45:16+00:00,CARGO,NORMAL,0,
EDR-00484,2026-06-28 08:50:36+00:00,ENDPOINT,NORMAL,0,
OT-00452,2026-06-28 08:57:20+00:00,OT_SCADA,NORMAL,0,
NET-00133,2026-06-28 09:01:11+00:00,NETWORK,NORMAL,0,
NET-01517,2026-06-28 09:01:37+00:00,NETWORK,NORMAL,0,
NOTE-00164,2026-06-28 09:05:59+00:00,TEXT,NORMAL,0,
EDR-00651,2026-06-28 09:10:49+00:00,ENDPOINT,NORMAL,0,
NET-01621,2026-06-28 09:15:02+00:00,NETWORK,NORMAL,0,
CARGO-00526,2026-06-28 09:16:18+00:00,CARGO,NORMAL,0,
OT-00153,2026-06-28 09:19:05+00:00,OT_SCADA,NORMAL,0,
PHY-00048,2026-06-28 09:20:33+00:00,PHYSICAL,NORMAL,0,
NET-01370,2026-06-28 09:25:05+00:00,NETWORK,NORMAL,0,
VPN-00741,2026-06-28 09:28:58+00:00,VPN_IAM,NORMAL,0,
OT-01099,2026-06-28 09:34:07+00:00,OT_SCADA,NORMAL,0,
VPN-00609,2026-06-28 09:39:49+00:00,VPN_IAM,NORMAL,0,
CARGO-01193,2026-06-28 09:39:54+00:00,CARGO,NORMAL,0,
OT-01168,2026-06-28 09:40:02+00:00,OT_SCADA,NORMAL,0,
NET-00690,2026-06-28 09:43:44+00:00,NETWORK,NORMAL,0,
VPN-00371,2026-06-28 09:52:59+00:00,VPN_IAM,NORMAL,0,
CARGO-00210,2026-06-28 09:54:16+00:00,CARGO,SUSPICIOUS,1,
VPN-01014,2026-06-28 09:59:44+00:00,VPN_IAM,NORMAL,0,
OT-01114,2026-06-28 10:10:37+00:00,OT_SCADA,NORMAL,0,
VPN-01569,2026-06-28 10:45:38+00:00,VPN_IAM,NORMAL,0,
VPN-01589,2026-06-28 10:49:31+00:00,VPN_IAM,NORMAL,0,
NET-00549,2026-06-28 11:01:07+00:00,NETWORK,NORMAL,0,
OT-01074,2026-06-28 11:03:15+00:00,OT_SCADA,NORMAL,0,
OT-00343,2026-06-28 11:13:53+00:00,OT_SCADA,NORMAL,0,
PHY-00578,2026-06-28 11:17:05+00:00,PHYSICAL,NORMAL,0,
PHY-00415,2026-06-28 11:39:34+00:00,PHYSICAL,NORMAL,0,
CARGO-00836,2026-06-28 11:39:35+00:00,CARGO,NORMAL,0,
NET-00118,2026-06-28 11:40:25+00:00,NETWORK,NORMAL,0,
CARGO-00774,2026-06-28 11:46:58+00:00,CARGO,NORMAL,0,
NET-00970,2026-06-28 11:53:10+00:00,NETWORK,NORMAL,0,
CARGO-00564,2026-06-28 11:53:53+00:00,CARGO,NORMAL,0,
VPN-00493,2026-06-28 12:03:45+00:00,VPN_IAM,NORMAL,0,
PHY-00321,2026-06-28 12:12:34+00:00,PHYSICAL,NORMAL,0,
NET-01616,2026-06-28 12:22:22+00:00,NETWORK,NORMAL,0,
CARGO-00290,2026-06-28 12:23:54+00:00,CARGO,NORMAL,0,
NET-01271,2026-06-28 12:27:12+00:00,NETWORK,NORMAL,0,
NET-01532,2026-06-28 12:28:04+00:00,NETWORK,NORMAL,0,
EDR-00602,2026-06-28 12:34:26+00:00,ENDPOINT,NORMAL,0,
CARGO-00014,2026-06-28 12:34:46+00:00,CARGO,NORMAL,0,
OT-01459,2026-06-28 12:39:08+00:00,OT_SCADA,NORMAL,0,
VPN-00101,2026-06-28 12:45:24+00:00,VPN_IAM,NORMAL,0,
EDR-00519,2026-06-28 12:45:32+00:00,ENDPOINT,NORMAL,0,
OT-01762,2026-06-28 12:47:21+00:00,OT_SCADA,NORMAL,0,
PHY-00093,2026-06-28 12:50:27+00:00,PHYSICAL,NORMAL,0,
OT-01846,2026-06-28 12:58:52+00:00,OT_SCADA,NORMAL,0,
NET-01711,2026-06-28 13:04:54+00:00,NETWORK,NORMAL,0,
PHY-00517,2026-06-28 13:05:23+00:00,PHYSICAL,NORMAL,0,
OT-01696,2026-06-28 13:07:44+00:00,OT_SCADA,NORMAL,0,
VPN-00532,2026-06-28 13:11:50+00:00,VPN_IAM,NORMAL,0,
CARGO-00152,2026-06-28 13:15:26+00:00,CARGO,SUSPICIOUS,1,
VPN-00392,2026-06-28 13:21:53+00:00,VPN_IAM,NORMAL,0,
OT-00946,2026-06-28 13:33:43+00:00,OT_SCADA,NORMAL,0,
NET-02079,2026-06-28 13:39:45+00:00,NETWORK,NORMAL,0,
VPN-01443,2026-06-28 13:44:09+00:00,VPN_IAM,NORMAL,0,
OT-00192,2026-06-28 13:45:21+00:00,OT_SCADA,NORMAL,0,
CARGO-00959,2026-06-28 13:50:04+00:00,CARGO,NORMAL,0,
VPN-00541,2026-06-28 13:51:55+00:00,VPN_IAM,NORMAL,0,
VPN-00767,2026-06-28 14:02:10+00:00,VPN_IAM,NORMAL,0,
OT-00081,2026-06-28 14:02:42+00:00,OT_SCADA,NORMAL,0,
OT-01959,2026-06-28 14:02:45+00:00,OT_SCADA,NORMAL,0,
VPN-01300,2026-06-28 14:09:32+00:00,VPN_IAM,NORMAL,0,
OT-00540,2026-06-28 14:11:36+00:00,OT_SCADA,NORMAL,0,
EDR-01148,2026-06-28 14:23:05+00:00,ENDPOINT,NORMAL,0,
OT-01651,2026-06-28 14:36:51+00:00,OT_SCADA,NORMAL,0,
OT-01964,2026-06-28 14:37:42+00:00,OT_SCADA,NORMAL,0,
PHY-00551,2026-06-28 14:42:04+00:00,PHYSICAL,NORMAL,0,
OT-00541,2026-06-28 14:44:55+00:00,OT_SCADA,NORMAL,0,
VPN-00778,2026-06-28 14:46:17+00:00,VPN_IAM,NORMAL,0,
EDR-00643,2026-06-28 14:58:13+00:00,ENDPOINT,NORMAL,0,
VPN-01626,2026-06-28 14:59:05+00:00,VPN_IAM,NORMAL,0,
PHY-00190,2026-06-28 15:01:33+00:00,PHYSICAL,NORMAL,0,
OT-01286,2026-06-28 15:01:53+00:00,OT_SCADA,NORMAL,0,
NET-00885,2026-06-28 15:06:24+00:00,NETWORK,NORMAL,0,
OT-00779,2026-06-28 15:18:17+00:00,OT_SCADA,NORMAL,0,
OT-01144,2026-06-28 15:34:00+00:00,OT_SCADA,NORMAL,0,
CARGO-00481,2026-06-28 15:34:40+00:00,CARGO,NORMAL,0,
CARGO-00358,2026-06-28 15:38:24+00:00,CARGO,NORMAL,0,
OT-01445,2026-06-28 15:40:00+00:00,OT_SCADA,NORMAL,0,
OT-01605,2026-06-28 15:43:25+00:00,OT_SCADA,NORMAL,0,
NET-01139,2026-06-28 16:00:10+00:00,NETWORK,NORMAL,0,
CARGO-00434,2026-06-28 16:01:04+00:00,CARGO,NORMAL,0,
OT-00208,2026-06-28 16:07:09+00:00,OT_SCADA,NORMAL,0,
NET-00561,2026-06-28 16:08:37+00:00,NETWORK,NORMAL,0,
NET-00343,2026-06-28 16:12:28+00:00,NETWORK,NORMAL,0,
VPN-00752,2026-06-28 16:16:59+00:00,VPN_IAM,NORMAL,0,
OT-01544,2026-06-28 16:24:39+00:00,OT_SCADA,NORMAL,0,
CARGO-01142,2026-06-28 16:28:09+00:00,CARGO,NORMAL,0,
OT-00371,2026-06-28 16:30:01+00:00,OT_SCADA,NORMAL,0,
VPN-00776,2026-06-28 16:34:34+00:00,VPN_IAM,NORMAL,0,
EDR-00457,2026-06-28 16:34:44+00:00,ENDPOINT,NORMAL,0,
EDR-01137,2026-06-28 16:40:05+00:00,ENDPOINT,NORMAL,0,
NET-02176,2026-06-28 16:47:02+00:00,NETWORK,NORMAL,0,
NET-00235,2026-06-28 16:52:37+00:00,NETWORK,NORMAL,0,
NET-02047,2026-06-28 16:55:05+00:00,NETWORK,NORMAL,0,
EDR-00130,2026-06-28 17:00:22+00:00,ENDPOINT,NORMAL,0,
EDR-00047,2026-06-28 17:01:03+00:00,ENDPOINT,NORMAL,0,
VPN-00866,2026-06-28 17:02:05+00:00,VPN_IAM,NORMAL,0,
NET-01685,2026-06-28 17:09:50+00:00,NETWORK,NORMAL,0,
VPN-00591,2026-06-28 17:37:54+00:00,VPN_IAM,NORMAL,0,
CARGO-00115,2026-06-28 17:39:17+00:00,CARGO,NORMAL,0,
OT-01867,2026-06-28 17:45:34+00:00,OT_SCADA,NORMAL,0,
EDR-00876,2026-06-28 17:52:35+00:00,ENDPOINT,NORMAL,0,
NET-00527,2026-06-28 17:55:07+00:00,NETWORK,NORMAL,0,
PHY-00129,2026-06-28 17:56:48+00:00,PHYSICAL,NORMAL,0,
NET-00463,2026-06-28 17:59:06+00:00,NETWORK,NORMAL,0,
NET-01619,2026-06-28 18:00:26+00:00,NETWORK,NORMAL,0,
VPN-01252,2026-06-28 18:06:18+00:00,VPN_IAM,NORMAL,0,
VPN-00336,2026-06-28 18:11:39+00:00,VPN_IAM,NORMAL,0,
VPN-00862,2026-06-28 18:19:18+00:00,VPN_IAM,NORMAL,0,
PHY-00692,2026-06-28 18:22:49+00:00,PHYSICAL,NORMAL,0,
VPN-01739,2026-06-28 18:24:27+00:00,VPN_IAM,NORMAL,0,
OT-01194,2026-06-28 18:49:21+00:00,OT_SCADA,NORMAL,0,
OT-00258,2026-06-28 18:51:09+00:00,OT_SCADA,NORMAL,0,
VPN-01348,2026-06-28 18:56:19+00:00,VPN_IAM,NORMAL,0,
CARGO-00196,2026-06-28 19:01:19+00:00,CARGO,NORMAL,0,
OT-01708,2026-06-28 19:01:37+00:00,OT_SCADA,NORMAL,0,
OT-01630,2026-06-28 19:09:52+00:00,OT_SCADA,NORMAL,0,
NET-02009,2026-06-28 19:13:24+00:00,NETWORK,NORMAL,0,
CARGO-00484,2026-06-28 19:18:06+00:00,CARGO,NORMAL,0,
NET-00233,2026-06-28 19:18:13+00:00,NETWORK,NORMAL,0,
NET-01084,2026-06-28 19:21:53+00:00,NETWORK,NORMAL,0,
CARGO-01047,2026-06-28 19:25:32+00:00,CARGO,NORMAL,0,
PHY-00106,2026-06-28 19:31:31+00:00,PHYSICAL,NORMAL,0,
CARGO-00389,2026-06-28 19:31:47+00:00,CARGO,NORMAL,0,
PHY-00253,2026-06-28 19:34:22+00:00,PHYSICAL,NORMAL,0,
NET-02190,2026-06-28 19:35:30+00:00,NETWORK,NORMAL,0,
CARGO-01188,2026-06-28 19:59:44+00:00,CARGO,NORMAL,0,
PHY-00595,2026-06-28 20:13:45+00:00,PHYSICAL,NORMAL,0,
NET-01558,2026-06-28 20:20:47+00:00,NETWORK,NORMAL,0,
VPN-01707,2026-06-28 20:26:37+00:00,VPN_IAM,NORMAL,0,
VPN-01668,2026-06-28 20:28:09+00:00,VPN_IAM,NORMAL,0,
CARGO-00854,2026-06-28 20:32:24+00:00,CARGO,NORMAL,0,
EDR-00606,2026-06-28 20:35:49+00:00,ENDPOINT,NORMAL,0,
NET-02052,2026-06-28 20:43:42+00:00,NETWORK,NORMAL,0,
OT-00105,2026-06-28 20:47:21+00:00,OT_SCADA,NORMAL,0,
OT-01907,2026-06-28 21:04:14+00:00,OT_SCADA,SUSPICIOUS,1,
NET-00820,2026-06-28 21:05:50+00:00,NETWORK,NORMAL,0,
CARGO-01159,2026-06-28 21:14:31+00:00,CARGO,SUSPICIOUS,1,
CARGO-00291,2026-06-28 21:36:27+00:00,CARGO,NORMAL,0,
OT-00278,2026-06-28 21:37:53+00:00,OT_SCADA,NORMAL,0,
CARGO-00878,2026-06-28 21:43:26+00:00,CARGO,NORMAL,0,
NET-00658,2026-06-28 21:50:09+00:00,NETWORK,NORMAL,0,
CARGO-00788,2026-06-28 21:58:32+00:00,CARGO,NORMAL,0,
EDR-00352,2026-06-28 22:12:23+00:00,ENDPOINT,NORMAL,0,
NOTE-00249,2026-06-28 22:21:38+00:00,TEXT,SUSPICIOUS,1,
OT-01317,2026-06-28 22:33:53+00:00,OT_SCADA,NORMAL,0,
OT-00350,2026-06-28 22:45:39+00:00,OT_SCADA,NORMAL,0,
OT-01587,2026-06-28 22:52:51+00:00,OT_SCADA,NORMAL,0,
NET-00585,2026-06-28 23:03:06+00:00,NETWORK,NORMAL,0,
NET-01727,2026-06-28 23:06:03+00:00,NETWORK,NORMAL,0,
OT-00843,2026-06-28 23:10:12+00:00,OT_SCADA,NORMAL,0,
PHY-00922,2026-06-28 23:10:35+00:00,PHYSICAL,NORMAL,0,
OT-00878,2026-06-28 23:10:40+00:00,OT_SCADA,SUSPICIOUS,1,
NET-01027,2026-06-28 23:15:25+00:00,NETWORK,NORMAL,0,
PHY-00332,2026-06-28 23:17:07+00:00,PHYSICAL,NORMAL,0,
EDR-00636,2026-06-28 23:18:32+00:00,ENDPOINT,NORMAL,0,
OT-01228,2026-06-28 23:28:04+00:00,OT_SCADA,NORMAL,0,
PHY-00600,2026-06-28 23:30:56+00:00,PHYSICAL,NORMAL,0,
VPN-00084,2026-06-28 23:35:04+00:00,VPN_IAM,NORMAL,0,
EDR-00385,2026-06-28 23:38:49+00:00,ENDPOINT,NORMAL,0,
CARGO-00194,2026-06-28 23:40:48+00:00,CARGO,NORMAL,0,
EDR-00042,2026-06-28 23:42:23+00:00,ENDPOINT,NORMAL,0,
NET-00716,2026-06-28 23:54:58+00:00,NETWORK,NORMAL,0,
VPN-00280,2026-06-29 00:02:16+00:00,VPN_IAM,NORMAL,0,
NET-00108,2026-06-29 00:09:30+00:00,NETWORK,NORMAL,0,
EDR-01059,2026-06-29 00:09:35+00:00,ENDPOINT,NORMAL,0,
EDR-00550,2026-06-29 00:11:39+00:00,ENDPOINT,NORMAL,0,
VPN-01271,2026-06-29 00:12:06+00:00,VPN_IAM,NORMAL,0,
PHY-00914,2026-06-29 00:23:32+00:00,PHYSICAL,NORMAL,0,
EDR-00003,2026-06-29 00:23:59+00:00,ENDPOINT,NORMAL,0,
PHY-00010,2026-06-29 00:26:57+00:00,PHYSICAL,NORMAL,0,
OT-01145,2026-06-29 00:34:06+00:00,OT_SCADA,NORMAL,0,
NET-00195,2026-06-29 00:36:00+00:00,NETWORK,NORMAL,0,
NET-01553,2026-06-29 00:41:52+00:00,NETWORK,NORMAL,0,
NET-00121,2026-06-29 00:43:08+00:00,NETWORK,NORMAL,0,
OT-00305,2026-06-29 00:54:46+00:00,OT_SCADA,NORMAL,0,
NET-01775,2026-06-29 00:56:36+00:00,NETWORK,NORMAL,0,
NET-01516,2026-06-29 00:59:33+00:00,NETWORK,NORMAL,0,
EDR-00040,2026-06-29 01:01:05+00:00,ENDPOINT,NORMAL,0,
NET-01812,2026-06-29 01:06:49+00:00,NETWORK,NORMAL,0,
EDR-01136,2026-06-29 01:09:01+00:00,ENDPOINT,NORMAL,0,
VPN-00941,2026-06-29 01:09:33+00:00,VPN_IAM,NORMAL,0,
NET-01196,2026-06-29 01:15:56+00:00,NETWORK,NORMAL,0,
VPN-00909,2026-06-29 01:17:49+00:00,VPN_IAM,NORMAL,0,
NET-00701,2026-06-29 01:24:26+00:00,NETWORK,NORMAL,0,
NET-00813,2026-06-29 01:27:37+00:00,NETWORK,NORMAL,0,
EDR-01124,2026-06-29 01:38:35+00:00,ENDPOINT,NORMAL,0,
NET-01116,2026-06-29 01:45:44+00:00,NETWORK,NORMAL,0,
NET-01879,2026-06-29 01:47:21+00:00,NETWORK,NORMAL,0,
EDR-00376,2026-06-29 01:48:58+00:00,ENDPOINT,NORMAL,0,
EDR-00919,2026-06-29 01:52:41+00:00,ENDPOINT,NORMAL,0,
OT-01204,2026-06-29 02:02:47+00:00,OT_SCADA,NORMAL,0,
OT-01330,2026-06-29 02:06:31+00:00,OT_SCADA,NORMAL,0,
CARGO-01054,2026-06-29 02:14:44+00:00,CARGO,NORMAL,0,
NOTE-00134,2026-06-29 02:15:22+00:00,TEXT,SUSPICIOUS,1,
VPN-00309,2026-06-29 02:16:54+00:00,VPN_IAM,NORMAL,0,
CARGO-00844,2026-06-29 02:17:20+00:00,CARGO,NORMAL,0,
NET-00070,2026-06-29 02:17:49+00:00,NETWORK,NORMAL,0,
CARGO-00608,2026-06-29 02:18:43+00:00,CARGO,NORMAL,0,
CARGO-00823,2026-06-29 02:23:11+00:00,CARGO,NORMAL,0,
VPN-00352,2026-06-29 02:25:34+00:00,VPN_IAM,NORMAL,0,
NET-01944,2026-06-29 02:29:42+00:00,NETWORK,NORMAL,0,
OT-01415,2026-06-29 02:30:36+00:00,OT_SCADA,NORMAL,0,
CARGO-00313,2026-06-29 02:36:00+00:00,CARGO,NORMAL,0,
NET-00184,2026-06-29 02:38:20+00:00,NETWORK,NORMAL,0,
VPN-00742,2026-06-29 02:51:58+00:00,VPN_IAM,NORMAL,0,
OT-01315,2026-06-29 02:54:27+00:00,OT_SCADA,NORMAL,0,
VPN-00445,2026-06-29 03:12:05+00:00,VPN_IAM,SUSPICIOUS,1,
VPN-00100,2026-06-29 03:15:05+00:00,VPN_IAM,NORMAL,0,
OT-00440,2026-06-29 03:15:57+00:00,OT_SCADA,NORMAL,0,
CARGO-00159,2026-06-29 03:16:09+00:00,CARGO,NORMAL,0,
EDR-00141,2026-06-29 03:17:04+00:00,ENDPOINT,NORMAL,0,
NET-00021,2026-06-29 03:18:44+00:00,NETWORK,NORMAL,0,
CARGO-01180,2026-06-29 03:20:27+00:00,CARGO,NORMAL,0,
PHY-00448,2026-06-29 03:20:45+00:00,PHYSICAL,NORMAL,0,
NET-01207,2026-06-29 03:27:27+00:00,NETWORK,NORMAL,0,
CARGO-00457,2026-06-29 03:30:00+00:00,CARGO,NORMAL,0,
VPN-00725,2026-06-29 03:32:15+00:00,VPN_IAM,NORMAL,0,
NET-00147,2026-06-29 03:38:14+00:00,NETWORK,NORMAL,0,
VPN-01364,2026-06-29 03:40:52+00:00,VPN_IAM,NORMAL,0,
VPN-01126,2026-06-29 03:56:51+00:00,VPN_IAM,NORMAL,0,
PHY-00892,2026-06-29 03:58:36+00:00,PHYSICAL,NORMAL,0,
CARGO-00538,2026-06-29 03:59:55+00:00,CARGO,NORMAL,0,
VPN-00357,2026-06-29 04:09:25+00:00,VPN_IAM,NORMAL,0,
NET-00154,2026-06-29 04:11:50+00:00,NETWORK,SUSPICIOUS,1,
VPN-00624,2026-06-29 04:15:47+00:00,VPN_IAM,NORMAL,0,
CARGO-00031,2026-06-29 04:17:49+00:00,CARGO,NORMAL,0,
NET-01031,2026-06-29 04:38:04+00:00,NETWORK,NORMAL,0,
EDR-00463,2026-06-29 04:42:30+00:00,ENDPOINT,NORMAL,0,
NET-01355,2026-06-29 04:43:37+00:00,NETWORK,NORMAL,0,
PHY-00357,2026-06-29 04:45:01+00:00,PHYSICAL,NORMAL,0,
NET-01065,2026-06-29 04:59:28+00:00,NETWORK,NORMAL,0,
PHY-00120,2026-06-29 05:03:51+00:00,PHYSICAL,NORMAL,0,
PHY-00337,2026-06-29 05:08:28+00:00,PHYSICAL,NORMAL,0,
VPN-00449,2026-06-29 05:09:35+00:00,VPN_IAM,NORMAL,0,
VPN-01392,2026-06-29 05:27:00+00:00,VPN_IAM,NORMAL,0,
NET-01414,2026-06-29 05:40:33+00:00,NETWORK,NORMAL,0,
NET-00451,2026-06-29 05:44:12+00:00,NETWORK,NORMAL,0,
NET-01432,2026-06-29 05:45:08+00:00,NETWORK,NORMAL,0,
CARGO-00091,2026-06-29 05:48:01+00:00,CARGO,NORMAL,0,
PHY-00254,2026-06-29 05:49:50+00:00,PHYSICAL,NORMAL,0,
CARGO-00775,2026-06-29 05:53:09+00:00,CARGO,NORMAL,0,
CARGO-00080,2026-06-29 05:54:28+00:00,CARGO,NORMAL,0,
NET-00941,2026-06-29 06:06:42+00:00,NETWORK,NORMAL,0,
VPN-01587,2026-06-29 06:08:40+00:00,VPN_IAM,NORMAL,0,
NET-01483,2026-06-29 06:09:24+00:00,NETWORK,NORMAL,0,
OT-00643,2026-06-29 06:09:43+00:00,OT_SCADA,NORMAL,0,
PHY-00790,2026-06-29 06:10:31+00:00,PHYSICAL,NORMAL,0,
OT-00605,2026-06-29 06:15:16+00:00,OT_SCADA,NORMAL,0,
CARGO-00398,2026-06-29 06:22:30+00:00,CARGO,NORMAL,0,
OT-01671,2026-06-29 06:29:19+00:00,OT_SCADA,NORMAL,0,
VPN-00467,2026-06-29 06:29:32+00:00,VPN_IAM,NORMAL,0,
VPN-00659,2026-06-29 06:30:14+00:00,VPN_IAM,NORMAL,0,
VPN-01473,2026-06-29 06:33:26+00:00,VPN_IAM,NORMAL,0,
OT-00179,2026-06-29 06:34:41+00:00,OT_SCADA,NORMAL,0,
VPN-00855,2026-06-29 06:41:55+00:00,VPN_IAM,NORMAL,0,
OT-00636,2026-06-29 06:51:19+00:00,OT_SCADA,NORMAL,0,
NOTE-00070,2026-06-29 06:57:23+00:00,TEXT,NORMAL,0,
VPN-01034,2026-06-29 07:03:04+00:00,VPN_IAM,NORMAL,0,
CARGO-00675,2026-06-29 07:16:34+00:00,CARGO,NORMAL,0,
NET-00307,2026-06-29 07:19:57+00:00,NETWORK,NORMAL,0,
OT-01256,2026-06-29 07:20:37+00:00,OT_SCADA,NORMAL,0,
VPN-01009,2026-06-29 07:29:10+00:00,VPN_IAM,NORMAL,0,
NOTE-00170,2026-06-29 07:29:39+00:00,TEXT,NORMAL,0,
CARGO-00732,2026-06-29 07:35:34+00:00,CARGO,NORMAL,0,
OT-00108,2026-06-29 07:47:07+00:00,OT_SCADA,NORMAL,0,
NOTE-00173,2026-06-29 07:50:44+00:00,TEXT,NORMAL,0,
OT-00738,2026-06-29 07:50:44+00:00,OT_SCADA,NORMAL,0,
VPN-00625,2026-06-29 07:53:26+00:00,VPN_IAM,NORMAL,0,
NOTE-00163,2026-06-29 07:56:50+00:00,TEXT,SUSPICIOUS,1,
EDR-01141,2026-06-29 08:05:44+00:00,ENDPOINT,SUSPICIOUS,1,
EDR-01007,2026-06-29 08:13:03+00:00,ENDPOINT,NORMAL,0,
CARGO-00783,2026-06-29 08:16:17+00:00,CARGO,NORMAL,0,
VPN-00206,2026-06-29 08:19:49+00:00,VPN_IAM,NORMAL,0,
VPN-01104,2026-06-29 08:28:09+00:00,VPN_IAM,NORMAL,0,
CARGO-00287,2026-06-29 08:29:49+00:00,CARGO,NORMAL,0,
VPN-01676,2026-06-29 08:37:19+00:00,VPN_IAM,NORMAL,0,
NET-00094,2026-06-29 08:37:54+00:00,NETWORK,NORMAL,0,
PHY-00390,2026-06-29 08:40:48+00:00,PHYSICAL,NORMAL,0,
NET-00329,2026-06-29 08:41:41+00:00,NETWORK,NORMAL,0,
OT-00372,2026-06-29 08:42:42+00:00,OT_SCADA,SUSPICIOUS,1,
NET-01533,2026-06-29 08:50:14+00:00,NETWORK,NORMAL,0,
NET-02109,2026-06-29 08:53:36+00:00,NETWORK,NORMAL,0,
NET-01692,2026-06-29 08:53:57+00:00,NETWORK,NORMAL,0,
CARGO-00083,2026-06-29 08:58:49+00:00,CARGO,NORMAL,0,
OT-01139,2026-06-29 08:59:45+00:00,OT_SCADA,NORMAL,0,
OT-00604,2026-06-29 09:00:35+00:00,OT_SCADA,NORMAL,0,
CARGO-01145,2026-06-29 09:15:01+00:00,CARGO,NORMAL,0,
OT-00039,2026-06-29 09:19:58+00:00,OT_SCADA,NORMAL,0,
OT-01137,2026-06-29 09:23:51+00:00,OT_SCADA,NORMAL,0,
OT-01861,2026-06-29 09:32:25+00:00,OT_SCADA,NORMAL,0,
PHY-00183,2026-06-29 09:32:35+00:00,PHYSICAL,NORMAL,0,
EDR-01133,2026-06-29 09:34:31+00:00,ENDPOINT,NORMAL,0,
OT-01570,2026-06-29 09:36:14+00:00,OT_SCADA,NORMAL,0,
OT-01954,2026-06-29 09:42:08+00:00,OT_SCADA,NORMAL,0,
NOTE-00072,2026-06-29 09:48:26+00:00,TEXT,NORMAL,0,
NET-01697,2026-06-29 09:55:29+00:00,NETWORK,NORMAL,0,
OT-00968,2026-06-29 09:56:15+00:00,OT_SCADA,NORMAL,0,
PHY-00698,2026-06-29 09:59:18+00:00,PHYSICAL,NORMAL,0,
OT-01579,2026-06-29 10:00:11+00:00,OT_SCADA,NORMAL,0,
PHY-00398,2026-06-29 10:02:30+00:00,PHYSICAL,SUSPICIOUS,1,
OT-01738,2026-06-29 10:03:45+00:00,OT_SCADA,NORMAL,0,
OT-00610,2026-06-29 10:04:33+00:00,OT_SCADA,NORMAL,0,
EDR-00143,2026-06-29 10:08:19+00:00,ENDPOINT,NORMAL,0,
CARGO-00021,2026-06-29 10:10:29+00:00,CARGO,NORMAL,0,
OT-01352,2026-06-29 10:11:43+00:00,OT_SCADA,NORMAL,0,
NET-01798,2026-06-29 10:18:01+00:00,NETWORK,NORMAL,0,
CARGO-00906,2026-06-29 10:18:27+00:00,CARGO,NORMAL,0,
OT-01098,2026-06-29 10:21:34+00:00,OT_SCADA,NORMAL,0,
OT-01269,2026-06-29 10:23:58+00:00,OT_SCADA,NORMAL,0,
EDR-00446,2026-06-29 10:45:55+00:00,ENDPOINT,NORMAL,0,
CARGO-00528,2026-06-29 11:12:22+00:00,CARGO,NORMAL,0,
VPN-01068,2026-06-29 11:13:42+00:00,VPN_IAM,NORMAL,0,
VPN-00863,2026-06-29 11:18:26+00:00,VPN_IAM,SUSPICIOUS,1,
NOTE-00207,2026-06-29 11:25:39+00:00,TEXT,NORMAL,0,
NET-01075,2026-06-29 11:36:16+00:00,NETWORK,NORMAL,0,
CARGO-00041,2026-06-29 11:42:34+00:00,CARGO,NORMAL,0,
PHY-00051,2026-06-29 11:52:04+00:00,PHYSICAL,NORMAL,0,
NET-00152,2026-06-29 11:53:58+00:00,NETWORK,NORMAL,0,
NET-01770,2026-06-29 11:55:14+00:00,NETWORK,NORMAL,0,
PHY-00122,2026-06-29 11:58:47+00:00,PHYSICAL,SUSPICIOUS,1,
VPN-01609,2026-06-29 11:59:15+00:00,VPN_IAM,NORMAL,0,
VPN-00965,2026-06-29 12:00:37+00:00,VPN_IAM,NORMAL,0,
VPN-00562,2026-06-29 12:00:42+00:00,VPN_IAM,NORMAL,0,
CARGO-00627,2026-06-29 12:01:28+00:00,CARGO,NORMAL,0,
VPN-00710,2026-06-29 12:04:46+00:00,VPN_IAM,NORMAL,0,
PHY-00725,2026-06-29 12:08:20+00:00,PHYSICAL,NORMAL,0,
CARGO-00464,2026-06-29 12:12:14+00:00,CARGO,NORMAL,0,
OT-00568,2026-06-29 12:15:14+00:00,OT_SCADA,NORMAL,0,
CARGO-00640,2026-06-29 12:21:36+00:00,CARGO,NORMAL,0,
OT-01079,2026-06-29 12:30:40+00:00,OT_SCADA,NORMAL,0,
OT-01244,2026-06-29 12:31:18+00:00,OT_SCADA,NORMAL,0,
NET-01898,2026-06-29 12:40:13+00:00,NETWORK,NORMAL,0,
EDR-01063,2026-06-29 12:40:43+00:00,ENDPOINT,NORMAL,0,
CARGO-00280,2026-06-29 12:41:52+00:00,CARGO,NORMAL,0,
OT-01201,2026-06-29 12:46:16+00:00,OT_SCADA,NORMAL,0,
NET-00722,2026-06-29 12:53:14+00:00,NETWORK,NORMAL,0,
VPN-00302,2026-06-29 13:06:39+00:00,VPN_IAM,NORMAL,0,
CARGO-00717,2026-06-29 13:07:00+00:00,CARGO,NORMAL,0,
CARGO-01136,2026-06-29 13:13:24+00:00,CARGO,NORMAL,0,
OT-00944,2026-06-29 13:24:16+00:00,OT_SCADA,NORMAL,0,
VPN-01198,2026-06-29 13:32:08+00:00,VPN_IAM,SUSPICIOUS,1,
CARGO-00726,2026-06-29 13:33:33+00:00,CARGO,NORMAL,0,
VPN-00597,2026-06-29 13:37:39+00:00,VPN_IAM,NORMAL,0,
OT-01206,2026-06-29 13:41:57+00:00,OT_SCADA,NORMAL,0,
NOTE-00215,2026-06-29 13:42:04+00:00,TEXT,SUSPICIOUS,1,
PHY-00400,2026-06-29 13:44:23+00:00,PHYSICAL,NORMAL,0,
NET-00873,2026-06-29 13:44:35+00:00,NETWORK,NORMAL,0,
CARGO-01103,2026-06-29 13:47:13+00:00,CARGO,NORMAL,0,
NET-01912,2026-06-29 13:48:14+00:00,NETWORK,NORMAL,0,
EDR-00249,2026-06-29 13:52:10+00:00,ENDPOINT,NORMAL,0,
PHY-00673,2026-06-29 13:53:11+00:00,PHYSICAL,NORMAL,0,
PHY-00883,2026-06-29 13:53:33+00:00,PHYSICAL,NORMAL,0,
EDR-00294,2026-06-29 13:53:48+00:00,ENDPOINT,NORMAL,0,
VPN-01160,2026-06-29 13:57:08+00:00,VPN_IAM,NORMAL,0,
VPN-00408,2026-06-29 14:01:40+00:00,VPN_IAM,NORMAL,0,
OT-00814,2026-06-29 14:01:54+00:00,OT_SCADA,NORMAL,0,
PHY-00062,2026-06-29 14:05:27+00:00,PHYSICAL,NORMAL,0,
CARGO-00011,2026-06-29 14:08:19+00:00,CARGO,NORMAL,0,
NET-01204,2026-06-29 14:10:31+00:00,NETWORK,NORMAL,0,
VPN-01610,2026-06-29 14:11:28+00:00,VPN_IAM,NORMAL,0,
VPN-00435,2026-06-29 14:19:27+00:00,VPN_IAM,NORMAL,0,
EDR-00508,2026-06-29 14:19:34+00:00,ENDPOINT,SUSPICIOUS,1,
PHY-00811,2026-06-29 14:24:40+00:00,PHYSICAL,SUSPICIOUS,1,
NET-01572,2026-06-29 14:29:57+00:00,NETWORK,NORMAL,0,
PHY-00949,2026-06-29 14:30:13+00:00,PHYSICAL,NORMAL,0,
NET-01993,2026-06-29 14:37:03+00:00,NETWORK,NORMAL,0,
VPN-01085,2026-06-29 14:37:29+00:00,VPN_IAM,NORMAL,0,
OT-01167,2026-06-29 14:38:48+00:00,OT_SCADA,NORMAL,0,
VPN-00648,2026-06-29 14:40:49+00:00,VPN_IAM,NORMAL,0,
OT-00998,2026-06-29 14:48:08+00:00,OT_SCADA,NORMAL,0,
VPN-00376,2026-06-29 14:50:54+00:00,VPN_IAM,NORMAL,0,
OT-00886,2026-06-29 15:04:44+00:00,OT_SCADA,NORMAL,0,
VPN-00039,2026-06-29 15:05:25+00:00,VPN_IAM,NORMAL,0,
VPN-01063,2026-06-29 15:07:24+00:00,VPN_IAM,NORMAL,0,
VPN-01230,2026-06-29 15:28:39+00:00,VPN_IAM,NORMAL,0,
OT-00924,2026-06-29 15:48:27+00:00,OT_SCADA,NORMAL,0,
OT-00320,2026-06-29 15:50:11+00:00,OT_SCADA,NORMAL,0,
PHY-00474,2026-06-29 16:00:57+00:00,PHYSICAL,NORMAL,0,
EDR-00957,2026-06-29 16:01:00+00:00,ENDPOINT,NORMAL,0,
VPN-01369,2026-06-29 16:03:49+00:00,VPN_IAM,NORMAL,0,
NOTE-00193,2026-06-29 16:25:02+00:00,TEXT,NORMAL,0,
NOTE-00254,2026-06-29 16:26:29+00:00,TEXT,NORMAL,0,
NET-01435,2026-06-29 16:35:21+00:00,NETWORK,SUSPICIOUS,1,
VPN-01542,2026-06-29 16:35:24+00:00,VPN_IAM,NORMAL,0,
OT-00669,2026-06-29 16:42:49+00:00,OT_SCADA,NORMAL,0,
EDR-00054,2026-06-29 16:42:56+00:00,ENDPOINT,NORMAL,0,
CARGO-00945,2026-06-29 16:50:39+00:00,CARGO,NORMAL,0,
VPN-00268,2026-06-29 16:53:55+00:00,VPN_IAM,NORMAL,0,
OT-00132,2026-06-29 16:57:09+00:00,OT_SCADA,NORMAL,0,
VPN-00365,2026-06-29 16:59:22+00:00,VPN_IAM,NORMAL,0,
NET-00330,2026-06-29 17:03:05+00:00,NETWORK,NORMAL,0,
CARGO-00388,2026-06-29 17:05:37+00:00,CARGO,NORMAL,0,
NOTE-00140,2026-06-29 17:19:41+00:00,TEXT,NORMAL,0,
VPN-00555,2026-06-29 17:23:02+00:00,VPN_IAM,NORMAL,0,
VPN-01040,2026-06-29 17:23:34+00:00,VPN_IAM,NORMAL,0,
VPN-01229,2026-06-29 17:42:20+00:00,VPN_IAM,NORMAL,0,
CARGO-00400,2026-06-29 17:47:32+00:00,CARGO,NORMAL,0,
OT-01562,2026-06-29 17:47:40+00:00,OT_SCADA,NORMAL,0,
CARGO-00065,2026-06-29 17:49:39+00:00,CARGO,NORMAL,0,
VPN-00095,2026-06-29 17:50:40+00:00,VPN_IAM,NORMAL,0,
EDR-00499,2026-06-29 17:52:18+00:00,ENDPOINT,NORMAL,0,
OT-00316,2026-06-29 17:57:39+00:00,OT_SCADA,NORMAL,0,
OT-00910,2026-06-29 18:06:12+00:00,OT_SCADA,NORMAL,0,
VPN-00233,2026-06-29 18:11:13+00:00,VPN_IAM,NORMAL,0,
OT-01869,2026-06-29 18:34:16+00:00,OT_SCADA,NORMAL,0,
OT-00330,2026-06-29 18:34:39+00:00,OT_SCADA,NORMAL,0,
PHY-00019,2026-06-29 18:36:17+00:00,PHYSICAL,NORMAL,0,
OT-00994,2026-06-29 18:37:16+00:00,OT_SCADA,NORMAL,0,
NET-00726,2026-06-29 18:40:10+00:00,NETWORK,NORMAL,0,
VPN-00605,2026-06-29 18:41:47+00:00,VPN_IAM,NORMAL,0,
VPN-00830,2026-06-29 18:43:42+00:00,VPN_IAM,NORMAL,0,
VPN-00629,2026-06-29 18:45:24+00:00,VPN_IAM,NORMAL,0,
PHY-00818,2026-06-29 18:45:52+00:00,PHYSICAL,NORMAL,0,
OT-00241,2026-06-29 18:47:34+00:00,OT_SCADA,NORMAL,0,
VPN-01011,2026-06-29 18:53:28+00:00,VPN_IAM,NORMAL,0,
NET-00390,2026-06-29 18:58:30+00:00,NETWORK,NORMAL,0,
OT-00393,2026-06-29 19:02:30+00:00,OT_SCADA,NORMAL,0,
NET-01679,2026-06-29 19:15:38+00:00,NETWORK,NORMAL,0,
VPN-01305,2026-06-29 19:16:51+00:00,VPN_IAM,NORMAL,0,
CARGO-00487,2026-06-29 19:20:39+00:00,CARGO,NORMAL,0,
PHY-00274,2026-06-29 19:21:03+00:00,PHYSICAL,NORMAL,0,
PHY-00560,2026-06-29 19:21:41+00:00,PHYSICAL,NORMAL,0,
PHY-00751,2026-06-29 19:25:42+00:00,PHYSICAL,NORMAL,0,
OT-01837,2026-06-29 19:27:50+00:00,OT_SCADA,NORMAL,0,
CARGO-00404,2026-06-29 19:31:40+00:00,CARGO,NORMAL,0,
NET-00079,2026-06-29 19:32:08+00:00,NETWORK,NORMAL,0,
PHY-00879,2026-06-29 19:37:43+00:00,PHYSICAL,NORMAL,0,
PHY-00210,2026-06-29 19:44:22+00:00,PHYSICAL,NORMAL,0,
NET-01138,2026-06-29 19:44:55+00:00,NETWORK,NORMAL,0,
OT-00480,2026-06-29 19:46:41+00:00,OT_SCADA,NORMAL,0,
NOTE-00187,2026-06-29 19:58:40+00:00,TEXT,NORMAL,0,
NOTE-00118,2026-06-29 19:58:46+00:00,TEXT,NORMAL,0,
VPN-00753,2026-06-29 19:59:03+00:00,VPN_IAM,NORMAL,0,
OT-00397,2026-06-29 19:59:07+00:00,OT_SCADA,NORMAL,0,
CARGO-00103,2026-06-29 20:04:22+00:00,CARGO,NORMAL,0,
PHY-00391,2026-06-29 20:07:18+00:00,PHYSICAL,NORMAL,0,
PHY-00126,2026-06-29 20:09:33+00:00,PHYSICAL,NORMAL,0,
OT-01921,2026-06-29 20:14:22+00:00,OT_SCADA,NORMAL,0,
NET-00869,2026-06-29 20:14:39+00:00,NETWORK,NORMAL,0,
CARGO-01000,2026-06-29 20:20:10+00:00,CARGO,NORMAL,0,
OT-01165,2026-06-29 20:29:03+00:00,OT_SCADA,NORMAL,0,
CARGO-00427,2026-06-29 20:36:46+00:00,CARGO,NORMAL,0,
EDR-00265,2026-06-29 20:41:11+00:00,ENDPOINT,NORMAL,0,
OT-00500,2026-06-29 20:47:44+00:00,OT_SCADA,NORMAL,0,
NET-00547,2026-06-29 21:01:37+00:00,NETWORK,NORMAL,0,
OT-01407,2026-06-29 21:02:20+00:00,OT_SCADA,NORMAL,0,
VPN-01099,2026-06-29 21:14:26+00:00,VPN_IAM,NORMAL,0,
EDR-00812,2026-06-29 21:17:23+00:00,ENDPOINT,NORMAL,0,
CARGO-00574,2026-06-29 21:18:07+00:00,CARGO,NORMAL,0,
VPN-01725,2026-06-29 21:28:27+00:00,VPN_IAM,NORMAL,0,
OT-01665,2026-06-29 21:28:54+00:00,OT_SCADA,NORMAL,0,
OT-00586,2026-06-29 21:29:25+00:00,OT_SCADA,NORMAL,0,
OT-00260,2026-06-29 21:35:47+00:00,OT_SCADA,NORMAL,0,
OT-00628,2026-06-29 21:46:10+00:00,OT_SCADA,NORMAL,0,
PHY-00173,2026-06-29 21:58:52+00:00,PHYSICAL,NORMAL,0,
OT-01354,2026-06-29 22:01:22+00:00,OT_SCADA,NORMAL,0,
PHY-00226,2026-06-29 22:05:04+00:00,PHYSICAL,NORMAL,0,
VPN-01161,2026-06-29 22:07:13+00:00,VPN_IAM,NORMAL,0,
PHY-00968,2026-06-29 22:22:39+00:00,PHYSICAL,NORMAL,0,
NET-01326,2026-06-29 22:24:32+00:00,NETWORK,NORMAL,0,
VPN-01620,2026-06-29 22:25:16+00:00,VPN_IAM,SUSPICIOUS,1,
VPN-01433,2026-06-29 22:31:15+00:00,VPN_IAM,NORMAL,0,
NET-01278,2026-06-29 22:34:11+00:00,NETWORK,NORMAL,0,
PHY-00468,2026-06-29 22:38:05+00:00,PHYSICAL,NORMAL,0,
NET-01848,2026-06-29 22:45:39+00:00,NETWORK,NORMAL,0,
EDR-00959,2026-06-29 22:48:04+00:00,ENDPOINT,NORMAL,0,
PHY-00276,2026-06-29 22:56:46+00:00,PHYSICAL,SUSPICIOUS,1,
EDR-00993,2026-06-29 22:57:10+00:00,ENDPOINT,NORMAL,0,
NET-01103,2026-06-29 22:59:38+00:00,NETWORK,NORMAL,0,
PHY-00721,2026-06-29 23:00:16+00:00,PHYSICAL,NORMAL,0,
VPN-01231,2026-06-29 23:09:32+00:00,VPN_IAM,NORMAL,0,
VPN-01219,2026-06-29 23:18:25+00:00,VPN_IAM,NORMAL,0,
OT-01718,2026-06-29 23:21:39+00:00,OT_SCADA,NORMAL,0,
VPN-01441,2026-06-29 23:23:08+00:00,VPN_IAM,NORMAL,0,
NET-00709,2026-06-29 23:23:20+00:00,NETWORK,NORMAL,0,
OT-01770,2026-06-29 23:30:00+00:00,OT_SCADA,NORMAL,0,
NOTE-00064,2026-06-29 23:31:05+00:00,TEXT,SUSPICIOUS,1,
PHY-00519,2026-06-29 23:34:07+00:00,PHYSICAL,NORMAL,0,
OT-00373,2026-06-29 23:38:07+00:00,OT_SCADA,SUSPICIOUS,1,
VPN-00738,2026-06-29 23:40:43+00:00,VPN_IAM,NORMAL,0,
VPN-00993,2026-06-29 23:44:57+00:00,VPN_IAM,NORMAL,0,
NOTE-00144,2026-06-29 23:48:26+00:00,TEXT,SUSPICIOUS,1,
VPN-00359,2026-06-29 23:52:50+00:00,VPN_IAM,NORMAL,0,
OT-00414,2026-06-29 23:53:22+00:00,OT_SCADA,NORMAL,0,
PHY-00322,2026-06-29 23:55:56+00:00,PHYSICAL,NORMAL,0,
PHY-00039,2026-06-29 23:56:31+00:00,PHYSICAL,NORMAL,0,
NET-01323,2026-06-29 23:59:55+00:00,NETWORK,NORMAL,0,
OT-00056,2026-06-30 00:16:02+00:00,OT_SCADA,NORMAL,0,
CARGO-00519,2026-06-30 00:20:10+00:00,CARGO,NORMAL,0,
OT-00685,2026-06-30 00:23:56+00:00,OT_SCADA,NORMAL,0,
OT-00013,2026-06-30 00:42:57+00:00,OT_SCADA,NORMAL,0,
CARGO-00459,2026-06-30 00:46:46+00:00,CARGO,NORMAL,0,
EDR-00942,2026-06-30 00:47:51+00:00,ENDPOINT,NORMAL,0,
PHY-00621,2026-06-30 00:48:58+00:00,PHYSICAL,NORMAL,0,
NET-01918,2026-06-30 00:53:12+00:00,NETWORK,NORMAL,0,
NOTE-00142,2026-06-30 00:55:29+00:00,TEXT,NORMAL,0,
OT-00398,2026-06-30 01:00:36+00:00,OT_SCADA,NORMAL,0,
NET-01233,2026-06-30 01:00:44+00:00,NETWORK,NORMAL,0,
NET-00177,2026-06-30 01:05:34+00:00,NETWORK,NORMAL,0,
PHY-00246,2026-06-30 01:08:34+00:00,PHYSICAL,NORMAL,0,
VPN-01290,2026-06-30 01:09:24+00:00,VPN_IAM,NORMAL,0,
EDR-00784,2026-06-30 01:11:26+00:00,ENDPOINT,NORMAL,0,
NET-00488,2026-06-30 01:16:28+00:00,NETWORK,NORMAL,0,
CARGO-00790,2026-06-30 01:18:19+00:00,CARGO,NORMAL,0,
OT-00083,2026-06-30 01:20:30+00:00,OT_SCADA,NORMAL,0,
PHY-00094,2026-06-30 01:22:32+00:00,PHYSICAL,NORMAL,0,
EDR-00026,2026-06-30 01:24:30+00:00,ENDPOINT,NORMAL,0,
VPN-01109,2026-06-30 01:25:24+00:00,VPN_IAM,NORMAL,0,
OT-01923,2026-06-30 01:29:22+00:00,OT_SCADA,NORMAL,0,
CARGO-00240,2026-06-30 01:38:25+00:00,CARGO,NORMAL,0,
CARGO-00081,2026-06-30 01:38:37+00:00,CARGO,NORMAL,0,
NOTE-00012,2026-06-30 01:42:48+00:00,TEXT,NORMAL,0,
NOTE-00131,2026-06-30 01:50:46+00:00,TEXT,NORMAL,0,
OT-01805,2026-06-30 01:51:19+00:00,OT_SCADA,NORMAL,0,
CARGO-00588,2026-06-30 01:54:15+00:00,CARGO,NORMAL,0,
CARGO-00871,2026-06-30 01:57:02+00:00,CARGO,NORMAL,0,
VPN-00889,2026-06-30 02:09:49+00:00,VPN_IAM,NORMAL,0,
EDR-00365,2026-06-30 02:16:19+00:00,ENDPOINT,NORMAL,0,
NET-01014,2026-06-30 02:17:04+00:00,NETWORK,NORMAL,0,
EDR-00562,2026-06-30 02:21:50+00:00,ENDPOINT,NORMAL,0,
PHY-00139,2026-06-30 02:22:17+00:00,PHYSICAL,NORMAL,0,
PHY-00777,2026-06-30 02:24:36+00:00,PHYSICAL,NORMAL,0,
NET-01746,2026-06-30 02:26:48+00:00,NETWORK,NORMAL,0,
VPN-00905,2026-06-30 02:27:22+00:00,VPN_IAM,NORMAL,0,
OT-01207,2026-06-30 02:29:08+00:00,OT_SCADA,NORMAL,0,
VPN-00265,2026-06-30 02:32:00+00:00,VPN_IAM,NORMAL,0,
CARGO-00342,2026-06-30 02:41:45+00:00,CARGO,NORMAL,0,
CARGO-00977,2026-06-30 02:44:05+00:00,CARGO,NORMAL,0,
CARGO-00339,2026-06-30 02:49:03+00:00,CARGO,NORMAL,0,
CARGO-01026,2026-06-30 02:52:42+00:00,CARGO,NORMAL,0,
VPN-00431,2026-06-30 02:57:27+00:00,VPN_IAM,NORMAL,0,
OT-01806,2026-06-30 03:02:39+00:00,OT_SCADA,NORMAL,0,
NET-01474,2026-06-30 03:08:45+00:00,NETWORK,NORMAL,0,
NET-00281,2026-06-30 03:13:32+00:00,NETWORK,NORMAL,0,
OT-01283,2026-06-30 03:13:47+00:00,OT_SCADA,NORMAL,0,
VPN-00418,2026-06-30 03:16:23+00:00,VPN_IAM,NORMAL,0,
VPN-00780,2026-06-30 03:19:11+00:00,VPN_IAM,SUSPICIOUS,1,
CARGO-00343,2026-06-30 03:20:23+00:00,CARGO,NORMAL,0,
VPN-01623,2026-06-30 03:20:57+00:00,VPN_IAM,SUSPICIOUS,1,
OT-00489,2026-06-30 03:21:39+00:00,OT_SCADA,NORMAL,0,
CARGO-00038,2026-06-30 03:28:58+00:00,CARGO,NORMAL,0,
NET-01315,2026-06-30 03:31:08+00:00,NETWORK,NORMAL,0,
NET-00548,2026-06-30 03:32:09+00:00,NETWORK,NORMAL,0,
VPN-01399,2026-06-30 03:37:07+00:00,VPN_IAM,NORMAL,0,
EDR-00913,2026-06-30 03:39:26+00:00,ENDPOINT,NORMAL,0,
NET-00935,2026-06-30 03:47:20+00:00,NETWORK,NORMAL,0,
OT-00319,2026-06-30 03:47:38+00:00,OT_SCADA,NORMAL,0,
OT-00038,2026-06-30 03:55:47+00:00,OT_SCADA,SUSPICIOUS,1,
NET-00530,2026-06-30 04:14:13+00:00,NETWORK,NORMAL,0,
OT-01037,2026-06-30 04:15:41+00:00,OT_SCADA,NORMAL,0,
NET-00597,2026-06-30 04:17:13+00:00,NETWORK,NORMAL,0,
NOTE-00044,2026-06-30 04:24:57+00:00,TEXT,NORMAL,0,
VPN-01426,2026-06-30 04:27:05+00:00,VPN_IAM,NORMAL,0,
EDR-00163,2026-06-30 04:30:20+00:00,ENDPOINT,NORMAL,0,
VPN-01333,2026-06-30 04:41:57+00:00,VPN_IAM,NORMAL,0,
CARGO-00635,2026-06-30 04:47:09+00:00,CARGO,NORMAL,0,
OT-00142,2026-06-30 04:51:56+00:00,OT_SCADA,NORMAL,0,
VPN-00377,2026-06-30 04:54:59+00:00,VPN_IAM,NORMAL,0,
NET-00794,2026-06-30 05:00:31+00:00,NETWORK,NORMAL,0,
OT-00848,2026-06-30 05:01:01+00:00,OT_SCADA,NORMAL,0,
NET-01885,2026-06-30 05:04:50+00:00,NETWORK,SUSPICIOUS,1,
NOTE-00132,2026-06-30 05:08:19+00:00,TEXT,NORMAL,0,
OT-01581,2026-06-30 05:18:51+00:00,OT_SCADA,NORMAL,0,
OT-01595,2026-06-30 05:28:27+00:00,OT_SCADA,NORMAL,0,
VPN-00213,2026-06-30 05:30:59+00:00,VPN_IAM,NORMAL,0,
CARGO-00935,2026-06-30 05:35:55+00:00,CARGO,NORMAL,0,
OT-01428,2026-06-30 05:37:41+00:00,OT_SCADA,NORMAL,0,
VPN-00468,2026-06-30 05:41:20+00:00,VPN_IAM,NORMAL,0,
VPN-01220,2026-06-30 05:49:06+00:00,VPN_IAM,NORMAL,0,
VPN-00730,2026-06-30 05:49:31+00:00,VPN_IAM,NORMAL,0,
VPN-00051,2026-06-30 05:50:00+00:00,VPN_IAM,NORMAL,0,
NET-00501,2026-06-30 05:50:31+00:00,NETWORK,SUSPICIOUS,1,
EDR-00869,2026-06-30 05:50:38+00:00,ENDPOINT,NORMAL,0,
CARGO-01123,2026-06-30 06:03:58+00:00,CARGO,NORMAL,0,
CARGO-00894,2026-06-30 06:05:20+00:00,CARGO,NORMAL,0,
EDR-01154,2026-06-30 06:05:41+00:00,ENDPOINT,NORMAL,0,
NET-01445,2026-06-30 06:15:36+00:00,NETWORK,NORMAL,0,
OT-00206,2026-06-30 06:27:16+00:00,OT_SCADA,NORMAL,0,
VPN-00499,2026-06-30 06:28:31+00:00,VPN_IAM,NORMAL,0,
VPN-01664,2026-06-30 06:31:13+00:00,VPN_IAM,NORMAL,0,
VPN-00536,2026-06-30 06:38:35+00:00,VPN_IAM,NORMAL,0,
NET-00437,2026-06-30 06:39:17+00:00,NETWORK,NORMAL,0,
NET-01052,2026-06-30 06:41:40+00:00,NETWORK,NORMAL,0,
OT-00123,2026-06-30 06:53:38+00:00,OT_SCADA,NORMAL,0,
VPN-01628,2026-06-30 06:57:30+00:00,VPN_IAM,NORMAL,0,
OT-01359,2026-06-30 07:05:34+00:00,OT_SCADA,NORMAL,0,
VPN-00565,2026-06-30 07:11:20+00:00,VPN_IAM,NORMAL,0,
OT-00176,2026-06-30 07:19:31+00:00,OT_SCADA,NORMAL,0,
NOTE-00061,2026-06-30 07:23:56+00:00,TEXT,NORMAL,0,
VPN-01166,2026-06-30 07:26:19+00:00,VPN_IAM,NORMAL,0,
NET-00903,2026-06-30 07:30:53+00:00,NETWORK,NORMAL,0,
EDR-00708,2026-06-30 07:31:39+00:00,ENDPOINT,NORMAL,0,
OT-00789,2026-06-30 07:45:50+00:00,OT_SCADA,NORMAL,0,
EDR-00941,2026-06-30 07:49:22+00:00,ENDPOINT,NORMAL,0,
NET-00338,2026-06-30 07:55:51+00:00,NETWORK,NORMAL,0,
CARGO-00456,2026-06-30 08:00:15+00:00,CARGO,NORMAL,0,
OT-01602,2026-06-30 08:04:39+00:00,OT_SCADA,NORMAL,0,
CARGO-00206,2026-06-30 08:04:44+00:00,CARGO,NORMAL,0,
EDR-00112,2026-06-30 08:12:00+00:00,ENDPOINT,NORMAL,0,
CARGO-00984,2026-06-30 08:15:44+00:00,CARGO,NORMAL,0,
NET-00414,2026-06-30 08:20:53+00:00,NETWORK,NORMAL,0,
OT-00134,2026-06-30 08:24:45+00:00,OT_SCADA,NORMAL,0,
NET-00245,2026-06-30 08:25:28+00:00,NETWORK,NORMAL,0,
CARGO-01133,2026-06-30 08:38:38+00:00,CARGO,NORMAL,0,
PHY-00819,2026-06-30 08:39:53+00:00,PHYSICAL,NORMAL,0,
OT-00246,2026-06-30 08:43:38+00:00,OT_SCADA,NORMAL,0,
CARGO-00955,2026-06-30 08:44:19+00:00,CARGO,NORMAL,0,
EDR-00310,2026-06-30 08:46:53+00:00,ENDPOINT,NORMAL,0,
OT-01980,2026-06-30 08:50:18+00:00,OT_SCADA,NORMAL,0,
EDR-00712,2026-06-30 08:56:41+00:00,ENDPOINT,NORMAL,0,
CARGO-00463,2026-06-30 09:01:36+00:00,CARGO,NORMAL,0,
NET-01656,2026-06-30 09:03:08+00:00,NETWORK,NORMAL,0,
EDR-00132,2026-06-30 09:07:07+00:00,ENDPOINT,NORMAL,0,
CARGO-00947,2026-06-30 09:07:19+00:00,CARGO,SUSPICIOUS,1,
EDR-00341,2026-06-30 09:14:01+00:00,ENDPOINT,NORMAL,0,
CARGO-00184,2026-06-30 09:14:04+00:00,CARGO,NORMAL,0,
EDR-00079,2026-06-30 09:15:55+00:00,ENDPOINT,NORMAL,0,
NOTE-00202,2026-06-30 09:25:09+00:00,TEXT,SUSPICIOUS,1,
VPN-01418,2026-06-30 09:25:10+00:00,VPN_IAM,NORMAL,0,
PHY-00572,2026-06-30 09:27:48+00:00,PHYSICAL,NORMAL,0,
VPN-01673,2026-06-30 09:29:30+00:00,VPN_IAM,NORMAL,0,
PHY-00098,2026-06-30 09:34:21+00:00,PHYSICAL,NORMAL,0,
NET-00787,2026-06-30 09:38:06+00:00,NETWORK,NORMAL,0,
VPN-01413,2026-06-30 09:39:43+00:00,VPN_IAM,NORMAL,0,
EDR-00491,2026-06-30 09:43:07+00:00,ENDPOINT,NORMAL,0,
NET-00583,2026-06-30 09:54:35+00:00,NETWORK,NORMAL,0,
CARGO-00028,2026-06-30 09:54:45+00:00,CARGO,NORMAL,0,
NET-01194,2026-06-30 09:55:25+00:00,NETWORK,NORMAL,0,
VPN-00029,2026-06-30 09:56:30+00:00,VPN_IAM,NORMAL,0,
NOTE-00121,2026-06-30 09:58:28+00:00,TEXT,NORMAL,0,
OT-00634,2026-06-30 09:58:38+00:00,OT_SCADA,NORMAL,0,
EDR-00083,2026-06-30 09:59:07+00:00,ENDPOINT,NORMAL,0,
NET-01705,2026-06-30 10:00:56+00:00,NETWORK,NORMAL,0,
NET-00876,2026-06-30 10:01:59+00:00,NETWORK,NORMAL,0,
VPN-00437,2026-06-30 10:02:35+00:00,VPN_IAM,NORMAL,0,
EDR-01186,2026-06-30 10:16:40+00:00,ENDPOINT,NORMAL,0,
OT-01460,2026-06-30 10:17:14+00:00,OT_SCADA,NORMAL,0,
NET-01238,2026-06-30 10:19:43+00:00,NETWORK,SUSPICIOUS,1,
NOTE-00295,2026-06-30 10:26:41+00:00,TEXT,SUSPICIOUS,1,
VPN-00777,2026-06-30 10:29:23+00:00,VPN_IAM,NORMAL,0,
OT-01487,2026-06-30 10:31:44+00:00,OT_SCADA,NORMAL,0,
NET-00186,2026-06-30 10:37:07+00:00,NETWORK,NORMAL,0,
EDR-00804,2026-06-30 10:37:43+00:00,ENDPOINT,NORMAL,0,
OT-01307,2026-06-30 10:38:30+00:00,OT_SCADA,NORMAL,0,
OT-01142,2026-06-30 10:43:17+00:00,OT_SCADA,NORMAL,0,
OT-00512,2026-06-30 10:43:33+00:00,OT_SCADA,NORMAL,0,
PHY-00359,2026-06-30 10:55:30+00:00,PHYSICAL,NORMAL,0,
CARGO-00492,2026-06-30 10:58:00+00:00,CARGO,NORMAL,0,
VPN-01377,2026-06-30 10:58:11+00:00,VPN_IAM,NORMAL,0,
PHY-00608,2026-06-30 10:59:02+00:00,PHYSICAL,NORMAL,0,
PHY-00918,2026-06-30 11:03:59+00:00,PHYSICAL,NORMAL,0,
CARGO-00199,2026-06-30 11:05:02+00:00,CARGO,NORMAL,0,
OT-00184,2026-06-30 11:07:19+00:00,OT_SCADA,NORMAL,0,
VPN-00090,2026-06-30 11:10:06+00:00,VPN_IAM,NORMAL,0,
EDR-00758,2026-06-30 11:11:55+00:00,ENDPOINT,NORMAL,0,
PHY-00741,2026-06-30 11:14:49+00:00,PHYSICAL,NORMAL,0,
PHY-00116,2026-06-30 11:14:57+00:00,PHYSICAL,NORMAL,0,
NET-02092,2026-06-30 11:15:13+00:00,NETWORK,NORMAL,0,
PHY-00565,2026-06-30 11:17:48+00:00,PHYSICAL,NORMAL,0,
NOTE-00203,2026-06-30 11:23:39+00:00,TEXT,NORMAL,0,
VPN-01279,2026-06-30 11:24:07+00:00,VPN_IAM,NORMAL,0,
EDR-00918,2026-06-30 11:33:04+00:00,ENDPOINT,NORMAL,0,
OT-01363,2026-06-30 11:39:56+00:00,OT_SCADA,NORMAL,0,
NET-01560,2026-06-30 11:44:28+00:00,NETWORK,NORMAL,0,
VPN-01129,2026-06-30 11:53:56+00:00,VPN_IAM,NORMAL,0,
EDR-00430,2026-06-30 11:56:05+00:00,ENDPOINT,NORMAL,0,
OT-01473,2026-06-30 11:56:38+00:00,OT_SCADA,NORMAL,0,
VPN-00282,2026-06-30 12:15:33+00:00,VPN_IAM,NORMAL,0,
NET-00337,2026-06-30 12:19:46+00:00,NETWORK,NORMAL,0,
EDR-00910,2026-06-30 12:20:51+00:00,ENDPOINT,NORMAL,0,
OT-00947,2026-06-30 12:45:51+00:00,OT_SCADA,NORMAL,0,
NET-01224,2026-06-30 12:50:42+00:00,NETWORK,NORMAL,0,
VPN-00500,2026-06-30 13:11:19+00:00,VPN_IAM,NORMAL,0,
OT-00724,2026-06-30 13:18:35+00:00,OT_SCADA,NORMAL,0,
PHY-00533,2026-06-30 13:29:58+00:00,PHYSICAL,NORMAL,0,
OT-00999,2026-06-30 13:34:02+00:00,OT_SCADA,NORMAL,0,
NOTE-00035,2026-06-30 13:39:55+00:00,TEXT,SUSPICIOUS,1,
NET-00707,2026-06-30 13:39:56+00:00,NETWORK,NORMAL,0,
EDR-00613,2026-06-30 13:48:55+00:00,ENDPOINT,NORMAL,0,
VPN-00663,2026-06-30 13:57:11+00:00,VPN_IAM,NORMAL,0,
EDR-00707,2026-06-30 14:07:44+00:00,ENDPOINT,NORMAL,0,
PHY-00871,2026-06-30 14:19:24+00:00,PHYSICAL,NORMAL,0,
VPN-00086,2026-06-30 14:21:54+00:00,VPN_IAM,NORMAL,0,
VPN-00664,2026-06-30 14:24:20+00:00,VPN_IAM,NORMAL,0,
EDR-00108,2026-06-30 14:24:50+00:00,ENDPOINT,NORMAL,0,
VPN-01735,2026-06-30 14:30:35+00:00,VPN_IAM,NORMAL,0,
OT-01212,2026-06-30 14:32:34+00:00,OT_SCADA,NORMAL,0,
EDR-00399,2026-06-30 14:34:29+00:00,ENDPOINT,NORMAL,0,
CARGO-00964,2026-06-30 14:50:59+00:00,CARGO,NORMAL,0,
PHY-00674,2026-06-30 14:52:08+00:00,PHYSICAL,NORMAL,0,
CARGO-00336,2026-06-30 14:57:26+00:00,CARGO,NORMAL,0,
CARGO-00650,2026-06-30 14:59:54+00:00,CARGO,NORMAL,0,
NET-00677,2026-06-30 15:02:12+00:00,NETWORK,NORMAL,0,
NET-01520,2026-06-30 15:14:32+00:00,NETWORK,NORMAL,0,
EDR-00695,2026-06-30 15:19:34+00:00,ENDPOINT,NORMAL,0,
OT-00211,2026-06-30 15:24:42+00:00,OT_SCADA,NORMAL,0,
OT-00590,2026-06-30 15:27:33+00:00,OT_SCADA,NORMAL,0,
NET-01985,2026-06-30 15:30:04+00:00,NETWORK,NORMAL,0,
OT-01366,2026-06-30 15:39:08+00:00,OT_SCADA,NORMAL,0,
VPN-01169,2026-06-30 15:46:07+00:00,VPN_IAM,NORMAL,0,
NET-00965,2026-06-30 15:51:30+00:00,NETWORK,NORMAL,0,
OT-01374,2026-06-30 15:51:34+00:00,OT_SCADA,NORMAL,0,
VPN-00930,2026-06-30 15:53:43+00:00,VPN_IAM,NORMAL,0,
EDR-00980,2026-06-30 16:00:12+00:00,ENDPOINT,NORMAL,0,
NET-01291,2026-06-30 16:08:14+00:00,NETWORK,NORMAL,0,
CARGO-01095,2026-06-30 16:19:50+00:00,CARGO,NORMAL,0,
OT-01054,2026-06-30 16:26:41+00:00,OT_SCADA,NORMAL,0,
NET-00145,2026-06-30 16:28:34+00:00,NETWORK,NORMAL,0,
NET-00775,2026-06-30 16:39:38+00:00,NETWORK,NORMAL,0,
CARGO-00898,2026-06-30 16:44:32+00:00,CARGO,NORMAL,0,
OT-00797,2026-06-30 16:54:11+00:00,OT_SCADA,NORMAL,0,
NOTE-00036,2026-06-30 16:58:23+00:00,TEXT,NORMAL,0,
PHY-00685,2026-06-30 17:00:52+00:00,PHYSICAL,NORMAL,0,
PHY-00947,2026-06-30 17:03:15+00:00,PHYSICAL,NORMAL,0,
VPN-01472,2026-06-30 17:08:13+00:00,VPN_IAM,NORMAL,0,
CARGO-00547,2026-06-30 17:12:13+00:00,CARGO,NORMAL,0,
CARGO-01112,2026-06-30 17:20:10+00:00,CARGO,NORMAL,0,
CARGO-00478,2026-06-30 17:21:08+00:00,CARGO,NORMAL,0,
OT-01249,2026-06-30 17:26:05+00:00,OT_SCADA,NORMAL,0,
NET-00808,2026-06-30 17:29:46+00:00,NETWORK,SUSPICIOUS,1,
CARGO-01146,2026-06-30 17:30:40+00:00,CARGO,NORMAL,0,
NET-01227,2026-06-30 17:32:27+00:00,NETWORK,NORMAL,0,
CARGO-01029,2026-06-30 17:41:27+00:00,CARGO,NORMAL,0,
EDR-00193,2026-06-30 17:42:55+00:00,ENDPOINT,NORMAL,0,
VPN-01245,2026-06-30 17:59:04+00:00,VPN_IAM,NORMAL,0,
NOTE-00162,2026-06-30 18:01:53+00:00,TEXT,NORMAL,0,
OT-00425,2026-06-30 18:03:00+00:00,OT_SCADA,NORMAL,0,
CARGO-00757,2026-06-30 18:03:10+00:00,CARGO,NORMAL,0,
PHY-00880,2026-06-30 18:05:22+00:00,PHYSICAL,NORMAL,0,
CARGO-00392,2026-06-30 18:10:34+00:00,CARGO,NORMAL,0,
OT-00518,2026-06-30 18:10:54+00:00,OT_SCADA,NORMAL,0,
EDR-00828,2026-06-30 18:18:03+00:00,ENDPOINT,NORMAL,0,
OT-01978,2026-06-30 18:20:57+00:00,OT_SCADA,NORMAL,0,
OT-00767,2026-06-30 18:24:16+00:00,OT_SCADA,NORMAL,0,
NET-00979,2026-06-30 18:27:44+00:00,NETWORK,NORMAL,0,
VPN-00189,2026-06-30 18:35:37+00:00,VPN_IAM,NORMAL,0,
NET-01734,2026-06-30 18:37:52+00:00,NETWORK,SUSPICIOUS,1,
CARGO-00600,2026-06-30 18:40:06+00:00,CARGO,NORMAL,0,
OT-01613,2026-06-30 18:40:28+00:00,OT_SCADA,NORMAL,0,
OT-00746,2026-06-30 18:45:56+00:00,OT_SCADA,NORMAL,0,
NOTE-00285,2026-06-30 18:53:00+00:00,TEXT,NORMAL,0,
VPN-01513,2026-06-30 18:55:01+00:00,VPN_IAM,NORMAL,0,
NET-01464,2026-06-30 18:55:37+00:00,NETWORK,NORMAL,0,
OT-00906,2026-06-30 18:59:39+00:00,OT_SCADA,NORMAL,0,
EDR-01134,2026-06-30 19:04:55+00:00,ENDPOINT,SUSPICIOUS,1,
EDR-01037,2026-06-30 19:16:58+00:00,ENDPOINT,NORMAL,0,
OT-00129,2026-06-30 19:19:13+00:00,OT_SCADA,NORMAL,0,
OT-01347,2026-06-30 19:25:01+00:00,OT_SCADA,NORMAL,0,
CARGO-01167,2026-06-30 19:30:07+00:00,CARGO,NORMAL,0,
EDR-00346,2026-06-30 19:33:44+00:00,ENDPOINT,NORMAL,0,
PHY-00365,2026-06-30 19:34:46+00:00,PHYSICAL,NORMAL,0,
CARGO-01046,2026-06-30 19:47:39+00:00,CARGO,NORMAL,0,
EDR-00392,2026-06-30 19:55:03+00:00,ENDPOINT,NORMAL,0,
CARGO-00849,2026-06-30 20:02:41+00:00,CARGO,NORMAL,0,
OT-01495,2026-06-30 20:04:52+00:00,OT_SCADA,SUSPICIOUS,1,
NET-01319,2026-06-30 20:04:57+00:00,NETWORK,NORMAL,0,
CARGO-01027,2026-06-30 20:08:50+00:00,CARGO,NORMAL,0,
OT-01029,2026-06-30 20:17:00+00:00,OT_SCADA,NORMAL,0,
PHY-00737,2026-06-30 20:20:56+00:00,PHYSICAL,NORMAL,0,
NET-01403,2026-06-30 20:29:45+00:00,NETWORK,NORMAL,0,
NOTE-00038,2026-06-30 20:34:30+00:00,TEXT,NORMAL,0,
EDR-01048,2026-06-30 20:42:48+00:00,ENDPOINT,NORMAL,0,
PHY-00953,2026-06-30 20:44:29+00:00,PHYSICAL,NORMAL,0,
OT-00474,2026-06-30 20:58:21+00:00,OT_SCADA,NORMAL,0,
VPN-00593,2026-06-30 21:05:00+00:00,VPN_IAM,NORMAL,0,
PHY-00701,2026-06-30 21:10:22+00:00,PHYSICAL,NORMAL,0,
VPN-00958,2026-06-30 21:19:25+00:00,VPN_IAM,NORMAL,0,
OT-01756,2026-06-30 21:23:16+00:00,OT_SCADA,NORMAL,0,
VPN-00922,2026-06-30 21:24:15+00:00,VPN_IAM,NORMAL,0,
OT-00075,2026-06-30 21:25:54+00:00,OT_SCADA,NORMAL,0,
NET-00003,2026-06-30 21:31:53+00:00,NETWORK,NORMAL,0,
NET-00863,2026-06-30 21:31:55+00:00,NETWORK,NORMAL,0,
EDR-00790,2026-06-30 21:44:50+00:00,ENDPOINT,NORMAL,0,
CARGO-00173,2026-06-30 21:46:03+00:00,CARGO,NORMAL,0,
EDR-00640,2026-06-30 21:47:14+00:00,ENDPOINT,NORMAL,0,
PHY-00535,2026-06-30 21:53:30+00:00,PHYSICAL,NORMAL,0,
CARGO-00054,2026-06-30 21:57:46+00:00,CARGO,NORMAL,0,
EDR-00998,2026-06-30 22:00:23+00:00,ENDPOINT,NORMAL,0,
CARGO-00728,2026-06-30 22:01:04+00:00,CARGO,NORMAL,0,
VPN-01103,2026-06-30 22:05:20+00:00,VPN_IAM,NORMAL,0,
NET-00464,2026-06-30 22:14:31+00:00,NETWORK,NORMAL,0,
PHY-00982,2026-06-30 22:15:27+00:00,PHYSICAL,SUSPICIOUS,1,
EDR-00755,2026-06-30 22:17:29+00:00,ENDPOINT,NORMAL,0,
OT-01426,2026-06-30 22:21:56+00:00,OT_SCADA,NORMAL,0,
PHY-00085,2026-06-30 22:23:04+00:00,PHYSICAL,NORMAL,0,
OT-00185,2026-06-30 22:33:33+00:00,OT_SCADA,NORMAL,0,
NOTE-00120,2026-06-30 22:33:57+00:00,TEXT,NORMAL,0,
VPN-01210,2026-06-30 22:35:56+00:00,VPN_IAM,SUSPICIOUS,1,
NET-01629,2026-06-30 22:36:09+00:00,NETWORK,NORMAL,0,
NET-00954,2026-06-30 22:38:59+00:00,NETWORK,NORMAL,0,
EDR-00723,2026-06-30 22:42:59+00:00,ENDPOINT,NORMAL,0,
EDR-00696,2026-06-30 22:44:44+00:00,ENDPOINT,NORMAL,0,
NET-00084,2026-06-30 22:45:38+00:00,NETWORK,NORMAL,0,
VPN-00230,2026-06-30 22:53:28+00:00,VPN_IAM,NORMAL,0,
PHY-00459,2026-06-30 22:54:50+00:00,PHYSICAL,NORMAL,0,
NET-01006,2026-06-30 22:55:22+00:00,NETWORK,NORMAL,0,
OT-00588,2026-06-30 23:02:59+00:00,OT_SCADA,NORMAL,0,
EDR-00408,2026-06-30 23:10:57+00:00,ENDPOINT,NORMAL,0,
CARGO-00919,2026-06-30 23:11:22+00:00,CARGO,NORMAL,0,
EDR-00270,2026-06-30 23:14:26+00:00,ENDPOINT,NORMAL,0,
CARGO-00615,2026-06-30 23:16:30+00:00,CARGO,NORMAL,0,
EDR-00838,2026-06-30 23:17:20+00:00,ENDPOINT,NORMAL,0,
VPN-01105,2026-06-30 23:27:04+00:00,VPN_IAM,NORMAL,0,
NET-01055,2026-06-30 23:29:01+00:00,NETWORK,NORMAL,0,
OT-01554,2026-06-30 23:47:27+00:00,OT_SCADA,NORMAL,0,
CARGO-00847,2026-06-30 23:53:31+00:00,CARGO,NORMAL,0,
EDR-00162,2026-06-30 23:54:07+00:00,ENDPOINT,NORMAL,0,
OT-00351,2026-06-30 23:56:58+00:00,OT_SCADA,NORMAL,0,
