event_id,timestamp,device_id,hostname,user_id,process_name,parent_process,alert_type,severity,event_label,incident_id
EDR-00000,2026-06-22T15:47:47Z,DEV0068,PORT-DEV0068,ACC0013,ssh,explorer.exe,SERVICE_EVENT,LOW,NORMAL,
EDR-00001,2026-06-12T00:27:53Z,DEV0053,PORT-DEV0053,ACC0037,sensor_service,yard_client,SERVICE_EVENT,LOW,NORMAL,
EDR-00002,2026-06-21T20:29:28Z,DEV0010,PORT-DEV0010,ACC0004,browser,yard_client,SOFTWARE_UPDATE,LOW,NORMAL,
EDR-00003,2026-06-29T00:23:59Z,DEV0005,PORT-DEV0005,ACC0032,rdp,vendor_agent,NONE,LOW,NORMAL,
EDR-00004,2026-06-14T13:21:18Z,DEV0041,PORT-DEV0041,ACC0057,ssh,explorer.exe,NONE,LOW,NORMAL,
EDR-00005,2026-06-02T07:50:34Z,DEV0098,PORT-DEV0098,ACC0051,ssh,vendor_agent,LOGIN,LOW,NORMAL,
EDR-00006,2026-06-24T09:00:06Z,DEV0075,PORT-DEV0075,ACC0036,plc_tool,services.exe,SOFTWARE_UPDATE,LOW,NORMAL,
EDR-00007,2026-06-27T11:49:27Z,DEV0080,PORT-DEV0080,ACC0046,sensor_service,yard_client,SERVICE_EVENT,LOW,NORMAL,
EDR-00008,2026-06-08T14:10:37Z,DEV0092,PORT-DEV0092,ACC0043,vendor_agent,services.exe,SOFTWARE_UPDATE,LOW,NORMAL,
EDR-00009,2026-06-16T06:24:19Z,DEV0015,PORT-DEV0015,ACC0003,browser,yard_client,LOGIN,LOW,NORMAL,
EDR-00010,2026-06-08T22:19:04Z,DEV0015,PORT-DEV0015,ACC0019,plc_tool,vendor_agent,SOFTWARE_UPDATE,LOW,NORMAL,
EDR-00011,2026-06-09T08:20:14Z,DEV0017,PORT-DEV0017,ACC0001,ssh,explorer.exe,SERVICE_EVENT,LOW,NORMAL,
EDR-00012,2026-06-08T09:33:07Z,DEV0037,PORT-DEV0037,ACC0006,powershell_sim,yard_client,UNUSUAL_PARENT_PROCESS,MEDIUM,SUSPICIOUS,
EDR-00013,2026-06-11T12:12:52Z,DEV0079,PORT-DEV0079,ACC0036,ssh,explorer.exe,NONE,LOW,NORMAL,
EDR-00014,2026-06-09T18:15:44Z,DEV0042,PORT-DEV0042,ACC0054,vendor_agent,services.exe,NONE,LOW,NORMAL,
EDR-00015,2026-06-17T05:08:11Z,DEV0044,PORT-DEV0044,ACC0049,vendor_agent,explorer.exe,SOFTWARE_UPDATE,LOW,NORMAL,
EDR-00016,2026-06-06T10:39:22Z,DEV0016,PORT-DEV0016,ACC0021,plc_tool,yard_client,NONE,LOW,NORMAL,
EDR-00017,2026-06-02T05:03:06Z,DEV0080,PORT-DEV0080,ACC0039,plc_tool,yard_client,NONE,LOW,NORMAL,
EDR-00018,2026-06-19T07:56:00Z,DEV0002,PORT-DEV0002,ACC0034,powershell_sim,yard_client,UNUSUAL_PARENT_PROCESS,HIGH,SUSPICIOUS,
EDR-00019,2026-06-27T15:34:15Z,DEV0077,PORT-DEV0077,ACC0022,yard_client,vendor_agent,SERVICE_EVENT,LOW,NORMAL,
EDR-00020,2026-06-05T11:38:57Z,DEV0060,PORT-DEV0060,ACC0056,ssh,explorer.exe,SOFTWARE_UPDATE,LOW,NORMAL,
EDR-00021,2026-06-26T19:53:16Z,DEV0055,PORT-DEV0055,ACC0058,remote_admin_tool,yard_client,SOFTWARE_UPDATE,LOW,NORMAL,
EDR-00022,2026-06-08T18:01:28Z,DEV0041,PORT-DEV0041,ACC0031,browser,yard_client,NONE,LOW,NORMAL,
EDR-00023,2026-06-10T06:43:09Z,DEV0042,PORT-DEV0042,ACC0046,rdp,explorer.exe,LOGIN,LOW,NORMAL,
EDR-00024,2026-06-13T08:01:52Z,DEV0062,PORT-DEV0062,ACC0040,vendor_agent,services.exe,SERVICE_EVENT,LOW,NORMAL,
EDR-00025,2026-06-04T07:10:39Z,DEV0053,PORT-DEV0053,ACC0036,maintenance_client,yard_client,LOGIN,LOW,NORMAL,
EDR-00026,2026-06-30T01:24:30Z,DEV0076,PORT-DEV0076,ACC0032,rdp,services.exe,LOGIN,LOW,NORMAL,
EDR-00027,2026-06-01T03:39:20Z,DEV0089,PORT-DEV0089,ACC0001,plc_tool,services.exe,NONE,LOW,NORMAL,
EDR-00028,2026-06-27T13:55:55Z,DEV0029,PORT-DEV0029,ACC0052,rdp,services.exe,LOGIN,LOW,NORMAL,
EDR-00029,2026-06-25T08:18:23Z,DEV0088,PORT-DEV0088,ACC0007,vendor_agent,explorer.exe,SERVICE_EVENT,LOW,NORMAL,
EDR-00030,2026-06-18T00:09:39Z,DEV0031,PORT-DEV0031,ACC0056,powershell_sim,explorer.exe,NEW_REMOTE_TOOL,CRITICAL,SUSPICIOUS,
EDR-00031,2026-06-03T17:28:58Z,DEV0080,PORT-DEV0080,ACC0004,credential_helper_sim,explorer.exe,REMOTE_EXECUTION,HIGH,SUSPICIOUS,
EDR-00032,2026-06-26T18:53:39Z,DEV0012,PORT-DEV0012,ACC0057,vendor_agent,vendor_agent,SERVICE_EVENT,LOW,NORMAL,
EDR-00033,2026-06-11T21:45:28Z,DEV0044,PORT-DEV0044,ACC0011,rdp,yard_client,SOFTWARE_UPDATE,LOW,NORMAL,
EDR-00034,2026-06-11T22:51:20Z,DEV0095,PORT-DEV0095,ACC0038,ssh,services.exe,NONE,LOW,NORMAL,
EDR-00035,2026-06-03T22:24:01Z,DEV0047,PORT-DEV0047,ACC0043,remote_admin_tool,services.exe,SERVICE_EVENT,LOW,NORMAL,
EDR-00036,2026-06-09T19:20:35Z,DEV0029,PORT-DEV0029,ACC0044,plc_tool,vendor_agent,NONE,LOW,NORMAL,
EDR-00037,2026-06-25T22:56:46Z,DEV0032,PORT-DEV0032,ACC0001,yard_client,yard_client,NONE,LOW,NORMAL,
EDR-00038,2026-06-23T21:00:23Z,DEV0061,PORT-DEV0061,ACC0048,browser,yard_client,LOGIN,LOW,NORMAL,
EDR-00039,2026-06-03T12:40:55Z,DEV0093,PORT-DEV0093,ACC0022,maintenance_client,yard_client,NONE,LOW,NORMAL,
EDR-00040,2026-06-29T01:01:05Z,DEV0053,PORT-DEV0053,ACC0025,ssh,yard_client,NONE,LOW,NORMAL,
EDR-00041,2026-06-05T00:44:20Z,DEV0088,PORT-DEV0088,ACC0025,remote_admin_tool,services.exe,SERVICE_EVENT,LOW,NORMAL,
EDR-00042,2026-06-28T23:42:23Z,DEV0071,PORT-DEV0071,ACC0018,maintenance_client,yard_client,SOFTWARE_UPDATE,LOW,NORMAL,
EDR-00043,2026-06-01T07:58:18Z,DEV0013,PORT-DEV0013,ACC0037,maintenance_client,vendor_agent,NONE,LOW,NORMAL,
EDR-00044,2026-06-14T20:46:21Z,DEV0047,PORT-DEV0047,ACC0059,remote_admin_tool,explorer.exe,LOGIN,LOW,NORMAL,
EDR-00045,2026-06-26T21:01:09Z,DEV0036,PORT-DEV0036,ACC0016,remote_admin_tool,services.exe,SERVICE_EVENT,LOW,NORMAL,
EDR-00046,2026-06-06T16:15:52Z,DEV0090,PORT-DEV0090,ACC0008,powershell_sim,yard_client,NEW_REMOTE_TOOL,HIGH,SUSPICIOUS,
EDR-00047,2026-06-28T17:01:03Z,DEV0056,PORT-DEV0056,ACC0010,remote_admin_tool,vendor_agent,SOFTWARE_UPDATE,LOW,NORMAL,
EDR-00048,2026-06-22T03:56:24Z,DEV0083,PORT-DEV0083,ACC0050,browser,yard_client,SERVICE_EVENT,LOW,NORMAL,
EDR-00049,2026-06-17T18:59:29Z,DEV0026,PORT-DEV0026,ACC0021,plc_tool,yard_client,SOFTWARE_UPDATE,LOW,NORMAL,
EDR-00050,2026-06-22T05:33:34Z,DEV0075,PORT-DEV0075,ACC0016,rdp,yard_client,SERVICE_EVENT,LOW,NORMAL,
EDR-00051,2026-06-05T18:37:58Z,DEV0090,PORT-DEV0090,ACC0006,ssh,yard_client,NONE,LOW,NORMAL,
EDR-00052,2026-06-19T16:58:56Z,DEV0063,PORT-DEV0063,ACC0023,remote_admin_tool,explorer.exe,UNUSUAL_PARENT_PROCESS,CRITICAL,SUSPICIOUS,
EDR-00053,2026-06-05T22:49:00Z,DEV0099,PORT-DEV0099,ACC0032,remote_admin_tool,vendor_agent,NEW_REMOTE_TOOL,HIGH,SUSPICIOUS,INC-T21-001
EDR-00054,2026-06-29T16:42:56Z,DEV0010,PORT-DEV0010,ACC0040,vendor_agent,vendor_agent,NONE,LOW,NORMAL,
EDR-00055,2026-06-10T18:30:46Z,DEV0030,PORT-DEV0030,ACC0023,browser,explorer.exe,LOGIN,LOW,NORMAL,
EDR-00056,2026-06-14T23:21:21Z,DEV0090,PORT-DEV0090,ACC0029,rdp,yard_client,LOGIN,LOW,NORMAL,
EDR-00057,2026-06-07T22:45:57Z,DEV0047,PORT-DEV0047,ACC0002,vendor_agent,vendor_agent,SOFTWARE_UPDATE,LOW,NORMAL,
EDR-00058,2026-06-27T19:39:27Z,DEV0094,PORT-DEV0094,ACC0008,sensor_service,services.exe,SERVICE_EVENT,LOW,NORMAL,
EDR-00059,2026-06-12T14:59:10Z,DEV0055,PORT-DEV0055,ACC0048,ssh,yard_client,SOFTWARE_UPDATE,LOW,NORMAL,
EDR-00060,2026-06-04T04:03:30Z,DEV0024,PORT-DEV0024,ACC0023,maintenance_client,explorer.exe,LOGIN,LOW,NORMAL,
EDR-00061,2026-06-17T21:08:06Z,DEV0018,PORT-DEV0018,ACC0037,browser,yard_client,NONE,LOW,NORMAL,
EDR-00062,2026-06-20T17:19:31Z,DEV0063,PORT-DEV0063,ACC0043,remote_admin_tool,vendor_agent,LOGIN,LOW,NORMAL,
EDR-00063,2026-06-10T03:06:21Z,DEV0053,PORT-DEV0053,ACC0028,credential_helper_sim,yard_client,NEW_REMOTE_TOOL,HIGH,SUSPICIOUS,
EDR-00064,2026-06-08T02:31:20Z,DEV0017,PORT-DEV0017,ACC0037,plc_tool,explorer.exe,LOGIN,LOW,NORMAL,
EDR-00065,2026-06-13T23:11:32Z,DEV0001,PORT-DEV0001,ACC0048,browser,yard_client,LOGIN,LOW,NORMAL,
EDR-00066,2026-06-21T17:30:57Z,DEV0057,PORT-DEV0057,ACC0017,yard_client,explorer.exe,SERVICE_EVENT,LOW,NORMAL,
EDR-00067,2026-06-12T03:39:06Z,DEV0039,PORT-DEV0039,ACC0049,vendor_agent,vendor_agent,NONE,LOW,NORMAL,
EDR-00068,2026-06-22T17:40:25Z,DEV0068,PORT-DEV0068,ACC0020,remote_admin_tool,services.exe,REMOTE_EXECUTION,CRITICAL,SUSPICIOUS,
EDR-00069,2026-06-23T23:38:13Z,DEV0070,PORT-DEV0070,ACC0009,yard_client,vendor_agent,SERVICE_EVENT,LOW,NORMAL,
EDR-00070,2026-06-04T01:28:14Z,DEV0082,PORT-DEV0082,ACC0013,remote_admin_tool,vendor_agent,NONE,LOW,NORMAL,
EDR-00071,2026-06-09T23:40:10Z,DEV0085,PORT-DEV0085,ACC0037,rdp,services.exe,NONE,LOW,NORMAL,
EDR-00072,2026-06-05T22:44:00Z,DEV0099,PORT-DEV0099,ACC0052,plc_tool,services.exe,SUSPICIOUS_PROCESS,CRITICAL,SUSPICIOUS,INC-T21-001
EDR-00073,2026-06-07T18:10:29Z,DEV0022,PORT-DEV0022,ACC0037,ssh,yard_client,SERVICE_EVENT,LOW,NORMAL,
EDR-00074,2026-06-01T11:10:10Z,DEV0036,PORT-DEV0036,ACC0058,maintenance_client,vendor_agent,LOGIN,LOW,NORMAL,
EDR-00075,2026-06-21T21:59:38Z,DEV0046,PORT-DEV0046,ACC0026,powershell_sim,yard_client,UNUSUAL_PARENT_PROCESS,CRITICAL,SUSPICIOUS,
EDR-00076,2026-06-04T13:35:29Z,DEV0089,PORT-DEV0089,ACC0022,plc_tool,explorer.exe,LOGIN,LOW,NORMAL,
EDR-00077,2026-06-23T03:59:04Z,DEV0086,PORT-DEV0086,ACC0028,plc_tool,services.exe,NONE,LOW,NORMAL,
EDR-00078,2026-06-09T23:46:17Z,DEV0073,PORT-DEV0073,ACC0009,sensor_service,vendor_agent,NONE,LOW,NORMAL,
EDR-00079,2026-06-30T09:15:55Z,DEV0020,PORT-DEV0020,ACC0025,sensor_service,services.exe,NONE,LOW,NORMAL,
EDR-00080,2026-06-02T04:10:03Z,DEV0024,PORT-DEV0024,ACC0051,browser,vendor_agent,SOFTWARE_UPDATE,LOW,NORMAL,
EDR-00081,2026-06-21T01:49:55Z,DEV0039,PORT-DEV0039,ACC0041,ssh,services.exe,NONE,LOW,NORMAL,
EDR-00082,2026-06-04T18:12:41Z,DEV0097,PORT-DEV0097,ACC0054,remote_admin_tool,vendor_agent,NEW_REMOTE_TOOL,MEDIUM,SUSPICIOUS,
EDR-00083,2026-06-30T09:59:07Z,DEV0050,PORT-DEV0050,ACC0032,plc_tool,services.exe,SOFTWARE_UPDATE,LOW,NORMAL,
EDR-00084,2026-06-07T03:10:12Z,DEV0092,PORT-DEV0092,ACC0050,maintenance_client,explorer.exe,SOFTWARE_UPDATE,LOW,NORMAL,
EDR-00085,2026-06-13T23:27:48Z,DEV0056,PORT-DEV0056,ACC0030,rdp,yard_client,LOGIN,LOW,NORMAL,
EDR-00086,2026-06-13T20:20:28Z,DEV0067,PORT-DEV0067,ACC0055,ssh,services.exe,NONE,LOW,NORMAL,
EDR-00087,2026-06-25T13:19:50Z,DEV0001,PORT-DEV0001,ACC0029,plc_tool,explorer.exe,LOGIN,LOW,NORMAL,
EDR-00088,2026-06-02T01:31:50Z,DEV0011,PORT-DEV0011,ACC0019,sensor_service,vendor_agent,SERVICE_EVENT,LOW,NORMAL,
EDR-00089,2026-06-19T00:20:49Z,DEV0074,PORT-DEV0074,ACC0029,yard_client,services.exe,SOFTWARE_UPDATE,LOW,NORMAL,
EDR-00090,2026-06-18T04:41:09Z,DEV0067,PORT-DEV0067,ACC0035,ssh,yard_client,LOGIN,LOW,NORMAL,
EDR-00091,2026-06-24T01:29:54Z,DEV0057,PORT-DEV0057,ACC0009,vendor_agent,explorer.exe,SERVICE_EVENT,LOW,NORMAL,
EDR-00092,2026-06-22T10:54:44Z,DEV0052,PORT-DEV0052,ACC0030,sensor_service,services.exe,NONE,LOW,NORMAL,
EDR-00093,2026-06-16T19:00:00Z,DEV0067,PORT-DEV0067,ACC0022,remote_admin_tool,yard_client,UNUSUAL_PARENT_PROCESS,HIGH,SUSPICIOUS,
EDR-00094,2026-06-10T02:02:18Z,DEV0042,PORT-DEV0042,ACC0003,yard_client,yard_client,NONE,LOW,NORMAL,
EDR-00095,2026-06-15T04:17:00Z,DEV0068,PORT-DEV0068,ACC0049,yard_client,yard_client,SERVICE_EVENT,LOW,NORMAL,
EDR-00096,2026-06-17T14:27:50Z,DEV0020,PORT-DEV0020,ACC0023,rdp,yard_client,SERVICE_EVENT,LOW,NORMAL,
EDR-00097,2026-06-26T17:52:21Z,DEV0084,PORT-DEV0084,ACC0007,plc_tool,explorer.exe,LOGIN,LOW,NORMAL,
EDR-00098,2026-06-11T06:52:12Z,DEV0029,PORT-DEV0029,ACC0045,rdp,services.exe,SERVICE_EVENT,LOW,NORMAL,
EDR-00099,2026-06-26T01:47:44Z,DEV0039,PORT-DEV0039,ACC0048,plc_tool,services.exe,SOFTWARE_UPDATE,LOW,NORMAL,
EDR-00100,2026-06-09T14:39:06Z,DEV0079,PORT-DEV0079,ACC0020,remote_admin_tool,explorer.exe,SOFTWARE_UPDATE,LOW,NORMAL,
EDR-00101,2026-06-09T18:06:22Z,DEV0096,PORT-DEV0096,ACC0037,maintenance_client,vendor_agent,SOFTWARE_UPDATE,LOW,NORMAL,
EDR-00102,2026-06-20T10:33:44Z,DEV0020,PORT-DEV0020,ACC0015,remote_admin_tool,vendor_agent,SOFTWARE_UPDATE,LOW,NORMAL,
EDR-00103,2026-06-09T03:37:16Z,DEV0051,PORT-DEV0051,ACC0014,vendor_agent,explorer.exe,NONE,LOW,NORMAL,
EDR-00104,2026-06-04T18:33:08Z,DEV0054,PORT-DEV0054,ACC0057,vendor_agent,vendor_agent,NONE,LOW,NORMAL,
EDR-00105,2026-06-22T12:00:50Z,DEV0070,PORT-DEV0070,ACC0053,remote_admin_tool,services.exe,SOFTWARE_UPDATE,LOW,NORMAL,
EDR-00106,2026-06-04T10:27:32Z,DEV0086,PORT-DEV0086,ACC0017,maintenance_client,explorer.exe,LOGIN,LOW,NORMAL,
EDR-00107,2026-06-11T10:38:23Z,DEV0099,PORT-DEV0099,ACC0015,sensor_service,yard_client,SERVICE_EVENT,LOW,NORMAL,
EDR-00108,2026-06-30T14:24:50Z,DEV0086,PORT-DEV0086,ACC0025,browser,yard_client,NONE,LOW,NORMAL,
EDR-00109,2026-06-20T00:14:53Z,DEV0015,PORT-DEV0015,ACC0043,rdp,yard_client,NONE,LOW,NORMAL,
EDR-00110,2026-06-05T22:43:00Z,DEV0099,PORT-DEV0099,ACC0035,powershell_sim,vendor_agent,NEW_REMOTE_TOOL,HIGH,SUSPICIOUS,INC-T21-001
EDR-00111,2026-06-02T21:50:06Z,DEV0039,PORT-DEV0039,ACC0030,vendor_agent,services.exe,SERVICE_EVENT,LOW,NORMAL,
EDR-00112,2026-06-30T08:12:00Z,DEV0031,PORT-DEV0031,ACC0034,remote_admin_tool,vendor_agent,LOGIN,LOW,NORMAL,
EDR-00113,2026-06-17T20:43:22Z,DEV0062,PORT-DEV0062,ACC0048,sensor_service,yard_client,NONE,LOW,NORMAL,
EDR-00114,2026-06-12T01:18:08Z,DEV0008,PORT-DEV0008,ACC0025,remote_admin_tool,yard_client,SOFTWARE_UPDATE,LOW,NORMAL,
EDR-00115,2026-06-12T03:42:18Z,DEV0099,PORT-DEV0099,ACC0045,ssh,services.exe,LOGIN,LOW,NORMAL,
EDR-00116,2026-06-16T15:38:47Z,DEV0003,PORT-DEV0003,ACC0020,sensor_service,yard_client,LOGIN,LOW,NORMAL,
EDR-00117,2026-06-16T01:08:11Z,DEV0007,PORT-DEV0007,ACC0030,remote_admin_tool,services.exe,SOFTWARE_UPDATE,LOW,NORMAL,
EDR-00118,2026-06-05T20:55:32Z,DEV0094,PORT-DEV0094,ACC0040,plc_tool,explorer.exe,LOGIN,LOW,NORMAL,
EDR-00119,2026-06-22T01:53:05Z,DEV0015,PORT-DEV0015,ACC0018,rdp,vendor_agent,SERVICE_EVENT,LOW,NORMAL,
EDR-00120,2026-06-10T20:53:54Z,DEV0051,PORT-DEV0051,ACC0016,yard_client,services.exe,NONE,LOW,NORMAL,
EDR-00121,2026-06-04T02:19:26Z,DEV0064,PORT-DEV0064,ACC0012,remote_admin_tool,explorer.exe,SERVICE_EVENT,LOW,NORMAL,
EDR-00122,2026-06-08T01:10:14Z,DEV0092,PORT-DEV0092,ACC0039,rdp,services.exe,LOGIN,LOW,NORMAL,
EDR-00123,2026-06-08T05:16:03Z,DEV0045,PORT-DEV0045,ACC0010,ssh,vendor_agent,SERVICE_EVENT,LOW,NORMAL,
EDR-00124,2026-06-17T08:06:28Z,DEV0063,PORT-DEV0063,ACC0046,plc_tool,yard_client,SERVICE_EVENT,LOW,NORMAL,
EDR-00125,2026-06-13T00:00:32Z,DEV0049,PORT-DEV0049,ACC0041,remote_admin_tool,explorer.exe,NONE,LOW,NORMAL,
EDR-00126,2026-06-26T12:01:34Z,DEV0096,PORT-DEV0096,ACC0018,remote_admin_tool,vendor_agent,SERVICE_EVENT,LOW,NORMAL,
EDR-00127,2026-06-20T18:54:06Z,DEV0070,PORT-DEV0070,ACC0036,maintenance_client,vendor_agent,SERVICE_EVENT,LOW,NORMAL,
EDR-00128,2026-06-18T21:30:07Z,DEV0094,PORT-DEV0094,ACC0040,sensor_service,services.exe,SERVICE_EVENT,LOW,NORMAL,
EDR-00129,2026-06-12T15:50:13Z,DEV0099,PORT-DEV0099,ACC0041,maintenance_client,explorer.exe,SOFTWARE_UPDATE,LOW,NORMAL,
EDR-00130,2026-06-28T17:00:22Z,DEV0018,PORT-DEV0018,ACC0003,rdp,yard_client,NONE,LOW,NORMAL,
EDR-00131,2026-06-23T11:09:22Z,DEV0052,PORT-DEV0052,ACC0019,sensor_service,services.exe,SERVICE_EVENT,LOW,NORMAL,
EDR-00132,2026-06-30T09:07:07Z,DEV0090,PORT-DEV0090,ACC0053,ssh,explorer.exe,SERVICE_EVENT,LOW,NORMAL,
EDR-00133,2026-06-04T08:56:24Z,DEV0065,PORT-DEV0065,ACC0019,plc_tool,yard_client,NONE,LOW,NORMAL,
EDR-00134,2026-06-21T14:53:08Z,DEV0015,PORT-DEV0015,ACC0021,rdp,services.exe,LOGIN,LOW,NORMAL,
EDR-00135,2026-06-12T01:16:00Z,DEV0062,PORT-DEV0062,ACC0052,credential_helper_sim,explorer.exe,NEW_REMOTE_TOOL,HIGH,SUSPICIOUS,INC-T21-002
EDR-00136,2026-06-18T02:05:12Z,DEV0013,PORT-DEV0013,ACC0037,credential_helper_sim,yard_client,UNUSUAL_PARENT_PROCESS,HIGH,SUSPICIOUS,
EDR-00137,2026-06-24T02:00:04Z,DEV0084,PORT-DEV0084,ACC0036,plc_tool,yard_client,SOFTWARE_UPDATE,LOW,NORMAL,
EDR-00138,2026-06-07T04:08:33Z,DEV0055,PORT-DEV0055,ACC0009,browser,yard_client,LOGIN,LOW,NORMAL,
EDR-00139,2026-06-03T23:05:42Z,DEV0031,PORT-DEV0031,ACC0053,browser,yard_client,LOGIN,LOW,NORMAL,
EDR-00140,2026-06-26T15:21:19Z,DEV0051,PORT-DEV0051,ACC0027,browser,explorer.exe,NONE,LOW,NORMAL,
EDR-00141,2026-06-29T03:17:04Z,DEV0018,PORT-DEV0018,ACC0008,remote_admin_tool,vendor_agent,LOGIN,LOW,NORMAL,
EDR-00142,2026-06-26T20:51:19Z,DEV0042,PORT-DEV0042,ACC0021,vendor_agent,services.exe,SERVICE_EVENT,LOW,NORMAL,
EDR-00143,2026-06-29T10:08:19Z,DEV0005,PORT-DEV0005,ACC0030,plc_tool,yard_client,LOGIN,LOW,NORMAL,
EDR-00144,2026-06-24T13:14:21Z,DEV0043,PORT-DEV0043,ACC0034,maintenance_client,explorer.exe,SOFTWARE_UPDATE,LOW,NORMAL,
EDR-00145,2026-06-08T18:18:14Z,DEV0010,PORT-DEV0010,ACC0024,vendor_agent,services.exe,LOGIN,LOW,NORMAL,
EDR-00146,2026-06-13T23:09:19Z,DEV0009,PORT-DEV0009,ACC0044,maintenance_client,vendor_agent,SOFTWARE_UPDATE,LOW,NORMAL,
EDR-00147,2026-06-02T22:03:50Z,DEV0041,PORT-DEV0041,ACC0019,ssh,yard_client,SERVICE_EVENT,LOW,NORMAL,
EDR-00148,2026-06-21T23:28:12Z,DEV0066,PORT-DEV0066,ACC0020,sensor_service,yard_client,NONE,LOW,NORMAL,
EDR-00149,2026-06-27T17:58:33Z,DEV0050,PORT-DEV0050,ACC0039,remote_admin_tool,services.exe,LOGIN,LOW,NORMAL,
EDR-00150,2026-06-07T00:16:04Z,DEV0096,PORT-DEV0096,ACC0026,vendor_agent,services.exe,NONE,LOW,NORMAL,
EDR-00151,2026-06-27T01:23:53Z,DEV0023,PORT-DEV0023,ACC0022,remote_admin_tool,services.exe,LOGIN,LOW,NORMAL,
EDR-00152,2026-06-21T11:02:39Z,DEV0093,PORT-DEV0093,ACC0022,maintenance_client,yard_client,NONE,LOW,NORMAL,
EDR-00153,2026-06-02T12:05:30Z,DEV0012,PORT-DEV0012,ACC0036,sensor_service,services.exe,SERVICE_EVENT,LOW,NORMAL,
EDR-00154,2026-06-14T01:47:39Z,DEV0057,PORT-DEV0057,ACC0001,vendor_agent,yard_client,NONE,LOW,NORMAL,
EDR-00155,2026-06-12T01:28:00Z,DEV0062,PORT-DEV0062,ACC0029,powershell_sim,services.exe,UNUSUAL_PARENT_PROCESS,CRITICAL,SUSPICIOUS,INC-T21-002
EDR-00156,2026-06-23T04:18:28Z,DEV0054,PORT-DEV0054,ACC0036,ssh,explorer.exe,LOGIN,LOW,NORMAL,
EDR-00157,2026-06-27T10:30:21Z,DEV0050,PORT-DEV0050,ACC0031,ssh,yard_client,NONE,LOW,NORMAL,
EDR-00158,2026-06-10T20:35:50Z,DEV0038,PORT-DEV0038,ACC0005,plc_tool,yard_client,SOFTWARE_UPDATE,LOW,NORMAL,
EDR-00159,2026-06-27T10:44:15Z,DEV0037,PORT-DEV0037,ACC0015,remote_admin_tool,vendor_agent,SERVICE_EVENT,LOW,NORMAL,
EDR-00160,2026-06-06T06:38:13Z,DEV0086,PORT-DEV0086,ACC0038,rdp,yard_client,SOFTWARE_UPDATE,LOW,NORMAL,
EDR-00161,2026-06-16T09:32:17Z,DEV0031,PORT-DEV0031,ACC0051,rdp,explorer.exe,SOFTWARE_UPDATE,LOW,NORMAL,
EDR-00162,2026-06-30T23:54:07Z,DEV0038,PORT-DEV0038,ACC0054,plc_tool,explorer.exe,NONE,LOW,NORMAL,
EDR-00163,2026-06-30T04:30:20Z,DEV0070,PORT-DEV0070,ACC0059,remote_admin_tool,explorer.exe,SOFTWARE_UPDATE,LOW,NORMAL,
EDR-00164,2026-06-23T19:04:48Z,DEV0060,PORT-DEV0060,ACC0023,browser,vendor_agent,SOFTWARE_UPDATE,LOW,NORMAL,
EDR-00165,2026-06-10T01:27:59Z,DEV0018,PORT-DEV0018,ACC0036,browser,explorer.exe,SOFTWARE_UPDATE,LOW,NORMAL,
EDR-00166,2026-06-05T23:15:47Z,DEV0030,PORT-DEV0030,ACC0033,maintenance_client,yard_client,LOGIN,LOW,NORMAL,
EDR-00167,2026-06-18T21:12:22Z,DEV0078,PORT-DEV0078,ACC0030,sensor_service,services.exe,SOFTWARE_UPDATE,LOW,NORMAL,
EDR-00168,2026-06-23T10:30:52Z,DEV0023,PORT-DEV0023,ACC0036,ssh,explorer.exe,SOFTWARE_UPDATE,LOW,NORMAL,
EDR-00169,2026-06-09T11:39:39Z,DEV0094,PORT-DEV0094,ACC0023,rdp,services.exe,SOFTWARE_UPDATE,LOW,NORMAL,
EDR-00170,2026-06-20T12:55:13Z,DEV0065,PORT-DEV0065,ACC0032,plc_tool,services.exe,SOFTWARE_UPDATE,LOW,NORMAL,
EDR-00171,2026-06-19T06:02:40Z,DEV0082,PORT-DEV0082,ACC0018,ssh,explorer.exe,NONE,LOW,NORMAL,
EDR-00172,2026-06-09T20:25:23Z,DEV0018,PORT-DEV0018,ACC0035,sensor_service,vendor_agent,SERVICE_EVENT,LOW,NORMAL,
EDR-00173,2026-06-24T10:08:50Z,DEV0099,PORT-DEV0099,ACC0004,plc_tool,yard_client,LOGIN,LOW,NORMAL,
EDR-00174,2026-06-16T22:14:04Z,DEV0025,PORT-DEV0025,ACC0013,vendor_agent,yard_client,SERVICE_EVENT,LOW,NORMAL,
EDR-00175,2026-06-16T22:39:51Z,DEV0068,PORT-DEV0068,ACC0032,remote_admin_tool,yard_client,SERVICE_EVENT,LOW,NORMAL,
EDR-00176,2026-06-20T02:59:17Z,DEV0063,PORT-DEV0063,ACC0034,yard_client,yard_client,NONE,LOW,NORMAL,
EDR-00177,2026-06-25T14:32:07Z,DEV0068,PORT-DEV0068,ACC0046,maintenance_client,explorer.exe,NONE,LOW,NORMAL,
EDR-00178,2026-06-10T07:16:26Z,DEV0049,PORT-DEV0049,ACC0039,yard_client,services.exe,NONE,LOW,NORMAL,
EDR-00179,2026-06-24T11:25:39Z,DEV0032,PORT-DEV0032,ACC0020,ssh,yard_client,SERVICE_EVENT,LOW,NORMAL,
EDR-00180,2026-06-15T15:53:18Z,DEV0054,PORT-DEV0054,ACC0030,maintenance_client,explorer.exe,SOFTWARE_UPDATE,LOW,NORMAL,
EDR-00181,2026-06-12T20:32:28Z,DEV0003,PORT-DEV0003,ACC0007,browser,yard_client,LOGIN,LOW,NORMAL,
EDR-00182,2026-06-04T11:40:53Z,DEV0013,PORT-DEV0013,ACC0032,plc_tool,services.exe,SERVICE_EVENT,LOW,NORMAL,
EDR-00183,2026-06-19T00:18:05Z,DEV0053,PORT-DEV0053,ACC0008,sensor_service,yard_client,SOFTWARE_UPDATE,LOW,NORMAL,
EDR-00184,2026-06-16T13:49:17Z,DEV0095,PORT-DEV0095,ACC0054,rdp,explorer.exe,LOGIN,LOW,NORMAL,
EDR-00185,2026-06-26T03:00:00Z,DEV0079,PORT-DEV0079,ACC0036,remote_admin_tool,yard_client,SOFTWARE_UPDATE,LOW,NORMAL,
EDR-00186,2026-06-12T02:45:20Z,DEV0069,PORT-DEV0069,ACC0013,ssh,vendor_agent,SERVICE_EVENT,LOW,NORMAL,
EDR-00187,2026-06-08T02:41:51Z,DEV0091,PORT-DEV0091,ACC0049,rdp,vendor_agent,LOGIN,LOW,NORMAL,
EDR-00188,2026-06-10T01:30:44Z,DEV0074,PORT-DEV0074,ACC0024,remote_admin_tool,yard_client,NONE,LOW,NORMAL,
EDR-00189,2026-06-05T04:36:28Z,DEV0045,PORT-DEV0045,ACC0044,yard_client,explorer.exe,SERVICE_EVENT,LOW,NORMAL,
EDR-00190,2026-06-18T14:06:13Z,DEV0008,PORT-DEV0008,ACC0034,plc_tool,services.exe,SERVICE_EVENT,LOW,NORMAL,
EDR-00191,2026-06-17T18:31:33Z,DEV0049,PORT-DEV0049,ACC0006,yard_client,yard_client,SERVICE_EVENT,LOW,NORMAL,
EDR-00192,2026-06-16T22:15:19Z,DEV0030,PORT-DEV0030,ACC0033,sensor_service,services.exe,SERVICE_EVENT,LOW,NORMAL,
EDR-00193,2026-06-30T17:42:55Z,DEV0059,PORT-DEV0059,ACC0002,browser,services.exe,LOGIN,LOW,NORMAL,
EDR-00194,2026-06-24T08:09:35Z,DEV0033,PORT-DEV0033,ACC0052,yard_client,vendor_agent,NONE,LOW,NORMAL,
EDR-00195,2026-06-13T09:20:41Z,DEV0030,PORT-DEV0030,ACC0032,ssh,yard_client,SERVICE_EVENT,LOW,NORMAL,
EDR-00196,2026-06-20T15:53:58Z,DEV0077,PORT-DEV0077,ACC0055,vendor_agent,vendor_agent,SERVICE_EVENT,LOW,NORMAL,
EDR-00197,2026-06-02T21:45:25Z,DEV0032,PORT-DEV0032,ACC0002,rdp,yard_client,SERVICE_EVENT,LOW,NORMAL,
EDR-00198,2026-06-26T10:43:20Z,DEV0064,PORT-DEV0064,ACC0015,remote_admin_tool,explorer.exe,SERVICE_EVENT,LOW,NORMAL,
EDR-00199,2026-06-01T21:50:19Z,DEV0063,PORT-DEV0063,ACC0018,remote_admin_tool,yard_client,UNUSUAL_PARENT_PROCESS,CRITICAL,SUSPICIOUS,
EDR-00200,2026-06-02T17:08:33Z,DEV0002,PORT-DEV0002,ACC0041,vendor_agent,services.exe,NONE,LOW,NORMAL,
EDR-00201,2026-06-04T05:16:16Z,DEV0008,PORT-DEV0008,ACC0037,yard_client,services.exe,LOGIN,LOW,NORMAL,
EDR-00202,2026-06-18T04:08:26Z,DEV0050,PORT-DEV0050,ACC0017,remote_admin_tool,yard_client,SOFTWARE_UPDATE,LOW,NORMAL,
EDR-00203,2026-06-16T18:51:22Z,DEV0073,PORT-DEV0073,ACC0046,ssh,services.exe,SERVICE_EVENT,LOW,NORMAL,
EDR-00204,2026-06-24T19:42:00Z,DEV0076,PORT-DEV0076,ACC0026,plc_tool,yard_client,NEW_REMOTE_TOOL,HIGH,SUSPICIOUS,INC-T21-004
EDR-00205,2026-06-14T21:10:41Z,DEV0065,PORT-DEV0065,ACC0057,vendor_agent,services.exe,SOFTWARE_UPDATE,LOW,NORMAL,
EDR-00206,2026-06-09T17:22:46Z,DEV0069,PORT-DEV0069,ACC0060,browser,vendor_agent,NONE,LOW,NORMAL,
EDR-00207,2026-06-06T07:44:20Z,DEV0015,PORT-DEV0015,ACC0053,sensor_service,vendor_agent,SOFTWARE_UPDATE,LOW,NORMAL,
EDR-00208,2026-06-05T01:19:21Z,DEV0020,PORT-DEV0020,ACC0021,ssh,yard_client,LOGIN,LOW,NORMAL,
EDR-00209,2026-06-08T10:23:41Z,DEV0094,PORT-DEV0094,ACC0032,yard_client,vendor_agent,NONE,LOW,NORMAL,
EDR-00210,2026-06-08T22:39:43Z,DEV0028,PORT-DEV0028,ACC0005,rdp,vendor_agent,SOFTWARE_UPDATE,LOW,NORMAL,
EDR-00211,2026-06-08T09:17:18Z,DEV0095,PORT-DEV0095,ACC0005,browser,explorer.exe,SERVICE_EVENT,LOW,NORMAL,
EDR-00212,2026-06-10T06:30:20Z,DEV0014,PORT-DEV0014,ACC0058,browser,vendor_agent,SOFTWARE_UPDATE,LOW,NORMAL,
EDR-00213,2026-06-04T15:32:38Z,DEV0028,PORT-DEV0028,ACC0038,maintenance_client,services.exe,NONE,LOW,NORMAL,
EDR-00214,2026-06-27T00:18:13Z,DEV0061,PORT-DEV0061,ACC0045,sensor_service,vendor_agent,SOFTWARE_UPDATE,LOW,NORMAL,
EDR-00215,2026-06-09T06:15:00Z,DEV0041,PORT-DEV0041,ACC0002,plc_tool,services.exe,LOGIN,LOW,NORMAL,
EDR-00216,2026-06-03T03:30:26Z,DEV0013,PORT-DEV0013,ACC0058,browser,explorer.exe,SOFTWARE_UPDATE,LOW,NORMAL,
EDR-00217,2026-06-12T17:17:59Z,DEV0056,PORT-DEV0056,ACC0010,browser,explorer.exe,SOFTWARE_UPDATE,LOW,NORMAL,
EDR-00218,2026-06-17T11:53:17Z,DEV0062,PORT-DEV0062,ACC0008,remote_admin_tool,explorer.exe,SOFTWARE_UPDATE,LOW,NORMAL,
EDR-00219,2026-06-18T00:54:23Z,DEV0098,PORT-DEV0098,ACC0022,maintenance_client,yard_client,LOGIN,LOW,NORMAL,
EDR-00220,2026-06-24T09:53:10Z,DEV0080,PORT-DEV0080,ACC0035,remote_admin_tool,explorer.exe,NONE,LOW,NORMAL,
EDR-00221,2026-06-20T03:53:44Z,DEV0098,PORT-DEV0098,ACC0016,rdp,vendor_agent,LOGIN,LOW,NORMAL,
EDR-00222,2026-06-06T23:28:29Z,DEV0021,PORT-DEV0021,ACC0022,rdp,vendor_agent,NONE,LOW,NORMAL,
EDR-00223,2026-06-18T04:58:55Z,DEV0037,PORT-DEV0037,ACC0033,browser,vendor_agent,LOGIN,LOW,NORMAL,
EDR-00224,2026-06-01T01:39:47Z,DEV0056,PORT-DEV0056,ACC0051,yard_client,yard_client,SOFTWARE_UPDATE,LOW,NORMAL,
EDR-00225,2026-06-23T22:07:54Z,DEV0088,PORT-DEV0088,ACC0003,yard_client,services.exe,SERVICE_EVENT,LOW,NORMAL,
EDR-00226,2026-06-20T00:33:25Z,DEV0039,PORT-DEV0039,ACC0033,ssh,explorer.exe,NONE,LOW,NORMAL,
EDR-00227,2026-06-04T17:53:30Z,DEV0039,PORT-DEV0039,ACC0024,remote_admin_tool,services.exe,SOFTWARE_UPDATE,LOW,NORMAL,
EDR-00228,2026-06-04T15:57:09Z,DEV0016,PORT-DEV0016,ACC0053,vendor_agent,vendor_agent,NONE,LOW,NORMAL,
EDR-00229,2026-06-18T08:26:11Z,DEV0018,PORT-DEV0018,ACC0014,maintenance_client,yard_client,SOFTWARE_UPDATE,LOW,NORMAL,
EDR-00230,2026-06-16T18:59:17Z,DEV0032,PORT-DEV0032,ACC0031,vendor_agent,vendor_agent,LOGIN,LOW,NORMAL,
EDR-00231,2026-06-16T16:25:44Z,DEV0084,PORT-DEV0084,ACC0051,maintenance_client,explorer.exe,SOFTWARE_UPDATE,LOW,NORMAL,
EDR-00232,2026-06-21T04:17:03Z,DEV0074,PORT-DEV0074,ACC0018,vendor_agent,services.exe,SOFTWARE_UPDATE,LOW,NORMAL,
EDR-00233,2026-06-05T06:20:02Z,DEV0039,PORT-DEV0039,ACC0053,yard_client,explorer.exe,LOGIN,LOW,NORMAL,
EDR-00234,2026-06-15T09:54:57Z,DEV0064,PORT-DEV0064,ACC0049,browser,services.exe,NONE,LOW,NORMAL,
EDR-00235,2026-06-24T19:37:00Z,DEV0076,PORT-DEV0076,ACC0006,plc_tool,yard_client,SUSPICIOUS_PROCESS,HIGH,SUSPICIOUS,INC-T21-004
EDR-00236,2026-06-18T18:43:56Z,DEV0078,PORT-DEV0078,ACC0048,rdp,explorer.exe,NONE,LOW,NORMAL,
EDR-00237,2026-06-16T20:08:27Z,DEV0079,PORT-DEV0079,ACC0040,remote_admin_tool,services.exe,NONE,LOW,NORMAL,
EDR-00238,2026-06-21T09:46:11Z,DEV0009,PORT-DEV0009,ACC0012,browser,services.exe,NONE,LOW,NORMAL,
EDR-00239,2026-06-15T00:01:36Z,DEV0039,PORT-DEV0039,ACC0015,vendor_agent,vendor_agent,LOGIN,LOW,NORMAL,
EDR-00240,2026-06-14T16:26:17Z,DEV0080,PORT-DEV0080,ACC0002,ssh,services.exe,LOGIN,LOW,NORMAL,
EDR-00241,2026-06-05T11:40:40Z,DEV0076,PORT-DEV0076,ACC0016,ssh,yard_client,SERVICE_EVENT,LOW,NORMAL,
EDR-00242,2026-06-28T00:01:51Z,DEV0040,PORT-DEV0040,ACC0040,rdp,services.exe,SERVICE_EVENT,LOW,NORMAL,
EDR-00243,2026-06-12T01:16:00Z,DEV0062,PORT-DEV0062,ACC0020,powershell_sim,vendor_agent,UNUSUAL_PARENT_PROCESS,MEDIUM,SUSPICIOUS,INC-T21-002
EDR-00244,2026-06-04T11:30:18Z,DEV0059,PORT-DEV0059,ACC0034,maintenance_client,vendor_agent,NONE,LOW,NORMAL,
EDR-00245,2026-06-09T17:22:01Z,DEV0002,PORT-DEV0002,ACC0007,yard_client,vendor_agent,NONE,LOW,NORMAL,
EDR-00246,2026-06-02T03:38:43Z,DEV0069,PORT-DEV0069,ACC0016,rdp,explorer.exe,LOGIN,LOW,NORMAL,
EDR-00247,2026-06-03T16:33:39Z,DEV0062,PORT-DEV0062,ACC0025,remote_admin_tool,yard_client,SOFTWARE_UPDATE,LOW,NORMAL,
EDR-00248,2026-06-23T17:07:29Z,DEV0029,PORT-DEV0029,ACC0041,vendor_agent,yard_client,SERVICE_EVENT,LOW,NORMAL,
EDR-00249,2026-06-29T13:52:10Z,DEV0077,PORT-DEV0077,ACC0035,sensor_service,yard_client,SOFTWARE_UPDATE,LOW,NORMAL,
EDR-00250,2026-06-21T09:58:27Z,DEV0034,PORT-DEV0034,ACC0035,remote_admin_tool,services.exe,LOGIN,LOW,NORMAL,
EDR-00251,2026-06-03T04:37:22Z,DEV0080,PORT-DEV0080,ACC0055,rdp,explorer.exe,SOFTWARE_UPDATE,LOW,NORMAL,
EDR-00252,2026-06-17T04:49:01Z,DEV0100,PORT-DEV0100,ACC0022,yard_client,yard_client,LOGIN,LOW,NORMAL,
EDR-00253,2026-06-15T01:02:33Z,DEV0058,PORT-DEV0058,ACC0005,browser,explorer.exe,SERVICE_EVENT,LOW,NORMAL,
EDR-00254,2026-06-20T04:47:41Z,DEV0003,PORT-DEV0003,ACC0058,plc_tool,services.exe,SOFTWARE_UPDATE,LOW,NORMAL,
EDR-00255,2026-06-17T14:43:37Z,DEV0059,PORT-DEV0059,ACC0027,plc_tool,yard_client,NONE,LOW,NORMAL,
EDR-00256,2026-06-07T07:13:42Z,DEV0078,PORT-DEV0078,ACC0006,sensor_service,services.exe,NONE,LOW,NORMAL,
EDR-00257,2026-06-20T06:48:08Z,DEV0031,PORT-DEV0031,ACC0055,remote_admin_tool,vendor_agent,SERVICE_EVENT,LOW,NORMAL,
EDR-00258,2026-06-13T04:13:51Z,DEV0099,PORT-DEV0099,ACC0005,rdp,vendor_agent,SOFTWARE_UPDATE,LOW,NORMAL,
EDR-00259,2026-06-24T07:06:04Z,DEV0019,PORT-DEV0019,ACC0011,rdp,yard_client,LOGIN,LOW,NORMAL,
EDR-00260,2026-06-13T03:55:09Z,DEV0056,PORT-DEV0056,ACC0014,ssh,vendor_agent,SERVICE_EVENT,LOW,NORMAL,
EDR-00261,2026-06-22T23:41:33Z,DEV0029,PORT-DEV0029,ACC0020,maintenance_client,vendor_agent,LOGIN,LOW,NORMAL,
EDR-00262,2026-06-03T01:54:48Z,DEV0085,PORT-DEV0085,ACC0028,browser,vendor_agent,LOGIN,LOW,NORMAL,
EDR-00263,2026-06-14T07:10:20Z,DEV0093,PORT-DEV0093,ACC0060,remote_admin_tool,explorer.exe,LOGIN,LOW,NORMAL,
EDR-00264,2026-06-22T13:56:36Z,DEV0059,PORT-DEV0059,ACC0021,vendor_agent,vendor_agent,LOGIN,LOW,NORMAL,
EDR-00265,2026-06-29T20:41:11Z,DEV0008,PORT-DEV0008,ACC0039,plc_tool,explorer.exe,SERVICE_EVENT,LOW,NORMAL,
EDR-00266,2026-06-04T15:37:38Z,DEV0067,PORT-DEV0067,ACC0021,vendor_agent,vendor_agent,SERVICE_EVENT,LOW,NORMAL,
EDR-00267,2026-06-06T06:12:43Z,DEV0020,PORT-DEV0020,ACC0040,browser,explorer.exe,SOFTWARE_UPDATE,LOW,NORMAL,
EDR-00268,2026-06-17T08:53:11Z,DEV0028,PORT-DEV0028,ACC0052,ssh,explorer.exe,SOFTWARE_UPDATE,LOW,NORMAL,
EDR-00269,2026-06-15T18:43:19Z,DEV0054,PORT-DEV0054,ACC0024,ssh,explorer.exe,LOGIN,LOW,NORMAL,
EDR-00270,2026-06-30T23:14:26Z,DEV0046,PORT-DEV0046,ACC0015,vendor_agent,yard_client,NONE,LOW,NORMAL,
EDR-00271,2026-06-12T03:29:40Z,DEV0092,PORT-DEV0092,ACC0041,yard_client,services.exe,LOGIN,LOW,NORMAL,
EDR-00272,2026-06-10T19:57:53Z,DEV0062,PORT-DEV0062,ACC0057,rdp,services.exe,LOGIN,LOW,NORMAL,
EDR-00273,2026-06-20T21:44:24Z,DEV0006,PORT-DEV0006,ACC0010,browser,vendor_agent,SOFTWARE_UPDATE,LOW,NORMAL,
EDR-00274,2026-06-13T09:07:32Z,DEV0081,PORT-DEV0081,ACC0039,browser,vendor_agent,NONE,LOW,NORMAL,
EDR-00275,2026-06-14T01:37:21Z,DEV0052,PORT-DEV0052,ACC0022,browser,vendor_agent,NONE,LOW,NORMAL,
EDR-00276,2026-06-16T14:40:54Z,DEV0100,PORT-DEV0100,ACC0050,browser,vendor_agent,SERVICE_EVENT,LOW,NORMAL,
EDR-00277,2026-06-02T04:26:56Z,DEV0063,PORT-DEV0063,ACC0048,sensor_service,yard_client,NONE,LOW,NORMAL,
EDR-00278,2026-06-12T01:30:00Z,DEV0062,PORT-DEV0062,ACC0011,credential_helper_sim,yard_client,SUSPICIOUS_PROCESS,CRITICAL,SUSPICIOUS,INC-T21-002
EDR-00279,2026-06-14T18:10:41Z,DEV0043,PORT-DEV0043,ACC0041,maintenance_client,yard_client,LOGIN,LOW,NORMAL,
EDR-00280,2026-06-05T22:47:00Z,DEV0099,PORT-DEV0099,ACC0030,remote_admin_tool,explorer.exe,SUSPICIOUS_PROCESS,CRITICAL,SUSPICIOUS,INC-T21-001
EDR-00281,2026-06-10T21:14:08Z,DEV0046,PORT-DEV0046,ACC0033,sensor_service,explorer.exe,SOFTWARE_UPDATE,LOW,NORMAL,
EDR-00282,2026-06-02T06:34:30Z,DEV0038,PORT-DEV0038,ACC0037,remote_admin_tool,yard_client,LOGIN,LOW,NORMAL,
EDR-00283,2026-06-18T23:12:00Z,DEV0087,PORT-DEV0087,ACC0048,powershell_sim,services.exe,REMOTE_EXECUTION,MEDIUM,SUSPICIOUS,INC-T21-003
EDR-00284,2026-06-26T22:22:02Z,DEV0045,PORT-DEV0045,ACC0025,remote_admin_tool,services.exe,NONE,LOW,NORMAL,
EDR-00285,2026-06-19T17:46:42Z,DEV0049,PORT-DEV0049,ACC0038,plc_tool,services.exe,NONE,LOW,NORMAL,
EDR-00286,2026-06-19T11:42:41Z,DEV0003,PORT-DEV0003,ACC0017,yard_client,vendor_agent,LOGIN,LOW,NORMAL,
EDR-00287,2026-06-05T20:07:37Z,DEV0071,PORT-DEV0071,ACC0009,sensor_service,yard_client,NONE,LOW,NORMAL,
EDR-00288,2026-06-19T21:25:53Z,DEV0026,PORT-DEV0026,ACC0033,plc_tool,vendor_agent,SOFTWARE_UPDATE,LOW,NORMAL,
EDR-00289,2026-06-13T20:14:51Z,DEV0096,PORT-DEV0096,ACC0051,yard_client,explorer.exe,SERVICE_EVENT,LOW,NORMAL,
EDR-00290,2026-06-04T03:58:12Z,DEV0010,PORT-DEV0010,ACC0014,plc_tool,explorer.exe,NONE,LOW,NORMAL,
EDR-00291,2026-06-24T19:31:00Z,DEV0076,PORT-DEV0076,ACC0057,plc_tool,yard_client,NEW_REMOTE_TOOL,CRITICAL,SUSPICIOUS,INC-T21-004
EDR-00292,2026-06-24T14:08:28Z,DEV0049,PORT-DEV0049,ACC0009,rdp,yard_client,NONE,LOW,NORMAL,
EDR-00293,2026-06-15T09:48:11Z,DEV0024,PORT-DEV0024,ACC0030,plc_tool,services.exe,SERVICE_EVENT,LOW,NORMAL,
EDR-00294,2026-06-29T13:53:48Z,DEV0060,PORT-DEV0060,ACC0014,remote_admin_tool,vendor_agent,LOGIN,LOW,NORMAL,
EDR-00295,2026-06-19T01:32:54Z,DEV0097,PORT-DEV0097,ACC0045,ssh,services.exe,SERVICE_EVENT,LOW,NORMAL,
EDR-00296,2026-06-27T11:03:19Z,DEV0080,PORT-DEV0080,ACC0055,ssh,explorer.exe,NONE,LOW,NORMAL,
EDR-00297,2026-06-06T21:18:34Z,DEV0039,PORT-DEV0039,ACC0020,plc_tool,vendor_agent,SUSPICIOUS_PROCESS,HIGH,SUSPICIOUS,
EDR-00298,2026-06-07T05:24:22Z,DEV0069,PORT-DEV0069,ACC0008,plc_tool,services.exe,SOFTWARE_UPDATE,LOW,NORMAL,
EDR-00299,2026-06-18T02:12:42Z,DEV0089,PORT-DEV0089,ACC0056,ssh,vendor_agent,NONE,LOW,NORMAL,
EDR-00300,2026-06-18T05:58:10Z,DEV0031,PORT-DEV0031,ACC0037,rdp,vendor_agent,LOGIN,LOW,NORMAL,
EDR-00301,2026-06-13T01:07:03Z,DEV0073,PORT-DEV0073,ACC0018,maintenance_client,yard_client,LOGIN,LOW,NORMAL,
EDR-00302,2026-06-15T17:23:59Z,DEV0006,PORT-DEV0006,ACC0003,plc_tool,vendor_agent,SERVICE_EVENT,LOW,NORMAL,
EDR-00303,2026-06-25T18:20:59Z,DEV0091,PORT-DEV0091,ACC0002,vendor_agent,vendor_agent,SERVICE_EVENT,LOW,NORMAL,
EDR-00304,2026-06-03T17:43:34Z,DEV0062,PORT-DEV0062,ACC0019,vendor_agent,services.exe,NONE,LOW,NORMAL,
EDR-00305,2026-06-22T22:10:15Z,DEV0093,PORT-DEV0093,ACC0045,yard_client,yard_client,SOFTWARE_UPDATE,LOW,NORMAL,
EDR-00306,2026-06-04T17:45:34Z,DEV0004,PORT-DEV0004,ACC0008,sensor_service,vendor_agent,SOFTWARE_UPDATE,LOW,NORMAL,
EDR-00307,2026-06-20T00:35:24Z,DEV0098,PORT-DEV0098,ACC0021,rdp,yard_client,SOFTWARE_UPDATE,LOW,NORMAL,
EDR-00308,2026-06-17T04:53:21Z,DEV0067,PORT-DEV0067,ACC0005,ssh,explorer.exe,LOGIN,LOW,NORMAL,
EDR-00309,2026-06-25T17:27:53Z,DEV0029,PORT-DEV0029,ACC0008,vendor_agent,explorer.exe,LOGIN,LOW,NORMAL,
EDR-00310,2026-06-30T08:46:53Z,DEV0095,PORT-DEV0095,ACC0057,remote_admin_tool,yard_client,SERVICE_EVENT,LOW,NORMAL,
EDR-00311,2026-06-01T02:53:52Z,DEV0007,PORT-DEV0007,ACC0054,maintenance_client,explorer.exe,SERVICE_EVENT,LOW,NORMAL,
EDR-00312,2026-06-12T01:27:00Z,DEV0062,PORT-DEV0062,ACC0056,powershell_sim,vendor_agent,REMOTE_EXECUTION,HIGH,SUSPICIOUS,INC-T21-002
EDR-00313,2026-06-16T10:37:15Z,DEV0069,PORT-DEV0069,ACC0055,credential_helper_sim,services.exe,UNUSUAL_PARENT_PROCESS,MEDIUM,SUSPICIOUS,
EDR-00314,2026-06-16T03:36:09Z,DEV0020,PORT-DEV0020,ACC0017,plc_tool,vendor_agent,SOFTWARE_UPDATE,LOW,NORMAL,
EDR-00315,2026-06-06T13:47:58Z,DEV0007,PORT-DEV0007,ACC0051,browser,explorer.exe,SOFTWARE_UPDATE,LOW,NORMAL,
EDR-00316,2026-06-03T15:58:34Z,DEV0029,PORT-DEV0029,ACC0051,yard_client,explorer.exe,SOFTWARE_UPDATE,LOW,NORMAL,
EDR-00317,2026-06-23T19:22:32Z,DEV0046,PORT-DEV0046,ACC0035,sensor_service,explorer.exe,LOGIN,LOW,NORMAL,
EDR-00318,2026-06-25T10:25:22Z,DEV0074,PORT-DEV0074,ACC0010,yard_client,services.exe,LOGIN,LOW,NORMAL,
EDR-00319,2026-06-26T12:29:24Z,DEV0096,PORT-DEV0096,ACC0006,plc_tool,vendor_agent,NONE,LOW,NORMAL,
EDR-00320,2026-06-25T04:27:44Z,DEV0021,PORT-DEV0021,ACC0016,powershell_sim,vendor_agent,UNUSUAL_PARENT_PROCESS,MEDIUM,SUSPICIOUS,
EDR-00321,2026-06-07T18:14:23Z,DEV0086,PORT-DEV0086,ACC0033,vendor_agent,vendor_agent,SOFTWARE_UPDATE,LOW,NORMAL,
EDR-00322,2026-06-08T14:12:28Z,DEV0023,PORT-DEV0023,ACC0031,browser,services.exe,LOGIN,LOW,NORMAL,
EDR-00323,2026-06-01T00:55:48Z,DEV0017,PORT-DEV0017,ACC0032,yard_client,explorer.exe,SERVICE_EVENT,LOW,NORMAL,
EDR-00324,2026-06-26T06:02:31Z,DEV0051,PORT-DEV0051,ACC0032,credential_helper_sim,explorer.exe,NEW_REMOTE_TOOL,HIGH,SUSPICIOUS,
EDR-00325,2026-06-15T06:04:45Z,DEV0011,PORT-DEV0011,ACC0024,yard_client,explorer.exe,SOFTWARE_UPDATE,LOW,NORMAL,
EDR-00326,2026-06-03T23:00:02Z,DEV0063,PORT-DEV0063,ACC0040,rdp,explorer.exe,SERVICE_EVENT,LOW,NORMAL,
EDR-00327,2026-06-15T21:29:48Z,DEV0040,PORT-DEV0040,ACC0036,maintenance_client,yard_client,SOFTWARE_UPDATE,LOW,NORMAL,
EDR-00328,2026-06-15T16:10:28Z,DEV0017,PORT-DEV0017,ACC0022,browser,services.exe,NONE,LOW,NORMAL,
EDR-00329,2026-06-11T14:16:57Z,DEV0092,PORT-DEV0092,ACC0030,rdp,explorer.exe,SERVICE_EVENT,LOW,NORMAL,
EDR-00330,2026-06-22T16:38:18Z,DEV0037,PORT-DEV0037,ACC0052,remote_admin_tool,explorer.exe,SERVICE_EVENT,LOW,NORMAL,
EDR-00331,2026-06-21T19:30:59Z,DEV0098,PORT-DEV0098,ACC0037,yard_client,vendor_agent,NONE,LOW,NORMAL,
EDR-00332,2026-06-22T22:43:21Z,DEV0100,PORT-DEV0100,ACC0006,rdp,vendor_agent,SERVICE_EVENT,LOW,NORMAL,
EDR-00333,2026-06-17T16:43:32Z,DEV0051,PORT-DEV0051,ACC0029,vendor_agent,yard_client,NONE,LOW,NORMAL,
EDR-00334,2026-06-15T06:43:24Z,DEV0038,PORT-DEV0038,ACC0048,plc_tool,services.exe,SOFTWARE_UPDATE,LOW,NORMAL,
EDR-00335,2026-06-13T23:08:26Z,DEV0087,PORT-DEV0087,ACC0058,remote_admin_tool,yard_client,NONE,LOW,NORMAL,
EDR-00336,2026-06-09T03:21:00Z,DEV0066,PORT-DEV0066,ACC0027,maintenance_client,explorer.exe,SERVICE_EVENT,LOW,NORMAL,
EDR-00337,2026-06-09T19:32:19Z,DEV0003,PORT-DEV0003,ACC0027,rdp,services.exe,SERVICE_EVENT,LOW,NORMAL,
EDR-00338,2026-06-07T16:32:54Z,DEV0003,PORT-DEV0003,ACC0037,plc_tool,services.exe,SOFTWARE_UPDATE,LOW,NORMAL,
EDR-00339,2026-06-02T21:39:06Z,DEV0075,PORT-DEV0075,ACC0026,browser,vendor_agent,SERVICE_EVENT,LOW,NORMAL,
EDR-00340,2026-06-10T13:50:24Z,DEV0089,PORT-DEV0089,ACC0016,plc_tool,yard_client,LOGIN,LOW,NORMAL,
EDR-00341,2026-06-30T09:14:01Z,DEV0019,PORT-DEV0019,ACC0001,yard_client,yard_client,SERVICE_EVENT,LOW,NORMAL,
EDR-00342,2026-06-02T13:46:09Z,DEV0070,PORT-DEV0070,ACC0060,remote_admin_tool,yard_client,SOFTWARE_UPDATE,LOW,NORMAL,
EDR-00343,2026-06-05T17:51:06Z,DEV0010,PORT-DEV0010,ACC0048,vendor_agent,vendor_agent,SERVICE_EVENT,LOW,NORMAL,
EDR-00344,2026-06-24T19:19:12Z,DEV0094,PORT-DEV0094,ACC0016,rdp,vendor_agent,LOGIN,LOW,NORMAL,
EDR-00345,2026-06-09T08:08:58Z,DEV0021,PORT-DEV0021,ACC0053,browser,services.exe,SOFTWARE_UPDATE,LOW,NORMAL,
EDR-00346,2026-06-30T19:33:44Z,DEV0078,PORT-DEV0078,ACC0021,vendor_agent,vendor_agent,LOGIN,LOW,NORMAL,
EDR-00347,2026-06-27T21:22:11Z,DEV0010,PORT-DEV0010,ACC0026,yard_client,vendor_agent,SERVICE_EVENT,LOW,NORMAL,
EDR-00348,2026-06-02T04:27:37Z,DEV0002,PORT-DEV0002,ACC0043,rdp,explorer.exe,SERVICE_EVENT,LOW,NORMAL,
EDR-00349,2026-06-09T13:20:39Z,DEV0024,PORT-DEV0024,ACC0027,rdp,vendor_agent,SOFTWARE_UPDATE,LOW,NORMAL,
EDR-00350,2026-06-05T09:48:47Z,DEV0032,PORT-DEV0032,ACC0054,maintenance_client,yard_client,LOGIN,LOW,NORMAL,
EDR-00351,2026-06-24T13:56:37Z,DEV0061,PORT-DEV0061,ACC0023,maintenance_client,services.exe,SERVICE_EVENT,LOW,NORMAL,
EDR-00352,2026-06-28T22:12:23Z,DEV0042,PORT-DEV0042,ACC0035,plc_tool,explorer.exe,SOFTWARE_UPDATE,LOW,NORMAL,
EDR-00353,2026-06-23T08:14:24Z,DEV0041,PORT-DEV0041,ACC0033,rdp,explorer.exe,SERVICE_EVENT,LOW,NORMAL,
EDR-00354,2026-06-09T20:51:56Z,DEV0014,PORT-DEV0014,ACC0046,remote_admin_tool,services.exe,LOGIN,LOW,NORMAL,
EDR-00355,2026-06-10T05:04:22Z,DEV0005,PORT-DEV0005,ACC0005,yard_client,explorer.exe,SERVICE_EVENT,LOW,NORMAL,
EDR-00356,2026-06-07T20:07:54Z,DEV0062,PORT-DEV0062,ACC0023,vendor_agent,yard_client,SERVICE_EVENT,LOW,NORMAL,
EDR-00357,2026-06-27T15:17:53Z,DEV0055,PORT-DEV0055,ACC0059,rdp,explorer.exe,SOFTWARE_UPDATE,LOW,NORMAL,
EDR-00358,2026-06-24T20:00:27Z,DEV0032,PORT-DEV0032,ACC0047,rdp,yard_client,SOFTWARE_UPDATE,LOW,NORMAL,
EDR-00359,2026-06-18T10:44:22Z,DEV0069,PORT-DEV0069,ACC0035,sensor_service,yard_client,LOGIN,LOW,NORMAL,
EDR-00360,2026-06-10T07:33:07Z,DEV0016,PORT-DEV0016,ACC0004,remote_admin_tool,services.exe,SOFTWARE_UPDATE,LOW,NORMAL,
EDR-00361,2026-06-16T23:46:22Z,DEV0085,PORT-DEV0085,ACC0058,rdp,yard_client,LOGIN,LOW,NORMAL,
EDR-00362,2026-06-26T03:54:35Z,DEV0033,PORT-DEV0033,ACC0005,sensor_service,services.exe,NONE,LOW,NORMAL,
EDR-00363,2026-06-04T07:20:04Z,DEV0003,PORT-DEV0003,ACC0024,vendor_agent,yard_client,SOFTWARE_UPDATE,LOW,NORMAL,
EDR-00364,2026-06-16T20:10:42Z,DEV0097,PORT-DEV0097,ACC0054,plc_tool,services.exe,NONE,LOW,NORMAL,
EDR-00365,2026-06-30T02:16:19Z,DEV0074,PORT-DEV0074,ACC0048,ssh,services.exe,SERVICE_EVENT,LOW,NORMAL,
EDR-00366,2026-06-09T12:49:19Z,DEV0047,PORT-DEV0047,ACC0023,rdp,yard_client,SERVICE_EVENT,LOW,NORMAL,
EDR-00367,2026-06-16T01:28:07Z,DEV0003,PORT-DEV0003,ACC0015,maintenance_client,explorer.exe,LOGIN,LOW,NORMAL,
EDR-00368,2026-06-02T17:45:53Z,DEV0003,PORT-DEV0003,ACC0047,yard_client,explorer.exe,SERVICE_EVENT,LOW,NORMAL,
EDR-00369,2026-06-14T06:07:45Z,DEV0007,PORT-DEV0007,ACC0043,ssh,yard_client,SERVICE_EVENT,LOW,NORMAL,
EDR-00370,2026-06-22T05:18:42Z,DEV0087,PORT-DEV0087,ACC0043,sensor_service,services.exe,LOGIN,LOW,NORMAL,
EDR-00371,2026-06-19T15:08:15Z,DEV0069,PORT-DEV0069,ACC0057,browser,vendor_agent,NONE,LOW,NORMAL,
EDR-00372,2026-06-02T23:15:05Z,DEV0088,PORT-DEV0088,ACC0040,plc_tool,explorer.exe,SOFTWARE_UPDATE,LOW,NORMAL,
EDR-00373,2026-06-14T22:39:17Z,DEV0035,PORT-DEV0035,ACC0028,ssh,yard_client,SERVICE_EVENT,LOW,NORMAL,
EDR-00374,2026-06-24T01:41:06Z,DEV0009,PORT-DEV0009,ACC0043,sensor_service,vendor_agent,LOGIN,LOW,NORMAL,
EDR-00375,2026-06-17T04:19:58Z,DEV0083,PORT-DEV0083,ACC0028,browser,vendor_agent,LOGIN,LOW,NORMAL,
EDR-00376,2026-06-29T01:48:58Z,DEV0044,PORT-DEV0044,ACC0046,ssh,explorer.exe,SOFTWARE_UPDATE,LOW,NORMAL,
EDR-00377,2026-06-22T10:58:13Z,DEV0053,PORT-DEV0053,ACC0057,yard_client,explorer.exe,NONE,LOW,NORMAL,
EDR-00378,2026-06-27T09:29:15Z,DEV0025,PORT-DEV0025,ACC0051,plc_tool,vendor_agent,LOGIN,LOW,NORMAL,
EDR-00379,2026-06-23T03:08:41Z,DEV0097,PORT-DEV0097,ACC0050,yard_client,vendor_agent,LOGIN,LOW,NORMAL,
EDR-00380,2026-06-20T09:26:42Z,DEV0083,PORT-DEV0083,ACC0059,sensor_service,vendor_agent,NONE,LOW,NORMAL,
EDR-00381,2026-06-10T23:51:53Z,DEV0086,PORT-DEV0086,ACC0049,browser,explorer.exe,LOGIN,LOW,NORMAL,
EDR-00382,2026-06-06T07:34:47Z,DEV0018,PORT-DEV0018,ACC0058,plc_tool,vendor_agent,NONE,LOW,NORMAL,
EDR-00383,2026-06-15T13:14:53Z,DEV0045,PORT-DEV0045,ACC0054,plc_tool,yard_client,SOFTWARE_UPDATE,LOW,NORMAL,
EDR-00384,2026-06-21T16:13:50Z,DEV0064,PORT-DEV0064,ACC0018,yard_client,yard_client,SERVICE_EVENT,LOW,NORMAL,
EDR-00385,2026-06-28T23:38:49Z,DEV0029,PORT-DEV0029,ACC0017,rdp,yard_client,NONE,LOW,NORMAL,
EDR-00386,2026-06-17T02:19:48Z,DEV0016,PORT-DEV0016,ACC0055,maintenance_client,vendor_agent,SOFTWARE_UPDATE,LOW,NORMAL,
EDR-00387,2026-06-20T13:26:45Z,DEV0077,PORT-DEV0077,ACC0036,vendor_agent,services.exe,NONE,LOW,NORMAL,
EDR-00388,2026-06-27T05:27:54Z,DEV0070,PORT-DEV0070,ACC0014,browser,explorer.exe,NONE,LOW,NORMAL,
EDR-00389,2026-06-26T20:03:48Z,DEV0077,PORT-DEV0077,ACC0030,browser,vendor_agent,SOFTWARE_UPDATE,LOW,NORMAL,
EDR-00390,2026-06-06T01:22:19Z,DEV0055,PORT-DEV0055,ACC0048,yard_client,vendor_agent,NONE,LOW,NORMAL,
EDR-00391,2026-06-06T12:34:52Z,DEV0070,PORT-DEV0070,ACC0016,maintenance_client,vendor_agent,SOFTWARE_UPDATE,LOW,NORMAL,
EDR-00392,2026-06-30T19:55:03Z,DEV0099,PORT-DEV0099,ACC0007,browser,services.exe,SOFTWARE_UPDATE,LOW,NORMAL,
EDR-00393,2026-06-26T02:32:31Z,DEV0056,PORT-DEV0056,ACC0016,yard_client,services.exe,SERVICE_EVENT,LOW,NORMAL,
EDR-00394,2026-06-26T13:52:16Z,DEV0057,PORT-DEV0057,ACC0039,ssh,vendor_agent,SOFTWARE_UPDATE,LOW,NORMAL,
EDR-00395,2026-06-17T01:58:30Z,DEV0089,PORT-DEV0089,ACC0002,sensor_service,explorer.exe,NONE,LOW,NORMAL,
EDR-00396,2026-06-25T14:14:41Z,DEV0097,PORT-DEV0097,ACC0052,browser,explorer.exe,NONE,LOW,NORMAL,
EDR-00397,2026-06-13T09:06:20Z,DEV0047,PORT-DEV0047,ACC0054,remote_admin_tool,vendor_agent,SOFTWARE_UPDATE,LOW,NORMAL,
EDR-00398,2026-06-22T21:26:16Z,DEV0038,PORT-DEV0038,ACC0049,plc_tool,explorer.exe,SUSPICIOUS_PROCESS,HIGH,SUSPICIOUS,
EDR-00399,2026-06-30T14:34:29Z,DEV0047,PORT-DEV0047,ACC0048,rdp,vendor_agent,NONE,LOW,NORMAL,
EDR-00400,2026-06-12T01:29:00Z,DEV0062,PORT-DEV0062,ACC0060,powershell_sim,yard_client,NEW_REMOTE_TOOL,HIGH,SUSPICIOUS,INC-T21-002
EDR-00401,2026-06-16T19:30:34Z,DEV0070,PORT-DEV0070,ACC0055,rdp,explorer.exe,SOFTWARE_UPDATE,LOW,NORMAL,
EDR-00402,2026-06-15T11:28:57Z,DEV0006,PORT-DEV0006,ACC0018,browser,vendor_agent,SERVICE_EVENT,LOW,NORMAL,
EDR-00403,2026-06-14T15:13:06Z,DEV0046,PORT-DEV0046,ACC0032,rdp,vendor_agent,SOFTWARE_UPDATE,LOW,NORMAL,
EDR-00404,2026-06-02T09:15:54Z,DEV0038,PORT-DEV0038,ACC0001,ssh,explorer.exe,NONE,LOW,NORMAL,
EDR-00405,2026-06-18T13:20:56Z,DEV0018,PORT-DEV0018,ACC0003,sensor_service,yard_client,NONE,LOW,NORMAL,
EDR-00406,2026-06-12T08:18:34Z,DEV0039,PORT-DEV0039,ACC0018,vendor_agent,services.exe,NONE,LOW,NORMAL,
EDR-00407,2026-06-14T18:06:05Z,DEV0095,PORT-DEV0095,ACC0020,maintenance_client,vendor_agent,SERVICE_EVENT,LOW,NORMAL,
EDR-00408,2026-06-30T23:10:57Z,DEV0038,PORT-DEV0038,ACC0012,yard_client,services.exe,SERVICE_EVENT,LOW,NORMAL,
EDR-00409,2026-06-25T17:07:44Z,DEV0043,PORT-DEV0043,ACC0011,maintenance_client,vendor_agent,SERVICE_EVENT,LOW,NORMAL,
EDR-00410,2026-06-14T20:15:48Z,DEV0051,PORT-DEV0051,ACC0044,maintenance_client,explorer.exe,SERVICE_EVENT,LOW,NORMAL,
EDR-00411,2026-06-12T19:38:38Z,DEV0072,PORT-DEV0072,ACC0025,sensor_service,explorer.exe,SERVICE_EVENT,LOW,NORMAL,
EDR-00412,2026-06-28T08:22:38Z,DEV0007,PORT-DEV0007,ACC0059,ssh,explorer.exe,SOFTWARE_UPDATE,LOW,NORMAL,
EDR-00413,2026-06-11T06:10:18Z,DEV0046,PORT-DEV0046,ACC0006,yard_client,vendor_agent,SOFTWARE_UPDATE,LOW,NORMAL,
EDR-00414,2026-06-21T08:50:12Z,DEV0021,PORT-DEV0021,ACC0031,vendor_agent,vendor_agent,LOGIN,LOW,NORMAL,
EDR-00415,2026-06-12T17:00:24Z,DEV0025,PORT-DEV0025,ACC0012,browser,vendor_agent,SOFTWARE_UPDATE,LOW,NORMAL,
EDR-00416,2026-06-20T22:28:32Z,DEV0066,PORT-DEV0066,ACC0008,ssh,yard_client,SERVICE_EVENT,LOW,NORMAL,
EDR-00417,2026-06-12T20:25:27Z,DEV0040,PORT-DEV0040,ACC0034,sensor_service,explorer.exe,NONE,LOW,NORMAL,
EDR-00418,2026-06-12T18:54:57Z,DEV0014,PORT-DEV0014,ACC0017,yard_client,services.exe,SOFTWARE_UPDATE,LOW,NORMAL,
EDR-00419,2026-06-14T05:38:45Z,DEV0023,PORT-DEV0023,ACC0038,remote_admin_tool,services.exe,SOFTWARE_UPDATE,LOW,NORMAL,
EDR-00420,2026-06-10T18:20:00Z,DEV0013,PORT-DEV0013,ACC0017,rdp,services.exe,SOFTWARE_UPDATE,LOW,NORMAL,
EDR-00421,2026-06-19T22:01:49Z,DEV0088,PORT-DEV0088,ACC0040,remote_admin_tool,vendor_agent,LOGIN,LOW,NORMAL,
EDR-00422,2026-06-17T18:33:32Z,DEV0039,PORT-DEV0039,ACC0041,sensor_service,explorer.exe,LOGIN,LOW,NORMAL,
EDR-00423,2026-06-27T02:38:58Z,DEV0059,PORT-DEV0059,ACC0035,sensor_service,explorer.exe,SOFTWARE_UPDATE,LOW,NORMAL,
EDR-00424,2026-06-08T12:02:00Z,DEV0060,PORT-DEV0060,ACC0057,vendor_agent,explorer.exe,SERVICE_EVENT,LOW,NORMAL,
EDR-00425,2026-06-06T00:15:47Z,DEV0004,PORT-DEV0004,ACC0022,vendor_agent,explorer.exe,SOFTWARE_UPDATE,LOW,NORMAL,
EDR-00426,2026-06-16T10:58:25Z,DEV0070,PORT-DEV0070,ACC0026,yard_client,yard_client,SERVICE_EVENT,LOW,NORMAL,
EDR-00427,2026-06-20T14:17:47Z,DEV0020,PORT-DEV0020,ACC0009,rdp,explorer.exe,LOGIN,LOW,NORMAL,
EDR-00428,2026-06-23T17:16:54Z,DEV0074,PORT-DEV0074,ACC0049,ssh,yard_client,SOFTWARE_UPDATE,LOW,NORMAL,
EDR-00429,2026-06-06T05:38:40Z,DEV0019,PORT-DEV0019,ACC0048,vendor_agent,services.exe,NONE,LOW,NORMAL,
EDR-00430,2026-06-30T11:56:05Z,DEV0065,PORT-DEV0065,ACC0020,plc_tool,vendor_agent,SOFTWARE_UPDATE,LOW,NORMAL,
EDR-00431,2026-06-23T01:09:17Z,DEV0022,PORT-DEV0022,ACC0037,powershell_sim,yard_client,UNUSUAL_PARENT_PROCESS,MEDIUM,SUSPICIOUS,
EDR-00432,2026-06-25T14:26:03Z,DEV0073,PORT-DEV0073,ACC0024,rdp,yard_client,SOFTWARE_UPDATE,LOW,NORMAL,
EDR-00433,2026-06-15T22:44:34Z,DEV0053,PORT-DEV0053,ACC0001,rdp,vendor_agent,SOFTWARE_UPDATE,LOW,NORMAL,
EDR-00434,2026-06-09T04:33:04Z,DEV0024,PORT-DEV0024,ACC0041,vendor_agent,explorer.exe,SOFTWARE_UPDATE,LOW,NORMAL,
EDR-00435,2026-06-10T21:33:49Z,DEV0024,PORT-DEV0024,ACC0002,ssh,vendor_agent,SERVICE_EVENT,LOW,NORMAL,
EDR-00436,2026-06-05T22:48:00Z,DEV0099,PORT-DEV0099,ACC0029,credential_helper_sim,yard_client,UNUSUAL_PARENT_PROCESS,MEDIUM,SUSPICIOUS,INC-T21-001
EDR-00437,2026-06-18T21:25:52Z,DEV0034,PORT-DEV0034,ACC0008,remote_admin_tool,explorer.exe,NONE,LOW,NORMAL,
EDR-00438,2026-06-21T09:58:38Z,DEV0071,PORT-DEV0071,ACC0004,ssh,vendor_agent,SERVICE_EVENT,LOW,NORMAL,
EDR-00439,2026-06-05T10:58:34Z,DEV0031,PORT-DEV0031,ACC0043,sensor_service,vendor_agent,SOFTWARE_UPDATE,LOW,NORMAL,
EDR-00440,2026-06-09T12:13:26Z,DEV0019,PORT-DEV0019,ACC0009,rdp,vendor_agent,LOGIN,LOW,NORMAL,
EDR-00441,2026-06-05T11:43:39Z,DEV0069,PORT-DEV0069,ACC0028,rdp,vendor_agent,SOFTWARE_UPDATE,LOW,NORMAL,
EDR-00442,2026-06-25T15:06:38Z,DEV0031,PORT-DEV0031,ACC0023,plc_tool,yard_client,UNUSUAL_PARENT_PROCESS,CRITICAL,SUSPICIOUS,
EDR-00443,2026-06-03T13:38:35Z,DEV0081,PORT-DEV0081,ACC0010,remote_admin_tool,explorer.exe,SERVICE_EVENT,LOW,NORMAL,
EDR-00444,2026-06-05T10:46:43Z,DEV0090,PORT-DEV0090,ACC0050,rdp,services.exe,SOFTWARE_UPDATE,LOW,NORMAL,
EDR-00445,2026-06-20T13:33:07Z,DEV0022,PORT-DEV0022,ACC0031,maintenance_client,services.exe,SERVICE_EVENT,LOW,NORMAL,
EDR-00446,2026-06-29T10:45:55Z,DEV0046,PORT-DEV0046,ACC0037,plc_tool,yard_client,SERVICE_EVENT,LOW,NORMAL,
EDR-00447,2026-06-24T06:28:40Z,DEV0083,PORT-DEV0083,ACC0003,ssh,explorer.exe,SOFTWARE_UPDATE,LOW,NORMAL,
EDR-00448,2026-06-19T05:04:40Z,DEV0070,PORT-DEV0070,ACC0013,sensor_service,yard_client,SERVICE_EVENT,LOW,NORMAL,
EDR-00449,2026-06-03T17:11:58Z,DEV0085,PORT-DEV0085,ACC0013,rdp,yard_client,SOFTWARE_UPDATE,LOW,NORMAL,
EDR-00450,2026-06-14T04:53:26Z,DEV0051,PORT-DEV0051,ACC0008,ssh,yard_client,LOGIN,LOW,NORMAL,
EDR-00451,2026-06-23T15:01:40Z,DEV0054,PORT-DEV0054,ACC0019,maintenance_client,services.exe,SERVICE_EVENT,LOW,NORMAL,
EDR-00452,2026-06-16T01:25:18Z,DEV0033,PORT-DEV0033,ACC0024,yard_client,yard_client,SOFTWARE_UPDATE,LOW,NORMAL,
EDR-00453,2026-06-12T10:46:14Z,DEV0012,PORT-DEV0012,ACC0014,ssh,services.exe,NONE,LOW,NORMAL,
EDR-00454,2026-06-13T07:58:48Z,DEV0055,PORT-DEV0055,ACC0023,ssh,services.exe,SOFTWARE_UPDATE,LOW,NORMAL,
EDR-00455,2026-06-18T17:31:18Z,DEV0077,PORT-DEV0077,ACC0038,yard_client,vendor_agent,LOGIN,LOW,NORMAL,
EDR-00456,2026-06-25T20:09:13Z,DEV0070,PORT-DEV0070,ACC0038,sensor_service,yard_client,SOFTWARE_UPDATE,LOW,NORMAL,
EDR-00457,2026-06-28T16:34:44Z,DEV0032,PORT-DEV0032,ACC0038,browser,services.exe,SOFTWARE_UPDATE,LOW,NORMAL,
EDR-00458,2026-06-17T11:04:48Z,DEV0066,PORT-DEV0066,ACC0048,maintenance_client,vendor_agent,SOFTWARE_UPDATE,LOW,NORMAL,
EDR-00459,2026-06-09T15:15:05Z,DEV0012,PORT-DEV0012,ACC0006,rdp,explorer.exe,SOFTWARE_UPDATE,LOW,NORMAL,
EDR-00460,2026-06-23T07:08:04Z,DEV0041,PORT-DEV0041,ACC0052,plc_tool,yard_client,SOFTWARE_UPDATE,LOW,NORMAL,
EDR-00461,2026-06-11T07:54:02Z,DEV0080,PORT-DEV0080,ACC0052,ssh,services.exe,SOFTWARE_UPDATE,LOW,NORMAL,
EDR-00462,2026-06-13T17:13:32Z,DEV0033,PORT-DEV0033,ACC0047,browser,vendor_agent,SOFTWARE_UPDATE,LOW,NORMAL,
EDR-00463,2026-06-29T04:42:30Z,DEV0027,PORT-DEV0027,ACC0003,maintenance_client,explorer.exe,SOFTWARE_UPDATE,LOW,NORMAL,
EDR-00464,2026-06-25T18:49:48Z,DEV0071,PORT-DEV0071,ACC0031,plc_tool,services.exe,NONE,LOW,NORMAL,
EDR-00465,2026-06-09T01:14:05Z,DEV0014,PORT-DEV0014,ACC0011,remote_admin_tool,yard_client,LOGIN,LOW,NORMAL,
EDR-00466,2026-06-11T19:48:41Z,DEV0071,PORT-DEV0071,ACC0002,plc_tool,yard_client,NONE,LOW,NORMAL,
EDR-00467,2026-06-27T21:37:44Z,DEV0099,PORT-DEV0099,ACC0005,sensor_service,vendor_agent,NONE,LOW,NORMAL,
EDR-00468,2026-06-14T16:24:59Z,DEV0019,PORT-DEV0019,ACC0038,plc_tool,explorer.exe,SOFTWARE_UPDATE,LOW,NORMAL,
EDR-00469,2026-06-03T13:36:11Z,DEV0092,PORT-DEV0092,ACC0048,ssh,services.exe,SERVICE_EVENT,LOW,NORMAL,
EDR-00470,2026-06-11T18:45:17Z,DEV0089,PORT-DEV0089,ACC0010,browser,services.exe,SERVICE_EVENT,LOW,NORMAL,
EDR-00471,2026-06-13T13:10:46Z,DEV0098,PORT-DEV0098,ACC0017,yard_client,vendor_agent,SERVICE_EVENT,LOW,NORMAL,
EDR-00472,2026-06-19T04:07:08Z,DEV0072,PORT-DEV0072,ACC0028,browser,services.exe,LOGIN,LOW,NORMAL,
EDR-00473,2026-06-23T12:40:31Z,DEV0029,PORT-DEV0029,ACC0058,remote_admin_tool,explorer.exe,UNUSUAL_PARENT_PROCESS,CRITICAL,SUSPICIOUS,
EDR-00474,2026-06-27T23:14:35Z,DEV0035,PORT-DEV0035,ACC0052,browser,yard_client,SERVICE_EVENT,LOW,NORMAL,
EDR-00475,2026-06-25T14:39:03Z,DEV0065,PORT-DEV0065,ACC0016,browser,services.exe,SERVICE_EVENT,LOW,NORMAL,
EDR-00476,2026-06-02T14:58:27Z,DEV0035,PORT-DEV0035,ACC0033,browser,vendor_agent,LOGIN,LOW,NORMAL,
EDR-00477,2026-06-22T21:08:40Z,DEV0094,PORT-DEV0094,ACC0046,sensor_service,yard_client,SERVICE_EVENT,LOW,NORMAL,
EDR-00478,2026-06-03T08:03:48Z,DEV0041,PORT-DEV0041,ACC0053,sensor_service,yard_client,SOFTWARE_UPDATE,LOW,NORMAL,
EDR-00479,2026-06-08T07:54:10Z,DEV0055,PORT-DEV0055,ACC0004,browser,services.exe,SERVICE_EVENT,LOW,NORMAL,
EDR-00480,2026-06-23T14:58:15Z,DEV0004,PORT-DEV0004,ACC0014,remote_admin_tool,vendor_agent,LOGIN,LOW,NORMAL,
EDR-00481,2026-06-11T01:11:54Z,DEV0012,PORT-DEV0012,ACC0016,vendor_agent,yard_client,SERVICE_EVENT,LOW,NORMAL,
EDR-00482,2026-06-12T09:27:54Z,DEV0056,PORT-DEV0056,ACC0026,remote_admin_tool,yard_client,UNUSUAL_PARENT_PROCESS,MEDIUM,SUSPICIOUS,
EDR-00483,2026-06-11T00:04:18Z,DEV0014,PORT-DEV0014,ACC0048,remote_admin_tool,vendor_agent,SERVICE_EVENT,LOW,NORMAL,
EDR-00484,2026-06-28T08:50:36Z,DEV0063,PORT-DEV0063,ACC0053,yard_client,yard_client,SOFTWARE_UPDATE,LOW,NORMAL,
EDR-00485,2026-06-24T22:04:45Z,DEV0096,PORT-DEV0096,ACC0003,vendor_agent,vendor_agent,SERVICE_EVENT,LOW,NORMAL,
EDR-00486,2026-06-05T09:57:33Z,DEV0012,PORT-DEV0012,ACC0018,rdp,explorer.exe,NONE,LOW,NORMAL,
EDR-00487,2026-06-23T14:37:21Z,DEV0047,PORT-DEV0047,ACC0044,browser,services.exe,LOGIN,LOW,NORMAL,
EDR-00488,2026-06-17T13:07:39Z,DEV0092,PORT-DEV0092,ACC0058,sensor_service,vendor_agent,NONE,LOW,NORMAL,
EDR-00489,2026-06-25T12:24:21Z,DEV0031,PORT-DEV0031,ACC0037,remote_admin_tool,explorer.exe,SOFTWARE_UPDATE,LOW,NORMAL,
EDR-00490,2026-06-05T12:43:33Z,DEV0100,PORT-DEV0100,ACC0009,remote_admin_tool,yard_client,SOFTWARE_UPDATE,LOW,NORMAL,
EDR-00491,2026-06-30T09:43:07Z,DEV0060,PORT-DEV0060,ACC0006,rdp,services.exe,SOFTWARE_UPDATE,LOW,NORMAL,
EDR-00492,2026-06-15T05:32:28Z,DEV0060,PORT-DEV0060,ACC0023,plc_tool,services.exe,SERVICE_EVENT,LOW,NORMAL,
EDR-00493,2026-06-06T20:57:55Z,DEV0061,PORT-DEV0061,ACC0015,remote_admin_tool,services.exe,LOGIN,LOW,NORMAL,
EDR-00494,2026-06-14T07:40:29Z,DEV0007,PORT-DEV0007,ACC0044,browser,vendor_agent,SERVICE_EVENT,LOW,NORMAL,
EDR-00495,2026-06-05T00:00:47Z,DEV0049,PORT-DEV0049,ACC0001,browser,services.exe,NONE,LOW,NORMAL,
EDR-00496,2026-06-09T11:10:30Z,DEV0075,PORT-DEV0075,ACC0044,yard_client,vendor_agent,SERVICE_EVENT,LOW,NORMAL,
EDR-00497,2026-06-08T14:11:01Z,DEV0069,PORT-DEV0069,ACC0020,ssh,explorer.exe,SOFTWARE_UPDATE,LOW,NORMAL,
EDR-00498,2026-06-18T23:13:00Z,DEV0087,PORT-DEV0087,ACC0017,powershell_sim,services.exe,REMOTE_EXECUTION,HIGH,SUSPICIOUS,INC-T21-003
EDR-00499,2026-06-29T17:52:18Z,DEV0029,PORT-DEV0029,ACC0011,browser,yard_client,LOGIN,LOW,NORMAL,
EDR-00500,2026-06-07T03:53:40Z,DEV0062,PORT-DEV0062,ACC0012,vendor_agent,explorer.exe,SOFTWARE_UPDATE,LOW,NORMAL,
EDR-00501,2026-06-09T12:30:54Z,DEV0073,PORT-DEV0073,ACC0040,yard_client,explorer.exe,NONE,LOW,NORMAL,
EDR-00502,2026-06-07T03:15:39Z,DEV0060,PORT-DEV0060,ACC0023,remote_admin_tool,yard_client,UNUSUAL_PARENT_PROCESS,HIGH,SUSPICIOUS,
EDR-00503,2026-06-05T23:55:26Z,DEV0098,PORT-DEV0098,ACC0009,plc_tool,yard_client,LOGIN,LOW,NORMAL,
EDR-00504,2026-06-15T21:13:00Z,DEV0006,PORT-DEV0006,ACC0007,sensor_service,services.exe,NONE,LOW,NORMAL,
EDR-00505,2026-06-08T21:37:18Z,DEV0072,PORT-DEV0072,ACC0034,yard_client,services.exe,LOGIN,LOW,NORMAL,
EDR-00506,2026-06-03T07:04:30Z,DEV0088,PORT-DEV0088,ACC0018,yard_client,vendor_agent,LOGIN,LOW,NORMAL,
EDR-00507,2026-06-24T19:13:04Z,DEV0037,PORT-DEV0037,ACC0012,rdp,services.exe,NONE,LOW,NORMAL,
EDR-00508,2026-06-29T14:19:34Z,DEV0029,PORT-DEV0029,ACC0057,remote_admin_tool,services.exe,REMOTE_EXECUTION,CRITICAL,SUSPICIOUS,
EDR-00509,2026-06-26T09:58:16Z,DEV0054,PORT-DEV0054,ACC0038,plc_tool,explorer.exe,NONE,LOW,NORMAL,
EDR-00510,2026-06-16T08:17:42Z,DEV0040,PORT-DEV0040,ACC0039,vendor_agent,yard_client,SERVICE_EVENT,LOW,NORMAL,
EDR-00511,2026-06-07T03:29:06Z,DEV0081,PORT-DEV0081,ACC0025,remote_admin_tool,services.exe,SOFTWARE_UPDATE,LOW,NORMAL,
EDR-00512,2026-06-18T23:07:00Z,DEV0087,PORT-DEV0087,ACC0052,plc_tool,vendor_agent,NEW_REMOTE_TOOL,HIGH,SUSPICIOUS,INC-T21-003
EDR-00513,2026-06-14T13:37:29Z,DEV0056,PORT-DEV0056,ACC0055,ssh,explorer.exe,LOGIN,LOW,NORMAL,
EDR-00514,2026-06-05T09:00:51Z,DEV0092,PORT-DEV0092,ACC0043,plc_tool,vendor_agent,NONE,LOW,NORMAL,
EDR-00515,2026-06-07T16:45:19Z,DEV0088,PORT-DEV0088,ACC0021,yard_client,services.exe,SOFTWARE_UPDATE,LOW,NORMAL,
EDR-00516,2026-06-25T00:45:20Z,DEV0094,PORT-DEV0094,ACC0053,vendor_agent,vendor_agent,SERVICE_EVENT,LOW,NORMAL,
EDR-00517,2026-06-27T17:03:27Z,DEV0004,PORT-DEV0004,ACC0001,maintenance_client,vendor_agent,SOFTWARE_UPDATE,LOW,NORMAL,
EDR-00518,2026-06-02T21:52:20Z,DEV0030,PORT-DEV0030,ACC0004,yard_client,vendor_agent,NONE,LOW,NORMAL,
EDR-00519,2026-06-28T12:45:32Z,DEV0006,PORT-DEV0006,ACC0014,yard_client,services.exe,SOFTWARE_UPDATE,LOW,NORMAL,
EDR-00520,2026-06-02T04:11:39Z,DEV0010,PORT-DEV0010,ACC0021,rdp,yard_client,SOFTWARE_UPDATE,LOW,NORMAL,
EDR-00521,2026-06-17T21:13:44Z,DEV0001,PORT-DEV0001,ACC0045,sensor_service,vendor_agent,NONE,LOW,NORMAL,
EDR-00522,2026-06-22T11:42:38Z,DEV0052,PORT-DEV0052,ACC0015,browser,explorer.exe,NONE,LOW,NORMAL,
EDR-00523,2026-06-14T13:49:39Z,DEV0036,PORT-DEV0036,ACC0042,rdp,explorer.exe,LOGIN,LOW,NORMAL,
EDR-00524,2026-06-12T15:26:20Z,DEV0080,PORT-DEV0080,ACC0012,vendor_agent,explorer.exe,SOFTWARE_UPDATE,LOW,NORMAL,
EDR-00525,2026-06-11T00:50:43Z,DEV0053,PORT-DEV0053,ACC0055,ssh,services.exe,LOGIN,LOW,NORMAL,
EDR-00526,2026-06-18T06:58:45Z,DEV0059,PORT-DEV0059,ACC0043,remote_admin_tool,vendor_agent,NONE,LOW,NORMAL,
EDR-00527,2026-06-13T09:38:30Z,DEV0064,PORT-DEV0064,ACC0060,browser,vendor_agent,SOFTWARE_UPDATE,LOW,NORMAL,
EDR-00528,2026-06-18T23:15:00Z,DEV0087,PORT-DEV0087,ACC0017,remote_admin_tool,explorer.exe,NEW_REMOTE_TOOL,CRITICAL,SUSPICIOUS,INC-T21-003
EDR-00529,2026-06-06T05:04:48Z,DEV0032,PORT-DEV0032,ACC0050,yard_client,yard_client,NONE,LOW,NORMAL,
EDR-00530,2026-06-08T04:56:40Z,DEV0087,PORT-DEV0087,ACC0056,remote_admin_tool,vendor_agent,LOGIN,LOW,NORMAL,
EDR-00531,2026-06-21T01:02:56Z,DEV0028,PORT-DEV0028,ACC0042,yard_client,yard_client,LOGIN,LOW,NORMAL,
EDR-00532,2026-06-15T03:18:16Z,DEV0095,PORT-DEV0095,ACC0030,rdp,yard_client,LOGIN,LOW,NORMAL,
EDR-00533,2026-06-08T15:00:38Z,DEV0031,PORT-DEV0031,ACC0036,plc_tool,yard_client,SERVICE_EVENT,LOW,NORMAL,
EDR-00534,2026-06-15T12:12:10Z,DEV0077,PORT-DEV0077,ACC0034,maintenance_client,vendor_agent,SERVICE_EVENT,LOW,NORMAL,
EDR-00535,2026-06-16T20:58:36Z,DEV0082,PORT-DEV0082,ACC0031,ssh,yard_client,SOFTWARE_UPDATE,LOW,NORMAL,
EDR-00536,2026-06-21T08:07:16Z,DEV0054,PORT-DEV0054,ACC0003,sensor_service,explorer.exe,SOFTWARE_UPDATE,LOW,NORMAL,
EDR-00537,2026-06-09T02:07:22Z,DEV0050,PORT-DEV0050,ACC0014,vendor_agent,yard_client,SOFTWARE_UPDATE,LOW,NORMAL,
EDR-00538,2026-06-26T19:14:01Z,DEV0016,PORT-DEV0016,ACC0020,yard_client,explorer.exe,NONE,LOW,NORMAL,
EDR-00539,2026-06-08T14:19:50Z,DEV0065,PORT-DEV0065,ACC0012,sensor_service,services.exe,SERVICE_EVENT,LOW,NORMAL,
EDR-00540,2026-06-05T04:09:06Z,DEV0096,PORT-DEV0096,ACC0012,maintenance_client,explorer.exe,NONE,LOW,NORMAL,
EDR-00541,2026-06-14T21:23:11Z,DEV0035,PORT-DEV0035,ACC0037,yard_client,explorer.exe,LOGIN,LOW,NORMAL,
EDR-00542,2026-06-25T05:10:06Z,DEV0057,PORT-DEV0057,ACC0024,ssh,yard_client,SERVICE_EVENT,LOW,NORMAL,
EDR-00543,2026-06-03T15:56:39Z,DEV0034,PORT-DEV0034,ACC0017,browser,explorer.exe,SOFTWARE_UPDATE,LOW,NORMAL,
EDR-00544,2026-06-01T05:51:36Z,DEV0078,PORT-DEV0078,ACC0006,maintenance_client,vendor_agent,LOGIN,LOW,NORMAL,
EDR-00545,2026-06-26T23:39:46Z,DEV0018,PORT-DEV0018,ACC0009,plc_tool,yard_client,SOFTWARE_UPDATE,LOW,NORMAL,
EDR-00546,2026-06-07T20:50:18Z,DEV0081,PORT-DEV0081,ACC0040,yard_client,vendor_agent,SOFTWARE_UPDATE,LOW,NORMAL,
EDR-00547,2026-06-19T07:50:03Z,DEV0003,PORT-DEV0003,ACC0040,sensor_service,services.exe,NONE,LOW,NORMAL,
EDR-00548,2026-06-01T11:13:04Z,DEV0085,PORT-DEV0085,ACC0010,maintenance_client,explorer.exe,NONE,LOW,NORMAL,
EDR-00549,2026-06-26T09:22:21Z,DEV0041,PORT-DEV0041,ACC0005,browser,vendor_agent,LOGIN,LOW,NORMAL,
EDR-00550,2026-06-29T00:11:39Z,DEV0071,PORT-DEV0071,ACC0002,rdp,yard_client,SOFTWARE_UPDATE,LOW,NORMAL,
EDR-00551,2026-06-02T02:04:15Z,DEV0004,PORT-DEV0004,ACC0058,rdp,services.exe,LOGIN,LOW,NORMAL,
EDR-00552,2026-06-03T00:57:52Z,DEV0098,PORT-DEV0098,ACC0023,remote_admin_tool,yard_client,LOGIN,LOW,NORMAL,
EDR-00553,2026-06-15T01:32:13Z,DEV0023,PORT-DEV0023,ACC0058,remote_admin_tool,services.exe,NONE,LOW,NORMAL,
EDR-00554,2026-06-21T10:38:24Z,DEV0061,PORT-DEV0061,ACC0002,plc_tool,vendor_agent,SERVICE_EVENT,LOW,NORMAL,
EDR-00555,2026-06-06T08:28:19Z,DEV0008,PORT-DEV0008,ACC0025,yard_client,services.exe,NONE,LOW,NORMAL,
EDR-00556,2026-06-10T21:34:14Z,DEV0074,PORT-DEV0074,ACC0055,sensor_service,explorer.exe,SERVICE_EVENT,LOW,NORMAL,
EDR-00557,2026-06-18T07:42:44Z,DEV0055,PORT-DEV0055,ACC0012,ssh,yard_client,LOGIN,LOW,NORMAL,
EDR-00558,2026-06-21T16:35:59Z,DEV0018,PORT-DEV0018,ACC0011,rdp,yard_client,NONE,LOW,NORMAL,
EDR-00559,2026-06-12T01:27:00Z,DEV0062,PORT-DEV0062,ACC0046,credential_helper_sim,yard_client,REMOTE_EXECUTION,HIGH,SUSPICIOUS,INC-T21-002
EDR-00560,2026-06-05T15:35:08Z,DEV0038,PORT-DEV0038,ACC0019,plc_tool,yard_client,SOFTWARE_UPDATE,LOW,NORMAL,
EDR-00561,2026-06-17T18:50:38Z,DEV0081,PORT-DEV0081,ACC0027,vendor_agent,explorer.exe,LOGIN,LOW,NORMAL,
EDR-00562,2026-06-30T02:21:50Z,DEV0078,PORT-DEV0078,ACC0054,sensor_service,services.exe,SOFTWARE_UPDATE,LOW,NORMAL,
EDR-00563,2026-06-08T23:36:26Z,DEV0038,PORT-DEV0038,ACC0053,browser,services.exe,SOFTWARE_UPDATE,LOW,NORMAL,
EDR-00564,2026-06-13T23:41:24Z,DEV0091,PORT-DEV0091,ACC0044,rdp,explorer.exe,SERVICE_EVENT,LOW,NORMAL,
EDR-00565,2026-06-22T21:25:45Z,DEV0060,PORT-DEV0060,ACC0058,remote_admin_tool,vendor_agent,SERVICE_EVENT,LOW,NORMAL,
EDR-00566,2026-06-11T22:17:07Z,DEV0051,PORT-DEV0051,ACC0017,ssh,vendor_agent,SOFTWARE_UPDATE,LOW,NORMAL,
EDR-00567,2026-06-26T04:12:04Z,DEV0052,PORT-DEV0052,ACC0015,ssh,explorer.exe,SOFTWARE_UPDATE,LOW,NORMAL,
EDR-00568,2026-06-26T16:15:04Z,DEV0029,PORT-DEV0029,ACC0057,yard_client,vendor_agent,SERVICE_EVENT,LOW,NORMAL,
EDR-00569,2026-06-13T21:14:23Z,DEV0044,PORT-DEV0044,ACC0021,rdp,explorer.exe,LOGIN,LOW,NORMAL,
EDR-00570,2026-06-15T19:05:12Z,DEV0026,PORT-DEV0026,ACC0012,maintenance_client,services.exe,LOGIN,LOW,NORMAL,
EDR-00571,2026-06-18T18:35:30Z,DEV0084,PORT-DEV0084,ACC0056,rdp,vendor_agent,LOGIN,LOW,NORMAL,
EDR-00572,2026-06-05T22:42:00Z,DEV0099,PORT-DEV0099,ACC0037,remote_admin_tool,yard_client,SUSPICIOUS_PROCESS,CRITICAL,SUSPICIOUS,INC-T21-001
EDR-00573,2026-06-18T14:35:55Z,DEV0060,PORT-DEV0060,ACC0014,maintenance_client,services.exe,SOFTWARE_UPDATE,LOW,NORMAL,
EDR-00574,2026-06-24T13:58:10Z,DEV0022,PORT-DEV0022,ACC0045,ssh,services.exe,NONE,LOW,NORMAL,
EDR-00575,2026-06-15T14:53:48Z,DEV0068,PORT-DEV0068,ACC0005,browser,vendor_agent,SOFTWARE_UPDATE,LOW,NORMAL,
EDR-00576,2026-06-13T21:45:03Z,DEV0053,PORT-DEV0053,ACC0029,ssh,yard_client,SOFTWARE_UPDATE,LOW,NORMAL,
EDR-00577,2026-06-10T06:16:33Z,DEV0040,PORT-DEV0040,ACC0041,maintenance_client,services.exe,NONE,LOW,NORMAL,
EDR-00578,2026-06-26T16:00:37Z,DEV0050,PORT-DEV0050,ACC0014,plc_tool,vendor_agent,SERVICE_EVENT,LOW,NORMAL,
EDR-00579,2026-06-09T02:28:58Z,DEV0070,PORT-DEV0070,ACC0033,ssh,services.exe,LOGIN,LOW,NORMAL,
EDR-00580,2026-06-09T08:43:17Z,DEV0026,PORT-DEV0026,ACC0028,remote_admin_tool,services.exe,NONE,LOW,NORMAL,
EDR-00581,2026-06-22T17:53:05Z,DEV0054,PORT-DEV0054,ACC0054,vendor_agent,services.exe,SOFTWARE_UPDATE,LOW,NORMAL,
EDR-00582,2026-06-24T10:26:54Z,DEV0004,PORT-DEV0004,ACC0055,yard_client,yard_client,SERVICE_EVENT,LOW,NORMAL,
EDR-00583,2026-06-03T08:01:02Z,DEV0098,PORT-DEV0098,ACC0038,browser,explorer.exe,SOFTWARE_UPDATE,LOW,NORMAL,
EDR-00584,2026-06-15T05:21:26Z,DEV0014,PORT-DEV0014,ACC0005,ssh,services.exe,SERVICE_EVENT,LOW,NORMAL,
EDR-00585,2026-06-01T18:22:31Z,DEV0035,PORT-DEV0035,ACC0059,sensor_service,vendor_agent,SOFTWARE_UPDATE,LOW,NORMAL,
EDR-00586,2026-06-16T11:05:25Z,DEV0088,PORT-DEV0088,ACC0003,vendor_agent,yard_client,SOFTWARE_UPDATE,LOW,NORMAL,
EDR-00587,2026-06-01T20:46:52Z,DEV0020,PORT-DEV0020,ACC0003,yard_client,vendor_agent,SERVICE_EVENT,LOW,NORMAL,
EDR-00588,2026-06-28T04:51:21Z,DEV0014,PORT-DEV0014,ACC0057,rdp,yard_client,SOFTWARE_UPDATE,LOW,NORMAL,
EDR-00589,2026-06-08T12:18:50Z,DEV0015,PORT-DEV0015,ACC0057,remote_admin_tool,explorer.exe,SERVICE_EVENT,LOW,NORMAL,
EDR-00590,2026-06-24T19:41:00Z,DEV0076,PORT-DEV0076,ACC0024,powershell_sim,services.exe,SUSPICIOUS_PROCESS,MEDIUM,SUSPICIOUS,INC-T21-004
EDR-00591,2026-06-05T06:20:00Z,DEV0020,PORT-DEV0020,ACC0047,powershell_sim,vendor_agent,SUSPICIOUS_PROCESS,CRITICAL,SUSPICIOUS,
EDR-00592,2026-06-26T07:54:45Z,DEV0035,PORT-DEV0035,ACC0053,sensor_service,vendor_agent,LOGIN,LOW,NORMAL,
EDR-00593,2026-06-04T16:46:27Z,DEV0014,PORT-DEV0014,ACC0026,browser,services.exe,NONE,LOW,NORMAL,
EDR-00594,2026-06-21T18:56:23Z,DEV0044,PORT-DEV0044,ACC0038,plc_tool,vendor_agent,REMOTE_EXECUTION,MEDIUM,SUSPICIOUS,
EDR-00595,2026-06-04T19:53:44Z,DEV0082,PORT-DEV0082,ACC0004,ssh,yard_client,NONE,LOW,NORMAL,
EDR-00596,2026-06-16T08:56:42Z,DEV0094,PORT-DEV0094,ACC0018,remote_admin_tool,explorer.exe,NONE,LOW,NORMAL,
EDR-00597,2026-06-09T11:43:27Z,DEV0002,PORT-DEV0002,ACC0009,plc_tool,yard_client,SOFTWARE_UPDATE,LOW,NORMAL,
EDR-00598,2026-06-25T15:45:44Z,DEV0009,PORT-DEV0009,ACC0046,plc_tool,services.exe,SERVICE_EVENT,LOW,NORMAL,
EDR-00599,2026-06-27T13:31:30Z,DEV0042,PORT-DEV0042,ACC0013,rdp,vendor_agent,LOGIN,LOW,NORMAL,
EDR-00600,2026-06-07T20:07:52Z,DEV0099,PORT-DEV0099,ACC0019,remote_admin_tool,vendor_agent,SERVICE_EVENT,LOW,NORMAL,
EDR-00601,2026-06-26T23:44:54Z,DEV0052,PORT-DEV0052,ACC0017,maintenance_client,services.exe,SOFTWARE_UPDATE,LOW,NORMAL,
EDR-00602,2026-06-28T12:34:26Z,DEV0087,PORT-DEV0087,ACC0046,maintenance_client,explorer.exe,SERVICE_EVENT,LOW,NORMAL,
EDR-00603,2026-06-18T18:51:54Z,DEV0070,PORT-DEV0070,ACC0054,browser,explorer.exe,SERVICE_EVENT,LOW,NORMAL,
EDR-00604,2026-06-10T16:05:40Z,DEV0004,PORT-DEV0004,ACC0007,sensor_service,vendor_agent,SOFTWARE_UPDATE,LOW,NORMAL,
EDR-00605,2026-06-13T00:43:42Z,DEV0007,PORT-DEV0007,ACC0046,vendor_agent,explorer.exe,SERVICE_EVENT,LOW,NORMAL,
EDR-00606,2026-06-28T20:35:49Z,DEV0066,PORT-DEV0066,ACC0041,maintenance_client,explorer.exe,NONE,LOW,NORMAL,
EDR-00607,2026-06-25T13:13:18Z,DEV0022,PORT-DEV0022,ACC0004,maintenance_client,vendor_agent,SOFTWARE_UPDATE,LOW,NORMAL,
EDR-00608,2026-06-04T19:07:15Z,DEV0003,PORT-DEV0003,ACC0030,yard_client,explorer.exe,SERVICE_EVENT,LOW,NORMAL,
EDR-00609,2026-06-01T05:54:24Z,DEV0017,PORT-DEV0017,ACC0001,rdp,yard_client,LOGIN,LOW,NORMAL,
EDR-00610,2026-06-19T23:15:02Z,DEV0060,PORT-DEV0060,ACC0034,sensor_service,explorer.exe,LOGIN,LOW,NORMAL,
EDR-00611,2026-06-22T09:40:11Z,DEV0087,PORT-DEV0087,ACC0013,rdp,explorer.exe,SOFTWARE_UPDATE,LOW,NORMAL,
EDR-00612,2026-06-19T19:48:32Z,DEV0067,PORT-DEV0067,ACC0008,plc_tool,yard_client,SUSPICIOUS_PROCESS,CRITICAL,SUSPICIOUS,
EDR-00613,2026-06-30T13:48:55Z,DEV0076,PORT-DEV0076,ACC0029,remote_admin_tool,services.exe,LOGIN,LOW,NORMAL,
EDR-00614,2026-06-23T04:58:51Z,DEV0095,PORT-DEV0095,ACC0022,powershell_sim,explorer.exe,REMOTE_EXECUTION,CRITICAL,SUSPICIOUS,
EDR-00615,2026-06-20T14:11:50Z,DEV0013,PORT-DEV0013,ACC0046,plc_tool,services.exe,SOFTWARE_UPDATE,LOW,NORMAL,
EDR-00616,2026-06-07T22:37:31Z,DEV0013,PORT-DEV0013,ACC0041,browser,yard_client,SOFTWARE_UPDATE,LOW,NORMAL,
EDR-00617,2026-06-25T09:49:28Z,DEV0034,PORT-DEV0034,ACC0007,remote_admin_tool,yard_client,SOFTWARE_UPDATE,LOW,NORMAL,
EDR-00618,2026-06-21T16:00:22Z,DEV0042,PORT-DEV0042,ACC0049,sensor_service,explorer.exe,NONE,LOW,NORMAL,
EDR-00619,2026-06-13T00:19:47Z,DEV0087,PORT-DEV0087,ACC0004,vendor_agent,explorer.exe,LOGIN,LOW,NORMAL,
EDR-00620,2026-06-16T12:08:48Z,DEV0083,PORT-DEV0083,ACC0004,plc_tool,services.exe,SOFTWARE_UPDATE,LOW,NORMAL,
EDR-00621,2026-06-01T08:48:05Z,DEV0087,PORT-DEV0087,ACC0007,ssh,yard_client,NONE,LOW,NORMAL,
EDR-00622,2026-06-10T06:26:15Z,DEV0055,PORT-DEV0055,ACC0011,ssh,services.exe,NONE,LOW,NORMAL,
EDR-00623,2026-06-06T05:29:40Z,DEV0081,PORT-DEV0081,ACC0054,remote_admin_tool,services.exe,NEW_REMOTE_TOOL,HIGH,SUSPICIOUS,
EDR-00624,2026-06-28T01:44:42Z,DEV0074,PORT-DEV0074,ACC0003,vendor_agent,vendor_agent,SERVICE_EVENT,LOW,NORMAL,
EDR-00625,2026-06-11T18:35:26Z,DEV0049,PORT-DEV0049,ACC0012,yard_client,services.exe,LOGIN,LOW,NORMAL,
EDR-00626,2026-06-11T00:03:31Z,DEV0045,PORT-DEV0045,ACC0005,yard_client,services.exe,LOGIN,LOW,NORMAL,
EDR-00627,2026-06-12T07:56:11Z,DEV0088,PORT-DEV0088,ACC0020,vendor_agent,explorer.exe,NONE,LOW,NORMAL,
EDR-00628,2026-06-03T14:47:35Z,DEV0079,PORT-DEV0079,ACC0054,maintenance_client,yard_client,NONE,LOW,NORMAL,
EDR-00629,2026-06-28T08:02:20Z,DEV0002,PORT-DEV0002,ACC0011,plc_tool,yard_client,LOGIN,LOW,NORMAL,
EDR-00630,2026-06-24T22:16:08Z,DEV0073,PORT-DEV0073,ACC0012,plc_tool,services.exe,SERVICE_EVENT,LOW,NORMAL,
EDR-00631,2026-06-26T23:50:06Z,DEV0040,PORT-DEV0040,ACC0004,sensor_service,vendor_agent,LOGIN,LOW,NORMAL,
EDR-00632,2026-06-23T23:48:32Z,DEV0008,PORT-DEV0008,ACC0029,remote_admin_tool,vendor_agent,LOGIN,LOW,NORMAL,
EDR-00633,2026-06-08T08:18:56Z,DEV0029,PORT-DEV0029,ACC0020,browser,vendor_agent,SOFTWARE_UPDATE,LOW,NORMAL,
EDR-00634,2026-06-17T00:56:48Z,DEV0061,PORT-DEV0061,ACC0035,plc_tool,services.exe,SERVICE_EVENT,LOW,NORMAL,
EDR-00635,2026-06-15T22:08:37Z,DEV0039,PORT-DEV0039,ACC0025,rdp,vendor_agent,SERVICE_EVENT,LOW,NORMAL,
EDR-00636,2026-06-28T23:18:32Z,DEV0094,PORT-DEV0094,ACC0053,ssh,vendor_agent,NONE,LOW,NORMAL,
EDR-00637,2026-06-16T11:27:05Z,DEV0085,PORT-DEV0085,ACC0036,plc_tool,explorer.exe,SERVICE_EVENT,LOW,NORMAL,
EDR-00638,2026-06-15T17:11:30Z,DEV0075,PORT-DEV0075,ACC0049,ssh,services.exe,NONE,LOW,NORMAL,
EDR-00639,2026-06-06T23:02:29Z,DEV0059,PORT-DEV0059,ACC0036,rdp,explorer.exe,SERVICE_EVENT,LOW,NORMAL,
EDR-00640,2026-06-30T21:47:14Z,DEV0080,PORT-DEV0080,ACC0051,ssh,vendor_agent,SOFTWARE_UPDATE,LOW,NORMAL,
EDR-00641,2026-06-03T20:57:29Z,DEV0086,PORT-DEV0086,ACC0018,rdp,vendor_agent,SERVICE_EVENT,LOW,NORMAL,
EDR-00642,2026-06-03T22:57:12Z,DEV0023,PORT-DEV0023,ACC0005,yard_client,services.exe,NONE,LOW,NORMAL,
EDR-00643,2026-06-28T14:58:13Z,DEV0095,PORT-DEV0095,ACC0017,maintenance_client,services.exe,SOFTWARE_UPDATE,LOW,NORMAL,
EDR-00644,2026-06-26T16:34:25Z,DEV0037,PORT-DEV0037,ACC0011,browser,services.exe,LOGIN,LOW,NORMAL,
EDR-00645,2026-06-18T13:36:04Z,DEV0074,PORT-DEV0074,ACC0048,ssh,yard_client,SOFTWARE_UPDATE,LOW,NORMAL,
EDR-00646,2026-06-27T09:11:11Z,DEV0071,PORT-DEV0071,ACC0040,ssh,services.exe,SOFTWARE_UPDATE,LOW,NORMAL,
EDR-00647,2026-06-21T05:24:00Z,DEV0051,PORT-DEV0051,ACC0016,sensor_service,explorer.exe,NONE,LOW,NORMAL,
EDR-00648,2026-06-18T13:20:50Z,DEV0082,PORT-DEV0082,ACC0009,remote_admin_tool,services.exe,NONE,LOW,NORMAL,
EDR-00649,2026-06-07T15:24:51Z,DEV0058,PORT-DEV0058,ACC0049,yard_client,explorer.exe,SERVICE_EVENT,LOW,NORMAL,
EDR-00650,2026-06-16T16:39:26Z,DEV0050,PORT-DEV0050,ACC0012,plc_tool,yard_client,LOGIN,LOW,NORMAL,
EDR-00651,2026-06-28T09:10:49Z,DEV0075,PORT-DEV0075,ACC0023,plc_tool,services.exe,NONE,LOW,NORMAL,
EDR-00652,2026-06-07T08:48:00Z,DEV0017,PORT-DEV0017,ACC0052,browser,yard_client,SERVICE_EVENT,LOW,NORMAL,
EDR-00653,2026-06-12T19:21:16Z,DEV0059,PORT-DEV0059,ACC0055,browser,vendor_agent,SOFTWARE_UPDATE,LOW,NORMAL,
EDR-00654,2026-06-16T01:43:27Z,DEV0075,PORT-DEV0075,ACC0049,sensor_service,vendor_agent,NONE,LOW,NORMAL,
EDR-00655,2026-06-03T01:14:31Z,DEV0088,PORT-DEV0088,ACC0039,rdp,explorer.exe,SOFTWARE_UPDATE,LOW,NORMAL,
EDR-00656,2026-06-08T23:25:11Z,DEV0072,PORT-DEV0072,ACC0022,plc_tool,vendor_agent,SOFTWARE_UPDATE,LOW,NORMAL,
EDR-00657,2026-06-25T13:53:43Z,DEV0060,PORT-DEV0060,ACC0005,powershell_sim,services.exe,REMOTE_EXECUTION,HIGH,SUSPICIOUS,
EDR-00658,2026-06-04T06:01:09Z,DEV0068,PORT-DEV0068,ACC0014,vendor_agent,yard_client,LOGIN,LOW,NORMAL,
EDR-00659,2026-06-27T22:53:20Z,DEV0064,PORT-DEV0064,ACC0039,browser,vendor_agent,SERVICE_EVENT,LOW,NORMAL,
EDR-00660,2026-06-07T21:29:32Z,DEV0006,PORT-DEV0006,ACC0040,ssh,services.exe,LOGIN,LOW,NORMAL,
EDR-00661,2026-06-21T07:31:36Z,DEV0045,PORT-DEV0045,ACC0015,maintenance_client,services.exe,SOFTWARE_UPDATE,LOW,NORMAL,
EDR-00662,2026-06-10T07:24:17Z,DEV0047,PORT-DEV0047,ACC0017,vendor_agent,vendor_agent,LOGIN,LOW,NORMAL,
EDR-00663,2026-06-07T00:34:34Z,DEV0024,PORT-DEV0024,ACC0055,yard_client,explorer.exe,SERVICE_EVENT,LOW,NORMAL,
EDR-00664,2026-06-15T23:11:35Z,DEV0030,PORT-DEV0030,ACC0016,browser,yard_client,LOGIN,LOW,NORMAL,
EDR-00665,2026-06-09T03:53:21Z,DEV0054,PORT-DEV0054,ACC0048,sensor_service,yard_client,NONE,LOW,NORMAL,
EDR-00666,2026-06-26T18:53:01Z,DEV0080,PORT-DEV0080,ACC0032,sensor_service,services.exe,NONE,LOW,NORMAL,
EDR-00667,2026-06-23T11:48:31Z,DEV0005,PORT-DEV0005,ACC0004,ssh,services.exe,SOFTWARE_UPDATE,LOW,NORMAL,
EDR-00668,2026-06-03T11:17:33Z,DEV0004,PORT-DEV0004,ACC0054,remote_admin_tool,explorer.exe,SUSPICIOUS_PROCESS,CRITICAL,SUSPICIOUS,
EDR-00669,2026-06-20T08:22:35Z,DEV0044,PORT-DEV0044,ACC0033,vendor_agent,services.exe,SOFTWARE_UPDATE,LOW,NORMAL,
EDR-00670,2026-06-03T12:53:31Z,DEV0093,PORT-DEV0093,ACC0039,plc_tool,yard_client,NONE,LOW,NORMAL,
EDR-00671,2026-06-04T15:50:24Z,DEV0063,PORT-DEV0063,ACC0007,ssh,yard_client,LOGIN,LOW,NORMAL,
EDR-00672,2026-06-25T14:27:17Z,DEV0071,PORT-DEV0071,ACC0021,plc_tool,explorer.exe,SOFTWARE_UPDATE,LOW,NORMAL,
EDR-00673,2026-06-02T05:54:11Z,DEV0041,PORT-DEV0041,ACC0007,rdp,vendor_agent,NONE,LOW,NORMAL,
EDR-00674,2026-06-03T21:58:37Z,DEV0079,PORT-DEV0079,ACC0043,remote_admin_tool,yard_client,SOFTWARE_UPDATE,LOW,NORMAL,
EDR-00675,2026-06-02T05:22:13Z,DEV0026,PORT-DEV0026,ACC0023,vendor_agent,yard_client,LOGIN,LOW,NORMAL,
EDR-00676,2026-06-11T22:26:18Z,DEV0041,PORT-DEV0041,ACC0043,plc_tool,vendor_agent,REMOTE_EXECUTION,CRITICAL,SUSPICIOUS,
EDR-00677,2026-06-23T10:15:09Z,DEV0044,PORT-DEV0044,ACC0033,ssh,services.exe,SERVICE_EVENT,LOW,NORMAL,
EDR-00678,2026-06-22T20:10:03Z,DEV0024,PORT-DEV0024,ACC0029,plc_tool,services.exe,SERVICE_EVENT,LOW,NORMAL,
EDR-00679,2026-06-11T20:11:17Z,DEV0086,PORT-DEV0086,ACC0013,remote_admin_tool,yard_client,SERVICE_EVENT,LOW,NORMAL,
EDR-00680,2026-06-05T23:19:07Z,DEV0070,PORT-DEV0070,ACC0024,ssh,explorer.exe,NONE,LOW,NORMAL,
EDR-00681,2026-06-18T15:07:26Z,DEV0025,PORT-DEV0025,ACC0015,vendor_agent,vendor_agent,LOGIN,LOW,NORMAL,
EDR-00682,2026-06-12T18:10:33Z,DEV0088,PORT-DEV0088,ACC0029,sensor_service,vendor_agent,NONE,LOW,NORMAL,
EDR-00683,2026-06-24T19:39:20Z,DEV0067,PORT-DEV0067,ACC0029,sensor_service,yard_client,SERVICE_EVENT,LOW,NORMAL,
EDR-00684,2026-06-26T16:36:24Z,DEV0067,PORT-DEV0067,ACC0001,browser,yard_client,SOFTWARE_UPDATE,LOW,NORMAL,
EDR-00685,2026-06-16T18:10:21Z,DEV0072,PORT-DEV0072,ACC0024,vendor_agent,services.exe,SERVICE_EVENT,LOW,NORMAL,
EDR-00686,2026-06-18T20:42:53Z,DEV0095,PORT-DEV0095,ACC0058,plc_tool,services.exe,NONE,LOW,NORMAL,
EDR-00687,2026-06-21T20:32:22Z,DEV0010,PORT-DEV0010,ACC0026,browser,services.exe,LOGIN,LOW,NORMAL,
EDR-00688,2026-06-22T06:56:49Z,DEV0026,PORT-DEV0026,ACC0024,ssh,vendor_agent,NONE,LOW,NORMAL,
EDR-00689,2026-06-24T10:04:29Z,DEV0084,PORT-DEV0084,ACC0018,rdp,vendor_agent,NONE,LOW,NORMAL,
EDR-00690,2026-06-18T17:10:56Z,DEV0001,PORT-DEV0001,ACC0057,ssh,services.exe,SERVICE_EVENT,LOW,NORMAL,
EDR-00691,2026-06-12T22:04:39Z,DEV0033,PORT-DEV0033,ACC0008,ssh,yard_client,LOGIN,LOW,NORMAL,
EDR-00692,2026-06-13T03:05:54Z,DEV0081,PORT-DEV0081,ACC0054,maintenance_client,yard_client,NONE,LOW,NORMAL,
EDR-00693,2026-06-18T03:04:42Z,DEV0070,PORT-DEV0070,ACC0043,ssh,vendor_agent,SERVICE_EVENT,LOW,NORMAL,
EDR-00694,2026-06-19T15:47:59Z,DEV0075,PORT-DEV0075,ACC0020,plc_tool,explorer.exe,SOFTWARE_UPDATE,LOW,NORMAL,
EDR-00695,2026-06-30T15:19:34Z,DEV0013,PORT-DEV0013,ACC0057,rdp,explorer.exe,NONE,LOW,NORMAL,
EDR-00696,2026-06-30T22:44:44Z,DEV0048,PORT-DEV0048,ACC0026,rdp,explorer.exe,SERVICE_EVENT,LOW,NORMAL,
EDR-00697,2026-06-20T17:01:35Z,DEV0027,PORT-DEV0027,ACC0047,remote_admin_tool,services.exe,LOGIN,LOW,NORMAL,
EDR-00698,2026-06-13T05:28:18Z,DEV0004,PORT-DEV0004,ACC0043,vendor_agent,yard_client,SOFTWARE_UPDATE,LOW,NORMAL,
EDR-00699,2026-06-19T10:00:56Z,DEV0039,PORT-DEV0039,ACC0057,sensor_service,yard_client,LOGIN,LOW,NORMAL,
EDR-00700,2026-06-05T04:17:26Z,DEV0044,PORT-DEV0044,ACC0002,sensor_service,yard_client,NONE,LOW,NORMAL,
EDR-00701,2026-06-17T00:16:48Z,DEV0008,PORT-DEV0008,ACC0002,remote_admin_tool,vendor_agent,LOGIN,LOW,NORMAL,
EDR-00702,2026-06-22T01:15:40Z,DEV0085,PORT-DEV0085,ACC0051,yard_client,explorer.exe,LOGIN,LOW,NORMAL,
EDR-00703,2026-06-08T07:09:11Z,DEV0031,PORT-DEV0031,ACC0036,maintenance_client,yard_client,LOGIN,LOW,NORMAL,
EDR-00704,2026-06-03T16:20:02Z,DEV0087,PORT-DEV0087,ACC0028,vendor_agent,vendor_agent,SOFTWARE_UPDATE,LOW,NORMAL,
EDR-00705,2026-06-20T18:03:13Z,DEV0018,PORT-DEV0018,ACC0041,remote_admin_tool,explorer.exe,NEW_REMOTE_TOOL,HIGH,SUSPICIOUS,
EDR-00706,2026-06-07T15:28:05Z,DEV0088,PORT-DEV0088,ACC0036,rdp,yard_client,SOFTWARE_UPDATE,LOW,NORMAL,
EDR-00707,2026-06-30T14:07:44Z,DEV0024,PORT-DEV0024,ACC0027,ssh,yard_client,SERVICE_EVENT,LOW,NORMAL,
EDR-00708,2026-06-30T07:31:39Z,DEV0057,PORT-DEV0057,ACC0056,browser,services.exe,NONE,LOW,NORMAL,
EDR-00709,2026-06-10T19:14:28Z,DEV0058,PORT-DEV0058,ACC0048,sensor_service,explorer.exe,SERVICE_EVENT,LOW,NORMAL,
EDR-00710,2026-06-09T14:50:55Z,DEV0041,PORT-DEV0041,ACC0006,plc_tool,yard_client,SERVICE_EVENT,LOW,NORMAL,
EDR-00711,2026-06-01T02:25:35Z,DEV0068,PORT-DEV0068,ACC0029,remote_admin_tool,services.exe,NONE,LOW,NORMAL,
EDR-00712,2026-06-30T08:56:41Z,DEV0088,PORT-DEV0088,ACC0049,sensor_service,yard_client,SOFTWARE_UPDATE,LOW,NORMAL,
EDR-00713,2026-06-26T22:17:37Z,DEV0095,PORT-DEV0095,ACC0003,maintenance_client,yard_client,NONE,LOW,NORMAL,
EDR-00714,2026-06-16T05:03:43Z,DEV0033,PORT-DEV0033,ACC0034,remote_admin_tool,explorer.exe,NONE,LOW,NORMAL,
EDR-00715,2026-06-15T06:22:53Z,DEV0088,PORT-DEV0088,ACC0053,yard_client,explorer.exe,LOGIN,LOW,NORMAL,
EDR-00716,2026-06-18T15:40:46Z,DEV0049,PORT-DEV0049,ACC0021,ssh,explorer.exe,LOGIN,LOW,NORMAL,
EDR-00717,2026-06-05T17:27:37Z,DEV0098,PORT-DEV0098,ACC0007,yard_client,vendor_agent,SERVICE_EVENT,LOW,NORMAL,
EDR-00718,2026-06-01T22:16:21Z,DEV0027,PORT-DEV0027,ACC0059,remote_admin_tool,explorer.exe,REMOTE_EXECUTION,HIGH,SUSPICIOUS,
EDR-00719,2026-06-14T17:40:24Z,DEV0090,PORT-DEV0090,ACC0005,browser,vendor_agent,NONE,LOW,NORMAL,
EDR-00720,2026-06-10T16:45:06Z,DEV0065,PORT-DEV0065,ACC0011,rdp,services.exe,LOGIN,LOW,NORMAL,
EDR-00721,2026-06-21T01:40:25Z,DEV0100,PORT-DEV0100,ACC0044,yard_client,vendor_agent,LOGIN,LOW,NORMAL,
EDR-00722,2026-06-22T09:33:28Z,DEV0013,PORT-DEV0013,ACC0017,rdp,services.exe,SOFTWARE_UPDATE,LOW,NORMAL,
EDR-00723,2026-06-30T22:42:59Z,DEV0058,PORT-DEV0058,ACC0018,yard_client,explorer.exe,NONE,LOW,NORMAL,
EDR-00724,2026-06-02T11:09:56Z,DEV0003,PORT-DEV0003,ACC0019,rdp,explorer.exe,SOFTWARE_UPDATE,LOW,NORMAL,
EDR-00725,2026-06-05T16:47:32Z,DEV0088,PORT-DEV0088,ACC0009,ssh,services.exe,SERVICE_EVENT,LOW,NORMAL,
EDR-00726,2026-06-20T15:51:45Z,DEV0027,PORT-DEV0027,ACC0005,browser,services.exe,SERVICE_EVENT,LOW,NORMAL,
EDR-00727,2026-06-02T13:24:04Z,DEV0061,PORT-DEV0061,ACC0046,rdp,vendor_agent,NONE,LOW,NORMAL,
EDR-00728,2026-06-12T08:26:57Z,DEV0043,PORT-DEV0043,ACC0056,browser,services.exe,NONE,LOW,NORMAL,
EDR-00729,2026-06-05T19:48:44Z,DEV0038,PORT-DEV0038,ACC0025,sensor_service,services.exe,SERVICE_EVENT,LOW,NORMAL,
EDR-00730,2026-06-05T07:07:37Z,DEV0044,PORT-DEV0044,ACC0046,plc_tool,vendor_agent,SERVICE_EVENT,LOW,NORMAL,
EDR-00731,2026-06-21T19:42:30Z,DEV0047,PORT-DEV0047,ACC0035,sensor_service,vendor_agent,SOFTWARE_UPDATE,LOW,NORMAL,
EDR-00732,2026-06-26T10:38:44Z,DEV0098,PORT-DEV0098,ACC0038,vendor_agent,services.exe,SERVICE_EVENT,LOW,NORMAL,
EDR-00733,2026-06-20T06:19:32Z,DEV0020,PORT-DEV0020,ACC0053,plc_tool,yard_client,UNUSUAL_PARENT_PROCESS,CRITICAL,SUSPICIOUS,
EDR-00734,2026-06-25T19:24:36Z,DEV0054,PORT-DEV0054,ACC0037,ssh,services.exe,NONE,LOW,NORMAL,
EDR-00735,2026-06-26T21:00:50Z,DEV0036,PORT-DEV0036,ACC0034,vendor_agent,yard_client,SERVICE_EVENT,LOW,NORMAL,
EDR-00736,2026-06-26T19:09:44Z,DEV0015,PORT-DEV0015,ACC0006,ssh,yard_client,SOFTWARE_UPDATE,LOW,NORMAL,
EDR-00737,2026-06-20T07:47:52Z,DEV0001,PORT-DEV0001,ACC0015,yard_client,services.exe,SOFTWARE_UPDATE,LOW,NORMAL,
EDR-00738,2026-06-11T05:39:45Z,DEV0095,PORT-DEV0095,ACC0049,vendor_agent,yard_client,SERVICE_EVENT,LOW,NORMAL,
EDR-00739,2026-06-17T20:04:46Z,DEV0010,PORT-DEV0010,ACC0019,vendor_agent,vendor_agent,SOFTWARE_UPDATE,LOW,NORMAL,
EDR-00740,2026-06-05T07:52:45Z,DEV0052,PORT-DEV0052,ACC0049,plc_tool,services.exe,LOGIN,LOW,NORMAL,
EDR-00741,2026-06-19T13:26:55Z,DEV0038,PORT-DEV0038,ACC0030,maintenance_client,yard_client,NONE,LOW,NORMAL,
EDR-00742,2026-06-01T09:33:27Z,DEV0007,PORT-DEV0007,ACC0002,yard_client,yard_client,SOFTWARE_UPDATE,LOW,NORMAL,
EDR-00743,2026-06-18T15:44:53Z,DEV0082,PORT-DEV0082,ACC0016,rdp,services.exe,LOGIN,LOW,NORMAL,
EDR-00744,2026-06-09T17:04:33Z,DEV0023,PORT-DEV0023,ACC0021,vendor_agent,explorer.exe,SERVICE_EVENT,LOW,NORMAL,
EDR-00745,2026-06-10T09:32:44Z,DEV0072,PORT-DEV0072,ACC0041,plc_tool,services.exe,SERVICE_EVENT,LOW,NORMAL,
EDR-00746,2026-06-22T08:07:01Z,DEV0042,PORT-DEV0042,ACC0025,ssh,services.exe,LOGIN,LOW,NORMAL,
EDR-00747,2026-06-14T16:27:14Z,DEV0086,PORT-DEV0086,ACC0041,browser,vendor_agent,LOGIN,LOW,NORMAL,
EDR-00748,2026-06-18T10:50:18Z,DEV0030,PORT-DEV0030,ACC0028,remote_admin_tool,services.exe,LOGIN,LOW,NORMAL,
EDR-00749,2026-06-23T07:58:49Z,DEV0058,PORT-DEV0058,ACC0034,browser,yard_client,NONE,LOW,NORMAL,
EDR-00750,2026-06-02T05:46:10Z,DEV0092,PORT-DEV0092,ACC0034,maintenance_client,yard_client,LOGIN,LOW,NORMAL,
EDR-00751,2026-06-07T14:02:07Z,DEV0034,PORT-DEV0034,ACC0056,maintenance_client,explorer.exe,SOFTWARE_UPDATE,LOW,NORMAL,
EDR-00752,2026-06-05T13:04:01Z,DEV0080,PORT-DEV0080,ACC0032,credential_helper_sim,yard_client,REMOTE_EXECUTION,CRITICAL,SUSPICIOUS,
EDR-00753,2026-06-08T22:48:43Z,DEV0038,PORT-DEV0038,ACC0037,vendor_agent,vendor_agent,LOGIN,LOW,NORMAL,
EDR-00754,2026-06-11T15:47:23Z,DEV0093,PORT-DEV0093,ACC0046,yard_client,explorer.exe,NONE,LOW,NORMAL,
EDR-00755,2026-06-30T22:17:29Z,DEV0018,PORT-DEV0018,ACC0055,yard_client,yard_client,LOGIN,LOW,NORMAL,
EDR-00756,2026-06-27T15:23:04Z,DEV0020,PORT-DEV0020,ACC0042,remote_admin_tool,services.exe,NONE,LOW,NORMAL,
EDR-00757,2026-06-05T22:50:00Z,DEV0099,PORT-DEV0099,ACC0028,credential_helper_sim,yard_client,SUSPICIOUS_PROCESS,CRITICAL,SUSPICIOUS,INC-T21-001
EDR-00758,2026-06-30T11:11:55Z,DEV0072,PORT-DEV0072,ACC0052,vendor_agent,vendor_agent,NONE,LOW,NORMAL,
EDR-00759,2026-06-01T04:46:39Z,DEV0039,PORT-DEV0039,ACC0008,vendor_agent,yard_client,NONE,LOW,NORMAL,
EDR-00760,2026-06-07T20:56:10Z,DEV0086,PORT-DEV0086,ACC0013,remote_admin_tool,yard_client,SOFTWARE_UPDATE,LOW,NORMAL,
EDR-00761,2026-06-06T01:53:03Z,DEV0002,PORT-DEV0002,ACC0013,sensor_service,yard_client,LOGIN,LOW,NORMAL,
EDR-00762,2026-06-14T13:33:08Z,DEV0072,PORT-DEV0072,ACC0037,plc_tool,yard_client,NONE,LOW,NORMAL,
EDR-00763,2026-06-11T10:33:57Z,DEV0041,PORT-DEV0041,ACC0058,yard_client,yard_client,NONE,LOW,NORMAL,
EDR-00764,2026-06-10T12:09:16Z,DEV0094,PORT-DEV0094,ACC0056,maintenance_client,explorer.exe,SOFTWARE_UPDATE,LOW,NORMAL,
EDR-00765,2026-06-20T10:35:47Z,DEV0070,PORT-DEV0070,ACC0004,sensor_service,yard_client,SERVICE_EVENT,LOW,NORMAL,
EDR-00766,2026-06-08T01:22:39Z,DEV0010,PORT-DEV0010,ACC0055,remote_admin_tool,yard_client,NEW_REMOTE_TOOL,MEDIUM,SUSPICIOUS,
EDR-00767,2026-06-24T18:12:49Z,DEV0045,PORT-DEV0045,ACC0011,remote_admin_tool,vendor_agent,LOGIN,LOW,NORMAL,
EDR-00768,2026-06-15T02:34:03Z,DEV0084,PORT-DEV0084,ACC0039,browser,services.exe,LOGIN,LOW,NORMAL,
EDR-00769,2026-06-12T01:18:00Z,DEV0062,PORT-DEV0062,ACC0042,powershell_sim,vendor_agent,REMOTE_EXECUTION,HIGH,SUSPICIOUS,INC-T21-002
EDR-00770,2026-06-24T22:20:35Z,DEV0097,PORT-DEV0097,ACC0050,ssh,vendor_agent,SOFTWARE_UPDATE,LOW,NORMAL,
EDR-00771,2026-06-22T01:45:18Z,DEV0047,PORT-DEV0047,ACC0002,vendor_agent,explorer.exe,LOGIN,LOW,NORMAL,
EDR-00772,2026-06-21T01:48:58Z,DEV0013,PORT-DEV0013,ACC0020,browser,services.exe,NONE,LOW,NORMAL,
EDR-00773,2026-06-25T01:57:52Z,DEV0079,PORT-DEV0079,ACC0011,vendor_agent,explorer.exe,SOFTWARE_UPDATE,LOW,NORMAL,
EDR-00774,2026-06-17T10:05:41Z,DEV0019,PORT-DEV0019,ACC0013,rdp,yard_client,NONE,LOW,NORMAL,
EDR-00775,2026-06-07T05:41:37Z,DEV0035,PORT-DEV0035,ACC0006,remote_admin_tool,yard_client,NONE,LOW,NORMAL,
EDR-00776,2026-06-19T09:07:52Z,DEV0053,PORT-DEV0053,ACC0025,sensor_service,explorer.exe,NONE,LOW,NORMAL,
EDR-00777,2026-06-26T14:18:22Z,DEV0003,PORT-DEV0003,ACC0059,remote_admin_tool,yard_client,NONE,LOW,NORMAL,
EDR-00778,2026-06-05T22:03:09Z,DEV0026,PORT-DEV0026,ACC0031,remote_admin_tool,vendor_agent,UNUSUAL_PARENT_PROCESS,CRITICAL,SUSPICIOUS,
EDR-00779,2026-06-08T03:20:56Z,DEV0010,PORT-DEV0010,ACC0005,credential_helper_sim,vendor_agent,NEW_REMOTE_TOOL,HIGH,SUSPICIOUS,
EDR-00780,2026-06-06T00:59:57Z,DEV0092,PORT-DEV0092,ACC0017,remote_admin_tool,yard_client,NONE,LOW,NORMAL,
EDR-00781,2026-06-24T19:51:42Z,DEV0030,PORT-DEV0030,ACC0046,maintenance_client,vendor_agent,SOFTWARE_UPDATE,LOW,NORMAL,
EDR-00782,2026-06-28T01:30:44Z,DEV0060,PORT-DEV0060,ACC0017,ssh,explorer.exe,LOGIN,LOW,NORMAL,
EDR-00783,2026-06-13T07:30:31Z,DEV0068,PORT-DEV0068,ACC0020,remote_admin_tool,vendor_agent,NONE,LOW,NORMAL,
EDR-00784,2026-06-30T01:11:26Z,DEV0091,PORT-DEV0091,ACC0001,ssh,vendor_agent,SOFTWARE_UPDATE,LOW,NORMAL,
EDR-00785,2026-06-04T05:08:37Z,DEV0011,PORT-DEV0011,ACC0030,remote_admin_tool,explorer.exe,SOFTWARE_UPDATE,LOW,NORMAL,
EDR-00786,2026-06-03T04:35:55Z,DEV0074,PORT-DEV0074,ACC0038,remote_admin_tool,explorer.exe,SOFTWARE_UPDATE,LOW,NORMAL,
EDR-00787,2026-06-06T13:52:27Z,DEV0076,PORT-DEV0076,ACC0021,browser,services.exe,SERVICE_EVENT,LOW,NORMAL,
EDR-00788,2026-06-21T11:55:56Z,DEV0071,PORT-DEV0071,ACC0018,ssh,vendor_agent,LOGIN,LOW,NORMAL,
EDR-00789,2026-06-28T04:34:47Z,DEV0038,PORT-DEV0038,ACC0013,rdp,explorer.exe,SOFTWARE_UPDATE,LOW,NORMAL,
EDR-00790,2026-06-30T21:44:50Z,DEV0093,PORT-DEV0093,ACC0007,maintenance_client,yard_client,SERVICE_EVENT,LOW,NORMAL,
EDR-00791,2026-06-17T11:46:52Z,DEV0067,PORT-DEV0067,ACC0004,yard_client,explorer.exe,SERVICE_EVENT,LOW,NORMAL,
EDR-00792,2026-06-28T03:31:12Z,DEV0083,PORT-DEV0083,ACC0036,sensor_service,vendor_agent,LOGIN,LOW,NORMAL,
EDR-00793,2026-06-15T10:24:55Z,DEV0037,PORT-DEV0037,ACC0011,vendor_agent,yard_client,LOGIN,LOW,NORMAL,
EDR-00794,2026-06-02T10:18:15Z,DEV0096,PORT-DEV0096,ACC0037,remote_admin_tool,vendor_agent,SERVICE_EVENT,LOW,NORMAL,
EDR-00795,2026-06-11T16:38:11Z,DEV0006,PORT-DEV0006,ACC0044,ssh,vendor_agent,SERVICE_EVENT,LOW,NORMAL,
EDR-00796,2026-06-23T02:52:23Z,DEV0046,PORT-DEV0046,ACC0006,sensor_service,services.exe,SOFTWARE_UPDATE,LOW,NORMAL,
EDR-00797,2026-06-25T01:41:28Z,DEV0009,PORT-DEV0009,ACC0058,plc_tool,services.exe,SERVICE_EVENT,LOW,NORMAL,
EDR-00798,2026-06-02T07:50:37Z,DEV0054,PORT-DEV0054,ACC0002,yard_client,explorer.exe,LOGIN,LOW,NORMAL,
EDR-00799,2026-06-08T06:48:43Z,DEV0011,PORT-DEV0011,ACC0057,remote_admin_tool,services.exe,NONE,LOW,NORMAL,
EDR-00800,2026-06-21T01:16:36Z,DEV0078,PORT-DEV0078,ACC0047,maintenance_client,vendor_agent,SERVICE_EVENT,LOW,NORMAL,
EDR-00801,2026-06-04T08:01:07Z,DEV0095,PORT-DEV0095,ACC0034,maintenance_client,vendor_agent,SERVICE_EVENT,LOW,NORMAL,
EDR-00802,2026-06-14T08:04:41Z,DEV0004,PORT-DEV0004,ACC0016,yard_client,yard_client,NONE,LOW,NORMAL,
EDR-00803,2026-06-22T01:50:49Z,DEV0059,PORT-DEV0059,ACC0046,ssh,vendor_agent,NONE,LOW,NORMAL,
EDR-00804,2026-06-30T10:37:43Z,DEV0056,PORT-DEV0056,ACC0021,remote_admin_tool,explorer.exe,LOGIN,LOW,NORMAL,
EDR-00805,2026-06-04T07:48:27Z,DEV0007,PORT-DEV0007,ACC0050,rdp,yard_client,LOGIN,LOW,NORMAL,
EDR-00806,2026-06-24T05:21:45Z,DEV0033,PORT-DEV0033,ACC0012,browser,yard_client,LOGIN,LOW,NORMAL,
EDR-00807,2026-06-18T12:51:48Z,DEV0100,PORT-DEV0100,ACC0005,maintenance_client,explorer.exe,NONE,LOW,NORMAL,
EDR-00808,2026-06-03T17:22:24Z,DEV0020,PORT-DEV0020,ACC0038,sensor_service,explorer.exe,NONE,LOW,NORMAL,
EDR-00809,2026-06-23T10:50:34Z,DEV0013,PORT-DEV0013,ACC0021,yard_client,yard_client,NONE,LOW,NORMAL,
EDR-00810,2026-06-15T03:27:37Z,DEV0048,PORT-DEV0048,ACC0011,rdp,yard_client,SERVICE_EVENT,LOW,NORMAL,
EDR-00811,2026-06-11T13:25:15Z,DEV0058,PORT-DEV0058,ACC0040,browser,services.exe,SERVICE_EVENT,LOW,NORMAL,
EDR-00812,2026-06-29T21:17:23Z,DEV0016,PORT-DEV0016,ACC0048,browser,vendor_agent,SERVICE_EVENT,LOW,NORMAL,
EDR-00813,2026-06-08T08:16:07Z,DEV0007,PORT-DEV0007,ACC0040,plc_tool,vendor_agent,SOFTWARE_UPDATE,LOW,NORMAL,
EDR-00814,2026-06-07T21:48:14Z,DEV0087,PORT-DEV0087,ACC0049,browser,explorer.exe,SERVICE_EVENT,LOW,NORMAL,
EDR-00815,2026-06-02T17:00:56Z,DEV0045,PORT-DEV0045,ACC0024,vendor_agent,yard_client,SOFTWARE_UPDATE,LOW,NORMAL,
EDR-00816,2026-06-17T15:38:10Z,DEV0077,PORT-DEV0077,ACC0026,browser,services.exe,SOFTWARE_UPDATE,LOW,NORMAL,
EDR-00817,2026-06-18T11:05:35Z,DEV0068,PORT-DEV0068,ACC0057,remote_admin_tool,services.exe,NONE,LOW,NORMAL,
EDR-00818,2026-06-11T04:01:36Z,DEV0094,PORT-DEV0094,ACC0001,vendor_agent,yard_client,SERVICE_EVENT,LOW,NORMAL,
EDR-00819,2026-06-07T04:35:49Z,DEV0052,PORT-DEV0052,ACC0049,remote_admin_tool,explorer.exe,LOGIN,LOW,NORMAL,
EDR-00820,2026-06-06T14:40:59Z,DEV0029,PORT-DEV0029,ACC0048,rdp,vendor_agent,SERVICE_EVENT,LOW,NORMAL,
EDR-00821,2026-06-02T16:57:10Z,DEV0069,PORT-DEV0069,ACC0046,vendor_agent,explorer.exe,NONE,LOW,NORMAL,
EDR-00822,2026-06-13T10:35:19Z,DEV0050,PORT-DEV0050,ACC0030,plc_tool,yard_client,SOFTWARE_UPDATE,LOW,NORMAL,
EDR-00823,2026-06-24T07:07:01Z,DEV0044,PORT-DEV0044,ACC0054,browser,yard_client,SERVICE_EVENT,LOW,NORMAL,
EDR-00824,2026-06-05T22:43:00Z,DEV0099,PORT-DEV0099,ACC0051,credential_helper_sim,explorer.exe,SUSPICIOUS_PROCESS,HIGH,SUSPICIOUS,INC-T21-001
EDR-00825,2026-06-27T17:03:53Z,DEV0088,PORT-DEV0088,ACC0034,yard_client,yard_client,SERVICE_EVENT,LOW,NORMAL,
EDR-00826,2026-06-11T06:13:53Z,DEV0046,PORT-DEV0046,ACC0033,vendor_agent,explorer.exe,SERVICE_EVENT,LOW,NORMAL,
EDR-00827,2026-06-05T21:40:04Z,DEV0070,PORT-DEV0070,ACC0026,yard_client,vendor_agent,SERVICE_EVENT,LOW,NORMAL,
EDR-00828,2026-06-30T18:18:03Z,DEV0069,PORT-DEV0069,ACC0054,remote_admin_tool,services.exe,NONE,LOW,NORMAL,
EDR-00829,2026-06-24T04:34:42Z,DEV0082,PORT-DEV0082,ACC0051,maintenance_client,explorer.exe,SERVICE_EVENT,LOW,NORMAL,
EDR-00830,2026-06-22T22:53:34Z,DEV0089,PORT-DEV0089,ACC0023,remote_admin_tool,services.exe,SERVICE_EVENT,LOW,NORMAL,
EDR-00831,2026-06-11T17:17:34Z,DEV0056,PORT-DEV0056,ACC0024,browser,services.exe,SERVICE_EVENT,LOW,NORMAL,
EDR-00832,2026-06-15T22:17:04Z,DEV0046,PORT-DEV0046,ACC0037,remote_admin_tool,vendor_agent,SERVICE_EVENT,LOW,NORMAL,
EDR-00833,2026-06-20T14:36:33Z,DEV0045,PORT-DEV0045,ACC0001,yard_client,services.exe,SERVICE_EVENT,LOW,NORMAL,
EDR-00834,2026-06-03T19:17:03Z,DEV0005,PORT-DEV0005,ACC0046,maintenance_client,services.exe,NONE,LOW,NORMAL,
EDR-00835,2026-06-13T01:53:16Z,DEV0079,PORT-DEV0079,ACC0060,browser,yard_client,SOFTWARE_UPDATE,LOW,NORMAL,
EDR-00836,2026-06-25T09:17:33Z,DEV0062,PORT-DEV0062,ACC0005,vendor_agent,vendor_agent,SOFTWARE_UPDATE,LOW,NORMAL,
EDR-00837,2026-06-12T01:30:00Z,DEV0062,PORT-DEV0062,ACC0010,powershell_sim,yard_client,NEW_REMOTE_TOOL,MEDIUM,SUSPICIOUS,INC-T21-002
EDR-00838,2026-06-30T23:17:20Z,DEV0044,PORT-DEV0044,ACC0036,sensor_service,services.exe,SOFTWARE_UPDATE,LOW,NORMAL,
EDR-00839,2026-06-01T15:42:24Z,DEV0068,PORT-DEV0068,ACC0050,sensor_service,yard_client,SERVICE_EVENT,LOW,NORMAL,
EDR-00840,2026-06-14T13:58:07Z,DEV0020,PORT-DEV0020,ACC0034,remote_admin_tool,vendor_agent,LOGIN,LOW,NORMAL,
EDR-00841,2026-06-22T13:22:51Z,DEV0059,PORT-DEV0059,ACC0024,remote_admin_tool,explorer.exe,SOFTWARE_UPDATE,LOW,NORMAL,
EDR-00842,2026-06-21T14:05:08Z,DEV0046,PORT-DEV0046,ACC0002,plc_tool,vendor_agent,LOGIN,LOW,NORMAL,
EDR-00843,2026-06-26T04:23:33Z,DEV0073,PORT-DEV0073,ACC0039,ssh,services.exe,SERVICE_EVENT,LOW,NORMAL,
EDR-00844,2026-06-19T19:13:06Z,DEV0058,PORT-DEV0058,ACC0012,ssh,services.exe,LOGIN,LOW,NORMAL,
EDR-00845,2026-06-01T11:14:35Z,DEV0028,PORT-DEV0028,ACC0051,remote_admin_tool,explorer.exe,REMOTE_EXECUTION,MEDIUM,SUSPICIOUS,
EDR-00846,2026-06-27T06:00:31Z,DEV0090,PORT-DEV0090,ACC0030,vendor_agent,services.exe,SOFTWARE_UPDATE,LOW,NORMAL,
EDR-00847,2026-06-22T15:32:31Z,DEV0050,PORT-DEV0050,ACC0055,rdp,yard_client,SERVICE_EVENT,LOW,NORMAL,
EDR-00848,2026-06-09T12:12:20Z,DEV0044,PORT-DEV0044,ACC0024,ssh,vendor_agent,SOFTWARE_UPDATE,LOW,NORMAL,
EDR-00849,2026-06-25T20:13:41Z,DEV0022,PORT-DEV0022,ACC0028,rdp,explorer.exe,LOGIN,LOW,NORMAL,
EDR-00850,2026-06-02T05:47:50Z,DEV0095,PORT-DEV0095,ACC0023,plc_tool,services.exe,SOFTWARE_UPDATE,LOW,NORMAL,
EDR-00851,2026-06-24T06:44:04Z,DEV0050,PORT-DEV0050,ACC0049,vendor_agent,explorer.exe,LOGIN,LOW,NORMAL,
EDR-00852,2026-06-25T09:51:23Z,DEV0046,PORT-DEV0046,ACC0036,yard_client,yard_client,SERVICE_EVENT,LOW,NORMAL,
EDR-00853,2026-06-04T06:25:23Z,DEV0053,PORT-DEV0053,ACC0008,maintenance_client,vendor_agent,SOFTWARE_UPDATE,LOW,NORMAL,
EDR-00854,2026-06-04T14:40:08Z,DEV0100,PORT-DEV0100,ACC0045,plc_tool,yard_client,NONE,LOW,NORMAL,
EDR-00855,2026-06-18T17:39:10Z,DEV0015,PORT-DEV0015,ACC0052,vendor_agent,vendor_agent,SOFTWARE_UPDATE,LOW,NORMAL,
EDR-00856,2026-06-04T14:19:51Z,DEV0098,PORT-DEV0098,ACC0017,yard_client,yard_client,SERVICE_EVENT,LOW,NORMAL,
EDR-00857,2026-06-07T04:48:30Z,DEV0085,PORT-DEV0085,ACC0032,rdp,yard_client,SERVICE_EVENT,LOW,NORMAL,
EDR-00858,2026-06-08T21:45:43Z,DEV0033,PORT-DEV0033,ACC0059,rdp,vendor_agent,SERVICE_EVENT,LOW,NORMAL,
EDR-00859,2026-06-14T12:41:07Z,DEV0024,PORT-DEV0024,ACC0020,maintenance_client,vendor_agent,SOFTWARE_UPDATE,LOW,NORMAL,
EDR-00860,2026-06-25T17:56:37Z,DEV0015,PORT-DEV0015,ACC0023,sensor_service,services.exe,SERVICE_EVENT,LOW,NORMAL,
EDR-00861,2026-06-14T22:41:39Z,DEV0078,PORT-DEV0078,ACC0018,maintenance_client,explorer.exe,SERVICE_EVENT,LOW,NORMAL,
EDR-00862,2026-06-18T16:20:55Z,DEV0011,PORT-DEV0011,ACC0003,rdp,yard_client,NONE,LOW,NORMAL,
EDR-00863,2026-06-22T19:38:34Z,DEV0079,PORT-DEV0079,ACC0021,vendor_agent,services.exe,SERVICE_EVENT,LOW,NORMAL,
EDR-00864,2026-06-26T08:13:49Z,DEV0088,PORT-DEV0088,ACC0006,credential_helper_sim,vendor_agent,REMOTE_EXECUTION,HIGH,SUSPICIOUS,
EDR-00865,2026-06-16T05:09:16Z,DEV0086,PORT-DEV0086,ACC0009,remote_admin_tool,vendor_agent,NONE,LOW,NORMAL,
EDR-00866,2026-06-13T11:16:45Z,DEV0010,PORT-DEV0010,ACC0040,yard_client,services.exe,LOGIN,LOW,NORMAL,
EDR-00867,2026-06-12T02:41:55Z,DEV0055,PORT-DEV0055,ACC0014,vendor_agent,vendor_agent,SERVICE_EVENT,LOW,NORMAL,
EDR-00868,2026-06-01T22:07:30Z,DEV0038,PORT-DEV0038,ACC0023,plc_tool,vendor_agent,SOFTWARE_UPDATE,LOW,NORMAL,
EDR-00869,2026-06-30T05:50:38Z,DEV0031,PORT-DEV0031,ACC0015,plc_tool,services.exe,LOGIN,LOW,NORMAL,
EDR-00870,2026-06-06T10:14:20Z,DEV0060,PORT-DEV0060,ACC0004,sensor_service,yard_client,SOFTWARE_UPDATE,LOW,NORMAL,
EDR-00871,2026-06-08T09:31:07Z,DEV0002,PORT-DEV0002,ACC0051,rdp,yard_client,LOGIN,LOW,NORMAL,
EDR-00872,2026-06-13T21:43:39Z,DEV0022,PORT-DEV0022,ACC0001,sensor_service,yard_client,NONE,LOW,NORMAL,
EDR-00873,2026-06-18T23:09:00Z,DEV0087,PORT-DEV0087,ACC0008,powershell_sim,explorer.exe,SUSPICIOUS_PROCESS,CRITICAL,SUSPICIOUS,INC-T21-003
EDR-00874,2026-06-10T06:40:21Z,DEV0003,PORT-DEV0003,ACC0039,yard_client,explorer.exe,LOGIN,LOW,NORMAL,
EDR-00875,2026-06-27T12:08:56Z,DEV0038,PORT-DEV0038,ACC0035,remote_admin_tool,explorer.exe,LOGIN,LOW,NORMAL,
EDR-00876,2026-06-28T17:52:35Z,DEV0057,PORT-DEV0057,ACC0044,sensor_service,yard_client,SOFTWARE_UPDATE,LOW,NORMAL,
EDR-00877,2026-06-07T06:03:16Z,DEV0091,PORT-DEV0091,ACC0001,vendor_agent,vendor_agent,LOGIN,LOW,NORMAL,
EDR-00878,2026-06-17T04:39:03Z,DEV0013,PORT-DEV0013,ACC0007,browser,vendor_agent,LOGIN,LOW,NORMAL,
EDR-00879,2026-06-16T13:36:30Z,DEV0014,PORT-DEV0014,ACC0050,vendor_agent,yard_client,NONE,LOW,NORMAL,
EDR-00880,2026-06-05T08:42:23Z,DEV0100,PORT-DEV0100,ACC0040,yard_client,vendor_agent,SERVICE_EVENT,LOW,NORMAL,
EDR-00881,2026-06-01T00:44:32Z,DEV0059,PORT-DEV0059,ACC0055,maintenance_client,vendor_agent,NONE,LOW,NORMAL,
EDR-00882,2026-06-22T03:50:32Z,DEV0027,PORT-DEV0027,ACC0038,ssh,explorer.exe,LOGIN,LOW,NORMAL,
EDR-00883,2026-06-25T21:56:30Z,DEV0093,PORT-DEV0093,ACC0028,rdp,services.exe,LOGIN,LOW,NORMAL,
EDR-00884,2026-06-05T02:25:20Z,DEV0026,PORT-DEV0026,ACC0039,sensor_service,services.exe,SOFTWARE_UPDATE,LOW,NORMAL,
EDR-00885,2026-06-12T16:19:10Z,DEV0043,PORT-DEV0043,ACC0052,remote_admin_tool,yard_client,SOFTWARE_UPDATE,LOW,NORMAL,
EDR-00886,2026-06-25T11:11:14Z,DEV0034,PORT-DEV0034,ACC0004,plc_tool,yard_client,UNUSUAL_PARENT_PROCESS,MEDIUM,SUSPICIOUS,
EDR-00887,2026-06-21T03:51:00Z,DEV0055,PORT-DEV0055,ACC0037,vendor_agent,yard_client,NONE,LOW,NORMAL,
EDR-00888,2026-06-15T16:37:17Z,DEV0091,PORT-DEV0091,ACC0059,vendor_agent,yard_client,LOGIN,LOW,NORMAL,
EDR-00889,2026-06-10T12:26:29Z,DEV0022,PORT-DEV0022,ACC0055,sensor_service,yard_client,NONE,LOW,NORMAL,
EDR-00890,2026-06-01T03:33:24Z,DEV0059,PORT-DEV0059,ACC0049,vendor_agent,services.exe,NONE,LOW,NORMAL,
EDR-00891,2026-06-11T11:51:22Z,DEV0071,PORT-DEV0071,ACC0019,browser,vendor_agent,NONE,LOW,NORMAL,
EDR-00892,2026-06-03T14:36:46Z,DEV0025,PORT-DEV0025,ACC0057,sensor_service,yard_client,NONE,LOW,NORMAL,
EDR-00893,2026-06-23T17:16:05Z,DEV0087,PORT-DEV0087,ACC0008,vendor_agent,yard_client,LOGIN,LOW,NORMAL,
EDR-00894,2026-06-27T15:32:39Z,DEV0008,PORT-DEV0008,ACC0011,rdp,yard_client,NONE,LOW,NORMAL,
EDR-00895,2026-06-01T07:35:24Z,DEV0079,PORT-DEV0079,ACC0035,remote_admin_tool,vendor_agent,SOFTWARE_UPDATE,LOW,NORMAL,
EDR-00896,2026-06-15T10:32:33Z,DEV0051,PORT-DEV0051,ACC0048,yard_client,yard_client,SERVICE_EVENT,LOW,NORMAL,
EDR-00897,2026-06-01T04:04:13Z,DEV0019,PORT-DEV0019,ACC0007,plc_tool,vendor_agent,SOFTWARE_UPDATE,LOW,NORMAL,
EDR-00898,2026-06-24T19:35:00Z,DEV0076,PORT-DEV0076,ACC0025,plc_tool,explorer.exe,UNUSUAL_PARENT_PROCESS,HIGH,SUSPICIOUS,INC-T21-004
EDR-00899,2026-06-21T10:12:25Z,DEV0049,PORT-DEV0049,ACC0048,vendor_agent,explorer.exe,LOGIN,LOW,NORMAL,
EDR-00900,2026-06-16T16:08:34Z,DEV0080,PORT-DEV0080,ACC0056,remote_admin_tool,vendor_agent,LOGIN,LOW,NORMAL,
EDR-00901,2026-06-16T16:51:54Z,DEV0091,PORT-DEV0091,ACC0014,vendor_agent,explorer.exe,SOFTWARE_UPDATE,LOW,NORMAL,
EDR-00902,2026-06-11T07:52:46Z,DEV0023,PORT-DEV0023,ACC0032,ssh,vendor_agent,SERVICE_EVENT,LOW,NORMAL,
EDR-00903,2026-06-09T22:53:55Z,DEV0007,PORT-DEV0007,ACC0037,remote_admin_tool,explorer.exe,LOGIN,LOW,NORMAL,
EDR-00904,2026-06-15T11:35:58Z,DEV0093,PORT-DEV0093,ACC0044,plc_tool,services.exe,LOGIN,LOW,NORMAL,
EDR-00905,2026-06-14T04:43:34Z,DEV0048,PORT-DEV0048,ACC0032,vendor_agent,yard_client,SERVICE_EVENT,LOW,NORMAL,
EDR-00906,2026-06-25T14:53:08Z,DEV0099,PORT-DEV0099,ACC0052,rdp,vendor_agent,SERVICE_EVENT,LOW,NORMAL,
EDR-00907,2026-06-25T12:35:06Z,DEV0086,PORT-DEV0086,ACC0008,browser,services.exe,NONE,LOW,NORMAL,
EDR-00908,2026-06-20T07:32:27Z,DEV0099,PORT-DEV0099,ACC0011,remote_admin_tool,services.exe,LOGIN,LOW,NORMAL,
EDR-00909,2026-06-27T11:51:41Z,DEV0007,PORT-DEV0007,ACC0036,maintenance_client,explorer.exe,NONE,LOW,NORMAL,
EDR-00910,2026-06-30T12:20:51Z,DEV0097,PORT-DEV0097,ACC0060,vendor_agent,yard_client,LOGIN,LOW,NORMAL,
EDR-00911,2026-06-09T01:45:33Z,DEV0060,PORT-DEV0060,ACC0016,yard_client,yard_client,SOFTWARE_UPDATE,LOW,NORMAL,
EDR-00912,2026-06-17T16:58:51Z,DEV0023,PORT-DEV0023,ACC0054,sensor_service,yard_client,NONE,LOW,NORMAL,
EDR-00913,2026-06-30T03:39:26Z,DEV0023,PORT-DEV0023,ACC0005,sensor_service,vendor_agent,SERVICE_EVENT,LOW,NORMAL,
EDR-00914,2026-06-03T11:26:51Z,DEV0033,PORT-DEV0033,ACC0006,plc_tool,yard_client,SERVICE_EVENT,LOW,NORMAL,
EDR-00915,2026-06-01T01:50:58Z,DEV0091,PORT-DEV0091,ACC0051,ssh,explorer.exe,SOFTWARE_UPDATE,LOW,NORMAL,
EDR-00916,2026-06-17T00:38:46Z,DEV0016,PORT-DEV0016,ACC0046,rdp,explorer.exe,SOFTWARE_UPDATE,LOW,NORMAL,
EDR-00917,2026-06-01T01:54:38Z,DEV0071,PORT-DEV0071,ACC0005,maintenance_client,yard_client,NONE,LOW,NORMAL,
EDR-00918,2026-06-30T11:33:04Z,DEV0061,PORT-DEV0061,ACC0034,plc_tool,vendor_agent,SERVICE_EVENT,LOW,NORMAL,
EDR-00919,2026-06-29T01:52:41Z,DEV0098,PORT-DEV0098,ACC0043,yard_client,vendor_agent,SERVICE_EVENT,LOW,NORMAL,
EDR-00920,2026-06-18T19:10:00Z,DEV0054,PORT-DEV0054,ACC0056,rdp,yard_client,LOGIN,LOW,NORMAL,
EDR-00921,2026-06-19T19:45:32Z,DEV0058,PORT-DEV0058,ACC0030,remote_admin_tool,yard_client,REMOTE_EXECUTION,HIGH,SUSPICIOUS,
EDR-00922,2026-06-22T01:04:54Z,DEV0034,PORT-DEV0034,ACC0007,vendor_agent,services.exe,LOGIN,LOW,NORMAL,
EDR-00923,2026-06-07T12:28:25Z,DEV0068,PORT-DEV0068,ACC0045,plc_tool,vendor_agent,LOGIN,LOW,NORMAL,
EDR-00924,2026-06-15T14:10:39Z,DEV0045,PORT-DEV0045,ACC0005,vendor_agent,vendor_agent,SERVICE_EVENT,LOW,NORMAL,
EDR-00925,2026-06-03T09:30:26Z,DEV0004,PORT-DEV0004,ACC0055,plc_tool,services.exe,NONE,LOW,NORMAL,
EDR-00926,2026-06-17T05:33:05Z,DEV0065,PORT-DEV0065,ACC0053,rdp,explorer.exe,LOGIN,LOW,NORMAL,
EDR-00927,2026-06-12T10:31:12Z,DEV0023,PORT-DEV0023,ACC0008,ssh,services.exe,LOGIN,LOW,NORMAL,
EDR-00928,2026-06-16T21:47:41Z,DEV0093,PORT-DEV0093,ACC0051,remote_admin_tool,services.exe,SERVICE_EVENT,LOW,NORMAL,
EDR-00929,2026-06-11T20:06:09Z,DEV0051,PORT-DEV0051,ACC0028,yard_client,services.exe,LOGIN,LOW,NORMAL,
EDR-00930,2026-06-18T14:34:04Z,DEV0015,PORT-DEV0015,ACC0036,ssh,vendor_agent,LOGIN,LOW,NORMAL,
EDR-00931,2026-06-19T10:00:01Z,DEV0076,PORT-DEV0076,ACC0049,browser,services.exe,SOFTWARE_UPDATE,LOW,NORMAL,
EDR-00932,2026-06-24T19:36:00Z,DEV0076,PORT-DEV0076,ACC0020,remote_admin_tool,vendor_agent,SUSPICIOUS_PROCESS,HIGH,SUSPICIOUS,INC-T21-004
EDR-00933,2026-06-01T12:39:55Z,DEV0065,PORT-DEV0065,ACC0050,remote_admin_tool,explorer.exe,SOFTWARE_UPDATE,LOW,NORMAL,
EDR-00934,2026-06-23T18:38:53Z,DEV0094,PORT-DEV0094,ACC0037,plc_tool,services.exe,REMOTE_EXECUTION,CRITICAL,SUSPICIOUS,
EDR-00935,2026-06-27T17:27:21Z,DEV0082,PORT-DEV0082,ACC0050,maintenance_client,explorer.exe,SERVICE_EVENT,LOW,NORMAL,
EDR-00936,2026-06-04T20:52:08Z,DEV0017,PORT-DEV0017,ACC0042,yard_client,explorer.exe,SERVICE_EVENT,LOW,NORMAL,
EDR-00937,2026-06-13T17:32:16Z,DEV0072,PORT-DEV0072,ACC0045,maintenance_client,yard_client,NONE,LOW,NORMAL,
EDR-00938,2026-06-12T10:13:24Z,DEV0034,PORT-DEV0034,ACC0026,sensor_service,explorer.exe,SERVICE_EVENT,LOW,NORMAL,
EDR-00939,2026-06-13T08:46:12Z,DEV0047,PORT-DEV0047,ACC0008,rdp,services.exe,LOGIN,LOW,NORMAL,
EDR-00940,2026-06-24T15:01:58Z,DEV0035,PORT-DEV0035,ACC0034,maintenance_client,vendor_agent,NONE,LOW,NORMAL,
EDR-00941,2026-06-30T07:49:22Z,DEV0024,PORT-DEV0024,ACC0030,sensor_service,explorer.exe,SOFTWARE_UPDATE,LOW,NORMAL,
EDR-00942,2026-06-30T00:47:51Z,DEV0021,PORT-DEV0021,ACC0037,yard_client,yard_client,LOGIN,LOW,NORMAL,
EDR-00943,2026-06-20T19:28:25Z,DEV0074,PORT-DEV0074,ACC0008,remote_admin_tool,yard_client,LOGIN,LOW,NORMAL,
EDR-00944,2026-06-11T07:30:34Z,DEV0021,PORT-DEV0021,ACC0033,vendor_agent,explorer.exe,LOGIN,LOW,NORMAL,
EDR-00945,2026-06-17T07:24:52Z,DEV0033,PORT-DEV0033,ACC0017,remote_admin_tool,yard_client,SOFTWARE_UPDATE,LOW,NORMAL,
EDR-00946,2026-06-02T00:42:18Z,DEV0060,PORT-DEV0060,ACC0057,browser,services.exe,SERVICE_EVENT,LOW,NORMAL,
EDR-00947,2026-06-15T11:28:10Z,DEV0057,PORT-DEV0057,ACC0006,rdp,yard_client,SERVICE_EVENT,LOW,NORMAL,
EDR-00948,2026-06-03T14:01:00Z,DEV0091,PORT-DEV0091,ACC0039,ssh,services.exe,SERVICE_EVENT,LOW,NORMAL,
EDR-00949,2026-06-17T11:45:53Z,DEV0095,PORT-DEV0095,ACC0039,plc_tool,yard_client,LOGIN,LOW,NORMAL,
EDR-00950,2026-06-18T04:55:53Z,DEV0073,PORT-DEV0073,ACC0004,sensor_service,vendor_agent,SERVICE_EVENT,LOW,NORMAL,
EDR-00951,2026-06-28T05:34:52Z,DEV0032,PORT-DEV0032,ACC0002,plc_tool,explorer.exe,LOGIN,LOW,NORMAL,
EDR-00952,2026-06-11T04:41:11Z,DEV0032,PORT-DEV0032,ACC0036,maintenance_client,yard_client,SOFTWARE_UPDATE,LOW,NORMAL,
EDR-00953,2026-06-19T15:18:04Z,DEV0052,PORT-DEV0052,ACC0002,sensor_service,services.exe,NONE,LOW,NORMAL,
EDR-00954,2026-06-22T19:16:47Z,DEV0083,PORT-DEV0083,ACC0046,sensor_service,services.exe,SOFTWARE_UPDATE,LOW,NORMAL,
EDR-00955,2026-06-18T04:09:29Z,DEV0022,PORT-DEV0022,ACC0040,maintenance_client,explorer.exe,LOGIN,LOW,NORMAL,
EDR-00956,2026-06-04T19:41:22Z,DEV0073,PORT-DEV0073,ACC0010,ssh,explorer.exe,NONE,LOW,NORMAL,
EDR-00957,2026-06-29T16:01:00Z,DEV0040,PORT-DEV0040,ACC0020,ssh,yard_client,SOFTWARE_UPDATE,LOW,NORMAL,
EDR-00958,2026-06-05T16:11:24Z,DEV0018,PORT-DEV0018,ACC0024,ssh,services.exe,NONE,LOW,NORMAL,
EDR-00959,2026-06-29T22:48:04Z,DEV0074,PORT-DEV0074,ACC0028,yard_client,services.exe,LOGIN,LOW,NORMAL,
EDR-00960,2026-06-16T22:17:38Z,DEV0059,PORT-DEV0059,ACC0042,ssh,vendor_agent,SERVICE_EVENT,LOW,NORMAL,
EDR-00961,2026-06-02T03:19:47Z,DEV0043,PORT-DEV0043,ACC0037,plc_tool,yard_client,SERVICE_EVENT,LOW,NORMAL,
EDR-00962,2026-06-26T15:44:46Z,DEV0097,PORT-DEV0097,ACC0024,maintenance_client,vendor_agent,LOGIN,LOW,NORMAL,
EDR-00963,2026-06-09T22:18:00Z,DEV0021,PORT-DEV0021,ACC0034,ssh,vendor_agent,LOGIN,LOW,NORMAL,
EDR-00964,2026-06-09T03:37:02Z,DEV0075,PORT-DEV0075,ACC0056,vendor_agent,yard_client,SOFTWARE_UPDATE,LOW,NORMAL,
EDR-00965,2026-06-09T01:55:43Z,DEV0082,PORT-DEV0082,ACC0034,maintenance_client,yard_client,LOGIN,LOW,NORMAL,
EDR-00966,2026-06-04T10:24:19Z,DEV0083,PORT-DEV0083,ACC0012,remote_admin_tool,yard_client,SERVICE_EVENT,LOW,NORMAL,
EDR-00967,2026-06-19T07:38:13Z,DEV0076,PORT-DEV0076,ACC0047,credential_helper_sim,yard_client,REMOTE_EXECUTION,MEDIUM,SUSPICIOUS,
EDR-00968,2026-06-11T01:54:17Z,DEV0083,PORT-DEV0083,ACC0034,yard_client,services.exe,SERVICE_EVENT,LOW,NORMAL,
EDR-00969,2026-06-03T05:31:57Z,DEV0054,PORT-DEV0054,ACC0001,maintenance_client,services.exe,LOGIN,LOW,NORMAL,
EDR-00970,2026-06-23T16:24:02Z,DEV0036,PORT-DEV0036,ACC0010,sensor_service,yard_client,SOFTWARE_UPDATE,LOW,NORMAL,
EDR-00971,2026-06-06T23:15:39Z,DEV0022,PORT-DEV0022,ACC0011,ssh,services.exe,NONE,LOW,NORMAL,
EDR-00972,2026-06-13T16:04:48Z,DEV0040,PORT-DEV0040,ACC0012,remote_admin_tool,vendor_agent,NONE,LOW,NORMAL,
EDR-00973,2026-06-12T14:07:00Z,DEV0031,PORT-DEV0031,ACC0041,sensor_service,yard_client,SERVICE_EVENT,LOW,NORMAL,
EDR-00974,2026-06-15T03:50:07Z,DEV0068,PORT-DEV0068,ACC0055,remote_admin_tool,vendor_agent,LOGIN,LOW,NORMAL,
EDR-00975,2026-06-21T08:44:15Z,DEV0093,PORT-DEV0093,ACC0030,browser,yard_client,NONE,LOW,NORMAL,
EDR-00976,2026-06-13T00:57:58Z,DEV0038,PORT-DEV0038,ACC0044,browser,vendor_agent,NONE,LOW,NORMAL,
EDR-00977,2026-06-04T05:44:40Z,DEV0099,PORT-DEV0099,ACC0043,sensor_service,explorer.exe,LOGIN,LOW,NORMAL,
EDR-00978,2026-06-13T05:00:36Z,DEV0027,PORT-DEV0027,ACC0044,rdp,yard_client,SOFTWARE_UPDATE,LOW,NORMAL,
EDR-00979,2026-06-21T05:22:03Z,DEV0035,PORT-DEV0035,ACC0043,browser,yard_client,SERVICE_EVENT,LOW,NORMAL,
EDR-00980,2026-06-30T16:00:12Z,DEV0029,PORT-DEV0029,ACC0006,remote_admin_tool,explorer.exe,LOGIN,LOW,NORMAL,
EDR-00981,2026-06-02T19:21:01Z,DEV0055,PORT-DEV0055,ACC0043,vendor_agent,services.exe,LOGIN,LOW,NORMAL,
EDR-00982,2026-06-12T17:04:08Z,DEV0048,PORT-DEV0048,ACC0045,rdp,explorer.exe,SERVICE_EVENT,LOW,NORMAL,
EDR-00983,2026-06-22T16:14:01Z,DEV0008,PORT-DEV0008,ACC0040,yard_client,explorer.exe,SOFTWARE_UPDATE,LOW,NORMAL,
EDR-00984,2026-06-08T19:11:39Z,DEV0098,PORT-DEV0098,ACC0009,sensor_service,yard_client,SOFTWARE_UPDATE,LOW,NORMAL,
EDR-00985,2026-06-27T00:39:33Z,DEV0053,PORT-DEV0053,ACC0017,sensor_service,vendor_agent,SOFTWARE_UPDATE,LOW,NORMAL,
EDR-00986,2026-06-01T23:55:42Z,DEV0085,PORT-DEV0085,ACC0060,remote_admin_tool,services.exe,LOGIN,LOW,NORMAL,
EDR-00987,2026-06-15T00:57:15Z,DEV0028,PORT-DEV0028,ACC0027,vendor_agent,vendor_agent,NONE,LOW,NORMAL,
EDR-00988,2026-06-15T02:33:39Z,DEV0017,PORT-DEV0017,ACC0015,remote_admin_tool,services.exe,SERVICE_EVENT,LOW,NORMAL,
EDR-00989,2026-06-24T14:47:02Z,DEV0018,PORT-DEV0018,ACC0040,ssh,vendor_agent,SERVICE_EVENT,LOW,NORMAL,
EDR-00990,2026-06-20T23:49:19Z,DEV0095,PORT-DEV0095,ACC0047,vendor_agent,yard_client,NONE,LOW,NORMAL,
EDR-00991,2026-06-05T22:48:00Z,DEV0099,PORT-DEV0099,ACC0021,powershell_sim,services.exe,SUSPICIOUS_PROCESS,HIGH,SUSPICIOUS,INC-T21-001
EDR-00992,2026-06-15T21:57:31Z,DEV0006,PORT-DEV0006,ACC0016,yard_client,explorer.exe,SOFTWARE_UPDATE,LOW,NORMAL,
EDR-00993,2026-06-29T22:57:10Z,DEV0054,PORT-DEV0054,ACC0019,maintenance_client,services.exe,NONE,LOW,NORMAL,
EDR-00994,2026-06-23T19:55:00Z,DEV0081,PORT-DEV0081,ACC0041,maintenance_client,vendor_agent,LOGIN,LOW,NORMAL,
EDR-00995,2026-06-20T10:54:42Z,DEV0053,PORT-DEV0053,ACC0056,rdp,vendor_agent,LOGIN,LOW,NORMAL,
EDR-00996,2026-06-14T17:24:49Z,DEV0001,PORT-DEV0001,ACC0055,ssh,services.exe,LOGIN,LOW,NORMAL,
EDR-00997,2026-06-12T20:40:55Z,DEV0028,PORT-DEV0028,ACC0014,vendor_agent,services.exe,SOFTWARE_UPDATE,LOW,NORMAL,
EDR-00998,2026-06-30T22:00:23Z,DEV0062,PORT-DEV0062,ACC0002,sensor_service,vendor_agent,NONE,LOW,NORMAL,
EDR-00999,2026-06-08T15:13:15Z,DEV0097,PORT-DEV0097,ACC0053,yard_client,vendor_agent,SERVICE_EVENT,LOW,NORMAL,
EDR-01000,2026-06-15T08:52:49Z,DEV0010,PORT-DEV0010,ACC0057,yard_client,yard_client,LOGIN,LOW,NORMAL,
EDR-01001,2026-06-15T12:34:18Z,DEV0047,PORT-DEV0047,ACC0021,plc_tool,yard_client,SERVICE_EVENT,LOW,NORMAL,
EDR-01002,2026-06-24T19:40:29Z,DEV0083,PORT-DEV0083,ACC0018,vendor_agent,vendor_agent,LOGIN,LOW,NORMAL,
EDR-01003,2026-06-15T11:32:47Z,DEV0073,PORT-DEV0073,ACC0045,vendor_agent,services.exe,LOGIN,LOW,NORMAL,
EDR-01004,2026-06-03T15:17:58Z,DEV0029,PORT-DEV0029,ACC0016,credential_helper_sim,vendor_agent,REMOTE_EXECUTION,CRITICAL,SUSPICIOUS,
EDR-01005,2026-06-14T17:46:56Z,DEV0030,PORT-DEV0030,ACC0023,plc_tool,vendor_agent,NEW_REMOTE_TOOL,CRITICAL,SUSPICIOUS,
EDR-01006,2026-06-27T21:15:36Z,DEV0095,PORT-DEV0095,ACC0012,rdp,yard_client,NONE,LOW,NORMAL,
EDR-01007,2026-06-29T08:13:03Z,DEV0011,PORT-DEV0011,ACC0049,sensor_service,explorer.exe,SERVICE_EVENT,LOW,NORMAL,
EDR-01008,2026-06-02T02:15:32Z,DEV0025,PORT-DEV0025,ACC0022,maintenance_client,explorer.exe,NONE,LOW,NORMAL,
EDR-01009,2026-06-26T01:34:25Z,DEV0048,PORT-DEV0048,ACC0009,sensor_service,yard_client,SERVICE_EVENT,LOW,NORMAL,
EDR-01010,2026-06-27T13:06:53Z,DEV0079,PORT-DEV0079,ACC0025,browser,vendor_agent,SOFTWARE_UPDATE,LOW,NORMAL,
EDR-01011,2026-06-03T14:44:58Z,DEV0099,PORT-DEV0099,ACC0001,remote_admin_tool,services.exe,NONE,LOW,NORMAL,
EDR-01012,2026-06-01T19:06:48Z,DEV0006,PORT-DEV0006,ACC0012,vendor_agent,yard_client,LOGIN,LOW,NORMAL,
EDR-01013,2026-06-02T02:08:16Z,DEV0022,PORT-DEV0022,ACC0020,plc_tool,services.exe,SERVICE_EVENT,LOW,NORMAL,
EDR-01014,2026-06-14T15:22:57Z,DEV0055,PORT-DEV0055,ACC0059,credential_helper_sim,services.exe,UNUSUAL_PARENT_PROCESS,CRITICAL,SUSPICIOUS,
EDR-01015,2026-06-09T20:35:10Z,DEV0099,PORT-DEV0099,ACC0047,vendor_agent,explorer.exe,LOGIN,LOW,NORMAL,
EDR-01016,2026-06-04T03:40:56Z,DEV0086,PORT-DEV0086,ACC0004,vendor_agent,vendor_agent,LOGIN,LOW,NORMAL,
EDR-01017,2026-06-15T23:00:46Z,DEV0045,PORT-DEV0045,ACC0014,plc_tool,yard_client,SERVICE_EVENT,LOW,NORMAL,
EDR-01018,2026-06-20T21:17:10Z,DEV0071,PORT-DEV0071,ACC0033,ssh,services.exe,LOGIN,LOW,NORMAL,
EDR-01019,2026-06-27T12:37:45Z,DEV0049,PORT-DEV0049,ACC0001,ssh,vendor_agent,LOGIN,LOW,NORMAL,
EDR-01020,2026-06-04T17:36:17Z,DEV0053,PORT-DEV0053,ACC0056,ssh,vendor_agent,SOFTWARE_UPDATE,LOW,NORMAL,
EDR-01021,2026-06-27T03:15:53Z,DEV0059,PORT-DEV0059,ACC0042,plc_tool,yard_client,SOFTWARE_UPDATE,LOW,NORMAL,
EDR-01022,2026-06-01T06:38:36Z,DEV0018,PORT-DEV0018,ACC0022,remote_admin_tool,yard_client,NEW_REMOTE_TOOL,CRITICAL,SUSPICIOUS,
EDR-01023,2026-06-20T08:42:41Z,DEV0068,PORT-DEV0068,ACC0006,rdp,vendor_agent,SOFTWARE_UPDATE,LOW,NORMAL,
EDR-01024,2026-06-14T18:37:07Z,DEV0005,PORT-DEV0005,ACC0005,browser,explorer.exe,SOFTWARE_UPDATE,LOW,NORMAL,
EDR-01025,2026-06-06T17:08:40Z,DEV0092,PORT-DEV0092,ACC0001,sensor_service,explorer.exe,LOGIN,LOW,NORMAL,
EDR-01026,2026-06-07T08:29:06Z,DEV0071,PORT-DEV0071,ACC0032,credential_helper_sim,services.exe,SUSPICIOUS_PROCESS,CRITICAL,SUSPICIOUS,
EDR-01027,2026-06-23T15:33:18Z,DEV0079,PORT-DEV0079,ACC0056,yard_client,yard_client,SERVICE_EVENT,LOW,NORMAL,
EDR-01028,2026-06-06T23:40:47Z,DEV0039,PORT-DEV0039,ACC0022,yard_client,services.exe,SERVICE_EVENT,LOW,NORMAL,
EDR-01029,2026-06-14T10:36:28Z,DEV0034,PORT-DEV0034,ACC0038,vendor_agent,vendor_agent,SOFTWARE_UPDATE,LOW,NORMAL,
EDR-01030,2026-06-09T19:38:07Z,DEV0059,PORT-DEV0059,ACC0056,yard_client,services.exe,NONE,LOW,NORMAL,
EDR-01031,2026-06-11T01:23:38Z,DEV0007,PORT-DEV0007,ACC0045,rdp,yard_client,SOFTWARE_UPDATE,LOW,NORMAL,
EDR-01032,2026-06-24T15:06:47Z,DEV0007,PORT-DEV0007,ACC0028,vendor_agent,yard_client,SERVICE_EVENT,LOW,NORMAL,
EDR-01033,2026-06-11T16:56:31Z,DEV0031,PORT-DEV0031,ACC0033,rdp,explorer.exe,SERVICE_EVENT,LOW,NORMAL,
EDR-01034,2026-06-01T11:02:27Z,DEV0035,PORT-DEV0035,ACC0011,browser,services.exe,SOFTWARE_UPDATE,LOW,NORMAL,
EDR-01035,2026-06-04T15:56:42Z,DEV0042,PORT-DEV0042,ACC0022,ssh,services.exe,SERVICE_EVENT,LOW,NORMAL,
EDR-01036,2026-06-09T00:34:46Z,DEV0090,PORT-DEV0090,ACC0029,plc_tool,explorer.exe,NONE,LOW,NORMAL,
EDR-01037,2026-06-30T19:16:58Z,DEV0038,PORT-DEV0038,ACC0059,ssh,explorer.exe,LOGIN,LOW,NORMAL,
EDR-01038,2026-06-05T05:08:00Z,DEV0055,PORT-DEV0055,ACC0025,browser,yard_client,SERVICE_EVENT,LOW,NORMAL,
EDR-01039,2026-06-23T17:36:49Z,DEV0021,PORT-DEV0021,ACC0045,maintenance_client,vendor_agent,SERVICE_EVENT,LOW,NORMAL,
EDR-01040,2026-06-06T15:15:10Z,DEV0068,PORT-DEV0068,ACC0045,sensor_service,services.exe,LOGIN,LOW,NORMAL,
EDR-01041,2026-06-24T16:26:44Z,DEV0017,PORT-DEV0017,ACC0027,remote_admin_tool,vendor_agent,SERVICE_EVENT,LOW,NORMAL,
EDR-01042,2026-06-04T13:04:36Z,DEV0071,PORT-DEV0071,ACC0027,ssh,vendor_agent,SERVICE_EVENT,LOW,NORMAL,
EDR-01043,2026-06-09T00:00:38Z,DEV0033,PORT-DEV0033,ACC0058,yard_client,yard_client,SERVICE_EVENT,LOW,NORMAL,
EDR-01044,2026-06-23T21:57:45Z,DEV0074,PORT-DEV0074,ACC0001,remote_admin_tool,yard_client,SERVICE_EVENT,LOW,NORMAL,
EDR-01045,2026-06-09T07:13:36Z,DEV0061,PORT-DEV0061,ACC0034,ssh,explorer.exe,NONE,LOW,NORMAL,
EDR-01046,2026-06-26T06:58:48Z,DEV0020,PORT-DEV0020,ACC0024,maintenance_client,explorer.exe,LOGIN,LOW,NORMAL,
EDR-01047,2026-06-01T02:31:54Z,DEV0047,PORT-DEV0047,ACC0014,yard_client,yard_client,NONE,LOW,NORMAL,
EDR-01048,2026-06-30T20:42:48Z,DEV0012,PORT-DEV0012,ACC0039,plc_tool,services.exe,NONE,LOW,NORMAL,
EDR-01049,2026-06-25T16:06:36Z,DEV0032,PORT-DEV0032,ACC0029,remote_admin_tool,services.exe,SOFTWARE_UPDATE,LOW,NORMAL,
EDR-01050,2026-06-24T09:46:50Z,DEV0071,PORT-DEV0071,ACC0003,maintenance_client,vendor_agent,NONE,LOW,NORMAL,
EDR-01051,2026-06-27T12:51:31Z,DEV0017,PORT-DEV0017,ACC0013,powershell_sim,explorer.exe,REMOTE_EXECUTION,CRITICAL,SUSPICIOUS,
EDR-01052,2026-06-05T14:40:29Z,DEV0097,PORT-DEV0097,ACC0021,rdp,explorer.exe,NONE,LOW,NORMAL,
EDR-01053,2026-06-05T10:15:16Z,DEV0094,PORT-DEV0094,ACC0045,rdp,vendor_agent,SOFTWARE_UPDATE,LOW,NORMAL,
EDR-01054,2026-06-02T20:32:46Z,DEV0036,PORT-DEV0036,ACC0042,vendor_agent,yard_client,LOGIN,LOW,NORMAL,
EDR-01055,2026-06-23T15:09:08Z,DEV0071,PORT-DEV0071,ACC0040,yard_client,services.exe,LOGIN,LOW,NORMAL,
EDR-01056,2026-06-01T23:29:58Z,DEV0045,PORT-DEV0045,ACC0030,sensor_service,vendor_agent,SERVICE_EVENT,LOW,NORMAL,
EDR-01057,2026-06-19T20:42:54Z,DEV0078,PORT-DEV0078,ACC0039,plc_tool,services.exe,SUSPICIOUS_PROCESS,CRITICAL,SUSPICIOUS,
EDR-01058,2026-06-11T22:35:47Z,DEV0029,PORT-DEV0029,ACC0007,maintenance_client,yard_client,SOFTWARE_UPDATE,LOW,NORMAL,
EDR-01059,2026-06-29T00:09:35Z,DEV0030,PORT-DEV0030,ACC0047,yard_client,vendor_agent,SERVICE_EVENT,LOW,NORMAL,
EDR-01060,2026-06-18T10:47:03Z,DEV0052,PORT-DEV0052,ACC0024,remote_admin_tool,yard_client,SERVICE_EVENT,LOW,NORMAL,
EDR-01061,2026-06-04T01:47:21Z,DEV0021,PORT-DEV0021,ACC0021,powershell_sim,vendor_agent,REMOTE_EXECUTION,MEDIUM,SUSPICIOUS,
EDR-01062,2026-06-03T00:39:49Z,DEV0013,PORT-DEV0013,ACC0018,browser,vendor_agent,NONE,LOW,NORMAL,
EDR-01063,2026-06-29T12:40:43Z,DEV0088,PORT-DEV0088,ACC0029,plc_tool,vendor_agent,NONE,LOW,NORMAL,
EDR-01064,2026-06-26T13:10:09Z,DEV0020,PORT-DEV0020,ACC0049,yard_client,services.exe,NONE,LOW,NORMAL,
EDR-01065,2026-06-17T22:58:07Z,DEV0069,PORT-DEV0069,ACC0031,rdp,yard_client,NONE,LOW,NORMAL,
EDR-01066,2026-06-24T03:56:46Z,DEV0034,PORT-DEV0034,ACC0046,rdp,vendor_agent,SOFTWARE_UPDATE,LOW,NORMAL,
EDR-01067,2026-06-05T15:12:50Z,DEV0039,PORT-DEV0039,ACC0017,yard_client,vendor_agent,SOFTWARE_UPDATE,LOW,NORMAL,
EDR-01068,2026-06-11T13:17:21Z,DEV0050,PORT-DEV0050,ACC0029,vendor_agent,yard_client,SERVICE_EVENT,LOW,NORMAL,
EDR-01069,2026-06-09T12:53:03Z,DEV0098,PORT-DEV0098,ACC0049,ssh,services.exe,LOGIN,LOW,NORMAL,
EDR-01070,2026-06-06T01:29:51Z,DEV0039,PORT-DEV0039,ACC0016,browser,services.exe,LOGIN,LOW,NORMAL,
EDR-01071,2026-06-07T04:30:38Z,DEV0091,PORT-DEV0091,ACC0049,plc_tool,explorer.exe,SERVICE_EVENT,LOW,NORMAL,
EDR-01072,2026-06-15T16:11:32Z,DEV0018,PORT-DEV0018,ACC0053,sensor_service,explorer.exe,LOGIN,LOW,NORMAL,
EDR-01073,2026-06-21T00:57:10Z,DEV0062,PORT-DEV0062,ACC0036,sensor_service,explorer.exe,NONE,LOW,NORMAL,
EDR-01074,2026-06-27T19:10:17Z,DEV0088,PORT-DEV0088,ACC0055,rdp,vendor_agent,SERVICE_EVENT,LOW,NORMAL,
EDR-01075,2026-06-26T23:44:42Z,DEV0042,PORT-DEV0042,ACC0012,ssh,vendor_agent,SOFTWARE_UPDATE,LOW,NORMAL,
EDR-01076,2026-06-08T21:27:45Z,DEV0048,PORT-DEV0048,ACC0008,vendor_agent,vendor_agent,NONE,LOW,NORMAL,
EDR-01077,2026-06-19T15:36:36Z,DEV0068,PORT-DEV0068,ACC0003,rdp,yard_client,SOFTWARE_UPDATE,LOW,NORMAL,
EDR-01078,2026-06-18T21:44:43Z,DEV0084,PORT-DEV0084,ACC0007,powershell_sim,vendor_agent,SUSPICIOUS_PROCESS,CRITICAL,SUSPICIOUS,
EDR-01079,2026-06-21T03:27:06Z,DEV0075,PORT-DEV0075,ACC0045,maintenance_client,explorer.exe,SERVICE_EVENT,LOW,NORMAL,
EDR-01080,2026-06-22T11:20:06Z,DEV0085,PORT-DEV0085,ACC0056,maintenance_client,services.exe,SOFTWARE_UPDATE,LOW,NORMAL,
EDR-01081,2026-06-01T04:58:51Z,DEV0036,PORT-DEV0036,ACC0042,plc_tool,vendor_agent,SOFTWARE_UPDATE,LOW,NORMAL,
EDR-01082,2026-06-11T03:25:25Z,DEV0018,PORT-DEV0018,ACC0010,maintenance_client,vendor_agent,SOFTWARE_UPDATE,LOW,NORMAL,
EDR-01083,2026-06-13T18:09:00Z,DEV0040,PORT-DEV0040,ACC0056,plc_tool,explorer.exe,LOGIN,LOW,NORMAL,
EDR-01084,2026-06-01T03:36:13Z,DEV0095,PORT-DEV0095,ACC0023,sensor_service,vendor_agent,SOFTWARE_UPDATE,LOW,NORMAL,
EDR-01085,2026-06-23T23:53:53Z,DEV0025,PORT-DEV0025,ACC0039,sensor_service,vendor_agent,SERVICE_EVENT,LOW,NORMAL,
EDR-01086,2026-06-09T21:10:44Z,DEV0080,PORT-DEV0080,ACC0006,ssh,vendor_agent,SERVICE_EVENT,LOW,NORMAL,
EDR-01087,2026-06-06T06:34:57Z,DEV0026,PORT-DEV0026,ACC0053,plc_tool,vendor_agent,NEW_REMOTE_TOOL,HIGH,SUSPICIOUS,
EDR-01088,2026-06-03T16:28:42Z,DEV0041,PORT-DEV0041,ACC0017,vendor_agent,yard_client,LOGIN,LOW,NORMAL,
EDR-01089,2026-06-15T16:01:55Z,DEV0065,PORT-DEV0065,ACC0018,sensor_service,services.exe,SOFTWARE_UPDATE,LOW,NORMAL,
EDR-01090,2026-06-11T19:15:01Z,DEV0047,PORT-DEV0047,ACC0001,yard_client,services.exe,NONE,LOW,NORMAL,
EDR-01091,2026-06-26T20:31:52Z,DEV0049,PORT-DEV0049,ACC0046,rdp,yard_client,SERVICE_EVENT,LOW,NORMAL,
EDR-01092,2026-06-27T20:05:08Z,DEV0067,PORT-DEV0067,ACC0029,vendor_agent,vendor_agent,LOGIN,LOW,NORMAL,
EDR-01093,2026-06-20T07:07:18Z,DEV0057,PORT-DEV0057,ACC0058,rdp,vendor_agent,SERVICE_EVENT,LOW,NORMAL,
EDR-01094,2026-06-20T13:06:38Z,DEV0063,PORT-DEV0063,ACC0016,vendor_agent,services.exe,NONE,LOW,NORMAL,
EDR-01095,2026-06-09T15:00:50Z,DEV0030,PORT-DEV0030,ACC0003,yard_client,explorer.exe,LOGIN,LOW,NORMAL,
EDR-01096,2026-06-20T17:39:46Z,DEV0017,PORT-DEV0017,ACC0060,remote_admin_tool,vendor_agent,SOFTWARE_UPDATE,LOW,NORMAL,
EDR-01097,2026-06-23T00:00:47Z,DEV0071,PORT-DEV0071,ACC0042,yard_client,yard_client,SOFTWARE_UPDATE,LOW,NORMAL,
EDR-01098,2026-06-20T00:10:09Z,DEV0076,PORT-DEV0076,ACC0032,yard_client,explorer.exe,SOFTWARE_UPDATE,LOW,NORMAL,
EDR-01099,2026-06-20T15:07:17Z,DEV0079,PORT-DEV0079,ACC0041,ssh,explorer.exe,NONE,LOW,NORMAL,
EDR-01100,2026-06-26T18:26:45Z,DEV0086,PORT-DEV0086,ACC0008,plc_tool,services.exe,NEW_REMOTE_TOOL,MEDIUM,SUSPICIOUS,
EDR-01101,2026-06-17T05:26:27Z,DEV0024,PORT-DEV0024,ACC0024,browser,services.exe,NONE,LOW,NORMAL,
EDR-01102,2026-06-24T02:00:20Z,DEV0080,PORT-DEV0080,ACC0020,rdp,explorer.exe,NONE,LOW,NORMAL,
EDR-01103,2026-06-05T17:02:41Z,DEV0004,PORT-DEV0004,ACC0053,rdp,yard_client,NONE,LOW,NORMAL,
EDR-01104,2026-06-27T05:29:42Z,DEV0093,PORT-DEV0093,ACC0044,ssh,services.exe,SERVICE_EVENT,LOW,NORMAL,
EDR-01105,2026-06-04T10:00:39Z,DEV0032,PORT-DEV0032,ACC0002,rdp,yard_client,SERVICE_EVENT,LOW,NORMAL,
EDR-01106,2026-06-06T09:37:50Z,DEV0035,PORT-DEV0035,ACC0001,plc_tool,yard_client,SERVICE_EVENT,LOW,NORMAL,
EDR-01107,2026-06-19T19:08:22Z,DEV0023,PORT-DEV0023,ACC0035,yard_client,yard_client,LOGIN,LOW,NORMAL,
EDR-01108,2026-06-22T00:45:20Z,DEV0093,PORT-DEV0093,ACC0020,yard_client,services.exe,SOFTWARE_UPDATE,LOW,NORMAL,
EDR-01109,2026-06-13T06:47:50Z,DEV0010,PORT-DEV0010,ACC0040,sensor_service,services.exe,SOFTWARE_UPDATE,LOW,NORMAL,
EDR-01110,2026-06-04T00:17:11Z,DEV0037,PORT-DEV0037,ACC0005,maintenance_client,services.exe,SERVICE_EVENT,LOW,NORMAL,
EDR-01111,2026-06-18T20:28:23Z,DEV0053,PORT-DEV0053,ACC0029,maintenance_client,yard_client,NONE,LOW,NORMAL,
EDR-01112,2026-06-23T23:00:51Z,DEV0067,PORT-DEV0067,ACC0037,yard_client,yard_client,SOFTWARE_UPDATE,LOW,NORMAL,
EDR-01113,2026-06-08T11:51:35Z,DEV0074,PORT-DEV0074,ACC0059,ssh,services.exe,SOFTWARE_UPDATE,LOW,NORMAL,
EDR-01114,2026-06-23T17:02:12Z,DEV0042,PORT-DEV0042,ACC0053,vendor_agent,explorer.exe,SERVICE_EVENT,LOW,NORMAL,
EDR-01115,2026-06-25T08:49:27Z,DEV0075,PORT-DEV0075,ACC0043,sensor_service,vendor_agent,LOGIN,LOW,NORMAL,
EDR-01116,2026-06-05T13:19:34Z,DEV0057,PORT-DEV0057,ACC0048,vendor_agent,yard_client,NONE,LOW,NORMAL,
EDR-01117,2026-06-20T06:52:17Z,DEV0025,PORT-DEV0025,ACC0017,rdp,yard_client,SOFTWARE_UPDATE,LOW,NORMAL,
EDR-01118,2026-06-02T03:22:35Z,DEV0033,PORT-DEV0033,ACC0057,sensor_service,services.exe,NONE,LOW,NORMAL,
EDR-01119,2026-06-16T05:54:04Z,DEV0003,PORT-DEV0003,ACC0058,plc_tool,explorer.exe,REMOTE_EXECUTION,MEDIUM,SUSPICIOUS,
EDR-01120,2026-06-04T09:18:06Z,DEV0069,PORT-DEV0069,ACC0038,browser,services.exe,NONE,LOW,NORMAL,
EDR-01121,2026-06-20T15:11:56Z,DEV0088,PORT-DEV0088,ACC0017,ssh,yard_client,SOFTWARE_UPDATE,LOW,NORMAL,
EDR-01122,2026-06-19T17:01:28Z,DEV0006,PORT-DEV0006,ACC0005,browser,yard_client,SERVICE_EVENT,LOW,NORMAL,
EDR-01123,2026-06-02T19:05:55Z,DEV0081,PORT-DEV0081,ACC0010,rdp,yard_client,SOFTWARE_UPDATE,LOW,NORMAL,
EDR-01124,2026-06-29T01:38:35Z,DEV0055,PORT-DEV0055,ACC0001,browser,yard_client,NONE,LOW,NORMAL,
EDR-01125,2026-06-13T07:53:55Z,DEV0047,PORT-DEV0047,ACC0041,vendor_agent,explorer.exe,LOGIN,LOW,NORMAL,
EDR-01126,2026-06-08T12:16:44Z,DEV0034,PORT-DEV0034,ACC0027,ssh,explorer.exe,SERVICE_EVENT,LOW,NORMAL,
EDR-01127,2026-06-12T00:28:25Z,DEV0005,PORT-DEV0005,ACC0058,maintenance_client,services.exe,SOFTWARE_UPDATE,LOW,NORMAL,
EDR-01128,2026-06-26T05:00:38Z,DEV0009,PORT-DEV0009,ACC0054,sensor_service,vendor_agent,LOGIN,LOW,NORMAL,
EDR-01129,2026-06-24T21:39:06Z,DEV0083,PORT-DEV0083,ACC0058,ssh,explorer.exe,SERVICE_EVENT,LOW,NORMAL,
EDR-01130,2026-06-18T04:07:02Z,DEV0058,PORT-DEV0058,ACC0050,yard_client,yard_client,NONE,LOW,NORMAL,
EDR-01131,2026-06-12T00:35:05Z,DEV0081,PORT-DEV0081,ACC0041,plc_tool,explorer.exe,SOFTWARE_UPDATE,LOW,NORMAL,
EDR-01132,2026-06-09T12:33:56Z,DEV0004,PORT-DEV0004,ACC0009,plc_tool,yard_client,SERVICE_EVENT,LOW,NORMAL,
EDR-01133,2026-06-29T09:34:31Z,DEV0079,PORT-DEV0079,ACC0050,plc_tool,vendor_agent,NONE,LOW,NORMAL,
EDR-01134,2026-06-30T19:04:55Z,DEV0092,PORT-DEV0092,ACC0055,credential_helper_sim,services.exe,SUSPICIOUS_PROCESS,MEDIUM,SUSPICIOUS,
EDR-01135,2026-06-20T10:19:57Z,DEV0093,PORT-DEV0093,ACC0004,remote_admin_tool,services.exe,SOFTWARE_UPDATE,LOW,NORMAL,
EDR-01136,2026-06-29T01:09:01Z,DEV0013,PORT-DEV0013,ACC0029,plc_tool,services.exe,NONE,LOW,NORMAL,
EDR-01137,2026-06-28T16:40:05Z,DEV0093,PORT-DEV0093,ACC0004,maintenance_client,yard_client,SERVICE_EVENT,LOW,NORMAL,
EDR-01138,2026-06-04T18:51:13Z,DEV0062,PORT-DEV0062,ACC0020,ssh,explorer.exe,LOGIN,LOW,NORMAL,
EDR-01139,2026-06-10T05:40:11Z,DEV0054,PORT-DEV0054,ACC0008,vendor_agent,yard_client,LOGIN,LOW,NORMAL,
EDR-01140,2026-06-10T00:18:23Z,DEV0056,PORT-DEV0056,ACC0001,remote_admin_tool,explorer.exe,LOGIN,LOW,NORMAL,
EDR-01141,2026-06-29T08:05:44Z,DEV0044,PORT-DEV0044,ACC0050,credential_helper_sim,yard_client,UNUSUAL_PARENT_PROCESS,HIGH,SUSPICIOUS,
EDR-01142,2026-06-05T19:05:07Z,DEV0006,PORT-DEV0006,ACC0054,browser,explorer.exe,SERVICE_EVENT,LOW,NORMAL,
EDR-01143,2026-06-18T08:36:45Z,DEV0080,PORT-DEV0080,ACC0051,yard_client,explorer.exe,SERVICE_EVENT,LOW,NORMAL,
EDR-01144,2026-06-08T20:27:48Z,DEV0098,PORT-DEV0098,ACC0017,sensor_service,yard_client,LOGIN,LOW,NORMAL,
EDR-01145,2026-06-24T21:28:00Z,DEV0069,PORT-DEV0069,ACC0027,browser,yard_client,NONE,LOW,NORMAL,
EDR-01146,2026-06-06T20:10:11Z,DEV0092,PORT-DEV0092,ACC0033,plc_tool,vendor_agent,SERVICE_EVENT,LOW,NORMAL,
EDR-01147,2026-06-17T05:25:06Z,DEV0037,PORT-DEV0037,ACC0012,yard_client,explorer.exe,NONE,LOW,NORMAL,
EDR-01148,2026-06-28T14:23:05Z,DEV0051,PORT-DEV0051,ACC0044,rdp,vendor_agent,LOGIN,LOW,NORMAL,
EDR-01149,2026-06-15T13:04:54Z,DEV0055,PORT-DEV0055,ACC0045,plc_tool,services.exe,UNUSUAL_PARENT_PROCESS,HIGH,SUSPICIOUS,
EDR-01150,2026-06-04T23:44:17Z,DEV0092,PORT-DEV0092,ACC0039,ssh,vendor_agent,NONE,LOW,NORMAL,
EDR-01151,2026-06-15T08:49:02Z,DEV0012,PORT-DEV0012,ACC0003,remote_admin_tool,yard_client,LOGIN,LOW,NORMAL,
EDR-01152,2026-06-06T11:53:02Z,DEV0006,PORT-DEV0006,ACC0037,powershell_sim,services.exe,UNUSUAL_PARENT_PROCESS,CRITICAL,SUSPICIOUS,
EDR-01153,2026-06-06T20:41:23Z,DEV0022,PORT-DEV0022,ACC0002,sensor_service,explorer.exe,SOFTWARE_UPDATE,LOW,NORMAL,
EDR-01154,2026-06-30T06:05:41Z,DEV0064,PORT-DEV0064,ACC0038,yard_client,explorer.exe,LOGIN,LOW,NORMAL,
EDR-01155,2026-06-12T15:09:57Z,DEV0041,PORT-DEV0041,ACC0012,vendor_agent,explorer.exe,LOGIN,LOW,NORMAL,
EDR-01156,2026-06-13T10:18:16Z,DEV0046,PORT-DEV0046,ACC0027,rdp,explorer.exe,LOGIN,LOW,NORMAL,
EDR-01157,2026-06-23T00:29:22Z,DEV0043,PORT-DEV0043,ACC0060,plc_tool,services.exe,SOFTWARE_UPDATE,LOW,NORMAL,
EDR-01158,2026-06-03T14:19:23Z,DEV0066,PORT-DEV0066,ACC0033,sensor_service,vendor_agent,SOFTWARE_UPDATE,LOW,NORMAL,
EDR-01159,2026-06-17T08:16:29Z,DEV0068,PORT-DEV0068,ACC0025,yard_client,vendor_agent,SOFTWARE_UPDATE,LOW,NORMAL,
EDR-01160,2026-06-07T21:22:41Z,DEV0001,PORT-DEV0001,ACC0047,sensor_service,yard_client,SOFTWARE_UPDATE,LOW,NORMAL,
EDR-01161,2026-06-05T22:49:00Z,DEV0099,PORT-DEV0099,ACC0034,powershell_sim,yard_client,UNUSUAL_PARENT_PROCESS,MEDIUM,SUSPICIOUS,INC-T21-001
EDR-01162,2026-06-23T10:05:13Z,DEV0027,PORT-DEV0027,ACC0015,yard_client,explorer.exe,SOFTWARE_UPDATE,LOW,NORMAL,
EDR-01163,2026-06-17T09:32:06Z,DEV0032,PORT-DEV0032,ACC0039,maintenance_client,services.exe,LOGIN,LOW,NORMAL,
EDR-01164,2026-06-02T20:40:32Z,DEV0068,PORT-DEV0068,ACC0053,yard_client,explorer.exe,NONE,LOW,NORMAL,
EDR-01165,2026-06-21T13:04:36Z,DEV0094,PORT-DEV0094,ACC0032,maintenance_client,yard_client,SOFTWARE_UPDATE,LOW,NORMAL,
EDR-01166,2026-06-26T18:26:54Z,DEV0047,PORT-DEV0047,ACC0039,ssh,services.exe,LOGIN,LOW,NORMAL,
EDR-01167,2026-06-21T02:31:00Z,DEV0038,PORT-DEV0038,ACC0022,credential_helper_sim,services.exe,UNUSUAL_PARENT_PROCESS,MEDIUM,SUSPICIOUS,
EDR-01168,2026-06-08T07:15:03Z,DEV0072,PORT-DEV0072,ACC0041,ssh,services.exe,SERVICE_EVENT,LOW,NORMAL,
EDR-01169,2026-06-05T23:51:28Z,DEV0058,PORT-DEV0058,ACC0041,browser,explorer.exe,LOGIN,LOW,NORMAL,
EDR-01170,2026-06-17T18:02:45Z,DEV0098,PORT-DEV0098,ACC0040,ssh,explorer.exe,LOGIN,LOW,NORMAL,
EDR-01171,2026-06-21T08:55:11Z,DEV0081,PORT-DEV0081,ACC0035,rdp,vendor_agent,SERVICE_EVENT,LOW,NORMAL,
EDR-01172,2026-06-15T08:54:51Z,DEV0058,PORT-DEV0058,ACC0029,vendor_agent,services.exe,NONE,LOW,NORMAL,
EDR-01173,2026-06-05T22:53:00Z,DEV0099,PORT-DEV0099,ACC0014,credential_helper_sim,explorer.exe,REMOTE_EXECUTION,CRITICAL,SUSPICIOUS,INC-T21-001
EDR-01174,2026-06-10T20:44:44Z,DEV0017,PORT-DEV0017,ACC0028,vendor_agent,vendor_agent,LOGIN,LOW,NORMAL,
EDR-01175,2026-06-05T09:59:52Z,DEV0006,PORT-DEV0006,ACC0040,ssh,explorer.exe,NONE,LOW,NORMAL,
EDR-01176,2026-06-08T17:08:45Z,DEV0026,PORT-DEV0026,ACC0012,maintenance_client,vendor_agent,LOGIN,LOW,NORMAL,
EDR-01177,2026-06-26T18:02:50Z,DEV0096,PORT-DEV0096,ACC0024,plc_tool,explorer.exe,LOGIN,LOW,NORMAL,
EDR-01178,2026-06-04T07:25:50Z,DEV0029,PORT-DEV0029,ACC0002,vendor_agent,yard_client,SERVICE_EVENT,LOW,NORMAL,
EDR-01179,2026-06-24T07:55:53Z,DEV0023,PORT-DEV0023,ACC0007,remote_admin_tool,explorer.exe,SUSPICIOUS_PROCESS,CRITICAL,SUSPICIOUS,
EDR-01180,2026-06-27T09:51:41Z,DEV0097,PORT-DEV0097,ACC0019,maintenance_client,vendor_agent,SOFTWARE_UPDATE,LOW,NORMAL,
EDR-01181,2026-06-27T00:03:23Z,DEV0092,PORT-DEV0092,ACC0039,rdp,explorer.exe,NONE,LOW,NORMAL,
EDR-01182,2026-06-05T22:55:00Z,DEV0099,PORT-DEV0099,ACC0050,plc_tool,explorer.exe,NEW_REMOTE_TOOL,CRITICAL,SUSPICIOUS,INC-T21-001
EDR-01183,2026-06-05T22:46:00Z,DEV0099,PORT-DEV0099,ACC0016,powershell_sim,yard_client,SUSPICIOUS_PROCESS,CRITICAL,SUSPICIOUS,INC-T21-001
EDR-01184,2026-06-15T16:55:15Z,DEV0087,PORT-DEV0087,ACC0026,yard_client,vendor_agent,NONE,LOW,NORMAL,
EDR-01185,2026-06-03T01:09:46Z,DEV0087,PORT-DEV0087,ACC0046,browser,vendor_agent,SOFTWARE_UPDATE,LOW,NORMAL,
EDR-01186,2026-06-30T10:16:40Z,DEV0073,PORT-DEV0073,ACC0002,sensor_service,yard_client,SERVICE_EVENT,LOW,NORMAL,
EDR-01187,2026-06-18T08:07:56Z,DEV0067,PORT-DEV0067,ACC0048,plc_tool,services.exe,SERVICE_EVENT,LOW,NORMAL,
EDR-01188,2026-06-15T03:32:57Z,DEV0006,PORT-DEV0006,ACC0010,rdp,vendor_agent,SERVICE_EVENT,LOW,NORMAL,
EDR-01189,2026-06-21T13:33:07Z,DEV0099,PORT-DEV0099,ACC0032,ssh,explorer.exe,NONE,LOW,NORMAL,
EDR-01190,2026-06-08T09:52:48Z,DEV0029,PORT-DEV0029,ACC0036,yard_client,yard_client,LOGIN,LOW,NORMAL,
EDR-01191,2026-06-15T17:16:04Z,DEV0049,PORT-DEV0049,ACC0054,sensor_service,vendor_agent,SOFTWARE_UPDATE,LOW,NORMAL,
EDR-01192,2026-06-14T16:20:58Z,DEV0082,PORT-DEV0082,ACC0053,sensor_service,explorer.exe,SOFTWARE_UPDATE,LOW,NORMAL,
EDR-01193,2026-06-05T08:46:50Z,DEV0018,PORT-DEV0018,ACC0023,vendor_agent,explorer.exe,LOGIN,LOW,NORMAL,
EDR-01194,2026-06-13T19:31:28Z,DEV0097,PORT-DEV0097,ACC0006,sensor_service,services.exe,SOFTWARE_UPDATE,LOW,NORMAL,
EDR-01195,2026-06-17T18:02:26Z,DEV0073,PORT-DEV0073,ACC0007,sensor_service,yard_client,SERVICE_EVENT,LOW,NORMAL,
EDR-01196,2026-06-08T05:11:52Z,DEV0073,PORT-DEV0073,ACC0042,vendor_agent,explorer.exe,SOFTWARE_UPDATE,LOW,NORMAL,
EDR-01197,2026-06-11T05:08:09Z,DEV0034,PORT-DEV0034,ACC0041,sensor_service,services.exe,SOFTWARE_UPDATE,LOW,NORMAL,
EDR-01198,2026-06-02T13:09:28Z,DEV0065,PORT-DEV0065,ACC0051,sensor_service,vendor_agent,SERVICE_EVENT,LOW,NORMAL,
EDR-01199,2026-06-01T10:17:35Z,DEV0063,PORT-DEV0063,ACC0021,browser,yard_client,SERVICE_EVENT,LOW,NORMAL,
