event_id,timestamp,asset_id,command_type,alarm_code,process_state,operator_id,severity,command_sequence_valid,event_label,incident_id
OT-00000,2026-06-10T07:53:34Z,YARD-05,STOP,NONE,IDLE,OP027,LOW,YES,NORMAL,
OT-00001,2026-06-21T08:22:14Z,YARD-06,HOIST_UP,NONE,IDLE,OP025,LOW,YES,NORMAL,
OT-00002,2026-06-19T16:05:01Z,PLC12,SPEED_SET,ALM-101,IDLE,OP015,MEDIUM,YES,NORMAL,
OT-00003,2026-06-04T05:13:24Z,YARD-01,STOP,NONE,IDLE,OP040,LOW,YES,NORMAL,
OT-00004,2026-06-11T00:18:07Z,CRANE05,HOIST_UP,NONE,RUNNING,OP021,LOW,YES,NORMAL,
OT-00005,2026-06-18T14:44:43Z,PLC09,SPEED_SET,NONE,NORMAL,OP035,LOW,YES,NORMAL,
OT-00006,2026-06-12T15:52:16Z,CRANE04,SPEED_SET,NONE,RUNNING,OP026,LOW,YES,NORMAL,
OT-00007,2026-06-08T08:25:26Z,YARD-02,STATUS_READ,NONE,IDLE,OP022,LOW,YES,NORMAL,
OT-00008,2026-06-06T21:05:00Z,YARD-07,MOVE_RIGHT,NONE,RUNNING,OP038,LOW,YES,NORMAL,
OT-00009,2026-06-10T03:12:28Z,PLC06,SPEED_SET,NONE,IDLE,OP032,LOW,YES,NORMAL,
OT-00010,2026-06-24T08:14:32Z,PLC04,IDLE,NONE,NORMAL,OP036,LOW,YES,NORMAL,
OT-00011,2026-06-05T22:51:27Z,CRANE03,EMERGENCY_STOP,ALM-418,SAFE_STOP,OP018,CRITICAL,NO,SUSPICIOUS,INC-T21-001
OT-00012,2026-06-14T05:04:26Z,CRANE02,IDLE,NONE,RUNNING,OP002,LOW,YES,NORMAL,
OT-00013,2026-06-30T00:42:57Z,PLC09,SPEED_SET,NONE,IDLE,OP027,LOW,YES,NORMAL,
OT-00014,2026-06-22T04:45:04Z,CRANE01,HOIST_DOWN,NONE,RUNNING,OP034,LOW,YES,NORMAL,
OT-00015,2026-06-17T20:05:58Z,CRANE01,STOP,NONE,IDLE,OP005,LOW,YES,NORMAL,
OT-00016,2026-06-07T20:31:00Z,CRANE02,HOIST_UP,NONE,IDLE,OP012,LOW,YES,NORMAL,
OT-00017,2026-06-01T15:10:02Z,PLC02,MOVE_LEFT,NONE,IDLE,OP013,LOW,YES,NORMAL,
OT-00018,2026-06-15T20:11:55Z,YARD-07,HOIST_UP,NONE,NORMAL,OP024,LOW,YES,NORMAL,
OT-00019,2026-06-07T23:54:34Z,PLC01,PLC_MODE_CHANGE,ALM-509,ABNORMAL,OP022,CRITICAL,NO,SUSPICIOUS,
OT-00020,2026-06-08T03:22:04Z,YARD-04,HOIST_UP,NONE,NORMAL,OP025,LOW,YES,NORMAL,
OT-00021,2026-06-11T05:19:51Z,PLC02,MOVE_RIGHT,NONE,RUNNING,OP004,LOW,YES,NORMAL,
OT-00022,2026-06-25T13:30:24Z,PLC09,STATUS_READ,NONE,NORMAL,OP038,LOW,YES,NORMAL,
OT-00023,2026-06-18T09:11:04Z,YARD-05,HOIST_DOWN,NONE,NORMAL,OP040,LOW,YES,NORMAL,
OT-00024,2026-06-24T11:42:43Z,CRANE03,IDLE,NONE,IDLE,OP027,LOW,YES,NORMAL,
OT-00025,2026-06-26T12:41:22Z,YARD-05,IDLE,NONE,RUNNING,OP007,LOW,YES,NORMAL,
OT-00026,2026-06-03T15:08:01Z,YARD-08,IDLE,NONE,NORMAL,OP017,LOW,YES,NORMAL,
OT-00027,2026-06-14T21:58:52Z,YARD-07,OUT_OF_SEQUENCE,ALM-311,ABNORMAL,OP036,CRITICAL,NO,SUSPICIOUS,
OT-00028,2026-06-14T07:18:58Z,PLC04,STATUS_READ,NONE,NORMAL,OP038,LOW,YES,NORMAL,
OT-00029,2026-06-08T03:30:15Z,PLC06,SPEED_SET,NONE,RUNNING,OP019,LOW,YES,NORMAL,
OT-00030,2026-06-01T19:50:39Z,PLC12,HOIST_DOWN,NONE,RUNNING,OP013,LOW,YES,NORMAL,
OT-00031,2026-06-23T05:53:10Z,YARD-07,HOIST_UP,NONE,IDLE,OP001,LOW,YES,NORMAL,
OT-00032,2026-06-12T02:41:12Z,PLC07,STATUS_READ,NONE,RUNNING,OP035,LOW,YES,NORMAL,
OT-00033,2026-06-13T14:02:09Z,CRANE06,MOVE_LEFT,NONE,NORMAL,OP007,LOW,YES,NORMAL,
OT-00034,2026-06-07T11:22:54Z,CRANE07,HOIST_DOWN,NONE,NORMAL,OP025,LOW,YES,NORMAL,
OT-00035,2026-06-02T18:30:46Z,PLC03,OUT_OF_SEQUENCE,ALM-418,DEGRADED,OP028,CRITICAL,NO,SUSPICIOUS,
OT-00036,2026-06-08T23:12:10Z,CRANE05,MOVE_LEFT,NONE,RUNNING,OP016,LOW,YES,NORMAL,
OT-00037,2026-06-01T10:38:35Z,CRANE01,MOVE_RIGHT,NONE,RUNNING,OP007,LOW,YES,NORMAL,
OT-00038,2026-06-30T03:55:47Z,PLC06,UNAUTHORIZED_COMMAND,ALM-418,ABNORMAL,OP033,HIGH,NO,SUSPICIOUS,
OT-00039,2026-06-29T09:19:58Z,PLC03,HOIST_UP,NONE,NORMAL,OP021,LOW,YES,NORMAL,
OT-00040,2026-06-11T01:43:13Z,CRANE02,MOVE_LEFT,NONE,NORMAL,OP013,LOW,YES,NORMAL,
OT-00041,2026-06-24T05:05:32Z,CRANE08,OUT_OF_SEQUENCE,ALM-509,SAFE_STOP,OP017,CRITICAL,NO,SUSPICIOUS,
OT-00042,2026-06-21T04:02:57Z,PLC05,IDLE,NONE,NORMAL,OP009,LOW,YES,NORMAL,
OT-00043,2026-06-20T09:12:22Z,CRANE01,IDLE,NONE,IDLE,OP012,LOW,YES,NORMAL,
OT-00044,2026-06-03T09:08:17Z,PLC08,HOIST_UP,NONE,IDLE,OP008,LOW,YES,NORMAL,
OT-00045,2026-06-26T13:01:08Z,YARD-05,IDLE,NONE,IDLE,OP032,LOW,YES,NORMAL,
OT-00046,2026-06-08T18:34:19Z,PLC03,SPEED_SET,NONE,NORMAL,OP030,LOW,YES,NORMAL,
OT-00047,2026-06-25T06:44:58Z,PLC11,MOVE_LEFT,NONE,NORMAL,OP038,LOW,YES,NORMAL,
OT-00048,2026-06-18T00:35:37Z,CRANE06,HOIST_UP,NONE,IDLE,OP035,LOW,YES,NORMAL,
OT-00049,2026-06-21T02:00:04Z,YARD-06,HOIST_UP,NONE,IDLE,OP029,LOW,YES,NORMAL,
OT-00050,2026-06-19T14:01:27Z,YARD-02,MOVE_RIGHT,NONE,IDLE,OP006,LOW,YES,NORMAL,
OT-00051,2026-06-03T17:32:10Z,YARD-02,STATUS_READ,NONE,RUNNING,OP033,LOW,YES,NORMAL,
OT-00052,2026-06-20T01:44:07Z,YARD-02,SPEED_SET,NONE,NORMAL,OP025,LOW,YES,NORMAL,
OT-00053,2026-06-24T22:58:42Z,YARD-08,MOVE_RIGHT,NONE,NORMAL,OP013,LOW,YES,NORMAL,
OT-00054,2026-06-03T01:49:02Z,CRANE05,STATUS_READ,NONE,IDLE,OP028,LOW,YES,NORMAL,
OT-00055,2026-06-03T09:42:54Z,PLC06,STOP,NONE,NORMAL,OP011,LOW,YES,NORMAL,
OT-00056,2026-06-30T00:16:02Z,CRANE01,STOP,NONE,IDLE,OP001,LOW,YES,NORMAL,
OT-00057,2026-06-09T02:53:02Z,CRANE07,HOIST_UP,ALM-107,RUNNING,OP007,MEDIUM,YES,NORMAL,
OT-00058,2026-06-06T21:17:32Z,CRANE02,MOVE_LEFT,NONE,IDLE,OP031,LOW,YES,NORMAL,
OT-00059,2026-06-19T03:36:27Z,CRANE06,SPEED_SET,NONE,NORMAL,OP022,LOW,YES,NORMAL,
OT-00060,2026-06-04T00:56:55Z,PLC05,HOIST_UP,NONE,IDLE,OP010,LOW,YES,NORMAL,
OT-00061,2026-06-15T13:58:07Z,CRANE07,HOIST_DOWN,NONE,IDLE,OP011,LOW,YES,NORMAL,
OT-00062,2026-06-19T06:33:09Z,YARD-02,SPEED_SET,NONE,RUNNING,OP015,LOW,YES,NORMAL,
OT-00063,2026-06-26T22:21:44Z,CRANE07,MOVE_LEFT,NONE,RUNNING,OP038,LOW,YES,NORMAL,
OT-00064,2026-06-09T16:12:10Z,PLC12,STOP,NONE,IDLE,OP005,LOW,YES,NORMAL,
OT-00065,2026-06-24T17:45:10Z,YARD-03,SPEED_SET,NONE,IDLE,OP032,LOW,YES,NORMAL,
OT-00066,2026-06-25T12:37:51Z,YARD-02,STATUS_READ,NONE,NORMAL,OP020,LOW,YES,NORMAL,
OT-00067,2026-06-11T21:22:52Z,PLC01,IDLE,NONE,IDLE,OP033,LOW,YES,NORMAL,
OT-00068,2026-06-01T08:27:54Z,YARD-02,MOVE_LEFT,NONE,IDLE,OP005,LOW,YES,NORMAL,
OT-00069,2026-06-11T15:26:57Z,CRANE07,STATUS_READ,NONE,RUNNING,OP010,LOW,YES,NORMAL,
OT-00070,2026-06-09T21:18:53Z,PLC06,MOVE_RIGHT,NONE,RUNNING,OP013,LOW,YES,NORMAL,
OT-00071,2026-06-20T18:28:58Z,CRANE03,SPEED_SET,NONE,IDLE,OP039,LOW,YES,NORMAL,
OT-00072,2026-06-12T01:51:29Z,YARD-07,MOVE_LEFT,NONE,NORMAL,OP022,LOW,YES,NORMAL,
OT-00073,2026-06-17T07:17:08Z,CRANE04,PLC_MODE_CHANGE,ALM-418,DEGRADED,OP040,CRITICAL,NO,SUSPICIOUS,
OT-00074,2026-06-06T06:43:53Z,CRANE06,STATUS_READ,NONE,IDLE,OP028,LOW,YES,NORMAL,
OT-00075,2026-06-30T21:25:54Z,PLC09,STATUS_READ,NONE,RUNNING,OP038,LOW,YES,NORMAL,
OT-00076,2026-06-15T14:59:04Z,PLC08,HOIST_UP,NONE,NORMAL,OP033,LOW,YES,NORMAL,
OT-00077,2026-06-13T19:43:21Z,PLC09,STATUS_READ,NONE,RUNNING,OP026,LOW,YES,NORMAL,
OT-00078,2026-06-09T22:05:49Z,CRANE08,STOP,NONE,IDLE,OP018,LOW,YES,NORMAL,
OT-00079,2026-06-02T19:38:00Z,YARD-05,IDLE,NONE,IDLE,OP034,LOW,YES,NORMAL,
OT-00080,2026-06-12T20:22:41Z,PLC10,STATUS_READ,NONE,NORMAL,OP015,LOW,YES,NORMAL,
OT-00081,2026-06-28T14:02:42Z,PLC12,MOVE_LEFT,NONE,RUNNING,OP030,LOW,YES,NORMAL,
OT-00082,2026-06-21T18:39:37Z,CRANE05,MOVE_RIGHT,NONE,IDLE,OP027,LOW,YES,NORMAL,
OT-00083,2026-06-30T01:20:30Z,PLC03,HOIST_UP,NONE,RUNNING,OP014,LOW,YES,NORMAL,
OT-00084,2026-06-13T08:07:54Z,PLC08,SPEED_SET,ALM-101,NORMAL,OP027,MEDIUM,YES,NORMAL,
OT-00085,2026-06-11T07:24:49Z,CRANE03,HOIST_DOWN,NONE,IDLE,OP039,LOW,YES,NORMAL,
OT-00086,2026-06-26T06:36:32Z,YARD-02,STATUS_READ,NONE,RUNNING,OP039,LOW,YES,NORMAL,
OT-00087,2026-06-10T00:53:02Z,CRANE06,STOP,NONE,IDLE,OP002,LOW,YES,NORMAL,
OT-00088,2026-06-19T01:50:03Z,CRANE04,MOVE_RIGHT,NONE,RUNNING,OP004,LOW,YES,NORMAL,
OT-00089,2026-06-10T15:23:35Z,PLC04,STATUS_READ,NONE,NORMAL,OP023,LOW,YES,NORMAL,
OT-00090,2026-06-05T16:35:47Z,PLC05,IDLE,NONE,NORMAL,OP039,LOW,YES,NORMAL,
OT-00091,2026-06-28T00:40:57Z,YARD-03,MOVE_RIGHT,NONE,NORMAL,OP007,LOW,YES,NORMAL,
OT-00092,2026-06-06T14:07:26Z,PLC11,IDLE,NONE,NORMAL,OP025,LOW,YES,NORMAL,
OT-00093,2026-06-23T13:49:36Z,CRANE01,HOIST_DOWN,NONE,NORMAL,OP024,LOW,YES,NORMAL,
OT-00094,2026-06-26T09:05:29Z,CRANE02,STOP,NONE,RUNNING,OP008,LOW,YES,NORMAL,
OT-00095,2026-06-09T03:07:34Z,CRANE08,STOP,NONE,NORMAL,OP007,LOW,YES,NORMAL,
OT-00096,2026-06-23T07:53:11Z,YARD-02,MOVE_LEFT,NONE,RUNNING,OP006,LOW,YES,NORMAL,
OT-00097,2026-06-10T11:35:57Z,YARD-02,STOP,NONE,NORMAL,OP035,LOW,YES,NORMAL,
OT-00098,2026-06-26T03:33:08Z,PLC06,STATUS_READ,NONE,IDLE,OP039,LOW,YES,NORMAL,
OT-00099,2026-06-15T06:16:54Z,CRANE03,IDLE,ALM-107,IDLE,OP009,MEDIUM,YES,NORMAL,
OT-00100,2026-06-08T18:05:02Z,CRANE04,MOVE_LEFT,NONE,IDLE,OP038,LOW,YES,NORMAL,
OT-00101,2026-06-11T03:38:07Z,YARD-03,STOP,ALM-101,RUNNING,OP003,MEDIUM,YES,NORMAL,
OT-00102,2026-06-03T20:15:15Z,YARD-01,IDLE,NONE,NORMAL,OP033,LOW,YES,NORMAL,
OT-00103,2026-06-05T02:13:57Z,YARD-06,MOVE_LEFT,NONE,IDLE,OP005,LOW,YES,NORMAL,
OT-00104,2026-06-06T14:02:24Z,PLC10,MOVE_RIGHT,NONE,NORMAL,OP003,LOW,YES,NORMAL,
OT-00105,2026-06-28T20:47:21Z,PLC05,SPEED_SET,NONE,NORMAL,OP035,LOW,YES,NORMAL,
OT-00106,2026-06-17T19:37:10Z,CRANE07,MOVE_LEFT,ALM-107,RUNNING,OP004,MEDIUM,YES,NORMAL,
OT-00107,2026-06-14T11:46:16Z,PLC09,STATUS_READ,ALM-101,IDLE,OP040,MEDIUM,YES,NORMAL,
OT-00108,2026-06-29T07:47:07Z,CRANE04,MOVE_LEFT,NONE,NORMAL,OP039,LOW,YES,NORMAL,
OT-00109,2026-06-09T22:58:00Z,CRANE02,HOIST_DOWN,NONE,RUNNING,OP025,LOW,YES,NORMAL,
OT-00110,2026-06-26T00:52:46Z,PLC02,SPEED_SET,NONE,RUNNING,OP033,LOW,YES,NORMAL,
OT-00111,2026-06-24T11:38:47Z,YARD-08,STATUS_READ,NONE,IDLE,OP022,LOW,YES,NORMAL,
OT-00112,2026-06-03T04:19:56Z,PLC08,MOVE_LEFT,NONE,RUNNING,OP001,LOW,YES,NORMAL,
OT-00113,2026-06-11T10:27:47Z,YARD-07,HOIST_DOWN,NONE,IDLE,OP018,LOW,YES,NORMAL,
OT-00114,2026-06-11T21:36:33Z,YARD-03,HOIST_UP,NONE,RUNNING,OP004,LOW,YES,NORMAL,
OT-00115,2026-06-09T14:06:40Z,CRANE04,OUT_OF_SEQUENCE,ALM-204,SAFE_STOP,OP028,HIGH,NO,SUSPICIOUS,
OT-00116,2026-06-24T13:25:07Z,YARD-04,SPEED_SET,NONE,NORMAL,OP034,LOW,YES,NORMAL,
OT-00117,2026-06-19T10:26:36Z,CRANE02,STATUS_READ,NONE,NORMAL,OP016,LOW,YES,NORMAL,
OT-00118,2026-06-11T13:53:08Z,CRANE04,MOVE_RIGHT,NONE,RUNNING,OP004,LOW,YES,NORMAL,
OT-00119,2026-06-13T04:29:37Z,YARD-06,MOVE_RIGHT,NONE,IDLE,OP021,LOW,YES,NORMAL,
OT-00120,2026-06-06T02:06:48Z,PLC07,MOVE_LEFT,NONE,IDLE,OP036,LOW,YES,NORMAL,
OT-00121,2026-06-07T05:42:21Z,PLC03,IDLE,NONE,RUNNING,OP015,LOW,YES,NORMAL,
OT-00122,2026-06-06T13:15:16Z,YARD-03,MOVE_LEFT,NONE,IDLE,OP034,LOW,YES,NORMAL,
OT-00123,2026-06-30T06:53:38Z,CRANE08,IDLE,NONE,RUNNING,OP014,LOW,YES,NORMAL,
OT-00124,2026-06-10T13:28:49Z,PLC04,STOP,NONE,IDLE,OP002,LOW,YES,NORMAL,
OT-00125,2026-06-15T14:00:38Z,YARD-07,STOP,NONE,IDLE,OP030,LOW,YES,NORMAL,
OT-00126,2026-06-14T23:58:22Z,YARD-07,MOVE_LEFT,ALM-107,IDLE,OP023,MEDIUM,YES,NORMAL,
OT-00127,2026-06-22T16:23:30Z,PLC07,IDLE,NONE,RUNNING,OP021,LOW,YES,NORMAL,
OT-00128,2026-06-16T12:40:00Z,PLC10,STATUS_READ,NONE,RUNNING,OP011,LOW,YES,NORMAL,
OT-00129,2026-06-30T19:19:13Z,CRANE02,SPEED_SET,NONE,RUNNING,OP014,LOW,YES,NORMAL,
OT-00130,2026-06-11T19:34:31Z,CRANE02,HOIST_UP,NONE,NORMAL,OP022,LOW,YES,NORMAL,
OT-00131,2026-06-08T02:22:29Z,PLC01,HOIST_DOWN,NONE,NORMAL,OP021,LOW,YES,NORMAL,
OT-00132,2026-06-29T16:57:09Z,PLC09,HOIST_DOWN,NONE,NORMAL,OP019,LOW,YES,NORMAL,
OT-00133,2026-06-14T04:50:54Z,CRANE02,SPEED_SET,NONE,RUNNING,OP011,LOW,YES,NORMAL,
OT-00134,2026-06-30T08:24:45Z,YARD-07,HOIST_DOWN,NONE,IDLE,OP036,LOW,YES,NORMAL,
OT-00135,2026-06-18T19:09:14Z,PLC08,MOVE_RIGHT,NONE,RUNNING,OP031,LOW,YES,NORMAL,
OT-00136,2026-06-19T15:16:21Z,PLC12,MOVE_RIGHT,NONE,IDLE,OP036,LOW,YES,NORMAL,
OT-00137,2026-06-13T14:38:09Z,PLC11,MOVE_LEFT,NONE,RUNNING,OP006,LOW,YES,NORMAL,
OT-00138,2026-06-24T14:06:52Z,PLC03,STOP,NONE,NORMAL,OP039,LOW,YES,NORMAL,
OT-00139,2026-06-15T22:49:18Z,CRANE08,STOP,NONE,RUNNING,OP039,LOW,YES,NORMAL,
OT-00140,2026-06-22T00:50:06Z,PLC04,STOP,NONE,IDLE,OP013,LOW,YES,NORMAL,
OT-00141,2026-06-20T09:27:23Z,PLC05,STOP,NONE,NORMAL,OP028,LOW,YES,NORMAL,
OT-00142,2026-06-30T04:51:56Z,PLC10,IDLE,NONE,NORMAL,OP008,LOW,YES,NORMAL,
OT-00143,2026-06-16T04:46:46Z,PLC04,HOIST_UP,NONE,NORMAL,OP034,LOW,YES,NORMAL,
OT-00144,2026-06-08T11:23:42Z,CRANE02,MOVE_RIGHT,NONE,RUNNING,OP013,LOW,YES,NORMAL,
OT-00145,2026-06-18T20:03:03Z,PLC06,IDLE,NONE,IDLE,OP030,LOW,YES,NORMAL,
OT-00146,2026-06-02T11:12:56Z,YARD-07,MOVE_LEFT,NONE,RUNNING,OP039,LOW,YES,NORMAL,
OT-00147,2026-06-09T05:10:21Z,PLC06,HOIST_DOWN,NONE,IDLE,OP025,LOW,YES,NORMAL,
OT-00148,2026-06-14T01:17:46Z,PLC11,SPEED_SET,NONE,NORMAL,OP009,LOW,YES,NORMAL,
OT-00149,2026-06-16T10:16:51Z,PLC02,MOVE_LEFT,NONE,IDLE,OP033,LOW,YES,NORMAL,
OT-00150,2026-06-24T19:46:49Z,YARD-05,SPEED_OVERRIDE,ALM-418,DEGRADED,OP018,CRITICAL,NO,SUSPICIOUS,INC-T21-004
OT-00151,2026-06-05T17:42:19Z,PLC08,MOVE_RIGHT,NONE,NORMAL,OP032,LOW,YES,NORMAL,
OT-00152,2026-06-04T23:42:08Z,YARD-04,HOIST_DOWN,NONE,NORMAL,OP005,LOW,YES,NORMAL,
OT-00153,2026-06-28T09:19:05Z,PLC06,HOIST_DOWN,NONE,RUNNING,OP020,LOW,YES,NORMAL,
OT-00154,2026-06-09T06:41:57Z,CRANE08,MOVE_RIGHT,NONE,IDLE,OP034,LOW,YES,NORMAL,
OT-00155,2026-06-06T22:01:21Z,PLC02,IDLE,ALM-107,IDLE,OP013,MEDIUM,YES,NORMAL,
OT-00156,2026-06-19T04:22:23Z,YARD-03,MOVE_LEFT,NONE,RUNNING,OP006,LOW,YES,NORMAL,
OT-00157,2026-06-16T02:10:41Z,PLC07,IDLE,NONE,NORMAL,OP031,LOW,YES,NORMAL,
OT-00158,2026-06-02T08:08:23Z,PLC11,OUT_OF_SEQUENCE,ALM-509,ABNORMAL,OP027,HIGH,NO,SUSPICIOUS,
OT-00159,2026-06-17T10:21:30Z,YARD-06,STOP,NONE,NORMAL,OP005,LOW,YES,NORMAL,
OT-00160,2026-06-23T14:37:34Z,CRANE01,IDLE,NONE,IDLE,OP012,LOW,YES,NORMAL,
OT-00161,2026-06-05T06:53:41Z,CRANE06,MOVE_RIGHT,NONE,RUNNING,OP012,LOW,YES,NORMAL,
OT-00162,2026-06-06T19:42:37Z,PLC02,SPEED_SET,NONE,NORMAL,OP015,LOW,YES,NORMAL,
OT-00163,2026-06-06T16:03:49Z,YARD-04,SPEED_SET,NONE,IDLE,OP021,LOW,YES,NORMAL,
OT-00164,2026-06-03T05:12:17Z,CRANE08,HOIST_DOWN,NONE,RUNNING,OP013,LOW,YES,NORMAL,
OT-00165,2026-06-25T08:00:55Z,CRANE07,STOP,NONE,NORMAL,OP027,LOW,YES,NORMAL,
OT-00166,2026-06-21T01:45:50Z,PLC05,HOIST_DOWN,NONE,RUNNING,OP038,LOW,YES,NORMAL,
OT-00167,2026-06-17T16:31:28Z,YARD-06,IDLE,NONE,RUNNING,OP035,LOW,YES,NORMAL,
OT-00168,2026-06-12T22:09:40Z,PLC04,MOVE_LEFT,NONE,RUNNING,OP008,LOW,YES,NORMAL,
OT-00169,2026-06-08T22:05:12Z,PLC09,MOVE_RIGHT,NONE,IDLE,OP031,LOW,YES,NORMAL,
OT-00170,2026-06-05T12:19:46Z,YARD-01,MOVE_RIGHT,NONE,RUNNING,OP034,LOW,YES,NORMAL,
OT-00171,2026-06-05T21:49:36Z,YARD-01,STATUS_READ,NONE,IDLE,OP026,LOW,YES,NORMAL,
OT-00172,2026-06-20T01:33:09Z,CRANE06,MOVE_LEFT,NONE,NORMAL,OP001,LOW,YES,NORMAL,
OT-00173,2026-06-23T02:42:21Z,PLC04,MOVE_RIGHT,NONE,RUNNING,OP029,LOW,YES,NORMAL,
OT-00174,2026-06-26T02:07:13Z,PLC09,IDLE,NONE,IDLE,OP037,LOW,YES,NORMAL,
OT-00175,2026-06-26T09:41:18Z,CRANE02,SPEED_SET,NONE,RUNNING,OP009,LOW,YES,NORMAL,
OT-00176,2026-06-30T07:19:31Z,CRANE07,STATUS_READ,NONE,RUNNING,OP033,LOW,YES,NORMAL,
OT-00177,2026-06-03T18:56:40Z,YARD-07,HOIST_DOWN,NONE,RUNNING,OP037,LOW,YES,NORMAL,
OT-00178,2026-06-12T08:38:25Z,YARD-06,STATUS_READ,NONE,RUNNING,OP006,LOW,YES,NORMAL,
OT-00179,2026-06-29T06:34:41Z,YARD-04,IDLE,NONE,RUNNING,OP020,LOW,YES,NORMAL,
OT-00180,2026-06-21T07:15:01Z,YARD-08,HOIST_DOWN,NONE,IDLE,OP007,LOW,YES,NORMAL,
OT-00181,2026-06-04T13:07:03Z,PLC10,EMERGENCY_STOP,ALM-204,ABNORMAL,OP021,CRITICAL,NO,SUSPICIOUS,
OT-00182,2026-06-13T05:00:23Z,PLC02,IDLE,NONE,RUNNING,OP040,LOW,YES,NORMAL,
OT-00183,2026-06-20T11:06:46Z,YARD-02,STATUS_READ,NONE,NORMAL,OP001,LOW,YES,NORMAL,
OT-00184,2026-06-30T11:07:19Z,CRANE04,SPEED_SET,NONE,NORMAL,OP018,LOW,YES,NORMAL,
OT-00185,2026-06-30T22:33:33Z,YARD-05,STATUS_READ,NONE,NORMAL,OP032,LOW,YES,NORMAL,
OT-00186,2026-06-05T02:31:57Z,CRANE03,STOP,ALM-101,RUNNING,OP025,MEDIUM,YES,NORMAL,
OT-00187,2026-06-14T13:03:38Z,CRANE05,STOP,ALM-107,RUNNING,OP023,MEDIUM,YES,NORMAL,
OT-00188,2026-06-03T06:44:39Z,PLC05,MOVE_RIGHT,NONE,IDLE,OP018,LOW,YES,NORMAL,
OT-00189,2026-06-05T07:34:24Z,PLC05,HOIST_UP,NONE,RUNNING,OP010,LOW,YES,NORMAL,
OT-00190,2026-06-23T00:51:30Z,CRANE02,IDLE,NONE,NORMAL,OP018,LOW,YES,NORMAL,
OT-00191,2026-06-09T17:01:51Z,PLC11,MOVE_LEFT,NONE,RUNNING,OP006,LOW,YES,NORMAL,
OT-00192,2026-06-28T13:45:21Z,PLC05,IDLE,NONE,RUNNING,OP025,LOW,YES,NORMAL,
OT-00193,2026-06-12T18:24:19Z,CRANE05,SPEED_SET,NONE,RUNNING,OP002,LOW,YES,NORMAL,
OT-00194,2026-06-07T02:21:06Z,YARD-07,SPEED_SET,NONE,IDLE,OP007,LOW,YES,NORMAL,
OT-00195,2026-06-22T18:43:23Z,PLC04,MOVE_RIGHT,NONE,NORMAL,OP010,LOW,YES,NORMAL,
OT-00196,2026-06-16T08:41:14Z,YARD-08,MOVE_LEFT,NONE,NORMAL,OP032,LOW,YES,NORMAL,
OT-00197,2026-06-19T06:09:12Z,PLC06,SPEED_SET,NONE,NORMAL,OP037,LOW,YES,NORMAL,
OT-00198,2026-06-02T22:20:45Z,PLC08,MOVE_RIGHT,NONE,RUNNING,OP014,LOW,YES,NORMAL,
OT-00199,2026-06-23T05:58:33Z,CRANE06,HOIST_DOWN,NONE,NORMAL,OP025,LOW,YES,NORMAL,
OT-00200,2026-06-02T05:13:25Z,YARD-03,HOIST_DOWN,NONE,IDLE,OP007,LOW,YES,NORMAL,
OT-00201,2026-06-23T01:42:59Z,PLC06,PLC_MODE_CHANGE,ALM-509,ABNORMAL,OP026,CRITICAL,NO,SUSPICIOUS,
OT-00202,2026-06-14T07:27:28Z,PLC04,IDLE,NONE,RUNNING,OP008,LOW,YES,NORMAL,
OT-00203,2026-06-17T03:34:09Z,YARD-02,STATUS_READ,NONE,IDLE,OP005,LOW,YES,NORMAL,
OT-00204,2026-06-03T13:01:30Z,CRANE03,STOP,NONE,IDLE,OP026,LOW,YES,NORMAL,
OT-00205,2026-06-07T00:48:24Z,PLC08,STATUS_READ,NONE,IDLE,OP002,LOW,YES,NORMAL,
OT-00206,2026-06-30T06:27:16Z,CRANE05,IDLE,NONE,IDLE,OP037,LOW,YES,NORMAL,
OT-00207,2026-06-25T15:52:39Z,YARD-08,IDLE,NONE,IDLE,OP039,LOW,YES,NORMAL,
OT-00208,2026-06-28T16:07:09Z,PLC11,STOP,NONE,NORMAL,OP034,LOW,YES,NORMAL,
OT-00209,2026-06-10T10:14:44Z,YARD-04,HOIST_UP,NONE,IDLE,OP026,LOW,YES,NORMAL,
OT-00210,2026-06-04T02:13:13Z,YARD-07,STATUS_READ,NONE,RUNNING,OP037,LOW,YES,NORMAL,
OT-00211,2026-06-30T15:24:42Z,CRANE02,STATUS_READ,NONE,IDLE,OP009,LOW,YES,NORMAL,
OT-00212,2026-06-04T19:18:46Z,YARD-06,SPEED_SET,NONE,RUNNING,OP039,LOW,YES,NORMAL,
OT-00213,2026-06-25T04:28:31Z,CRANE08,STOP,NONE,RUNNING,OP032,LOW,YES,NORMAL,
OT-00214,2026-06-10T05:48:24Z,PLC02,HOIST_DOWN,NONE,RUNNING,OP024,LOW,YES,NORMAL,
OT-00215,2026-06-28T00:52:37Z,PLC06,IDLE,NONE,IDLE,OP003,LOW,YES,NORMAL,
OT-00216,2026-06-12T20:26:51Z,CRANE02,HOIST_UP,NONE,NORMAL,OP020,LOW,YES,NORMAL,
OT-00217,2026-06-15T10:47:41Z,CRANE01,HOIST_DOWN,NONE,RUNNING,OP017,LOW,YES,NORMAL,
OT-00218,2026-06-08T19:09:23Z,YARD-04,STOP,NONE,IDLE,OP010,LOW,YES,NORMAL,
OT-00219,2026-06-25T11:50:38Z,CRANE07,STOP,NONE,IDLE,OP039,LOW,YES,NORMAL,
OT-00220,2026-06-14T22:26:33Z,YARD-08,SPEED_OVERRIDE,ALM-204,DEGRADED,OP018,HIGH,NO,SUSPICIOUS,
OT-00221,2026-06-06T12:52:22Z,PLC08,HOIST_UP,NONE,NORMAL,OP002,LOW,YES,NORMAL,
OT-00222,2026-06-17T15:15:11Z,PLC04,STOP,NONE,NORMAL,OP039,LOW,YES,NORMAL,
OT-00223,2026-06-25T14:00:16Z,PLC11,HOIST_UP,NONE,IDLE,OP002,LOW,YES,NORMAL,
OT-00224,2026-06-04T05:53:13Z,PLC01,SPEED_SET,NONE,IDLE,OP004,LOW,YES,NORMAL,
OT-00225,2026-06-04T09:04:30Z,PLC01,SPEED_SET,NONE,IDLE,OP023,LOW,YES,NORMAL,
OT-00226,2026-06-19T12:28:54Z,YARD-04,UNAUTHORIZED_COMMAND,ALM-311,DEGRADED,OP038,HIGH,NO,SUSPICIOUS,
OT-00227,2026-06-25T06:31:26Z,PLC12,HOIST_UP,NONE,RUNNING,OP031,LOW,YES,NORMAL,
OT-00228,2026-06-21T23:29:54Z,YARD-05,HOIST_DOWN,NONE,NORMAL,OP027,LOW,YES,NORMAL,
OT-00229,2026-06-18T12:11:51Z,CRANE01,STOP,NONE,NORMAL,OP015,LOW,YES,NORMAL,
OT-00230,2026-06-27T11:34:25Z,PLC07,STOP,NONE,IDLE,OP038,LOW,YES,NORMAL,
OT-00231,2026-06-01T15:20:54Z,YARD-04,HOIST_UP,NONE,IDLE,OP020,LOW,YES,NORMAL,
OT-00232,2026-06-16T04:26:37Z,CRANE03,SPEED_SET,NONE,RUNNING,OP022,LOW,YES,NORMAL,
OT-00233,2026-06-12T10:48:58Z,YARD-01,HOIST_UP,ALM-107,RUNNING,OP006,MEDIUM,YES,NORMAL,
OT-00234,2026-06-20T12:02:06Z,YARD-03,MOVE_RIGHT,NONE,IDLE,OP010,LOW,YES,NORMAL,
OT-00235,2026-06-09T03:42:27Z,YARD-08,SPEED_SET,NONE,NORMAL,OP007,LOW,YES,NORMAL,
OT-00236,2026-06-19T21:47:54Z,YARD-01,MOVE_LEFT,NONE,IDLE,OP021,LOW,YES,NORMAL,
OT-00237,2026-06-06T03:50:36Z,CRANE04,MOVE_RIGHT,NONE,RUNNING,OP033,LOW,YES,NORMAL,
OT-00238,2026-06-02T07:02:52Z,PLC03,MOVE_LEFT,NONE,NORMAL,OP016,LOW,YES,NORMAL,
OT-00239,2026-06-17T04:57:09Z,PLC03,STATUS_READ,NONE,NORMAL,OP011,LOW,YES,NORMAL,
OT-00240,2026-06-02T07:30:11Z,CRANE08,MOVE_LEFT,NONE,IDLE,OP025,LOW,YES,NORMAL,
OT-00241,2026-06-29T18:47:34Z,PLC01,STATUS_READ,NONE,RUNNING,OP039,LOW,YES,NORMAL,
OT-00242,2026-06-17T07:41:43Z,CRANE06,IDLE,NONE,IDLE,OP024,LOW,YES,NORMAL,
OT-00243,2026-06-22T04:32:05Z,PLC08,MOVE_LEFT,NONE,NORMAL,OP023,LOW,YES,NORMAL,
OT-00244,2026-06-04T01:10:27Z,CRANE01,STOP,NONE,IDLE,OP028,LOW,YES,NORMAL,
OT-00245,2026-06-15T08:04:21Z,PLC07,SPEED_SET,NONE,NORMAL,OP002,LOW,YES,NORMAL,
OT-00246,2026-06-30T08:43:38Z,YARD-07,HOIST_DOWN,NONE,NORMAL,OP022,LOW,YES,NORMAL,
OT-00247,2026-06-09T16:03:53Z,PLC08,UNAUTHORIZED_COMMAND,ALM-418,DEGRADED,OP015,CRITICAL,NO,SUSPICIOUS,
OT-00248,2026-06-25T02:04:29Z,CRANE03,IDLE,NONE,IDLE,OP012,LOW,YES,NORMAL,
OT-00249,2026-06-11T04:55:42Z,PLC02,SPEED_SET,ALM-107,IDLE,OP024,MEDIUM,YES,NORMAL,
OT-00250,2026-06-09T23:31:21Z,PLC11,SPEED_SET,NONE,IDLE,OP016,LOW,YES,NORMAL,
OT-00251,2026-06-17T02:15:44Z,YARD-07,HOIST_DOWN,NONE,RUNNING,OP028,LOW,YES,NORMAL,
OT-00252,2026-06-15T07:42:17Z,PLC05,STOP,NONE,IDLE,OP040,LOW,YES,NORMAL,
OT-00253,2026-06-21T09:42:39Z,PLC10,SPEED_SET,NONE,RUNNING,OP015,LOW,YES,NORMAL,
OT-00254,2026-06-06T12:41:37Z,CRANE04,REPEATED_COMMAND,ALM-311,ABNORMAL,OP021,CRITICAL,NO,SUSPICIOUS,
OT-00255,2026-06-11T15:07:41Z,YARD-01,SPEED_SET,ALM-107,IDLE,OP011,MEDIUM,YES,NORMAL,
OT-00256,2026-06-12T23:24:29Z,YARD-08,IDLE,NONE,IDLE,OP015,LOW,YES,NORMAL,
OT-00257,2026-06-24T19:42:05Z,YARD-05,EMERGENCY_STOP,ALM-311,ABNORMAL,OP023,HIGH,NO,SUSPICIOUS,INC-T21-004
OT-00258,2026-06-28T18:51:09Z,YARD-01,HOIST_DOWN,NONE,NORMAL,OP015,LOW,YES,NORMAL,
OT-00259,2026-06-21T00:51:40Z,CRANE06,HOIST_DOWN,NONE,RUNNING,OP023,LOW,YES,NORMAL,
OT-00260,2026-06-29T21:35:47Z,PLC09,MOVE_LEFT,NONE,IDLE,OP035,LOW,YES,NORMAL,
OT-00261,2026-06-26T10:44:35Z,PLC05,SPEED_OVERRIDE,ALM-418,SAFE_STOP,OP024,CRITICAL,NO,SUSPICIOUS,
OT-00262,2026-06-24T19:24:35Z,YARD-06,SPEED_SET,NONE,IDLE,OP006,LOW,YES,NORMAL,
OT-00263,2026-06-27T22:29:25Z,PLC05,HOIST_UP,NONE,IDLE,OP011,LOW,YES,NORMAL,
OT-00264,2026-06-19T08:41:03Z,PLC10,HOIST_DOWN,NONE,IDLE,OP021,LOW,YES,NORMAL,
OT-00265,2026-06-15T04:32:21Z,PLC01,STATUS_READ,NONE,RUNNING,OP022,LOW,YES,NORMAL,
OT-00266,2026-06-11T18:33:15Z,YARD-07,MOVE_LEFT,NONE,RUNNING,OP015,LOW,YES,NORMAL,
OT-00267,2026-06-16T15:35:35Z,PLC03,SPEED_SET,NONE,RUNNING,OP007,LOW,YES,NORMAL,
OT-00268,2026-06-12T10:33:01Z,YARD-06,STOP,NONE,NORMAL,OP036,LOW,YES,NORMAL,
OT-00269,2026-06-13T22:21:13Z,CRANE03,STATUS_READ,NONE,RUNNING,OP015,LOW,YES,NORMAL,
OT-00270,2026-06-25T23:05:03Z,PLC09,HOIST_DOWN,ALM-107,RUNNING,OP005,MEDIUM,YES,NORMAL,
OT-00271,2026-06-25T06:50:29Z,YARD-02,MOVE_RIGHT,NONE,NORMAL,OP011,LOW,YES,NORMAL,
OT-00272,2026-06-25T19:22:37Z,PLC07,MOVE_LEFT,NONE,NORMAL,OP006,LOW,YES,NORMAL,
OT-00273,2026-06-07T16:30:35Z,PLC11,STOP,NONE,RUNNING,OP016,LOW,YES,NORMAL,
OT-00274,2026-06-26T03:24:17Z,CRANE07,STOP,NONE,IDLE,OP025,LOW,YES,NORMAL,
OT-00275,2026-06-22T16:33:38Z,YARD-05,EMERGENCY_STOP,ALM-311,DEGRADED,OP024,HIGH,NO,SUSPICIOUS,
OT-00276,2026-06-24T13:06:50Z,CRANE01,SPEED_SET,NONE,NORMAL,OP028,LOW,YES,NORMAL,
OT-00277,2026-06-16T03:44:53Z,PLC07,STOP,NONE,NORMAL,OP010,LOW,YES,NORMAL,
OT-00278,2026-06-28T21:37:53Z,PLC12,MOVE_RIGHT,NONE,NORMAL,OP018,LOW,YES,NORMAL,
OT-00279,2026-06-09T19:18:54Z,YARD-02,STOP,NONE,NORMAL,OP022,LOW,YES,NORMAL,
OT-00280,2026-06-25T08:03:51Z,YARD-07,SPEED_SET,NONE,IDLE,OP032,LOW,YES,NORMAL,
OT-00281,2026-06-23T21:22:16Z,PLC05,MOVE_RIGHT,NONE,NORMAL,OP007,LOW,YES,NORMAL,
OT-00282,2026-06-13T07:10:24Z,YARD-01,MOVE_RIGHT,NONE,RUNNING,OP011,LOW,YES,NORMAL,
OT-00283,2026-06-05T22:49:07Z,CRANE03,REPEATED_COMMAND,ALM-418,SAFE_STOP,OP025,CRITICAL,NO,SUSPICIOUS,INC-T21-001
OT-00284,2026-06-18T03:36:46Z,YARD-03,MOVE_LEFT,NONE,IDLE,OP002,LOW,YES,NORMAL,
OT-00285,2026-06-13T19:39:25Z,PLC09,STATUS_READ,NONE,RUNNING,OP021,LOW,YES,NORMAL,
OT-00286,2026-06-22T17:41:48Z,CRANE07,MOVE_RIGHT,NONE,IDLE,OP022,LOW,YES,NORMAL,
OT-00287,2026-06-21T20:18:42Z,PLC10,MOVE_LEFT,NONE,RUNNING,OP028,LOW,YES,NORMAL,
OT-00288,2026-06-08T15:32:27Z,PLC12,SPEED_SET,NONE,IDLE,OP028,LOW,YES,NORMAL,
OT-00289,2026-06-16T10:07:45Z,YARD-01,HOIST_UP,NONE,NORMAL,OP035,LOW,YES,NORMAL,
OT-00290,2026-06-24T19:33:56Z,YARD-05,OUT_OF_SEQUENCE,ALM-418,ABNORMAL,OP027,HIGH,NO,SUSPICIOUS,INC-T21-004
OT-00291,2026-06-15T19:56:48Z,YARD-01,STOP,NONE,NORMAL,OP038,LOW,YES,NORMAL,
OT-00292,2026-06-08T02:48:14Z,PLC06,HOIST_UP,NONE,NORMAL,OP023,LOW,YES,NORMAL,
OT-00293,2026-06-05T09:13:54Z,YARD-02,MOVE_LEFT,NONE,RUNNING,OP032,LOW,YES,NORMAL,
OT-00294,2026-06-06T10:02:51Z,PLC03,STOP,NONE,RUNNING,OP015,LOW,YES,NORMAL,
OT-00295,2026-06-18T00:13:07Z,CRANE06,STATUS_READ,NONE,NORMAL,OP010,LOW,YES,NORMAL,
OT-00296,2026-06-02T10:46:13Z,PLC11,HOIST_DOWN,NONE,IDLE,OP025,LOW,YES,NORMAL,
OT-00297,2026-06-17T12:23:43Z,PLC06,UNAUTHORIZED_COMMAND,ALM-311,DEGRADED,OP037,HIGH,NO,SUSPICIOUS,
OT-00298,2026-06-08T20:00:52Z,YARD-01,HOIST_DOWN,NONE,NORMAL,OP018,LOW,YES,NORMAL,
OT-00299,2026-06-18T03:54:42Z,PLC11,STATUS_READ,NONE,NORMAL,OP032,LOW,YES,NORMAL,
OT-00300,2026-06-19T05:50:31Z,YARD-03,SPEED_SET,NONE,IDLE,OP015,LOW,YES,NORMAL,
OT-00301,2026-06-09T19:27:06Z,CRANE03,HOIST_UP,NONE,RUNNING,OP034,LOW,YES,NORMAL,
OT-00302,2026-06-01T14:14:49Z,YARD-03,IDLE,NONE,IDLE,OP027,LOW,YES,NORMAL,
OT-00303,2026-06-18T20:07:57Z,PLC08,HOIST_UP,NONE,IDLE,OP038,LOW,YES,NORMAL,
OT-00304,2026-06-25T10:26:04Z,CRANE08,STOP,NONE,NORMAL,OP029,LOW,YES,NORMAL,
OT-00305,2026-06-29T00:54:46Z,CRANE07,MOVE_LEFT,ALM-101,IDLE,OP002,MEDIUM,YES,NORMAL,
OT-00306,2026-06-20T19:05:31Z,CRANE05,STATUS_READ,NONE,NORMAL,OP033,LOW,YES,NORMAL,
OT-00307,2026-06-11T20:56:02Z,YARD-02,IDLE,NONE,IDLE,OP031,LOW,YES,NORMAL,
OT-00308,2026-06-03T01:27:46Z,PLC08,MOVE_LEFT,NONE,IDLE,OP025,LOW,YES,NORMAL,
OT-00309,2026-06-05T02:08:20Z,CRANE02,HOIST_DOWN,NONE,RUNNING,OP011,LOW,YES,NORMAL,
OT-00310,2026-06-20T11:56:36Z,PLC07,HOIST_UP,NONE,RUNNING,OP035,LOW,YES,NORMAL,
OT-00311,2026-06-12T08:55:23Z,YARD-01,MOVE_RIGHT,ALM-107,RUNNING,OP006,MEDIUM,YES,NORMAL,
OT-00312,2026-06-04T01:13:10Z,YARD-04,HOIST_DOWN,NONE,IDLE,OP035,LOW,YES,NORMAL,
OT-00313,2026-06-14T10:34:36Z,CRANE07,STOP,NONE,IDLE,OP001,LOW,YES,NORMAL,
OT-00314,2026-06-10T12:16:18Z,YARD-03,IDLE,NONE,IDLE,OP037,LOW,YES,NORMAL,
OT-00315,2026-06-03T12:28:15Z,PLC06,SPEED_SET,NONE,NORMAL,OP018,LOW,YES,NORMAL,
OT-00316,2026-06-29T17:57:39Z,YARD-01,IDLE,ALM-101,NORMAL,OP035,MEDIUM,YES,NORMAL,
OT-00317,2026-06-23T20:36:28Z,YARD-01,MOVE_RIGHT,NONE,IDLE,OP007,LOW,YES,NORMAL,
OT-00318,2026-06-19T14:33:34Z,CRANE07,MOVE_RIGHT,NONE,IDLE,OP001,LOW,YES,NORMAL,
OT-00319,2026-06-30T03:47:38Z,CRANE04,STOP,NONE,RUNNING,OP037,LOW,YES,NORMAL,
OT-00320,2026-06-29T15:50:11Z,PLC11,SPEED_SET,NONE,RUNNING,OP037,LOW,YES,NORMAL,
OT-00321,2026-06-16T08:06:23Z,YARD-06,MOVE_RIGHT,NONE,NORMAL,OP033,LOW,YES,NORMAL,
OT-00322,2026-06-12T14:35:03Z,YARD-07,IDLE,NONE,NORMAL,OP025,LOW,YES,NORMAL,
OT-00323,2026-06-04T05:27:01Z,PLC03,IDLE,NONE,IDLE,OP005,LOW,YES,NORMAL,
OT-00324,2026-06-18T20:14:49Z,PLC03,IDLE,NONE,IDLE,OP030,LOW,YES,NORMAL,
OT-00325,2026-06-10T00:44:55Z,PLC09,STATUS_READ,NONE,RUNNING,OP023,LOW,YES,NORMAL,
OT-00326,2026-06-07T10:10:39Z,YARD-05,IDLE,NONE,RUNNING,OP009,LOW,YES,NORMAL,
OT-00327,2026-06-09T03:33:47Z,YARD-06,MOVE_LEFT,NONE,RUNNING,OP036,LOW,YES,NORMAL,
OT-00328,2026-06-17T02:07:00Z,PLC05,SPEED_SET,NONE,NORMAL,OP038,LOW,YES,NORMAL,
OT-00329,2026-06-21T14:42:54Z,YARD-06,STOP,NONE,NORMAL,OP022,LOW,YES,NORMAL,
OT-00330,2026-06-29T18:34:39Z,CRANE04,MOVE_RIGHT,NONE,IDLE,OP030,LOW,YES,NORMAL,
OT-00331,2026-06-14T10:45:56Z,PLC07,IDLE,NONE,RUNNING,OP034,LOW,YES,NORMAL,
OT-00332,2026-06-10T02:11:43Z,CRANE04,IDLE,NONE,IDLE,OP018,LOW,YES,NORMAL,
OT-00333,2026-06-05T03:32:10Z,PLC09,IDLE,NONE,RUNNING,OP005,LOW,YES,NORMAL,
OT-00334,2026-06-23T23:56:14Z,PLC01,HOIST_UP,NONE,NORMAL,OP022,LOW,YES,NORMAL,
OT-00335,2026-06-12T01:10:57Z,PLC12,UNAUTHORIZED_COMMAND,ALM-509,SAFE_STOP,OP003,CRITICAL,NO,SUSPICIOUS,
OT-00336,2026-06-22T16:50:56Z,YARD-01,STOP,NONE,RUNNING,OP001,LOW,YES,NORMAL,
OT-00337,2026-06-14T01:26:22Z,YARD-07,MOVE_RIGHT,NONE,IDLE,OP015,LOW,YES,NORMAL,
OT-00338,2026-06-23T05:00:17Z,PLC05,STOP,NONE,IDLE,OP031,LOW,YES,NORMAL,
OT-00339,2026-06-15T15:37:36Z,PLC02,SPEED_SET,NONE,RUNNING,OP020,LOW,YES,NORMAL,
OT-00340,2026-06-23T12:46:52Z,PLC05,STOP,NONE,RUNNING,OP031,LOW,YES,NORMAL,
OT-00341,2026-06-11T17:36:31Z,PLC05,MOVE_RIGHT,NONE,IDLE,OP036,LOW,YES,NORMAL,
OT-00342,2026-06-23T14:29:23Z,YARD-03,MOVE_RIGHT,NONE,IDLE,OP015,LOW,YES,NORMAL,
OT-00343,2026-06-28T11:13:53Z,CRANE08,IDLE,NONE,IDLE,OP033,LOW,YES,NORMAL,
OT-00344,2026-06-20T18:13:30Z,YARD-06,STATUS_READ,NONE,RUNNING,OP039,LOW,YES,NORMAL,
OT-00345,2026-06-28T01:58:07Z,YARD-04,HOIST_DOWN,NONE,IDLE,OP013,LOW,YES,NORMAL,
OT-00346,2026-06-10T20:15:40Z,YARD-08,STATUS_READ,NONE,IDLE,OP012,LOW,YES,NORMAL,
OT-00347,2026-06-08T15:22:44Z,PLC05,MOVE_LEFT,NONE,NORMAL,OP038,LOW,YES,NORMAL,
OT-00348,2026-06-09T03:04:06Z,PLC05,STATUS_READ,NONE,RUNNING,OP017,LOW,YES,NORMAL,
OT-00349,2026-06-04T09:29:48Z,PLC06,IDLE,NONE,IDLE,OP003,LOW,YES,NORMAL,
OT-00350,2026-06-28T22:45:39Z,CRANE05,MOVE_RIGHT,NONE,RUNNING,OP026,LOW,YES,NORMAL,
OT-00351,2026-06-30T23:56:58Z,YARD-08,STOP,ALM-107,RUNNING,OP010,MEDIUM,YES,NORMAL,
OT-00352,2026-06-23T14:38:32Z,PLC04,STATUS_READ,NONE,IDLE,OP039,LOW,YES,NORMAL,
OT-00353,2026-06-11T01:20:23Z,PLC06,STATUS_READ,NONE,RUNNING,OP019,LOW,YES,NORMAL,
OT-00354,2026-06-17T07:11:19Z,YARD-06,STATUS_READ,NONE,RUNNING,OP021,LOW,YES,NORMAL,
OT-00355,2026-06-16T04:57:19Z,YARD-03,SPEED_SET,NONE,IDLE,OP019,LOW,YES,NORMAL,
OT-00356,2026-06-25T08:46:06Z,PLC01,MOVE_LEFT,NONE,NORMAL,OP017,LOW,YES,NORMAL,
OT-00357,2026-06-19T21:40:59Z,PLC07,MOVE_LEFT,NONE,IDLE,OP026,LOW,YES,NORMAL,
OT-00358,2026-06-26T12:48:50Z,YARD-04,SPEED_SET,NONE,RUNNING,OP005,LOW,YES,NORMAL,
OT-00359,2026-06-08T07:37:23Z,PLC10,IDLE,NONE,RUNNING,OP024,LOW,YES,NORMAL,
OT-00360,2026-06-08T18:48:38Z,CRANE03,IDLE,NONE,RUNNING,OP025,LOW,YES,NORMAL,
OT-00361,2026-06-17T02:22:58Z,CRANE08,MOVE_LEFT,NONE,IDLE,OP005,LOW,YES,NORMAL,
OT-00362,2026-06-27T11:37:57Z,PLC12,STATUS_READ,NONE,RUNNING,OP026,LOW,YES,NORMAL,
OT-00363,2026-06-19T20:14:43Z,CRANE04,STOP,NONE,IDLE,OP024,LOW,YES,NORMAL,
OT-00364,2026-06-27T23:48:37Z,PLC02,MOVE_RIGHT,NONE,IDLE,OP015,LOW,YES,NORMAL,
OT-00365,2026-06-14T19:33:20Z,CRANE05,STATUS_READ,NONE,RUNNING,OP034,LOW,YES,NORMAL,
OT-00366,2026-06-03T01:59:53Z,PLC07,MOVE_RIGHT,NONE,IDLE,OP005,LOW,YES,NORMAL,
OT-00367,2026-06-05T22:53:50Z,CRANE03,REPEATED_COMMAND,ALM-204,SAFE_STOP,OP028,HIGH,NO,SUSPICIOUS,INC-T21-001
OT-00368,2026-06-10T20:08:17Z,PLC06,HOIST_UP,NONE,IDLE,OP004,LOW,YES,NORMAL,
OT-00369,2026-06-10T03:50:41Z,CRANE03,MOVE_RIGHT,NONE,NORMAL,OP009,LOW,YES,NORMAL,
OT-00370,2026-06-21T04:48:49Z,CRANE02,STATUS_READ,NONE,RUNNING,OP004,LOW,YES,NORMAL,
OT-00371,2026-06-28T16:30:01Z,PLC06,IDLE,NONE,RUNNING,OP022,LOW,YES,NORMAL,
OT-00372,2026-06-29T08:42:42Z,YARD-01,REPEATED_COMMAND,ALM-418,DEGRADED,OP032,CRITICAL,NO,SUSPICIOUS,
OT-00373,2026-06-29T23:38:07Z,PLC12,SPEED_OVERRIDE,ALM-418,SAFE_STOP,OP027,HIGH,NO,SUSPICIOUS,
OT-00374,2026-06-20T03:58:10Z,PLC06,HOIST_UP,NONE,RUNNING,OP027,LOW,YES,NORMAL,
OT-00375,2026-06-14T12:37:51Z,PLC04,UNAUTHORIZED_COMMAND,ALM-311,SAFE_STOP,OP023,HIGH,NO,SUSPICIOUS,
OT-00376,2026-06-26T11:23:48Z,CRANE05,STOP,NONE,RUNNING,OP005,LOW,YES,NORMAL,
OT-00377,2026-06-25T13:40:50Z,YARD-01,SPEED_SET,NONE,IDLE,OP034,LOW,YES,NORMAL,
OT-00378,2026-06-13T05:49:22Z,PLC07,HOIST_DOWN,NONE,RUNNING,OP033,LOW,YES,NORMAL,
OT-00379,2026-06-16T23:21:37Z,YARD-03,IDLE,ALM-101,IDLE,OP019,MEDIUM,YES,NORMAL,
OT-00380,2026-06-27T03:39:25Z,PLC06,MOVE_RIGHT,NONE,NORMAL,OP030,LOW,YES,NORMAL,
OT-00381,2026-06-01T02:40:13Z,YARD-01,STATUS_READ,NONE,RUNNING,OP027,LOW,YES,NORMAL,
OT-00382,2026-06-09T10:38:00Z,CRANE06,SPEED_SET,NONE,NORMAL,OP020,LOW,YES,NORMAL,
OT-00383,2026-06-15T02:25:52Z,YARD-05,HOIST_UP,NONE,RUNNING,OP006,LOW,YES,NORMAL,
OT-00384,2026-06-24T18:52:19Z,YARD-05,IDLE,NONE,NORMAL,OP025,LOW,YES,NORMAL,
OT-00385,2026-06-20T03:17:23Z,YARD-06,IDLE,NONE,IDLE,OP030,LOW,YES,NORMAL,
OT-00386,2026-06-24T18:11:32Z,YARD-01,STOP,NONE,NORMAL,OP001,LOW,YES,NORMAL,
OT-00387,2026-06-15T14:42:45Z,PLC04,STATUS_READ,NONE,NORMAL,OP021,LOW,YES,NORMAL,
OT-00388,2026-06-09T21:49:40Z,PLC03,STATUS_READ,NONE,NORMAL,OP016,LOW,YES,NORMAL,
OT-00389,2026-06-24T12:00:32Z,PLC04,STOP,NONE,NORMAL,OP004,LOW,YES,NORMAL,
OT-00390,2026-06-03T05:38:19Z,PLC02,MOVE_RIGHT,NONE,IDLE,OP036,LOW,YES,NORMAL,
OT-00391,2026-06-01T13:12:21Z,PLC08,STATUS_READ,NONE,NORMAL,OP017,LOW,YES,NORMAL,
OT-00392,2026-06-08T10:00:27Z,PLC04,IDLE,NONE,NORMAL,OP029,LOW,YES,NORMAL,
OT-00393,2026-06-29T19:02:30Z,CRANE05,IDLE,NONE,IDLE,OP018,LOW,YES,NORMAL,
OT-00394,2026-06-06T01:14:00Z,PLC04,SPEED_SET,NONE,IDLE,OP038,LOW,YES,NORMAL,
OT-00395,2026-06-04T23:27:03Z,CRANE06,IDLE,NONE,NORMAL,OP017,LOW,YES,NORMAL,
OT-00396,2026-06-19T02:20:47Z,CRANE06,STATUS_READ,NONE,NORMAL,OP033,LOW,YES,NORMAL,
OT-00397,2026-06-29T19:59:07Z,PLC01,HOIST_DOWN,NONE,IDLE,OP020,LOW,YES,NORMAL,
OT-00398,2026-06-30T01:00:36Z,CRANE02,MOVE_RIGHT,ALM-107,IDLE,OP039,MEDIUM,YES,NORMAL,
OT-00399,2026-06-15T20:19:17Z,PLC01,HOIST_UP,NONE,IDLE,OP028,LOW,YES,NORMAL,
OT-00400,2026-06-27T20:53:55Z,PLC06,MOVE_LEFT,NONE,NORMAL,OP004,LOW,YES,NORMAL,
OT-00401,2026-06-16T08:57:04Z,CRANE06,SPEED_SET,NONE,IDLE,OP032,LOW,YES,NORMAL,
OT-00402,2026-06-01T01:21:02Z,CRANE08,SPEED_SET,NONE,RUNNING,OP019,LOW,YES,NORMAL,
OT-00403,2026-06-12T17:43:47Z,PLC08,HOIST_DOWN,NONE,RUNNING,OP026,LOW,YES,NORMAL,
OT-00404,2026-06-10T02:30:54Z,PLC01,HOIST_UP,NONE,RUNNING,OP029,LOW,YES,NORMAL,
OT-00405,2026-06-22T05:05:31Z,CRANE03,IDLE,NONE,NORMAL,OP036,LOW,YES,NORMAL,
OT-00406,2026-06-17T04:45:26Z,CRANE02,SPEED_SET,NONE,NORMAL,OP035,LOW,YES,NORMAL,
OT-00407,2026-06-01T17:52:35Z,PLC04,IDLE,NONE,IDLE,OP005,LOW,YES,NORMAL,
OT-00408,2026-06-05T04:36:53Z,PLC01,MOVE_RIGHT,NONE,RUNNING,OP029,LOW,YES,NORMAL,
OT-00409,2026-06-10T19:12:32Z,CRANE05,MOVE_LEFT,NONE,IDLE,OP017,LOW,YES,NORMAL,
OT-00410,2026-06-26T23:45:41Z,CRANE05,IDLE,ALM-107,RUNNING,OP036,MEDIUM,YES,NORMAL,
OT-00411,2026-06-04T19:44:52Z,PLC05,IDLE,NONE,IDLE,OP024,LOW,YES,NORMAL,
OT-00412,2026-06-13T06:58:32Z,PLC03,HOIST_UP,NONE,IDLE,OP030,LOW,YES,NORMAL,
OT-00413,2026-06-23T22:45:31Z,YARD-08,MOVE_LEFT,NONE,RUNNING,OP028,LOW,YES,NORMAL,
OT-00414,2026-06-29T23:53:22Z,YARD-06,IDLE,NONE,IDLE,OP007,LOW,YES,NORMAL,
OT-00415,2026-06-06T16:18:38Z,YARD-08,MOVE_RIGHT,NONE,IDLE,OP025,LOW,YES,NORMAL,
OT-00416,2026-06-09T14:21:32Z,PLC03,MOVE_RIGHT,NONE,RUNNING,OP024,LOW,YES,NORMAL,
OT-00417,2026-06-07T02:47:57Z,YARD-06,MOVE_LEFT,NONE,RUNNING,OP020,LOW,YES,NORMAL,
OT-00418,2026-06-03T23:21:18Z,CRANE05,SPEED_SET,NONE,RUNNING,OP030,LOW,YES,NORMAL,
OT-00419,2026-06-01T06:30:52Z,YARD-06,STOP,NONE,IDLE,OP027,LOW,YES,NORMAL,
OT-00420,2026-06-18T04:19:13Z,PLC12,STATUS_READ,NONE,IDLE,OP021,LOW,YES,NORMAL,
OT-00421,2026-06-06T21:59:08Z,CRANE05,STOP,NONE,NORMAL,OP037,LOW,YES,NORMAL,
OT-00422,2026-06-16T01:26:07Z,PLC07,HOIST_UP,NONE,RUNNING,OP016,LOW,YES,NORMAL,
OT-00423,2026-06-16T11:20:25Z,PLC11,MOVE_LEFT,NONE,IDLE,OP017,LOW,YES,NORMAL,
OT-00424,2026-06-02T07:59:18Z,CRANE03,EMERGENCY_STOP,ALM-204,SAFE_STOP,OP011,CRITICAL,NO,SUSPICIOUS,
OT-00425,2026-06-30T18:03:00Z,PLC03,STATUS_READ,NONE,RUNNING,OP010,LOW,YES,NORMAL,
OT-00426,2026-06-13T09:47:22Z,PLC10,STOP,NONE,RUNNING,OP034,LOW,YES,NORMAL,
OT-00427,2026-06-01T21:34:54Z,PLC07,MOVE_LEFT,NONE,IDLE,OP033,LOW,YES,NORMAL,
OT-00428,2026-06-26T16:40:34Z,YARD-02,HOIST_UP,NONE,NORMAL,OP005,LOW,YES,NORMAL,
OT-00429,2026-06-19T19:34:39Z,CRANE02,STATUS_READ,NONE,IDLE,OP031,LOW,YES,NORMAL,
OT-00430,2026-06-01T06:30:04Z,PLC03,IDLE,NONE,RUNNING,OP040,LOW,YES,NORMAL,
OT-00431,2026-06-20T14:16:19Z,YARD-04,STOP,NONE,IDLE,OP008,LOW,YES,NORMAL,
OT-00432,2026-06-11T03:39:03Z,YARD-06,IDLE,NONE,IDLE,OP022,LOW,YES,NORMAL,
OT-00433,2026-06-03T16:05:21Z,PLC05,HOIST_UP,NONE,NORMAL,OP011,LOW,YES,NORMAL,
OT-00434,2026-06-14T19:54:43Z,YARD-04,HOIST_UP,NONE,NORMAL,OP001,LOW,YES,NORMAL,
OT-00435,2026-06-06T21:15:57Z,PLC03,MOVE_RIGHT,NONE,RUNNING,OP024,LOW,YES,NORMAL,
OT-00436,2026-06-20T18:28:56Z,YARD-05,MOVE_RIGHT,ALM-107,RUNNING,OP001,MEDIUM,YES,NORMAL,
OT-00437,2026-06-08T17:28:47Z,PLC08,SPEED_SET,NONE,IDLE,OP010,LOW,YES,NORMAL,
OT-00438,2026-06-27T03:10:16Z,CRANE03,STATUS_READ,NONE,RUNNING,OP025,LOW,YES,NORMAL,
OT-00439,2026-06-21T14:57:00Z,YARD-06,HOIST_DOWN,NONE,IDLE,OP035,LOW,YES,NORMAL,
OT-00440,2026-06-29T03:15:57Z,CRANE07,MOVE_RIGHT,NONE,IDLE,OP036,LOW,YES,NORMAL,
OT-00441,2026-06-12T07:03:41Z,YARD-05,HOIST_DOWN,NONE,IDLE,OP030,LOW,YES,NORMAL,
OT-00442,2026-06-23T02:20:40Z,YARD-05,MOVE_LEFT,NONE,NORMAL,OP032,LOW,YES,NORMAL,
OT-00443,2026-06-13T00:54:57Z,CRANE01,STATUS_READ,NONE,NORMAL,OP019,LOW,YES,NORMAL,
OT-00444,2026-06-27T00:17:08Z,CRANE04,SPEED_SET,NONE,IDLE,OP004,LOW,YES,NORMAL,
OT-00445,2026-06-07T10:20:22Z,PLC09,MOVE_RIGHT,NONE,NORMAL,OP034,LOW,YES,NORMAL,
OT-00446,2026-06-13T12:56:53Z,CRANE06,MOVE_RIGHT,NONE,NORMAL,OP009,LOW,YES,NORMAL,
OT-00447,2026-06-26T06:06:44Z,CRANE07,STATUS_READ,NONE,IDLE,OP002,LOW,YES,NORMAL,
OT-00448,2026-06-23T09:58:06Z,PLC12,MOVE_LEFT,NONE,NORMAL,OP037,LOW,YES,NORMAL,
OT-00449,2026-06-02T13:54:36Z,PLC01,MOVE_LEFT,NONE,IDLE,OP006,LOW,YES,NORMAL,
OT-00450,2026-06-25T10:38:19Z,PLC02,MOVE_LEFT,NONE,NORMAL,OP002,LOW,YES,NORMAL,
OT-00451,2026-06-01T15:14:55Z,PLC11,HOIST_UP,NONE,RUNNING,OP024,LOW,YES,NORMAL,
OT-00452,2026-06-28T08:57:20Z,PLC10,MOVE_RIGHT,NONE,RUNNING,OP036,LOW,YES,NORMAL,
OT-00453,2026-06-12T19:50:57Z,PLC06,HOIST_DOWN,NONE,RUNNING,OP035,LOW,YES,NORMAL,
OT-00454,2026-06-06T11:36:30Z,YARD-04,IDLE,NONE,IDLE,OP026,LOW,YES,NORMAL,
OT-00455,2026-06-21T00:04:55Z,PLC08,MOVE_LEFT,NONE,IDLE,OP004,LOW,YES,NORMAL,
OT-00456,2026-06-06T19:06:08Z,CRANE07,STOP,NONE,RUNNING,OP009,LOW,YES,NORMAL,
OT-00457,2026-06-01T20:49:40Z,YARD-05,IDLE,NONE,NORMAL,OP006,LOW,YES,NORMAL,
OT-00458,2026-06-16T08:29:44Z,PLC11,IDLE,NONE,NORMAL,OP040,LOW,YES,NORMAL,
OT-00459,2026-06-22T01:05:36Z,PLC07,HOIST_UP,NONE,RUNNING,OP014,LOW,YES,NORMAL,
OT-00460,2026-06-20T09:51:57Z,PLC09,IDLE,NONE,IDLE,OP003,LOW,YES,NORMAL,
OT-00461,2026-06-09T11:57:30Z,YARD-04,IDLE,NONE,NORMAL,OP026,LOW,YES,NORMAL,
OT-00462,2026-06-03T15:05:52Z,YARD-05,STOP,NONE,RUNNING,OP008,LOW,YES,NORMAL,
OT-00463,2026-06-01T01:13:26Z,PLC05,STATUS_READ,NONE,RUNNING,OP017,LOW,YES,NORMAL,
OT-00464,2026-06-05T06:30:15Z,YARD-01,HOIST_UP,NONE,NORMAL,OP002,LOW,YES,NORMAL,
OT-00465,2026-06-24T03:22:28Z,CRANE07,MOVE_RIGHT,NONE,NORMAL,OP018,LOW,YES,NORMAL,
OT-00466,2026-06-13T18:29:54Z,YARD-07,STOP,NONE,NORMAL,OP034,LOW,YES,NORMAL,
OT-00467,2026-06-09T22:16:54Z,PLC03,REPEATED_COMMAND,ALM-509,SAFE_STOP,OP014,CRITICAL,NO,SUSPICIOUS,
OT-00468,2026-06-25T06:58:14Z,CRANE07,HOIST_DOWN,NONE,IDLE,OP006,LOW,YES,NORMAL,
OT-00469,2026-06-25T14:41:27Z,PLC11,MOVE_LEFT,NONE,NORMAL,OP030,LOW,YES,NORMAL,
OT-00470,2026-06-06T17:39:02Z,CRANE02,HOIST_DOWN,NONE,NORMAL,OP010,LOW,YES,NORMAL,
OT-00471,2026-06-05T17:46:41Z,PLC12,MOVE_RIGHT,NONE,NORMAL,OP037,LOW,YES,NORMAL,
OT-00472,2026-06-23T14:27:06Z,CRANE06,STOP,NONE,IDLE,OP031,LOW,YES,NORMAL,
OT-00473,2026-06-28T03:46:51Z,YARD-02,HOIST_UP,NONE,NORMAL,OP039,LOW,YES,NORMAL,
OT-00474,2026-06-30T20:58:21Z,CRANE08,MOVE_RIGHT,NONE,RUNNING,OP028,LOW,YES,NORMAL,
OT-00475,2026-06-25T02:25:05Z,CRANE07,HOIST_UP,NONE,IDLE,OP001,LOW,YES,NORMAL,
OT-00476,2026-06-01T13:24:30Z,CRANE08,PLC_MODE_CHANGE,ALM-204,ABNORMAL,OP020,HIGH,NO,SUSPICIOUS,
OT-00477,2026-06-04T08:01:37Z,CRANE08,IDLE,NONE,IDLE,OP038,LOW,YES,NORMAL,
OT-00478,2026-06-08T08:47:21Z,PLC07,MOVE_RIGHT,NONE,IDLE,OP023,LOW,YES,NORMAL,
OT-00479,2026-06-23T00:44:50Z,PLC10,STATUS_READ,NONE,IDLE,OP017,LOW,YES,NORMAL,
OT-00480,2026-06-29T19:46:41Z,PLC01,MOVE_RIGHT,NONE,NORMAL,OP016,LOW,YES,NORMAL,
OT-00481,2026-06-25T04:18:08Z,PLC02,MOVE_LEFT,ALM-101,NORMAL,OP030,MEDIUM,YES,NORMAL,
OT-00482,2026-06-03T23:50:56Z,PLC09,SPEED_SET,NONE,NORMAL,OP010,LOW,YES,NORMAL,
OT-00483,2026-06-04T19:43:42Z,YARD-04,IDLE,NONE,NORMAL,OP008,LOW,YES,NORMAL,
OT-00484,2026-06-07T06:26:32Z,CRANE04,IDLE,NONE,NORMAL,OP027,LOW,YES,NORMAL,
OT-00485,2026-06-09T22:01:47Z,PLC03,HOIST_DOWN,NONE,RUNNING,OP025,LOW,YES,NORMAL,
OT-00486,2026-06-10T00:26:19Z,CRANE07,HOIST_UP,NONE,RUNNING,OP030,LOW,YES,NORMAL,
OT-00487,2026-06-08T07:33:15Z,PLC08,STOP,NONE,RUNNING,OP036,LOW,YES,NORMAL,
OT-00488,2026-06-21T09:11:54Z,PLC06,STATUS_READ,NONE,RUNNING,OP038,LOW,YES,NORMAL,
OT-00489,2026-06-30T03:21:39Z,YARD-06,SPEED_SET,NONE,NORMAL,OP023,LOW,YES,NORMAL,
OT-00490,2026-06-10T10:51:00Z,CRANE05,HOIST_UP,NONE,RUNNING,OP029,LOW,YES,NORMAL,
OT-00491,2026-06-17T03:28:36Z,CRANE01,HOIST_DOWN,NONE,RUNNING,OP025,LOW,YES,NORMAL,
OT-00492,2026-06-06T19:01:21Z,CRANE07,MOVE_LEFT,NONE,IDLE,OP004,LOW,YES,NORMAL,
OT-00493,2026-06-04T13:49:53Z,YARD-06,STATUS_READ,NONE,RUNNING,OP009,LOW,YES,NORMAL,
OT-00494,2026-06-03T21:08:18Z,PLC03,HOIST_UP,NONE,IDLE,OP038,LOW,YES,NORMAL,
OT-00495,2026-06-19T07:15:09Z,CRANE05,HOIST_DOWN,NONE,IDLE,OP023,LOW,YES,NORMAL,
OT-00496,2026-06-18T04:41:08Z,PLC06,HOIST_DOWN,NONE,IDLE,OP033,LOW,YES,NORMAL,
OT-00497,2026-06-22T20:48:09Z,PLC12,STATUS_READ,ALM-107,IDLE,OP010,MEDIUM,YES,NORMAL,
OT-00498,2026-06-24T10:51:32Z,PLC01,SPEED_SET,NONE,RUNNING,OP038,LOW,YES,NORMAL,
OT-00499,2026-06-27T06:23:56Z,YARD-08,HOIST_UP,NONE,NORMAL,OP018,LOW,YES,NORMAL,
OT-00500,2026-06-29T20:47:44Z,CRANE08,MOVE_LEFT,NONE,NORMAL,OP022,LOW,YES,NORMAL,
OT-00501,2026-06-10T10:44:20Z,CRANE04,HOIST_UP,NONE,IDLE,OP036,LOW,YES,NORMAL,
OT-00502,2026-06-15T18:41:19Z,CRANE01,REPEATED_COMMAND,ALM-311,ABNORMAL,OP040,CRITICAL,NO,SUSPICIOUS,
OT-00503,2026-06-01T04:45:09Z,PLC05,HOIST_DOWN,NONE,NORMAL,OP038,LOW,YES,NORMAL,
OT-00504,2026-06-26T21:05:11Z,PLC11,STOP,NONE,NORMAL,OP024,LOW,YES,NORMAL,
OT-00505,2026-06-03T16:15:33Z,YARD-05,HOIST_UP,NONE,NORMAL,OP022,LOW,YES,NORMAL,
OT-00506,2026-06-01T03:23:10Z,CRANE01,MOVE_RIGHT,NONE,RUNNING,OP033,LOW,YES,NORMAL,
OT-00507,2026-06-18T21:32:53Z,YARD-08,MOVE_RIGHT,NONE,IDLE,OP008,LOW,YES,NORMAL,
OT-00508,2026-06-06T09:13:38Z,PLC06,MOVE_LEFT,NONE,RUNNING,OP015,LOW,YES,NORMAL,
OT-00509,2026-06-13T08:08:25Z,CRANE01,IDLE,NONE,IDLE,OP002,LOW,YES,NORMAL,
OT-00510,2026-06-22T23:18:09Z,YARD-07,STATUS_READ,NONE,NORMAL,OP025,LOW,YES,NORMAL,
OT-00511,2026-06-06T16:33:43Z,PLC10,SPEED_SET,NONE,IDLE,OP014,LOW,YES,NORMAL,
OT-00512,2026-06-30T10:43:33Z,PLC10,STATUS_READ,NONE,NORMAL,OP005,LOW,YES,NORMAL,
OT-00513,2026-06-13T05:11:13Z,CRANE01,SPEED_SET,NONE,RUNNING,OP034,LOW,YES,NORMAL,
OT-00514,2026-06-23T10:22:51Z,PLC09,HOIST_UP,NONE,RUNNING,OP002,LOW,YES,NORMAL,
OT-00515,2026-06-25T19:51:48Z,CRANE08,UNAUTHORIZED_COMMAND,ALM-509,ABNORMAL,OP002,CRITICAL,NO,SUSPICIOUS,
OT-00516,2026-06-22T02:09:16Z,CRANE06,HOIST_DOWN,NONE,NORMAL,OP037,LOW,YES,NORMAL,
OT-00517,2026-06-14T12:38:49Z,PLC05,MOVE_LEFT,NONE,RUNNING,OP007,LOW,YES,NORMAL,
OT-00518,2026-06-30T18:10:54Z,PLC11,STOP,NONE,RUNNING,OP007,LOW,YES,NORMAL,
OT-00519,2026-06-17T18:46:43Z,CRANE08,SPEED_SET,NONE,NORMAL,OP013,LOW,YES,NORMAL,
OT-00520,2026-06-05T07:18:47Z,PLC09,STATUS_READ,NONE,NORMAL,OP005,LOW,YES,NORMAL,
OT-00521,2026-06-10T12:59:45Z,YARD-06,MOVE_LEFT,NONE,IDLE,OP035,LOW,YES,NORMAL,
OT-00522,2026-06-12T01:22:05Z,PLC07,UNAUTHORIZED_COMMAND,ALM-204,SAFE_STOP,OP021,CRITICAL,NO,SUSPICIOUS,INC-T21-002
OT-00523,2026-06-27T20:51:41Z,YARD-01,HOIST_DOWN,NONE,NORMAL,OP001,LOW,YES,NORMAL,
OT-00524,2026-06-10T11:57:30Z,PLC04,STATUS_READ,NONE,NORMAL,OP025,LOW,YES,NORMAL,
OT-00525,2026-06-21T17:30:58Z,PLC07,SPEED_SET,NONE,NORMAL,OP013,LOW,YES,NORMAL,
OT-00526,2026-06-04T11:49:34Z,PLC07,MOVE_RIGHT,NONE,NORMAL,OP023,LOW,YES,NORMAL,
OT-00527,2026-06-16T12:38:57Z,YARD-05,HOIST_DOWN,NONE,NORMAL,OP033,LOW,YES,NORMAL,
OT-00528,2026-06-13T19:24:27Z,YARD-05,HOIST_UP,NONE,RUNNING,OP011,LOW,YES,NORMAL,
OT-00529,2026-06-27T20:25:31Z,PLC10,STOP,NONE,IDLE,OP013,LOW,YES,NORMAL,
OT-00530,2026-06-01T14:08:45Z,PLC11,SPEED_OVERRIDE,ALM-311,DEGRADED,OP002,HIGH,NO,SUSPICIOUS,
OT-00531,2026-06-21T08:03:27Z,PLC03,IDLE,NONE,IDLE,OP034,LOW,YES,NORMAL,
OT-00532,2026-06-12T05:40:45Z,PLC09,MOVE_RIGHT,NONE,IDLE,OP035,LOW,YES,NORMAL,
OT-00533,2026-06-06T21:23:24Z,PLC01,IDLE,NONE,IDLE,OP005,LOW,YES,NORMAL,
OT-00534,2026-06-08T16:50:43Z,YARD-08,SPEED_SET,NONE,IDLE,OP027,LOW,YES,NORMAL,
OT-00535,2026-06-23T01:00:23Z,CRANE06,SPEED_SET,NONE,RUNNING,OP009,LOW,YES,NORMAL,
OT-00536,2026-06-02T04:38:39Z,PLC12,MOVE_LEFT,NONE,NORMAL,OP025,LOW,YES,NORMAL,
OT-00537,2026-06-03T02:36:31Z,YARD-04,MOVE_LEFT,NONE,RUNNING,OP014,LOW,YES,NORMAL,
OT-00538,2026-06-07T02:03:52Z,YARD-05,IDLE,NONE,IDLE,OP023,LOW,YES,NORMAL,
OT-00539,2026-06-27T01:56:49Z,CRANE05,OUT_OF_SEQUENCE,ALM-204,ABNORMAL,OP006,HIGH,NO,SUSPICIOUS,
OT-00540,2026-06-28T14:11:36Z,CRANE05,MOVE_LEFT,NONE,IDLE,OP009,LOW,YES,NORMAL,
OT-00541,2026-06-28T14:44:55Z,CRANE08,MOVE_RIGHT,NONE,IDLE,OP001,LOW,YES,NORMAL,
OT-00542,2026-06-14T13:28:18Z,PLC01,HOIST_DOWN,NONE,RUNNING,OP013,LOW,YES,NORMAL,
OT-00543,2026-06-02T13:59:42Z,YARD-02,MOVE_RIGHT,ALM-107,IDLE,OP007,MEDIUM,YES,NORMAL,
OT-00544,2026-06-18T17:02:10Z,PLC02,MOVE_RIGHT,NONE,RUNNING,OP019,LOW,YES,NORMAL,
OT-00545,2026-06-03T19:41:57Z,PLC12,HOIST_UP,NONE,RUNNING,OP007,LOW,YES,NORMAL,
OT-00546,2026-06-21T00:22:45Z,PLC05,EMERGENCY_STOP,ALM-204,ABNORMAL,OP030,HIGH,NO,SUSPICIOUS,
OT-00547,2026-06-24T11:27:17Z,PLC08,HOIST_UP,NONE,NORMAL,OP039,LOW,YES,NORMAL,
OT-00548,2026-06-22T21:55:34Z,PLC06,MOVE_RIGHT,ALM-107,RUNNING,OP026,MEDIUM,YES,NORMAL,
OT-00549,2026-06-14T12:40:09Z,PLC11,STOP,NONE,NORMAL,OP036,LOW,YES,NORMAL,
OT-00550,2026-06-13T00:50:56Z,PLC06,MOVE_RIGHT,NONE,RUNNING,OP021,LOW,YES,NORMAL,
OT-00551,2026-06-10T13:40:23Z,CRANE06,SPEED_SET,NONE,NORMAL,OP013,LOW,YES,NORMAL,
OT-00552,2026-06-16T03:41:09Z,PLC01,HOIST_DOWN,NONE,IDLE,OP020,LOW,YES,NORMAL,
OT-00553,2026-06-24T12:50:19Z,CRANE02,STATUS_READ,NONE,NORMAL,OP001,LOW,YES,NORMAL,
OT-00554,2026-06-07T00:33:07Z,PLC11,SPEED_SET,NONE,RUNNING,OP014,LOW,YES,NORMAL,
OT-00555,2026-06-05T17:11:11Z,YARD-03,MOVE_RIGHT,NONE,NORMAL,OP026,LOW,YES,NORMAL,
OT-00556,2026-06-18T18:55:22Z,YARD-01,HOIST_UP,NONE,RUNNING,OP038,LOW,YES,NORMAL,
OT-00557,2026-06-10T13:43:41Z,PLC09,SPEED_SET,NONE,NORMAL,OP004,LOW,YES,NORMAL,
OT-00558,2026-06-02T03:45:21Z,CRANE07,HOIST_DOWN,NONE,NORMAL,OP025,LOW,YES,NORMAL,
OT-00559,2026-06-19T01:11:32Z,YARD-05,HOIST_DOWN,NONE,NORMAL,OP022,LOW,YES,NORMAL,
OT-00560,2026-06-02T05:29:22Z,CRANE03,MOVE_RIGHT,NONE,RUNNING,OP031,LOW,YES,NORMAL,
OT-00561,2026-06-08T02:58:26Z,YARD-07,STATUS_READ,NONE,RUNNING,OP030,LOW,YES,NORMAL,
OT-00562,2026-06-27T12:51:40Z,CRANE04,HOIST_UP,NONE,IDLE,OP026,LOW,YES,NORMAL,
OT-00563,2026-06-04T06:00:33Z,YARD-04,MOVE_RIGHT,NONE,NORMAL,OP020,LOW,YES,NORMAL,
OT-00564,2026-06-02T23:48:06Z,CRANE03,HOIST_UP,NONE,NORMAL,OP025,LOW,YES,NORMAL,
OT-00565,2026-06-12T18:32:51Z,YARD-02,HOIST_UP,NONE,NORMAL,OP012,LOW,YES,NORMAL,
OT-00566,2026-06-11T03:27:38Z,PLC01,SPEED_SET,NONE,NORMAL,OP027,LOW,YES,NORMAL,
OT-00567,2026-06-14T19:54:11Z,PLC08,HOIST_UP,NONE,RUNNING,OP034,LOW,YES,NORMAL,
OT-00568,2026-06-29T12:15:14Z,PLC06,IDLE,NONE,RUNNING,OP001,LOW,YES,NORMAL,
OT-00569,2026-06-11T03:04:10Z,YARD-05,HOIST_DOWN,NONE,IDLE,OP023,LOW,YES,NORMAL,
OT-00570,2026-06-21T22:07:16Z,CRANE02,HOIST_DOWN,NONE,IDLE,OP036,LOW,YES,NORMAL,
OT-00571,2026-06-21T13:56:05Z,CRANE03,MOVE_LEFT,NONE,IDLE,OP005,LOW,YES,NORMAL,
OT-00572,2026-06-17T01:51:36Z,YARD-07,SPEED_SET,NONE,IDLE,OP029,LOW,YES,NORMAL,
OT-00573,2026-06-04T05:25:35Z,PLC05,STATUS_READ,NONE,RUNNING,OP002,LOW,YES,NORMAL,
OT-00574,2026-06-15T22:09:12Z,CRANE02,MOVE_RIGHT,ALM-101,IDLE,OP024,MEDIUM,YES,NORMAL,
OT-00575,2026-06-21T22:55:24Z,PLC02,STATUS_READ,NONE,RUNNING,OP004,LOW,YES,NORMAL,
OT-00576,2026-06-20T12:00:27Z,PLC09,HOIST_UP,NONE,IDLE,OP016,LOW,YES,NORMAL,
OT-00577,2026-06-02T04:24:24Z,PLC11,IDLE,NONE,IDLE,OP014,LOW,YES,NORMAL,
OT-00578,2026-06-24T04:05:32Z,CRANE01,SPEED_SET,NONE,NORMAL,OP002,LOW,YES,NORMAL,
OT-00579,2026-06-26T10:45:14Z,CRANE02,SPEED_SET,NONE,IDLE,OP008,LOW,YES,NORMAL,
OT-00580,2026-06-02T04:42:27Z,YARD-08,STOP,ALM-101,IDLE,OP022,MEDIUM,YES,NORMAL,
OT-00581,2026-06-02T02:31:11Z,PLC11,HOIST_UP,NONE,RUNNING,OP019,LOW,YES,NORMAL,
OT-00582,2026-06-23T11:50:16Z,YARD-03,SPEED_SET,NONE,IDLE,OP008,LOW,YES,NORMAL,
OT-00583,2026-06-12T23:29:01Z,CRANE03,SPEED_SET,NONE,NORMAL,OP022,LOW,YES,NORMAL,
OT-00584,2026-06-07T06:47:48Z,CRANE07,HOIST_UP,NONE,NORMAL,OP022,LOW,YES,NORMAL,
OT-00585,2026-06-06T15:20:25Z,YARD-07,HOIST_DOWN,NONE,NORMAL,OP008,LOW,YES,NORMAL,
OT-00586,2026-06-29T21:29:25Z,YARD-02,SPEED_SET,NONE,RUNNING,OP036,LOW,YES,NORMAL,
OT-00587,2026-06-12T08:48:41Z,YARD-01,HOIST_DOWN,NONE,IDLE,OP017,LOW,YES,NORMAL,
OT-00588,2026-06-30T23:02:59Z,PLC05,IDLE,NONE,NORMAL,OP014,LOW,YES,NORMAL,
OT-00589,2026-06-16T17:38:55Z,PLC09,MOVE_LEFT,NONE,RUNNING,OP013,LOW,YES,NORMAL,
OT-00590,2026-06-30T15:27:33Z,PLC09,SPEED_SET,NONE,IDLE,OP013,LOW,YES,NORMAL,
OT-00591,2026-06-07T11:06:21Z,PLC01,HOIST_DOWN,NONE,NORMAL,OP017,LOW,YES,NORMAL,
OT-00592,2026-06-04T23:30:35Z,PLC06,IDLE,NONE,IDLE,OP014,LOW,YES,NORMAL,
OT-00593,2026-06-17T05:19:29Z,CRANE03,PLC_MODE_CHANGE,ALM-418,ABNORMAL,OP022,CRITICAL,NO,SUSPICIOUS,
OT-00594,2026-06-28T05:21:36Z,PLC04,IDLE,NONE,RUNNING,OP027,LOW,YES,NORMAL,
OT-00595,2026-06-08T06:31:45Z,PLC06,HOIST_DOWN,NONE,RUNNING,OP007,LOW,YES,NORMAL,
OT-00596,2026-06-13T10:42:07Z,PLC11,HOIST_DOWN,NONE,IDLE,OP018,LOW,YES,NORMAL,
OT-00597,2026-06-15T10:09:44Z,PLC04,SPEED_SET,NONE,RUNNING,OP038,LOW,YES,NORMAL,
OT-00598,2026-06-26T06:20:06Z,YARD-05,HOIST_UP,NONE,NORMAL,OP023,LOW,YES,NORMAL,
OT-00599,2026-06-03T21:23:50Z,YARD-02,STOP,ALM-101,RUNNING,OP005,MEDIUM,YES,NORMAL,
OT-00600,2026-06-12T00:05:45Z,YARD-06,STATUS_READ,NONE,RUNNING,OP012,LOW,YES,NORMAL,
OT-00601,2026-06-27T15:42:19Z,YARD-05,IDLE,ALM-107,RUNNING,OP012,MEDIUM,YES,NORMAL,
OT-00602,2026-06-12T02:52:40Z,PLC08,STATUS_READ,NONE,NORMAL,OP003,LOW,YES,NORMAL,
OT-00603,2026-06-27T08:44:06Z,YARD-04,HOIST_UP,ALM-101,RUNNING,OP018,MEDIUM,YES,NORMAL,
OT-00604,2026-06-29T09:00:35Z,YARD-08,STOP,NONE,IDLE,OP027,LOW,YES,NORMAL,
OT-00605,2026-06-29T06:15:16Z,YARD-08,IDLE,NONE,RUNNING,OP017,LOW,YES,NORMAL,
OT-00606,2026-06-03T05:56:05Z,YARD-06,STATUS_READ,NONE,RUNNING,OP028,LOW,YES,NORMAL,
OT-00607,2026-06-18T05:46:04Z,PLC10,MOVE_RIGHT,NONE,RUNNING,OP032,LOW,YES,NORMAL,
OT-00608,2026-06-26T07:15:17Z,CRANE05,IDLE,NONE,NORMAL,OP011,LOW,YES,NORMAL,
OT-00609,2026-06-18T03:31:26Z,PLC03,STOP,NONE,IDLE,OP034,LOW,YES,NORMAL,
OT-00610,2026-06-29T10:04:33Z,CRANE05,IDLE,NONE,RUNNING,OP039,LOW,YES,NORMAL,
OT-00611,2026-06-10T11:26:46Z,YARD-03,HOIST_UP,NONE,IDLE,OP017,LOW,YES,NORMAL,
OT-00612,2026-06-14T14:08:48Z,CRANE04,HOIST_UP,NONE,NORMAL,OP040,LOW,YES,NORMAL,
OT-00613,2026-06-22T12:04:37Z,PLC09,SPEED_SET,NONE,IDLE,OP035,LOW,YES,NORMAL,
OT-00614,2026-06-04T08:53:38Z,PLC07,STOP,NONE,RUNNING,OP005,LOW,YES,NORMAL,
OT-00615,2026-06-14T08:20:18Z,YARD-05,HOIST_UP,NONE,IDLE,OP035,LOW,YES,NORMAL,
OT-00616,2026-06-17T12:03:19Z,CRANE04,HOIST_DOWN,NONE,NORMAL,OP007,LOW,YES,NORMAL,
OT-00617,2026-06-13T14:28:52Z,CRANE04,MOVE_RIGHT,NONE,IDLE,OP034,LOW,YES,NORMAL,
OT-00618,2026-06-06T14:37:56Z,PLC11,STATUS_READ,NONE,IDLE,OP015,LOW,YES,NORMAL,
OT-00619,2026-06-27T11:54:03Z,YARD-08,HOIST_DOWN,NONE,NORMAL,OP014,LOW,YES,NORMAL,
OT-00620,2026-06-20T15:53:26Z,CRANE07,MOVE_RIGHT,NONE,RUNNING,OP006,LOW,YES,NORMAL,
OT-00621,2026-06-17T12:43:39Z,PLC01,SPEED_SET,ALM-107,IDLE,OP035,MEDIUM,YES,NORMAL,
OT-00622,2026-06-25T18:41:03Z,PLC04,STOP,NONE,RUNNING,OP018,LOW,YES,NORMAL,
OT-00623,2026-06-07T23:56:42Z,PLC04,SPEED_SET,NONE,NORMAL,OP021,LOW,YES,NORMAL,
OT-00624,2026-06-15T23:36:45Z,CRANE02,HOIST_DOWN,NONE,NORMAL,OP036,LOW,YES,NORMAL,
OT-00625,2026-06-06T15:10:47Z,CRANE05,HOIST_UP,NONE,RUNNING,OP032,LOW,YES,NORMAL,
OT-00626,2026-06-26T05:23:57Z,PLC01,SPEED_OVERRIDE,ALM-509,ABNORMAL,OP026,HIGH,NO,SUSPICIOUS,
OT-00627,2026-06-17T00:41:23Z,YARD-01,MOVE_LEFT,NONE,IDLE,OP006,LOW,YES,NORMAL,
OT-00628,2026-06-29T21:46:10Z,PLC07,STOP,NONE,RUNNING,OP008,LOW,YES,NORMAL,
OT-00629,2026-06-25T18:13:17Z,PLC07,STATUS_READ,NONE,NORMAL,OP005,LOW,YES,NORMAL,
OT-00630,2026-06-10T19:32:38Z,YARD-07,MOVE_LEFT,ALM-107,RUNNING,OP010,MEDIUM,YES,NORMAL,
OT-00631,2026-06-10T12:38:28Z,PLC11,STATUS_READ,NONE,NORMAL,OP025,LOW,YES,NORMAL,
OT-00632,2026-06-26T11:49:17Z,YARD-07,IDLE,NONE,NORMAL,OP032,LOW,YES,NORMAL,
OT-00633,2026-06-11T11:36:20Z,CRANE04,STOP,NONE,IDLE,OP002,LOW,YES,NORMAL,
OT-00634,2026-06-30T09:58:38Z,PLC03,HOIST_DOWN,NONE,NORMAL,OP019,LOW,YES,NORMAL,
OT-00635,2026-06-20T20:24:43Z,CRANE04,PLC_MODE_CHANGE,ALM-204,ABNORMAL,OP011,CRITICAL,NO,SUSPICIOUS,
OT-00636,2026-06-29T06:51:19Z,YARD-06,STATUS_READ,NONE,RUNNING,OP010,LOW,YES,NORMAL,
OT-00637,2026-06-23T04:34:02Z,PLC08,HOIST_DOWN,NONE,RUNNING,OP023,LOW,YES,NORMAL,
OT-00638,2026-06-03T22:58:47Z,CRANE07,MOVE_RIGHT,NONE,NORMAL,OP018,LOW,YES,NORMAL,
OT-00639,2026-06-11T13:37:56Z,CRANE08,STATUS_READ,NONE,RUNNING,OP015,LOW,YES,NORMAL,
OT-00640,2026-06-27T01:41:30Z,PLC01,OUT_OF_SEQUENCE,ALM-418,ABNORMAL,OP005,HIGH,NO,SUSPICIOUS,
OT-00641,2026-06-16T18:31:33Z,PLC11,MOVE_LEFT,ALM-107,NORMAL,OP033,MEDIUM,YES,NORMAL,
OT-00642,2026-06-09T05:04:25Z,CRANE04,HOIST_DOWN,NONE,IDLE,OP001,LOW,YES,NORMAL,
OT-00643,2026-06-29T06:09:43Z,PLC09,MOVE_RIGHT,ALM-101,IDLE,OP036,MEDIUM,YES,NORMAL,
OT-00644,2026-06-26T08:15:38Z,CRANE02,HOIST_UP,ALM-101,NORMAL,OP034,MEDIUM,YES,NORMAL,
OT-00645,2026-06-05T07:21:26Z,YARD-03,HOIST_UP,NONE,NORMAL,OP007,LOW,YES,NORMAL,
OT-00646,2026-06-28T01:01:11Z,YARD-06,HOIST_UP,NONE,NORMAL,OP010,LOW,YES,NORMAL,
OT-00647,2026-06-23T08:08:14Z,YARD-03,STATUS_READ,NONE,IDLE,OP005,LOW,YES,NORMAL,
OT-00648,2026-06-08T23:00:37Z,CRANE04,EMERGENCY_STOP,ALM-311,ABNORMAL,OP027,CRITICAL,NO,SUSPICIOUS,
OT-00649,2026-06-05T09:49:39Z,PLC04,MOVE_RIGHT,NONE,NORMAL,OP010,LOW,YES,NORMAL,
OT-00650,2026-06-18T06:12:58Z,CRANE07,MOVE_RIGHT,NONE,IDLE,OP023,LOW,YES,NORMAL,
OT-00651,2026-06-09T07:27:55Z,PLC02,SPEED_SET,NONE,NORMAL,OP039,LOW,YES,NORMAL,
OT-00652,2026-06-25T09:45:52Z,CRANE06,HOIST_UP,ALM-107,IDLE,OP034,MEDIUM,YES,NORMAL,
OT-00653,2026-06-23T06:39:22Z,PLC09,HOIST_UP,NONE,RUNNING,OP035,LOW,YES,NORMAL,
OT-00654,2026-06-25T18:04:27Z,PLC04,HOIST_UP,NONE,IDLE,OP003,LOW,YES,NORMAL,
OT-00655,2026-06-10T02:29:14Z,PLC08,IDLE,NONE,NORMAL,OP006,LOW,YES,NORMAL,
OT-00656,2026-06-01T23:49:38Z,YARD-07,IDLE,NONE,IDLE,OP017,LOW,YES,NORMAL,
OT-00657,2026-06-22T18:45:31Z,PLC12,MOVE_RIGHT,NONE,NORMAL,OP007,LOW,YES,NORMAL,
OT-00658,2026-06-27T12:31:48Z,PLC07,SPEED_SET,NONE,RUNNING,OP021,LOW,YES,NORMAL,
OT-00659,2026-06-24T15:04:46Z,PLC06,MOVE_RIGHT,NONE,NORMAL,OP029,LOW,YES,NORMAL,
OT-00660,2026-06-02T21:43:54Z,YARD-07,HOIST_DOWN,ALM-107,IDLE,OP031,MEDIUM,YES,NORMAL,
OT-00661,2026-06-20T17:32:51Z,YARD-08,MOVE_LEFT,NONE,NORMAL,OP018,LOW,YES,NORMAL,
OT-00662,2026-06-20T16:09:21Z,PLC05,IDLE,NONE,NORMAL,OP025,LOW,YES,NORMAL,
OT-00663,2026-06-10T21:53:26Z,YARD-01,STOP,NONE,IDLE,OP035,LOW,YES,NORMAL,
OT-00664,2026-06-25T03:53:49Z,CRANE08,SPEED_SET,NONE,IDLE,OP001,LOW,YES,NORMAL,
OT-00665,2026-06-25T00:57:57Z,CRANE07,STOP,NONE,IDLE,OP001,LOW,YES,NORMAL,
OT-00666,2026-06-03T16:34:48Z,CRANE06,MOVE_RIGHT,NONE,NORMAL,OP017,LOW,YES,NORMAL,
OT-00667,2026-06-27T06:39:21Z,YARD-02,HOIST_DOWN,NONE,IDLE,OP018,LOW,YES,NORMAL,
OT-00668,2026-06-03T03:30:35Z,CRANE04,STOP,NONE,RUNNING,OP025,LOW,YES,NORMAL,
OT-00669,2026-06-29T16:42:49Z,YARD-07,STATUS_READ,NONE,NORMAL,OP009,LOW,YES,NORMAL,
OT-00670,2026-06-12T04:22:58Z,YARD-07,SPEED_SET,NONE,NORMAL,OP027,LOW,YES,NORMAL,
OT-00671,2026-06-22T07:57:10Z,CRANE05,MOVE_LEFT,NONE,IDLE,OP011,LOW,YES,NORMAL,
OT-00672,2026-06-14T21:39:30Z,PLC02,STOP,NONE,NORMAL,OP020,LOW,YES,NORMAL,
OT-00673,2026-06-13T06:33:05Z,PLC05,HOIST_DOWN,ALM-107,RUNNING,OP025,MEDIUM,YES,NORMAL,
OT-00674,2026-06-22T07:49:23Z,PLC07,MOVE_LEFT,NONE,IDLE,OP014,LOW,YES,NORMAL,
OT-00675,2026-06-24T06:46:32Z,PLC09,IDLE,NONE,NORMAL,OP006,LOW,YES,NORMAL,
OT-00676,2026-06-04T05:28:12Z,PLC02,MOVE_RIGHT,NONE,RUNNING,OP019,LOW,YES,NORMAL,
OT-00677,2026-06-06T16:24:03Z,CRANE05,MOVE_RIGHT,NONE,NORMAL,OP007,LOW,YES,NORMAL,
OT-00678,2026-06-16T15:02:58Z,PLC07,STATUS_READ,NONE,IDLE,OP039,LOW,YES,NORMAL,
OT-00679,2026-06-01T13:00:26Z,CRANE01,HOIST_DOWN,NONE,RUNNING,OP022,LOW,YES,NORMAL,
OT-00680,2026-06-22T03:09:51Z,PLC10,MOVE_RIGHT,NONE,NORMAL,OP018,LOW,YES,NORMAL,
OT-00681,2026-06-03T23:36:16Z,PLC05,HOIST_UP,NONE,IDLE,OP006,LOW,YES,NORMAL,
OT-00682,2026-06-13T04:36:46Z,PLC09,IDLE,NONE,IDLE,OP015,LOW,YES,NORMAL,
OT-00683,2026-06-14T21:28:37Z,PLC05,STOP,NONE,RUNNING,OP017,LOW,YES,NORMAL,
OT-00684,2026-06-16T12:04:46Z,PLC04,HOIST_UP,ALM-101,NORMAL,OP034,MEDIUM,YES,NORMAL,
OT-00685,2026-06-30T00:23:56Z,PLC10,STOP,NONE,RUNNING,OP035,LOW,YES,NORMAL,
OT-00686,2026-06-16T16:10:51Z,YARD-01,SPEED_SET,NONE,IDLE,OP022,LOW,YES,NORMAL,
OT-00687,2026-06-20T15:14:26Z,PLC12,HOIST_UP,NONE,IDLE,OP033,LOW,YES,NORMAL,
OT-00688,2026-06-01T18:45:35Z,YARD-02,MOVE_RIGHT,NONE,IDLE,OP003,LOW,YES,NORMAL,
OT-00689,2026-06-17T07:12:19Z,PLC01,HOIST_DOWN,NONE,IDLE,OP036,LOW,YES,NORMAL,
OT-00690,2026-06-05T04:39:56Z,YARD-07,MOVE_RIGHT,NONE,NORMAL,OP006,LOW,YES,NORMAL,
OT-00691,2026-06-09T16:35:18Z,PLC10,HOIST_DOWN,NONE,IDLE,OP036,LOW,YES,NORMAL,
OT-00692,2026-06-17T15:04:06Z,CRANE03,SPEED_SET,NONE,IDLE,OP013,LOW,YES,NORMAL,
OT-00693,2026-06-24T09:39:00Z,PLC11,MOVE_LEFT,NONE,NORMAL,OP016,LOW,YES,NORMAL,
OT-00694,2026-06-20T05:29:08Z,PLC06,HOIST_UP,NONE,NORMAL,OP018,LOW,YES,NORMAL,
OT-00695,2026-06-09T07:12:56Z,YARD-07,MOVE_RIGHT,NONE,RUNNING,OP039,LOW,YES,NORMAL,
OT-00696,2026-06-07T10:57:51Z,CRANE02,SPEED_SET,NONE,RUNNING,OP001,LOW,YES,NORMAL,
OT-00697,2026-06-22T16:27:19Z,PLC12,SPEED_SET,NONE,NORMAL,OP014,LOW,YES,NORMAL,
OT-00698,2026-06-09T19:35:05Z,PLC05,MOVE_RIGHT,NONE,RUNNING,OP008,LOW,YES,NORMAL,
OT-00699,2026-06-04T09:14:01Z,PLC01,HOIST_UP,NONE,NORMAL,OP010,LOW,YES,NORMAL,
OT-00700,2026-06-28T04:19:44Z,YARD-06,MOVE_RIGHT,NONE,NORMAL,OP008,LOW,YES,NORMAL,
OT-00701,2026-06-18T23:08:55Z,CRANE06,PLC_MODE_CHANGE,ALM-311,DEGRADED,OP021,CRITICAL,NO,SUSPICIOUS,INC-T21-003
OT-00702,2026-06-08T09:32:08Z,YARD-07,STATUS_READ,NONE,IDLE,OP011,LOW,YES,NORMAL,
OT-00703,2026-06-23T00:22:26Z,PLC08,IDLE,NONE,IDLE,OP010,LOW,YES,NORMAL,
OT-00704,2026-06-23T03:34:58Z,CRANE02,STOP,NONE,RUNNING,OP003,LOW,YES,NORMAL,
OT-00705,2026-06-24T06:36:08Z,PLC05,MOVE_LEFT,NONE,NORMAL,OP003,LOW,YES,NORMAL,
OT-00706,2026-06-20T20:58:34Z,PLC09,IDLE,NONE,RUNNING,OP025,LOW,YES,NORMAL,
OT-00707,2026-06-01T22:56:00Z,YARD-08,STOP,NONE,IDLE,OP026,LOW,YES,NORMAL,
OT-00708,2026-06-25T20:39:28Z,PLC11,SPEED_SET,NONE,NORMAL,OP018,LOW,YES,NORMAL,
OT-00709,2026-06-26T14:25:09Z,CRANE08,STATUS_READ,ALM-101,IDLE,OP040,MEDIUM,YES,NORMAL,
OT-00710,2026-06-05T03:10:49Z,PLC02,HOIST_UP,NONE,RUNNING,OP008,LOW,YES,NORMAL,
OT-00711,2026-06-23T18:47:45Z,YARD-04,HOIST_DOWN,NONE,NORMAL,OP037,LOW,YES,NORMAL,
OT-00712,2026-06-13T11:53:38Z,CRANE01,STATUS_READ,NONE,IDLE,OP010,LOW,YES,NORMAL,
OT-00713,2026-06-07T18:43:39Z,CRANE04,HOIST_DOWN,ALM-107,IDLE,OP012,MEDIUM,YES,NORMAL,
OT-00714,2026-06-08T12:58:40Z,YARD-03,STOP,NONE,NORMAL,OP025,LOW,YES,NORMAL,
OT-00715,2026-06-23T19:22:24Z,PLC04,HOIST_UP,NONE,IDLE,OP006,LOW,YES,NORMAL,
OT-00716,2026-06-07T13:47:42Z,PLC01,HOIST_UP,NONE,RUNNING,OP010,LOW,YES,NORMAL,
OT-00717,2026-06-27T18:33:44Z,YARD-05,SPEED_SET,NONE,RUNNING,OP003,LOW,YES,NORMAL,
OT-00718,2026-06-01T19:36:23Z,CRANE07,STATUS_READ,NONE,IDLE,OP037,LOW,YES,NORMAL,
OT-00719,2026-06-24T09:01:20Z,PLC03,STOP,NONE,IDLE,OP035,LOW,YES,NORMAL,
OT-00720,2026-06-11T07:16:48Z,PLC12,HOIST_UP,NONE,NORMAL,OP031,LOW,YES,NORMAL,
OT-00721,2026-06-22T14:30:49Z,YARD-03,STATUS_READ,NONE,IDLE,OP025,LOW,YES,NORMAL,
OT-00722,2026-06-17T07:03:59Z,PLC04,MOVE_LEFT,NONE,NORMAL,OP036,LOW,YES,NORMAL,
OT-00723,2026-06-21T04:21:34Z,CRANE07,STATUS_READ,NONE,RUNNING,OP007,LOW,YES,NORMAL,
OT-00724,2026-06-30T13:18:35Z,PLC10,IDLE,NONE,IDLE,OP007,LOW,YES,NORMAL,
OT-00725,2026-06-01T13:19:45Z,PLC09,HOIST_UP,NONE,RUNNING,OP016,LOW,YES,NORMAL,
OT-00726,2026-06-05T09:42:03Z,CRANE08,MOVE_RIGHT,NONE,IDLE,OP035,LOW,YES,NORMAL,
OT-00727,2026-06-27T08:42:43Z,CRANE03,MOVE_LEFT,NONE,NORMAL,OP016,LOW,YES,NORMAL,
OT-00728,2026-06-03T07:09:26Z,YARD-07,MOVE_RIGHT,NONE,RUNNING,OP007,LOW,YES,NORMAL,
OT-00729,2026-06-22T10:15:56Z,YARD-06,MOVE_RIGHT,NONE,NORMAL,OP003,LOW,YES,NORMAL,
OT-00730,2026-06-15T06:59:57Z,YARD-02,STOP,NONE,RUNNING,OP014,LOW,YES,NORMAL,
OT-00731,2026-06-12T01:27:09Z,PLC07,REPEATED_COMMAND,ALM-311,SAFE_STOP,OP009,CRITICAL,NO,SUSPICIOUS,INC-T21-002
OT-00732,2026-06-16T06:37:39Z,PLC02,STATUS_READ,NONE,RUNNING,OP039,LOW,YES,NORMAL,
OT-00733,2026-06-09T12:49:02Z,CRANE06,STATUS_READ,NONE,NORMAL,OP036,LOW,YES,NORMAL,
OT-00734,2026-06-24T18:03:47Z,PLC10,IDLE,NONE,IDLE,OP017,LOW,YES,NORMAL,
OT-00735,2026-06-24T14:56:56Z,YARD-07,HOIST_DOWN,NONE,RUNNING,OP030,LOW,YES,NORMAL,
OT-00736,2026-06-27T06:14:09Z,PLC02,MOVE_RIGHT,NONE,RUNNING,OP015,LOW,YES,NORMAL,
OT-00737,2026-06-21T22:36:21Z,PLC09,MOVE_RIGHT,NONE,IDLE,OP007,LOW,YES,NORMAL,
OT-00738,2026-06-29T07:50:44Z,CRANE04,SPEED_SET,NONE,IDLE,OP024,LOW,YES,NORMAL,
OT-00739,2026-06-17T08:38:15Z,CRANE04,MOVE_RIGHT,NONE,RUNNING,OP031,LOW,YES,NORMAL,
OT-00740,2026-06-19T19:57:43Z,PLC01,MOVE_LEFT,NONE,NORMAL,OP026,LOW,YES,NORMAL,
OT-00741,2026-06-27T15:31:42Z,YARD-05,HOIST_UP,NONE,RUNNING,OP003,LOW,YES,NORMAL,
OT-00742,2026-06-26T05:48:11Z,CRANE07,OUT_OF_SEQUENCE,ALM-311,SAFE_STOP,OP004,CRITICAL,NO,SUSPICIOUS,
OT-00743,2026-06-19T13:04:03Z,PLC06,IDLE,NONE,IDLE,OP021,LOW,YES,NORMAL,
OT-00744,2026-06-17T05:26:52Z,YARD-08,SPEED_SET,NONE,RUNNING,OP022,LOW,YES,NORMAL,
OT-00745,2026-06-25T16:01:28Z,PLC08,STOP,NONE,NORMAL,OP016,LOW,YES,NORMAL,
OT-00746,2026-06-30T18:45:56Z,CRANE04,MOVE_LEFT,NONE,RUNNING,OP019,LOW,YES,NORMAL,
OT-00747,2026-06-21T23:58:32Z,PLC05,HOIST_UP,NONE,IDLE,OP003,LOW,YES,NORMAL,
OT-00748,2026-06-20T05:39:22Z,CRANE03,MOVE_LEFT,NONE,NORMAL,OP020,LOW,YES,NORMAL,
OT-00749,2026-06-20T17:37:13Z,YARD-01,HOIST_DOWN,NONE,IDLE,OP018,LOW,YES,NORMAL,
OT-00750,2026-06-04T19:20:48Z,CRANE08,STOP,NONE,RUNNING,OP027,LOW,YES,NORMAL,
OT-00751,2026-06-14T16:54:21Z,CRANE02,STATUS_READ,NONE,IDLE,OP006,LOW,YES,NORMAL,
OT-00752,2026-06-07T19:13:50Z,YARD-03,STOP,NONE,RUNNING,OP002,LOW,YES,NORMAL,
OT-00753,2026-06-07T11:21:18Z,PLC11,HOIST_DOWN,NONE,IDLE,OP012,LOW,YES,NORMAL,
OT-00754,2026-06-02T10:20:08Z,CRANE05,MOVE_LEFT,ALM-107,RUNNING,OP002,MEDIUM,YES,NORMAL,
OT-00755,2026-06-23T16:27:45Z,PLC03,MOVE_LEFT,NONE,IDLE,OP039,LOW,YES,NORMAL,
OT-00756,2026-06-03T21:12:36Z,CRANE05,MOVE_LEFT,NONE,IDLE,OP001,LOW,YES,NORMAL,
OT-00757,2026-06-17T21:21:25Z,YARD-08,HOIST_UP,NONE,NORMAL,OP024,LOW,YES,NORMAL,
OT-00758,2026-06-23T19:15:54Z,YARD-04,IDLE,NONE,NORMAL,OP017,LOW,YES,NORMAL,
OT-00759,2026-06-22T00:49:29Z,CRANE03,IDLE,NONE,NORMAL,OP013,LOW,YES,NORMAL,
OT-00760,2026-06-10T17:55:15Z,PLC07,STATUS_READ,NONE,NORMAL,OP010,LOW,YES,NORMAL,
OT-00761,2026-06-11T16:56:19Z,PLC01,IDLE,NONE,IDLE,OP005,LOW,YES,NORMAL,
OT-00762,2026-06-21T15:59:22Z,YARD-07,UNAUTHORIZED_COMMAND,ALM-418,ABNORMAL,OP011,CRITICAL,NO,SUSPICIOUS,
OT-00763,2026-06-11T17:45:52Z,PLC08,PLC_MODE_CHANGE,ALM-204,DEGRADED,OP030,CRITICAL,NO,SUSPICIOUS,
OT-00764,2026-06-15T20:36:20Z,CRANE01,MOVE_LEFT,NONE,RUNNING,OP011,LOW,YES,NORMAL,
OT-00765,2026-06-06T01:57:12Z,CRANE01,MOVE_RIGHT,NONE,IDLE,OP003,LOW,YES,NORMAL,
OT-00766,2026-06-19T04:44:35Z,PLC03,MOVE_LEFT,NONE,IDLE,OP028,LOW,YES,NORMAL,
OT-00767,2026-06-30T18:24:16Z,YARD-06,SPEED_SET,NONE,NORMAL,OP034,LOW,YES,NORMAL,
OT-00768,2026-06-23T10:27:23Z,PLC08,MOVE_RIGHT,NONE,NORMAL,OP006,LOW,YES,NORMAL,
OT-00769,2026-06-03T18:22:21Z,PLC03,UNAUTHORIZED_COMMAND,ALM-509,DEGRADED,OP026,HIGH,NO,SUSPICIOUS,
OT-00770,2026-06-26T00:11:23Z,CRANE04,STOP,NONE,NORMAL,OP006,LOW,YES,NORMAL,
OT-00771,2026-06-12T20:53:50Z,CRANE01,STOP,NONE,NORMAL,OP008,LOW,YES,NORMAL,
OT-00772,2026-06-17T00:40:32Z,CRANE04,IDLE,NONE,IDLE,OP026,LOW,YES,NORMAL,
OT-00773,2026-06-17T01:22:28Z,PLC04,HOIST_DOWN,NONE,NORMAL,OP032,LOW,YES,NORMAL,
OT-00774,2026-06-16T21:50:30Z,YARD-07,HOIST_UP,NONE,IDLE,OP004,LOW,YES,NORMAL,
OT-00775,2026-06-22T19:07:19Z,CRANE05,MOVE_LEFT,NONE,NORMAL,OP012,LOW,YES,NORMAL,
OT-00776,2026-06-07T20:20:20Z,PLC03,STATUS_READ,NONE,NORMAL,OP040,LOW,YES,NORMAL,
OT-00777,2026-06-14T02:12:27Z,YARD-06,STATUS_READ,NONE,RUNNING,OP036,LOW,YES,NORMAL,
OT-00778,2026-06-07T17:27:31Z,YARD-06,MOVE_RIGHT,NONE,RUNNING,OP019,LOW,YES,NORMAL,
OT-00779,2026-06-28T15:18:17Z,PLC08,HOIST_UP,NONE,RUNNING,OP014,LOW,YES,NORMAL,
OT-00780,2026-06-14T19:25:38Z,CRANE01,STOP,NONE,NORMAL,OP016,LOW,YES,NORMAL,
OT-00781,2026-06-01T01:24:20Z,CRANE08,MOVE_RIGHT,NONE,IDLE,OP026,LOW,YES,NORMAL,
OT-00782,2026-06-26T20:23:50Z,PLC03,HOIST_DOWN,NONE,NORMAL,OP024,LOW,YES,NORMAL,
OT-00783,2026-06-19T11:02:03Z,CRANE08,MOVE_LEFT,NONE,RUNNING,OP001,LOW,YES,NORMAL,
OT-00784,2026-06-16T12:39:04Z,CRANE02,STATUS_READ,NONE,IDLE,OP024,LOW,YES,NORMAL,
OT-00785,2026-06-20T18:06:53Z,YARD-06,STATUS_READ,NONE,RUNNING,OP013,LOW,YES,NORMAL,
OT-00786,2026-06-25T16:34:29Z,PLC10,HOIST_DOWN,NONE,IDLE,OP027,LOW,YES,NORMAL,
OT-00787,2026-06-17T17:43:04Z,PLC11,HOIST_DOWN,NONE,RUNNING,OP010,LOW,YES,NORMAL,
OT-00788,2026-06-13T22:13:07Z,PLC03,HOIST_DOWN,NONE,IDLE,OP010,LOW,YES,NORMAL,
OT-00789,2026-06-30T07:45:50Z,YARD-01,HOIST_UP,NONE,RUNNING,OP012,LOW,YES,NORMAL,
OT-00790,2026-06-10T00:22:03Z,PLC12,MOVE_RIGHT,NONE,RUNNING,OP034,LOW,YES,NORMAL,
OT-00791,2026-06-24T15:10:46Z,YARD-03,STATUS_READ,NONE,IDLE,OP022,LOW,YES,NORMAL,
OT-00792,2026-06-24T13:57:28Z,PLC07,HOIST_DOWN,NONE,RUNNING,OP037,LOW,YES,NORMAL,
OT-00793,2026-06-16T14:15:47Z,PLC09,HOIST_UP,NONE,NORMAL,OP003,LOW,YES,NORMAL,
OT-00794,2026-06-22T02:35:30Z,YARD-07,STOP,NONE,NORMAL,OP023,LOW,YES,NORMAL,
OT-00795,2026-06-06T22:07:41Z,YARD-07,MOVE_RIGHT,NONE,NORMAL,OP028,LOW,YES,NORMAL,
OT-00796,2026-06-14T03:46:49Z,PLC07,IDLE,NONE,NORMAL,OP028,LOW,YES,NORMAL,
OT-00797,2026-06-30T16:54:11Z,PLC11,IDLE,NONE,IDLE,OP007,LOW,YES,NORMAL,
OT-00798,2026-06-09T09:37:13Z,YARD-01,HOIST_UP,NONE,NORMAL,OP027,LOW,YES,NORMAL,
OT-00799,2026-06-18T22:01:13Z,CRANE08,MOVE_RIGHT,ALM-101,NORMAL,OP009,MEDIUM,YES,NORMAL,
OT-00800,2026-06-12T21:14:29Z,YARD-01,HOIST_UP,NONE,NORMAL,OP032,LOW,YES,NORMAL,
OT-00801,2026-06-28T08:17:39Z,YARD-06,IDLE,NONE,RUNNING,OP032,LOW,YES,NORMAL,
OT-00802,2026-06-26T11:41:12Z,CRANE04,HOIST_UP,ALM-101,NORMAL,OP010,MEDIUM,YES,NORMAL,
OT-00803,2026-06-22T10:40:48Z,YARD-01,HOIST_DOWN,NONE,IDLE,OP036,LOW,YES,NORMAL,
OT-00804,2026-06-11T11:43:59Z,PLC09,MOVE_RIGHT,ALM-101,IDLE,OP013,MEDIUM,YES,NORMAL,
OT-00805,2026-06-27T21:02:00Z,PLC11,STOP,NONE,NORMAL,OP005,LOW,YES,NORMAL,
OT-00806,2026-06-04T17:34:25Z,PLC06,HOIST_UP,NONE,NORMAL,OP018,LOW,YES,NORMAL,
OT-00807,2026-06-03T05:26:45Z,CRANE01,IDLE,NONE,NORMAL,OP037,LOW,YES,NORMAL,
OT-00808,2026-06-16T15:25:08Z,CRANE02,STOP,NONE,RUNNING,OP007,LOW,YES,NORMAL,
OT-00809,2026-06-25T19:07:19Z,CRANE01,MOVE_RIGHT,NONE,NORMAL,OP025,LOW,YES,NORMAL,
OT-00810,2026-06-23T08:59:21Z,CRANE04,MOVE_LEFT,NONE,RUNNING,OP034,LOW,YES,NORMAL,
OT-00811,2026-06-18T15:42:07Z,PLC08,STOP,ALM-107,IDLE,OP011,MEDIUM,YES,NORMAL,
OT-00812,2026-06-22T14:48:16Z,CRANE06,MOVE_LEFT,NONE,IDLE,OP039,LOW,YES,NORMAL,
OT-00813,2026-06-28T05:45:17Z,PLC04,EMERGENCY_STOP,ALM-418,ABNORMAL,OP013,HIGH,NO,SUSPICIOUS,
OT-00814,2026-06-29T14:01:54Z,YARD-08,SPEED_SET,NONE,RUNNING,OP016,LOW,YES,NORMAL,
OT-00815,2026-06-24T14:58:34Z,YARD-08,IDLE,NONE,RUNNING,OP007,LOW,YES,NORMAL,
OT-00816,2026-06-21T13:22:40Z,CRANE02,STATUS_READ,NONE,RUNNING,OP028,LOW,YES,NORMAL,
OT-00817,2026-06-07T17:42:21Z,CRANE08,IDLE,NONE,NORMAL,OP013,LOW,YES,NORMAL,
OT-00818,2026-06-26T01:26:41Z,CRANE07,MOVE_LEFT,NONE,IDLE,OP036,LOW,YES,NORMAL,
OT-00819,2026-06-06T21:09:25Z,PLC03,STATUS_READ,NONE,IDLE,OP032,LOW,YES,NORMAL,
OT-00820,2026-06-26T00:12:56Z,PLC05,STOP,ALM-101,NORMAL,OP032,MEDIUM,YES,NORMAL,
OT-00821,2026-06-02T10:59:14Z,PLC12,STATUS_READ,NONE,NORMAL,OP022,LOW,YES,NORMAL,
OT-00822,2026-06-21T01:10:58Z,YARD-02,STOP,NONE,IDLE,OP027,LOW,YES,NORMAL,
OT-00823,2026-06-13T23:35:31Z,CRANE02,IDLE,NONE,IDLE,OP001,LOW,YES,NORMAL,
OT-00824,2026-06-13T01:15:19Z,PLC01,STATUS_READ,NONE,NORMAL,OP037,LOW,YES,NORMAL,
OT-00825,2026-06-04T21:25:07Z,PLC12,STOP,ALM-107,IDLE,OP005,MEDIUM,YES,NORMAL,
OT-00826,2026-06-27T12:22:47Z,PLC05,HOIST_UP,NONE,NORMAL,OP003,LOW,YES,NORMAL,
OT-00827,2026-06-10T01:28:29Z,CRANE05,MOVE_RIGHT,NONE,NORMAL,OP016,LOW,YES,NORMAL,
OT-00828,2026-06-16T07:37:32Z,PLC06,STATUS_READ,NONE,NORMAL,OP029,LOW,YES,NORMAL,
OT-00829,2026-06-12T22:18:27Z,CRANE07,STOP,NONE,NORMAL,OP020,LOW,YES,NORMAL,
OT-00830,2026-06-05T00:48:50Z,PLC05,STATUS_READ,NONE,IDLE,OP029,LOW,YES,NORMAL,
OT-00831,2026-06-17T02:32:35Z,PLC03,MOVE_RIGHT,NONE,NORMAL,OP039,LOW,YES,NORMAL,
OT-00832,2026-06-14T00:23:22Z,CRANE01,IDLE,NONE,IDLE,OP031,LOW,YES,NORMAL,
OT-00833,2026-06-26T14:40:27Z,PLC08,STOP,NONE,NORMAL,OP008,LOW,YES,NORMAL,
OT-00834,2026-06-12T01:27:24Z,PLC07,UNAUTHORIZED_COMMAND,ALM-204,ABNORMAL,OP013,HIGH,NO,SUSPICIOUS,INC-T21-002
OT-00835,2026-06-18T15:28:27Z,YARD-05,STOP,ALM-107,RUNNING,OP007,MEDIUM,YES,NORMAL,
OT-00836,2026-06-06T16:16:47Z,YARD-01,MOVE_LEFT,NONE,NORMAL,OP037,LOW,YES,NORMAL,
OT-00837,2026-06-02T17:20:07Z,CRANE08,IDLE,NONE,IDLE,OP004,LOW,YES,NORMAL,
OT-00838,2026-06-15T03:43:57Z,CRANE07,HOIST_UP,NONE,RUNNING,OP031,LOW,YES,NORMAL,
OT-00839,2026-06-10T13:01:46Z,YARD-03,STOP,ALM-101,NORMAL,OP015,MEDIUM,YES,NORMAL,
OT-00840,2026-06-09T04:04:13Z,YARD-05,SPEED_SET,NONE,RUNNING,OP028,LOW,YES,NORMAL,
OT-00841,2026-06-09T00:57:34Z,PLC03,STOP,NONE,NORMAL,OP009,LOW,YES,NORMAL,
OT-00842,2026-06-17T12:02:56Z,YARD-03,MOVE_LEFT,NONE,IDLE,OP030,LOW,YES,NORMAL,
OT-00843,2026-06-28T23:10:12Z,CRANE05,SPEED_SET,ALM-101,IDLE,OP039,MEDIUM,YES,NORMAL,
OT-00844,2026-06-20T20:44:52Z,CRANE08,STOP,NONE,IDLE,OP002,LOW,YES,NORMAL,
OT-00845,2026-06-04T05:55:59Z,PLC11,STATUS_READ,NONE,IDLE,OP020,LOW,YES,NORMAL,
OT-00846,2026-06-22T14:19:42Z,PLC04,HOIST_UP,NONE,IDLE,OP030,LOW,YES,NORMAL,
OT-00847,2026-06-20T16:38:58Z,PLC01,STATUS_READ,NONE,NORMAL,OP023,LOW,YES,NORMAL,
OT-00848,2026-06-30T05:01:01Z,PLC02,MOVE_RIGHT,NONE,IDLE,OP004,LOW,YES,NORMAL,
OT-00849,2026-06-04T14:48:37Z,PLC10,STOP,NONE,NORMAL,OP039,LOW,YES,NORMAL,
OT-00850,2026-06-20T17:23:23Z,YARD-03,MOVE_RIGHT,NONE,IDLE,OP037,LOW,YES,NORMAL,
OT-00851,2026-06-04T12:45:43Z,CRANE07,STOP,NONE,RUNNING,OP023,LOW,YES,NORMAL,
OT-00852,2026-06-02T02:04:45Z,PLC07,HOIST_UP,NONE,NORMAL,OP012,LOW,YES,NORMAL,
OT-00853,2026-06-24T14:20:00Z,PLC04,STATUS_READ,NONE,IDLE,OP024,LOW,YES,NORMAL,
OT-00854,2026-06-12T01:24:21Z,PLC07,UNAUTHORIZED_COMMAND,ALM-204,DEGRADED,OP040,CRITICAL,NO,SUSPICIOUS,INC-T21-002
OT-00855,2026-06-04T20:08:38Z,PLC02,STOP,NONE,NORMAL,OP034,LOW,YES,NORMAL,
OT-00856,2026-06-19T06:47:02Z,PLC12,SPEED_SET,NONE,IDLE,OP010,LOW,YES,NORMAL,
OT-00857,2026-06-12T01:17:47Z,PLC10,HOIST_DOWN,NONE,NORMAL,OP032,LOW,YES,NORMAL,
OT-00858,2026-06-20T03:02:58Z,PLC11,HOIST_UP,ALM-107,NORMAL,OP022,MEDIUM,YES,NORMAL,
OT-00859,2026-06-23T07:28:54Z,YARD-01,STATUS_READ,NONE,NORMAL,OP011,LOW,YES,NORMAL,
OT-00860,2026-06-10T06:52:19Z,PLC04,STOP,NONE,RUNNING,OP026,LOW,YES,NORMAL,
OT-00861,2026-06-06T20:51:49Z,CRANE08,MOVE_RIGHT,NONE,RUNNING,OP002,LOW,YES,NORMAL,
OT-00862,2026-06-17T14:26:18Z,CRANE06,MOVE_LEFT,NONE,IDLE,OP031,LOW,YES,NORMAL,
OT-00863,2026-06-05T03:42:59Z,PLC04,MOVE_RIGHT,NONE,RUNNING,OP011,LOW,YES,NORMAL,
OT-00864,2026-06-19T14:08:28Z,PLC12,HOIST_UP,NONE,NORMAL,OP001,LOW,YES,NORMAL,
OT-00865,2026-06-01T19:21:27Z,PLC09,IDLE,NONE,RUNNING,OP008,LOW,YES,NORMAL,
OT-00866,2026-06-19T00:17:45Z,YARD-04,HOIST_DOWN,NONE,NORMAL,OP029,LOW,YES,NORMAL,
OT-00867,2026-06-24T19:07:45Z,YARD-03,MOVE_RIGHT,NONE,RUNNING,OP013,LOW,YES,NORMAL,
OT-00868,2026-06-04T20:53:42Z,PLC06,HOIST_UP,NONE,RUNNING,OP002,LOW,YES,NORMAL,
OT-00869,2026-06-21T15:02:12Z,YARD-07,MOVE_LEFT,NONE,NORMAL,OP036,LOW,YES,NORMAL,
OT-00870,2026-06-25T16:50:52Z,YARD-07,STATUS_READ,NONE,RUNNING,OP009,LOW,YES,NORMAL,
OT-00871,2026-06-26T20:48:54Z,PLC04,HOIST_DOWN,NONE,RUNNING,OP039,LOW,YES,NORMAL,
OT-00872,2026-06-21T10:10:14Z,PLC02,SPEED_SET,NONE,IDLE,OP015,LOW,YES,NORMAL,
OT-00873,2026-06-19T14:52:58Z,YARD-02,STATUS_READ,NONE,RUNNING,OP040,LOW,YES,NORMAL,
OT-00874,2026-06-10T13:23:47Z,PLC07,STATUS_READ,NONE,IDLE,OP024,LOW,YES,NORMAL,
OT-00875,2026-06-20T19:45:05Z,PLC05,MOVE_LEFT,NONE,RUNNING,OP011,LOW,YES,NORMAL,
OT-00876,2026-06-05T22:43:58Z,CRANE08,SPEED_SET,NONE,IDLE,OP035,LOW,YES,NORMAL,
OT-00877,2026-06-19T10:06:24Z,YARD-08,STATUS_READ,ALM-107,IDLE,OP004,MEDIUM,YES,NORMAL,
OT-00878,2026-06-28T23:10:40Z,YARD-08,SPEED_OVERRIDE,ALM-311,ABNORMAL,OP016,CRITICAL,NO,SUSPICIOUS,
OT-00879,2026-06-25T11:23:36Z,PLC11,IDLE,NONE,IDLE,OP031,LOW,YES,NORMAL,
OT-00880,2026-06-07T09:08:20Z,YARD-06,SPEED_SET,NONE,RUNNING,OP024,LOW,YES,NORMAL,
OT-00881,2026-06-27T04:18:31Z,PLC03,STOP,NONE,RUNNING,OP017,LOW,YES,NORMAL,
OT-00882,2026-06-02T07:13:09Z,YARD-06,MOVE_LEFT,NONE,IDLE,OP039,LOW,YES,NORMAL,
OT-00883,2026-06-26T15:41:25Z,CRANE06,HOIST_DOWN,ALM-107,NORMAL,OP019,MEDIUM,YES,NORMAL,
OT-00884,2026-06-18T09:18:02Z,PLC02,MOVE_RIGHT,NONE,NORMAL,OP017,LOW,YES,NORMAL,
OT-00885,2026-06-12T01:15:01Z,PLC07,EMERGENCY_STOP,ALM-204,SAFE_STOP,OP028,HIGH,NO,SUSPICIOUS,INC-T21-002
OT-00886,2026-06-29T15:04:44Z,PLC09,STOP,NONE,NORMAL,OP035,LOW,YES,NORMAL,
OT-00887,2026-06-20T19:18:09Z,PLC02,HOIST_UP,NONE,IDLE,OP011,LOW,YES,NORMAL,
OT-00888,2026-06-23T19:17:49Z,CRANE06,HOIST_DOWN,NONE,IDLE,OP019,LOW,YES,NORMAL,
OT-00889,2026-06-21T11:47:06Z,YARD-06,STOP,NONE,IDLE,OP013,LOW,YES,NORMAL,
OT-00890,2026-06-03T15:12:59Z,YARD-01,SPEED_SET,NONE,IDLE,OP029,LOW,YES,NORMAL,
OT-00891,2026-06-21T11:34:52Z,YARD-04,MOVE_LEFT,NONE,RUNNING,OP033,LOW,YES,NORMAL,
OT-00892,2026-06-02T07:34:28Z,PLC06,MOVE_LEFT,NONE,RUNNING,OP010,LOW,YES,NORMAL,
OT-00893,2026-06-09T06:09:17Z,YARD-04,MOVE_LEFT,NONE,IDLE,OP031,LOW,YES,NORMAL,
OT-00894,2026-06-14T15:45:43Z,YARD-01,HOIST_UP,NONE,RUNNING,OP007,LOW,YES,NORMAL,
OT-00895,2026-06-05T06:43:18Z,CRANE03,STATUS_READ,NONE,NORMAL,OP014,LOW,YES,NORMAL,
OT-00896,2026-06-06T22:19:20Z,CRANE04,SPEED_SET,ALM-107,IDLE,OP013,MEDIUM,YES,NORMAL,
OT-00897,2026-06-08T09:56:19Z,PLC03,HOIST_UP,NONE,RUNNING,OP010,LOW,YES,NORMAL,
OT-00898,2026-06-12T18:56:40Z,CRANE06,MOVE_RIGHT,NONE,RUNNING,OP021,LOW,YES,NORMAL,
OT-00899,2026-06-25T16:51:18Z,PLC03,MOVE_RIGHT,NONE,RUNNING,OP006,LOW,YES,NORMAL,
OT-00900,2026-06-16T19:11:28Z,CRANE08,MOVE_RIGHT,NONE,IDLE,OP027,LOW,YES,NORMAL,
OT-00901,2026-06-20T15:09:02Z,YARD-07,HOIST_UP,NONE,RUNNING,OP019,LOW,YES,NORMAL,
OT-00902,2026-06-02T16:55:31Z,PLC12,MOVE_RIGHT,NONE,RUNNING,OP016,LOW,YES,NORMAL,
OT-00903,2026-06-01T02:20:12Z,PLC05,STATUS_READ,NONE,IDLE,OP011,LOW,YES,NORMAL,
OT-00904,2026-06-08T05:06:20Z,YARD-01,HOIST_UP,NONE,NORMAL,OP035,LOW,YES,NORMAL,
OT-00905,2026-06-10T05:50:48Z,PLC09,IDLE,NONE,NORMAL,OP006,LOW,YES,NORMAL,
OT-00906,2026-06-30T18:59:39Z,YARD-02,HOIST_UP,NONE,RUNNING,OP039,LOW,YES,NORMAL,
OT-00907,2026-06-08T10:52:12Z,YARD-04,MOVE_RIGHT,NONE,NORMAL,OP029,LOW,YES,NORMAL,
OT-00908,2026-06-03T20:06:43Z,CRANE03,MOVE_RIGHT,NONE,RUNNING,OP038,LOW,YES,NORMAL,
OT-00909,2026-06-22T05:04:22Z,PLC11,MOVE_RIGHT,NONE,NORMAL,OP027,LOW,YES,NORMAL,
OT-00910,2026-06-29T18:06:12Z,CRANE08,MOVE_LEFT,NONE,RUNNING,OP027,LOW,YES,NORMAL,
OT-00911,2026-06-14T10:31:00Z,CRANE07,STATUS_READ,NONE,NORMAL,OP014,LOW,YES,NORMAL,
OT-00912,2026-06-02T14:03:40Z,CRANE01,IDLE,ALM-101,NORMAL,OP002,MEDIUM,YES,NORMAL,
OT-00913,2026-06-17T23:31:56Z,CRANE07,HOIST_UP,ALM-107,IDLE,OP002,MEDIUM,YES,NORMAL,
OT-00914,2026-06-06T10:47:28Z,YARD-03,SPEED_SET,NONE,NORMAL,OP026,LOW,YES,NORMAL,
OT-00915,2026-06-08T20:49:39Z,CRANE01,STATUS_READ,NONE,IDLE,OP009,LOW,YES,NORMAL,
OT-00916,2026-06-25T13:14:33Z,PLC11,MOVE_LEFT,ALM-101,NORMAL,OP020,MEDIUM,YES,NORMAL,
OT-00917,2026-06-06T01:48:10Z,PLC06,SPEED_SET,NONE,IDLE,OP017,LOW,YES,NORMAL,
OT-00918,2026-06-04T04:06:02Z,CRANE07,MOVE_RIGHT,NONE,IDLE,OP024,LOW,YES,NORMAL,
OT-00919,2026-06-12T16:57:05Z,PLC06,HOIST_DOWN,NONE,NORMAL,OP031,LOW,YES,NORMAL,
OT-00920,2026-06-20T12:46:09Z,YARD-04,STATUS_READ,ALM-101,NORMAL,OP025,MEDIUM,YES,NORMAL,
OT-00921,2026-06-07T21:36:24Z,YARD-05,STATUS_READ,NONE,NORMAL,OP035,LOW,YES,NORMAL,
OT-00922,2026-06-18T06:29:33Z,PLC09,SPEED_SET,NONE,RUNNING,OP016,LOW,YES,NORMAL,
OT-00923,2026-06-27T20:06:01Z,YARD-08,HOIST_DOWN,NONE,NORMAL,OP002,LOW,YES,NORMAL,
OT-00924,2026-06-29T15:48:27Z,YARD-07,MOVE_LEFT,NONE,NORMAL,OP035,LOW,YES,NORMAL,
OT-00925,2026-06-25T18:11:34Z,YARD-08,HOIST_DOWN,NONE,RUNNING,OP033,LOW,YES,NORMAL,
OT-00926,2026-06-13T07:32:28Z,YARD-04,HOIST_DOWN,NONE,RUNNING,OP027,LOW,YES,NORMAL,
OT-00927,2026-06-12T17:31:33Z,PLC07,STATUS_READ,NONE,RUNNING,OP014,LOW,YES,NORMAL,
OT-00928,2026-06-13T03:10:57Z,PLC09,STATUS_READ,NONE,NORMAL,OP006,LOW,YES,NORMAL,
OT-00929,2026-06-24T22:54:25Z,PLC03,HOIST_DOWN,NONE,RUNNING,OP035,LOW,YES,NORMAL,
OT-00930,2026-06-14T20:36:23Z,CRANE08,MOVE_RIGHT,NONE,IDLE,OP001,LOW,YES,NORMAL,
OT-00931,2026-06-17T00:56:17Z,CRANE03,MOVE_RIGHT,NONE,RUNNING,OP012,LOW,YES,NORMAL,
OT-00932,2026-06-23T06:14:41Z,CRANE08,SPEED_OVERRIDE,ALM-204,DEGRADED,OP001,HIGH,NO,SUSPICIOUS,
OT-00933,2026-06-08T17:09:32Z,YARD-02,MOVE_LEFT,NONE,IDLE,OP023,LOW,YES,NORMAL,
OT-00934,2026-06-20T08:49:41Z,CRANE06,STOP,NONE,NORMAL,OP022,LOW,YES,NORMAL,
OT-00935,2026-06-11T02:48:26Z,PLC01,MOVE_RIGHT,ALM-101,NORMAL,OP009,MEDIUM,YES,NORMAL,
OT-00936,2026-06-05T03:13:48Z,PLC01,STOP,NONE,NORMAL,OP032,LOW,YES,NORMAL,
OT-00937,2026-06-08T20:27:24Z,PLC12,MOVE_LEFT,NONE,IDLE,OP031,LOW,YES,NORMAL,
OT-00938,2026-06-18T12:18:00Z,PLC10,OUT_OF_SEQUENCE,ALM-509,DEGRADED,OP032,HIGH,NO,SUSPICIOUS,
OT-00939,2026-06-26T05:36:12Z,YARD-02,STATUS_READ,NONE,IDLE,OP039,LOW,YES,NORMAL,
OT-00940,2026-06-20T22:16:14Z,YARD-06,HOIST_UP,NONE,RUNNING,OP029,LOW,YES,NORMAL,
OT-00941,2026-06-14T00:00:21Z,YARD-07,HOIST_UP,NONE,RUNNING,OP035,LOW,YES,NORMAL,
OT-00942,2026-06-26T19:10:35Z,YARD-08,STATUS_READ,NONE,RUNNING,OP018,LOW,YES,NORMAL,
OT-00943,2026-06-14T19:16:28Z,PLC07,STOP,NONE,RUNNING,OP001,LOW,YES,NORMAL,
OT-00944,2026-06-29T13:24:16Z,CRANE08,HOIST_DOWN,NONE,IDLE,OP023,LOW,YES,NORMAL,
OT-00945,2026-06-25T14:35:54Z,YARD-01,HOIST_UP,NONE,RUNNING,OP036,LOW,YES,NORMAL,
OT-00946,2026-06-28T13:33:43Z,PLC10,HOIST_UP,NONE,IDLE,OP010,LOW,YES,NORMAL,
OT-00947,2026-06-30T12:45:51Z,PLC01,IDLE,NONE,NORMAL,OP038,LOW,YES,NORMAL,
OT-00948,2026-06-07T14:20:40Z,YARD-07,IDLE,NONE,IDLE,OP036,LOW,YES,NORMAL,
OT-00949,2026-06-19T19:19:27Z,YARD-08,HOIST_DOWN,ALM-101,NORMAL,OP033,MEDIUM,YES,NORMAL,
OT-00950,2026-06-09T07:23:43Z,CRANE02,STATUS_READ,NONE,IDLE,OP035,LOW,YES,NORMAL,
OT-00951,2026-06-19T17:50:20Z,PLC09,HOIST_DOWN,NONE,NORMAL,OP009,LOW,YES,NORMAL,
OT-00952,2026-06-03T08:46:35Z,YARD-04,MOVE_RIGHT,NONE,NORMAL,OP035,LOW,YES,NORMAL,
OT-00953,2026-06-18T18:14:59Z,CRANE04,HOIST_UP,NONE,IDLE,OP021,LOW,YES,NORMAL,
OT-00954,2026-06-22T22:36:45Z,PLC12,PLC_MODE_CHANGE,ALM-418,ABNORMAL,OP008,CRITICAL,NO,SUSPICIOUS,
OT-00955,2026-06-17T09:01:56Z,PLC08,MOVE_LEFT,NONE,IDLE,OP014,LOW,YES,NORMAL,
OT-00956,2026-06-16T06:49:50Z,PLC10,STOP,NONE,NORMAL,OP036,LOW,YES,NORMAL,
OT-00957,2026-06-20T10:57:51Z,PLC04,STATUS_READ,NONE,NORMAL,OP030,LOW,YES,NORMAL,
OT-00958,2026-06-28T03:14:39Z,PLC03,MOVE_LEFT,NONE,RUNNING,OP022,LOW,YES,NORMAL,
OT-00959,2026-06-09T06:23:39Z,CRANE03,HOIST_UP,NONE,IDLE,OP026,LOW,YES,NORMAL,
OT-00960,2026-06-13T17:38:53Z,CRANE01,SPEED_SET,NONE,IDLE,OP034,LOW,YES,NORMAL,
OT-00961,2026-06-01T17:13:13Z,PLC10,IDLE,NONE,RUNNING,OP040,LOW,YES,NORMAL,
OT-00962,2026-06-24T22:59:43Z,YARD-01,HOIST_DOWN,NONE,RUNNING,OP026,LOW,YES,NORMAL,
OT-00963,2026-06-08T10:10:58Z,YARD-07,STATUS_READ,NONE,NORMAL,OP012,LOW,YES,NORMAL,
OT-00964,2026-06-12T16:30:40Z,CRANE02,MOVE_LEFT,NONE,NORMAL,OP039,LOW,YES,NORMAL,
OT-00965,2026-06-05T01:59:21Z,PLC04,STATUS_READ,NONE,RUNNING,OP017,LOW,YES,NORMAL,
OT-00966,2026-06-10T08:03:15Z,PLC08,STATUS_READ,NONE,IDLE,OP004,LOW,YES,NORMAL,
OT-00967,2026-06-03T11:37:00Z,PLC08,IDLE,NONE,NORMAL,OP002,LOW,YES,NORMAL,
OT-00968,2026-06-29T09:56:15Z,YARD-02,SPEED_SET,NONE,NORMAL,OP025,LOW,YES,NORMAL,
OT-00969,2026-06-05T17:51:31Z,CRANE08,HOIST_DOWN,NONE,IDLE,OP007,LOW,YES,NORMAL,
OT-00970,2026-06-11T08:50:50Z,PLC07,SPEED_SET,NONE,NORMAL,OP023,LOW,YES,NORMAL,
OT-00971,2026-06-10T15:46:52Z,PLC02,HOIST_DOWN,NONE,IDLE,OP026,LOW,YES,NORMAL,
OT-00972,2026-06-06T13:14:12Z,PLC01,HOIST_UP,NONE,RUNNING,OP024,LOW,YES,NORMAL,
OT-00973,2026-06-09T09:27:52Z,PLC11,HOIST_DOWN,NONE,NORMAL,OP022,LOW,YES,NORMAL,
OT-00974,2026-06-12T19:50:26Z,PLC08,SPEED_SET,NONE,NORMAL,OP021,LOW,YES,NORMAL,
OT-00975,2026-06-20T02:12:54Z,PLC11,MOVE_RIGHT,NONE,NORMAL,OP025,LOW,YES,NORMAL,
OT-00976,2026-06-05T12:31:14Z,PLC08,SPEED_SET,NONE,IDLE,OP011,LOW,YES,NORMAL,
OT-00977,2026-06-25T07:34:27Z,YARD-02,IDLE,ALM-101,RUNNING,OP008,MEDIUM,YES,NORMAL,
OT-00978,2026-06-23T23:14:39Z,YARD-07,MOVE_LEFT,NONE,IDLE,OP001,LOW,YES,NORMAL,
OT-00979,2026-06-27T08:05:46Z,PLC07,MOVE_LEFT,NONE,RUNNING,OP009,LOW,YES,NORMAL,
OT-00980,2026-06-22T02:42:49Z,YARD-08,MOVE_LEFT,NONE,RUNNING,OP030,LOW,YES,NORMAL,
OT-00981,2026-06-09T06:53:25Z,CRANE03,REPEATED_COMMAND,ALM-311,SAFE_STOP,OP025,HIGH,NO,SUSPICIOUS,
OT-00982,2026-06-15T07:37:34Z,CRANE06,SPEED_SET,ALM-101,NORMAL,OP002,MEDIUM,YES,NORMAL,
OT-00983,2026-06-19T12:25:02Z,CRANE05,MOVE_LEFT,NONE,IDLE,OP040,LOW,YES,NORMAL,
OT-00984,2026-06-15T09:25:55Z,CRANE08,STATUS_READ,NONE,IDLE,OP025,LOW,YES,NORMAL,
OT-00985,2026-06-24T06:16:01Z,PLC01,SPEED_SET,NONE,IDLE,OP023,LOW,YES,NORMAL,
OT-00986,2026-06-25T01:06:31Z,PLC07,EMERGENCY_STOP,ALM-509,DEGRADED,OP005,CRITICAL,NO,SUSPICIOUS,
OT-00987,2026-06-18T18:40:59Z,PLC12,HOIST_UP,NONE,RUNNING,OP023,LOW,YES,NORMAL,
OT-00988,2026-06-23T04:58:21Z,CRANE06,SPEED_SET,NONE,RUNNING,OP025,LOW,YES,NORMAL,
OT-00989,2026-06-08T20:41:30Z,PLC03,STATUS_READ,NONE,NORMAL,OP006,LOW,YES,NORMAL,
OT-00990,2026-06-07T03:20:46Z,CRANE01,MOVE_LEFT,NONE,IDLE,OP036,LOW,YES,NORMAL,
OT-00991,2026-06-03T19:54:22Z,YARD-07,HOIST_UP,NONE,NORMAL,OP015,LOW,YES,NORMAL,
OT-00992,2026-06-03T18:08:01Z,PLC10,HOIST_DOWN,ALM-101,NORMAL,OP031,MEDIUM,YES,NORMAL,
OT-00993,2026-06-06T10:23:34Z,YARD-06,HOIST_UP,NONE,NORMAL,OP011,LOW,YES,NORMAL,
OT-00994,2026-06-29T18:37:16Z,PLC02,IDLE,ALM-107,IDLE,OP034,MEDIUM,YES,NORMAL,
OT-00995,2026-06-18T21:42:09Z,PLC05,MOVE_LEFT,NONE,NORMAL,OP036,LOW,YES,NORMAL,
OT-00996,2026-06-24T07:08:12Z,CRANE07,EMERGENCY_STOP,ALM-204,DEGRADED,OP039,CRITICAL,NO,SUSPICIOUS,
OT-00997,2026-06-01T16:23:40Z,YARD-04,STATUS_READ,NONE,NORMAL,OP036,LOW,YES,NORMAL,
OT-00998,2026-06-29T14:48:08Z,YARD-08,SPEED_SET,NONE,IDLE,OP025,LOW,YES,NORMAL,
OT-00999,2026-06-30T13:34:02Z,PLC05,HOIST_UP,NONE,RUNNING,OP027,LOW,YES,NORMAL,
OT-01000,2026-06-21T20:53:25Z,YARD-08,HOIST_UP,NONE,RUNNING,OP033,LOW,YES,NORMAL,
OT-01001,2026-06-02T20:34:38Z,YARD-02,STOP,NONE,NORMAL,OP027,LOW,YES,NORMAL,
OT-01002,2026-06-02T01:25:34Z,PLC03,MOVE_LEFT,NONE,NORMAL,OP021,LOW,YES,NORMAL,
OT-01003,2026-06-24T22:39:21Z,PLC07,IDLE,NONE,IDLE,OP032,LOW,YES,NORMAL,
OT-01004,2026-06-06T04:01:27Z,PLC08,HOIST_UP,NONE,IDLE,OP017,LOW,YES,NORMAL,
OT-01005,2026-06-12T13:15:23Z,CRANE08,SPEED_SET,ALM-101,RUNNING,OP030,MEDIUM,YES,NORMAL,
OT-01006,2026-06-02T21:07:23Z,PLC11,HOIST_DOWN,NONE,IDLE,OP022,LOW,YES,NORMAL,
OT-01007,2026-06-25T00:26:41Z,CRANE03,STATUS_READ,NONE,IDLE,OP035,LOW,YES,NORMAL,
OT-01008,2026-06-01T15:02:51Z,PLC06,STATUS_READ,NONE,RUNNING,OP030,LOW,YES,NORMAL,
OT-01009,2026-06-26T02:21:59Z,PLC01,STOP,NONE,NORMAL,OP029,LOW,YES,NORMAL,
OT-01010,2026-06-08T18:08:41Z,YARD-08,UNAUTHORIZED_COMMAND,ALM-204,DEGRADED,OP040,CRITICAL,NO,SUSPICIOUS,
OT-01011,2026-06-21T14:41:05Z,CRANE01,PLC_MODE_CHANGE,ALM-311,ABNORMAL,OP032,CRITICAL,NO,SUSPICIOUS,
OT-01012,2026-06-23T10:00:09Z,PLC12,HOIST_UP,NONE,NORMAL,OP013,LOW,YES,NORMAL,
OT-01013,2026-06-01T19:12:01Z,CRANE08,STOP,NONE,RUNNING,OP016,LOW,YES,NORMAL,
OT-01014,2026-06-06T14:33:02Z,CRANE05,SPEED_SET,NONE,NORMAL,OP020,LOW,YES,NORMAL,
OT-01015,2026-06-10T11:13:39Z,PLC01,SPEED_SET,NONE,IDLE,OP012,LOW,YES,NORMAL,
OT-01016,2026-06-10T13:25:31Z,YARD-05,IDLE,NONE,IDLE,OP028,LOW,YES,NORMAL,
OT-01017,2026-06-23T12:53:55Z,YARD-08,HOIST_UP,NONE,NORMAL,OP020,LOW,YES,NORMAL,
OT-01018,2026-06-03T21:28:42Z,CRANE08,SPEED_SET,NONE,NORMAL,OP035,LOW,YES,NORMAL,
OT-01019,2026-06-22T22:33:52Z,PLC06,IDLE,NONE,NORMAL,OP001,LOW,YES,NORMAL,
OT-01020,2026-06-07T11:14:05Z,YARD-08,HOIST_DOWN,NONE,NORMAL,OP020,LOW,YES,NORMAL,
OT-01021,2026-06-27T00:57:49Z,PLC07,SPEED_SET,NONE,NORMAL,OP040,LOW,YES,NORMAL,
OT-01022,2026-06-03T13:34:54Z,PLC08,MOVE_LEFT,NONE,IDLE,OP017,LOW,YES,NORMAL,
OT-01023,2026-06-21T08:33:46Z,CRANE05,MOVE_RIGHT,NONE,RUNNING,OP005,LOW,YES,NORMAL,
OT-01024,2026-06-03T07:26:26Z,CRANE03,HOIST_UP,NONE,IDLE,OP026,LOW,YES,NORMAL,
OT-01025,2026-06-03T00:27:34Z,YARD-01,STOP,NONE,IDLE,OP035,LOW,YES,NORMAL,
OT-01026,2026-06-16T11:40:18Z,YARD-07,MOVE_RIGHT,NONE,RUNNING,OP037,LOW,YES,NORMAL,
OT-01027,2026-06-02T09:18:45Z,YARD-02,HOIST_DOWN,NONE,NORMAL,OP019,LOW,YES,NORMAL,
OT-01028,2026-06-08T19:07:26Z,PLC10,HOIST_DOWN,NONE,NORMAL,OP040,LOW,YES,NORMAL,
OT-01029,2026-06-30T20:17:00Z,CRANE01,IDLE,NONE,RUNNING,OP034,LOW,YES,NORMAL,
OT-01030,2026-06-14T03:04:37Z,PLC12,SPEED_SET,NONE,NORMAL,OP034,LOW,YES,NORMAL,
OT-01031,2026-06-08T16:11:46Z,YARD-07,HOIST_DOWN,NONE,NORMAL,OP010,LOW,YES,NORMAL,
OT-01032,2026-06-20T02:36:08Z,PLC09,STOP,NONE,RUNNING,OP014,LOW,YES,NORMAL,
OT-01033,2026-06-14T14:46:18Z,CRANE05,IDLE,NONE,IDLE,OP022,LOW,YES,NORMAL,
OT-01034,2026-06-11T07:10:21Z,PLC06,HOIST_UP,NONE,NORMAL,OP008,LOW,YES,NORMAL,
OT-01035,2026-06-23T06:28:25Z,PLC07,SPEED_SET,NONE,IDLE,OP018,LOW,YES,NORMAL,
OT-01036,2026-06-26T07:05:11Z,YARD-01,MOVE_RIGHT,NONE,NORMAL,OP020,LOW,YES,NORMAL,
OT-01037,2026-06-30T04:15:41Z,PLC04,SPEED_SET,NONE,NORMAL,OP035,LOW,YES,NORMAL,
OT-01038,2026-06-13T12:26:18Z,PLC08,MOVE_RIGHT,NONE,NORMAL,OP004,LOW,YES,NORMAL,
OT-01039,2026-06-23T07:58:31Z,CRANE08,MOVE_LEFT,NONE,IDLE,OP038,LOW,YES,NORMAL,
OT-01040,2026-06-21T16:46:42Z,CRANE08,MOVE_RIGHT,NONE,RUNNING,OP009,LOW,YES,NORMAL,
OT-01041,2026-06-17T08:01:33Z,PLC04,MOVE_LEFT,NONE,IDLE,OP017,LOW,YES,NORMAL,
OT-01042,2026-06-02T00:16:12Z,PLC02,STATUS_READ,NONE,RUNNING,OP029,LOW,YES,NORMAL,
OT-01043,2026-06-20T06:09:00Z,PLC03,HOIST_UP,NONE,IDLE,OP024,LOW,YES,NORMAL,
OT-01044,2026-06-10T18:25:39Z,PLC08,MOVE_LEFT,NONE,IDLE,OP019,LOW,YES,NORMAL,
OT-01045,2026-06-11T07:24:30Z,CRANE03,HOIST_UP,NONE,RUNNING,OP025,LOW,YES,NORMAL,
OT-01046,2026-06-25T22:51:44Z,CRANE01,SPEED_SET,ALM-107,RUNNING,OP025,MEDIUM,YES,NORMAL,
OT-01047,2026-06-23T21:25:47Z,PLC05,HOIST_UP,NONE,NORMAL,OP007,LOW,YES,NORMAL,
OT-01048,2026-06-11T22:36:54Z,CRANE02,MOVE_RIGHT,NONE,NORMAL,OP005,LOW,YES,NORMAL,
OT-01049,2026-06-14T14:39:45Z,CRANE08,MOVE_LEFT,NONE,RUNNING,OP011,LOW,YES,NORMAL,
OT-01050,2026-06-02T02:53:14Z,PLC09,STOP,NONE,NORMAL,OP004,LOW,YES,NORMAL,
OT-01051,2026-06-22T00:26:24Z,CRANE05,STATUS_READ,NONE,RUNNING,OP005,LOW,YES,NORMAL,
OT-01052,2026-06-02T22:40:49Z,YARD-03,IDLE,NONE,IDLE,OP024,LOW,YES,NORMAL,
OT-01053,2026-06-22T05:44:23Z,CRANE02,IDLE,NONE,IDLE,OP022,LOW,YES,NORMAL,
OT-01054,2026-06-30T16:26:41Z,PLC11,SPEED_SET,NONE,RUNNING,OP011,LOW,YES,NORMAL,
OT-01055,2026-06-16T17:13:49Z,YARD-01,HOIST_UP,NONE,RUNNING,OP009,LOW,YES,NORMAL,
OT-01056,2026-06-17T05:24:19Z,PLC02,SPEED_SET,ALM-107,IDLE,OP029,MEDIUM,YES,NORMAL,
OT-01057,2026-06-07T05:53:52Z,PLC12,IDLE,NONE,RUNNING,OP010,LOW,YES,NORMAL,
OT-01058,2026-06-06T02:30:46Z,CRANE04,SPEED_SET,NONE,NORMAL,OP030,LOW,YES,NORMAL,
OT-01059,2026-06-17T04:54:35Z,PLC10,HOIST_UP,NONE,RUNNING,OP027,LOW,YES,NORMAL,
OT-01060,2026-06-23T13:36:33Z,YARD-04,IDLE,NONE,IDLE,OP038,LOW,YES,NORMAL,
OT-01061,2026-06-26T06:43:52Z,CRANE03,MOVE_LEFT,NONE,NORMAL,OP005,LOW,YES,NORMAL,
OT-01062,2026-06-25T03:47:24Z,PLC05,MOVE_LEFT,NONE,IDLE,OP032,LOW,YES,NORMAL,
OT-01063,2026-06-15T00:41:19Z,CRANE07,HOIST_DOWN,NONE,NORMAL,OP008,LOW,YES,NORMAL,
OT-01064,2026-06-24T12:13:11Z,CRANE08,MOVE_RIGHT,NONE,NORMAL,OP019,LOW,YES,NORMAL,
OT-01065,2026-06-07T01:36:41Z,YARD-01,STATUS_READ,NONE,RUNNING,OP024,LOW,YES,NORMAL,
OT-01066,2026-06-05T22:10:46Z,PLC08,SPEED_SET,NONE,NORMAL,OP002,LOW,YES,NORMAL,
OT-01067,2026-06-14T01:41:24Z,PLC05,STOP,NONE,NORMAL,OP011,LOW,YES,NORMAL,
OT-01068,2026-06-25T01:01:36Z,CRANE05,STOP,NONE,NORMAL,OP022,LOW,YES,NORMAL,
OT-01069,2026-06-03T07:31:32Z,PLC04,IDLE,NONE,NORMAL,OP028,LOW,YES,NORMAL,
OT-01070,2026-06-07T13:56:24Z,CRANE07,MOVE_LEFT,NONE,RUNNING,OP008,LOW,YES,NORMAL,
OT-01071,2026-06-20T19:42:38Z,CRANE06,HOIST_UP,NONE,NORMAL,OP018,LOW,YES,NORMAL,
OT-01072,2026-06-07T13:27:54Z,PLC01,MOVE_LEFT,NONE,NORMAL,OP005,LOW,YES,NORMAL,
OT-01073,2026-06-07T23:21:41Z,PLC12,MOVE_RIGHT,NONE,RUNNING,OP002,LOW,YES,NORMAL,
OT-01074,2026-06-28T11:03:15Z,PLC11,MOVE_LEFT,NONE,NORMAL,OP027,LOW,YES,NORMAL,
OT-01075,2026-06-25T22:56:55Z,YARD-01,STOP,NONE,NORMAL,OP010,LOW,YES,NORMAL,
OT-01076,2026-06-04T23:22:51Z,PLC08,IDLE,NONE,NORMAL,OP030,LOW,YES,NORMAL,
OT-01077,2026-06-19T19:25:06Z,PLC05,MOVE_RIGHT,NONE,IDLE,OP010,LOW,YES,NORMAL,
OT-01078,2026-06-02T15:23:48Z,YARD-06,HOIST_UP,NONE,RUNNING,OP013,LOW,YES,NORMAL,
OT-01079,2026-06-29T12:30:40Z,PLC05,MOVE_LEFT,NONE,RUNNING,OP028,LOW,YES,NORMAL,
OT-01080,2026-06-15T22:56:08Z,CRANE03,SPEED_SET,NONE,NORMAL,OP012,LOW,YES,NORMAL,
OT-01081,2026-06-14T03:31:32Z,PLC04,MOVE_LEFT,NONE,RUNNING,OP038,LOW,YES,NORMAL,
OT-01082,2026-06-11T20:01:22Z,PLC04,UNAUTHORIZED_COMMAND,ALM-509,DEGRADED,OP026,CRITICAL,NO,SUSPICIOUS,
OT-01083,2026-06-01T03:36:03Z,PLC11,MOVE_RIGHT,NONE,RUNNING,OP027,LOW,YES,NORMAL,
OT-01084,2026-06-13T14:25:11Z,PLC09,SPEED_SET,NONE,IDLE,OP024,LOW,YES,NORMAL,
OT-01085,2026-06-03T10:38:23Z,YARD-03,SPEED_SET,NONE,IDLE,OP035,LOW,YES,NORMAL,
OT-01086,2026-06-07T21:36:23Z,PLC02,MOVE_LEFT,NONE,RUNNING,OP019,LOW,YES,NORMAL,
OT-01087,2026-06-02T14:05:49Z,PLC06,MOVE_LEFT,NONE,RUNNING,OP013,LOW,YES,NORMAL,
OT-01088,2026-06-12T22:49:54Z,PLC05,HOIST_DOWN,NONE,IDLE,OP016,LOW,YES,NORMAL,
OT-01089,2026-06-04T05:08:19Z,YARD-01,HOIST_DOWN,NONE,IDLE,OP024,LOW,YES,NORMAL,
OT-01090,2026-06-09T13:21:16Z,CRANE05,STOP,NONE,IDLE,OP027,LOW,YES,NORMAL,
OT-01091,2026-06-27T16:32:25Z,CRANE01,SPEED_SET,ALM-107,RUNNING,OP034,MEDIUM,YES,NORMAL,
OT-01092,2026-06-23T11:55:29Z,YARD-02,HOIST_DOWN,NONE,IDLE,OP011,LOW,YES,NORMAL,
OT-01093,2026-06-22T19:45:37Z,PLC12,MOVE_LEFT,NONE,IDLE,OP003,LOW,YES,NORMAL,
OT-01094,2026-06-01T08:26:57Z,CRANE08,HOIST_DOWN,NONE,RUNNING,OP011,LOW,YES,NORMAL,
OT-01095,2026-06-18T21:45:52Z,PLC10,MOVE_RIGHT,NONE,IDLE,OP037,LOW,YES,NORMAL,
OT-01096,2026-06-25T09:26:18Z,PLC03,IDLE,NONE,RUNNING,OP017,LOW,YES,NORMAL,
OT-01097,2026-06-15T08:19:55Z,YARD-05,IDLE,NONE,RUNNING,OP031,LOW,YES,NORMAL,
OT-01098,2026-06-29T10:21:34Z,CRANE06,SPEED_SET,ALM-101,RUNNING,OP011,MEDIUM,YES,NORMAL,
OT-01099,2026-06-28T09:34:07Z,CRANE08,STOP,ALM-101,NORMAL,OP019,MEDIUM,YES,NORMAL,
OT-01100,2026-06-18T23:10:38Z,CRANE06,REPEATED_COMMAND,ALM-204,ABNORMAL,OP013,HIGH,NO,SUSPICIOUS,INC-T21-003
OT-01101,2026-06-27T15:09:26Z,CRANE01,MOVE_LEFT,NONE,NORMAL,OP005,LOW,YES,NORMAL,
OT-01102,2026-06-01T07:48:40Z,CRANE08,HOIST_DOWN,NONE,IDLE,OP029,LOW,YES,NORMAL,
OT-01103,2026-06-22T09:09:16Z,PLC05,IDLE,NONE,IDLE,OP040,LOW,YES,NORMAL,
OT-01104,2026-06-02T16:49:33Z,YARD-05,IDLE,NONE,RUNNING,OP023,LOW,YES,NORMAL,
OT-01105,2026-06-22T16:57:30Z,PLC06,HOIST_UP,NONE,RUNNING,OP002,LOW,YES,NORMAL,
OT-01106,2026-06-04T18:44:48Z,YARD-02,HOIST_DOWN,NONE,IDLE,OP020,LOW,YES,NORMAL,
OT-01107,2026-06-25T19:47:44Z,CRANE01,HOIST_UP,NONE,IDLE,OP008,LOW,YES,NORMAL,
OT-01108,2026-06-15T00:47:10Z,CRANE08,STOP,NONE,IDLE,OP003,LOW,YES,NORMAL,
OT-01109,2026-06-26T11:34:51Z,CRANE01,MOVE_LEFT,NONE,NORMAL,OP014,LOW,YES,NORMAL,
OT-01110,2026-06-06T04:00:10Z,YARD-06,STATUS_READ,NONE,IDLE,OP021,LOW,YES,NORMAL,
OT-01111,2026-06-20T17:44:03Z,PLC09,HOIST_UP,NONE,NORMAL,OP010,LOW,YES,NORMAL,
OT-01112,2026-06-14T09:27:50Z,YARD-04,MOVE_RIGHT,ALM-101,IDLE,OP022,MEDIUM,YES,NORMAL,
OT-01113,2026-06-10T18:25:25Z,YARD-04,MOVE_RIGHT,NONE,IDLE,OP004,LOW,YES,NORMAL,
OT-01114,2026-06-28T10:10:37Z,CRANE06,MOVE_RIGHT,NONE,IDLE,OP003,LOW,YES,NORMAL,
OT-01115,2026-06-01T23:16:59Z,PLC02,MOVE_RIGHT,NONE,RUNNING,OP007,LOW,YES,NORMAL,
OT-01116,2026-06-09T07:26:19Z,CRANE02,STATUS_READ,NONE,IDLE,OP032,LOW,YES,NORMAL,
OT-01117,2026-06-04T00:48:45Z,PLC06,STOP,NONE,RUNNING,OP030,LOW,YES,NORMAL,
OT-01118,2026-06-22T17:39:30Z,PLC03,IDLE,NONE,IDLE,OP039,LOW,YES,NORMAL,
OT-01119,2026-06-25T08:04:00Z,PLC03,SPEED_SET,NONE,NORMAL,OP004,LOW,YES,NORMAL,
OT-01120,2026-06-07T11:35:05Z,YARD-02,SPEED_SET,ALM-101,RUNNING,OP040,MEDIUM,YES,NORMAL,
OT-01121,2026-06-02T15:22:26Z,YARD-03,STOP,NONE,NORMAL,OP031,LOW,YES,NORMAL,
OT-01122,2026-06-07T23:52:57Z,YARD-08,IDLE,NONE,IDLE,OP012,LOW,YES,NORMAL,
OT-01123,2026-06-25T20:34:44Z,YARD-08,IDLE,NONE,NORMAL,OP003,LOW,YES,NORMAL,
OT-01124,2026-06-09T18:01:49Z,PLC12,STATUS_READ,NONE,RUNNING,OP023,LOW,YES,NORMAL,
OT-01125,2026-06-17T21:56:26Z,CRANE03,MOVE_LEFT,NONE,NORMAL,OP005,LOW,YES,NORMAL,
OT-01126,2026-06-19T09:56:46Z,PLC03,IDLE,NONE,RUNNING,OP007,LOW,YES,NORMAL,
OT-01127,2026-06-28T00:56:47Z,PLC05,MOVE_RIGHT,NONE,NORMAL,OP001,LOW,YES,NORMAL,
OT-01128,2026-06-25T09:36:25Z,CRANE02,HOIST_UP,ALM-101,IDLE,OP016,MEDIUM,YES,NORMAL,
OT-01129,2026-06-02T21:39:10Z,PLC07,STATUS_READ,NONE,NORMAL,OP020,LOW,YES,NORMAL,
OT-01130,2026-06-14T17:07:46Z,CRANE08,HOIST_DOWN,NONE,RUNNING,OP026,LOW,YES,NORMAL,
OT-01131,2026-06-22T13:28:09Z,CRANE02,IDLE,NONE,RUNNING,OP003,LOW,YES,NORMAL,
OT-01132,2026-06-21T16:25:20Z,PLC12,STOP,NONE,RUNNING,OP001,LOW,YES,NORMAL,
OT-01133,2026-06-04T22:05:53Z,YARD-06,HOIST_DOWN,NONE,NORMAL,OP004,LOW,YES,NORMAL,
OT-01134,2026-06-14T23:19:00Z,YARD-01,MOVE_RIGHT,NONE,RUNNING,OP028,LOW,YES,NORMAL,
OT-01135,2026-06-19T19:52:59Z,CRANE08,IDLE,NONE,IDLE,OP038,LOW,YES,NORMAL,
OT-01136,2026-06-08T12:51:59Z,YARD-01,IDLE,NONE,NORMAL,OP009,LOW,YES,NORMAL,
OT-01137,2026-06-29T09:23:51Z,YARD-05,HOIST_UP,NONE,RUNNING,OP016,LOW,YES,NORMAL,
OT-01138,2026-06-03T02:41:15Z,CRANE03,MOVE_RIGHT,NONE,NORMAL,OP007,LOW,YES,NORMAL,
OT-01139,2026-06-29T08:59:45Z,CRANE04,MOVE_RIGHT,NONE,NORMAL,OP020,LOW,YES,NORMAL,
OT-01140,2026-06-07T18:01:13Z,CRANE06,STATUS_READ,NONE,IDLE,OP024,LOW,YES,NORMAL,
OT-01141,2026-06-03T20:28:00Z,CRANE08,STOP,NONE,NORMAL,OP015,LOW,YES,NORMAL,
OT-01142,2026-06-30T10:43:17Z,YARD-01,STOP,NONE,IDLE,OP007,LOW,YES,NORMAL,
OT-01143,2026-06-14T03:31:35Z,PLC01,HOIST_UP,NONE,IDLE,OP040,LOW,YES,NORMAL,
OT-01144,2026-06-28T15:34:00Z,PLC06,MOVE_LEFT,NONE,IDLE,OP038,LOW,YES,NORMAL,
OT-01145,2026-06-29T00:34:06Z,CRANE07,MOVE_LEFT,ALM-101,NORMAL,OP004,MEDIUM,YES,NORMAL,
OT-01146,2026-06-10T03:21:41Z,PLC03,STATUS_READ,NONE,RUNNING,OP016,LOW,YES,NORMAL,
OT-01147,2026-06-01T04:37:45Z,PLC03,SPEED_SET,NONE,IDLE,OP012,LOW,YES,NORMAL,
OT-01148,2026-06-09T01:05:44Z,YARD-01,IDLE,ALM-101,RUNNING,OP036,MEDIUM,YES,NORMAL,
OT-01149,2026-06-22T12:57:18Z,PLC02,HOIST_UP,NONE,IDLE,OP003,LOW,YES,NORMAL,
OT-01150,2026-06-25T01:19:51Z,PLC03,MOVE_RIGHT,NONE,RUNNING,OP033,LOW,YES,NORMAL,
OT-01151,2026-06-25T04:41:05Z,PLC09,UNAUTHORIZED_COMMAND,ALM-418,ABNORMAL,OP006,HIGH,NO,SUSPICIOUS,
OT-01152,2026-06-21T22:13:46Z,CRANE08,MOVE_RIGHT,ALM-101,IDLE,OP040,MEDIUM,YES,NORMAL,
OT-01153,2026-06-21T12:40:44Z,YARD-08,MOVE_LEFT,ALM-107,IDLE,OP002,MEDIUM,YES,NORMAL,
OT-01154,2026-06-06T09:05:43Z,CRANE07,MOVE_LEFT,NONE,NORMAL,OP016,LOW,YES,NORMAL,
OT-01155,2026-06-09T10:51:36Z,CRANE07,HOIST_DOWN,NONE,RUNNING,OP031,LOW,YES,NORMAL,
OT-01156,2026-06-08T06:26:59Z,CRANE01,STOP,NONE,NORMAL,OP036,LOW,YES,NORMAL,
OT-01157,2026-06-08T04:55:23Z,PLC05,SPEED_SET,NONE,IDLE,OP030,LOW,YES,NORMAL,
OT-01158,2026-06-10T03:23:41Z,PLC02,HOIST_DOWN,ALM-101,RUNNING,OP005,MEDIUM,YES,NORMAL,
OT-01159,2026-06-06T04:08:49Z,PLC12,SPEED_SET,NONE,NORMAL,OP009,LOW,YES,NORMAL,
OT-01160,2026-06-15T18:54:59Z,PLC09,HOIST_UP,NONE,RUNNING,OP034,LOW,YES,NORMAL,
OT-01161,2026-06-08T04:30:09Z,PLC07,MOVE_LEFT,NONE,RUNNING,OP011,LOW,YES,NORMAL,
OT-01162,2026-06-12T17:04:56Z,YARD-07,SPEED_SET,NONE,NORMAL,OP027,LOW,YES,NORMAL,
OT-01163,2026-06-25T03:28:25Z,CRANE08,IDLE,NONE,NORMAL,OP006,LOW,YES,NORMAL,
OT-01164,2026-06-24T08:47:42Z,PLC01,STATUS_READ,NONE,NORMAL,OP018,LOW,YES,NORMAL,
OT-01165,2026-06-29T20:29:03Z,CRANE01,HOIST_DOWN,NONE,IDLE,OP021,LOW,YES,NORMAL,
OT-01166,2026-06-14T19:49:44Z,PLC04,MOVE_RIGHT,NONE,RUNNING,OP039,LOW,YES,NORMAL,
OT-01167,2026-06-29T14:38:48Z,PLC10,STATUS_READ,NONE,NORMAL,OP018,LOW,YES,NORMAL,
OT-01168,2026-06-28T09:40:02Z,YARD-04,MOVE_LEFT,ALM-107,RUNNING,OP010,MEDIUM,YES,NORMAL,
OT-01169,2026-06-12T10:43:09Z,YARD-02,IDLE,NONE,NORMAL,OP028,LOW,YES,NORMAL,
OT-01170,2026-06-23T05:02:37Z,PLC02,SPEED_SET,NONE,NORMAL,OP026,LOW,YES,NORMAL,
OT-01171,2026-06-05T10:24:00Z,CRANE02,STOP,NONE,RUNNING,OP024,LOW,YES,NORMAL,
OT-01172,2026-06-17T03:01:02Z,CRANE04,STOP,NONE,RUNNING,OP015,LOW,YES,NORMAL,
OT-01173,2026-06-17T14:20:28Z,PLC05,STOP,NONE,RUNNING,OP031,LOW,YES,NORMAL,
OT-01174,2026-06-08T00:25:51Z,PLC08,STATUS_READ,NONE,NORMAL,OP016,LOW,YES,NORMAL,
OT-01175,2026-06-21T18:17:23Z,PLC12,STOP,NONE,IDLE,OP013,LOW,YES,NORMAL,
OT-01176,2026-06-24T11:33:49Z,PLC02,STOP,NONE,NORMAL,OP014,LOW,YES,NORMAL,
OT-01177,2026-06-09T02:16:20Z,YARD-05,STOP,NONE,NORMAL,OP032,LOW,YES,NORMAL,
OT-01178,2026-06-16T14:37:41Z,PLC04,HOIST_UP,NONE,RUNNING,OP035,LOW,YES,NORMAL,
OT-01179,2026-06-18T14:09:52Z,CRANE02,SPEED_SET,NONE,NORMAL,OP040,LOW,YES,NORMAL,
OT-01180,2026-06-12T19:07:45Z,PLC11,HOIST_DOWN,NONE,RUNNING,OP005,LOW,YES,NORMAL,
OT-01181,2026-06-28T02:37:14Z,PLC01,STATUS_READ,ALM-101,RUNNING,OP034,MEDIUM,YES,NORMAL,
OT-01182,2026-06-17T14:00:56Z,CRANE07,HOIST_UP,NONE,IDLE,OP025,LOW,YES,NORMAL,
OT-01183,2026-06-26T05:23:07Z,YARD-04,IDLE,NONE,RUNNING,OP014,LOW,YES,NORMAL,
OT-01184,2026-06-05T14:50:23Z,YARD-05,MOVE_LEFT,NONE,IDLE,OP031,LOW,YES,NORMAL,
OT-01185,2026-06-23T10:21:24Z,PLC11,IDLE,NONE,NORMAL,OP028,LOW,YES,NORMAL,
OT-01186,2026-06-08T15:14:00Z,PLC06,HOIST_UP,NONE,RUNNING,OP015,LOW,YES,NORMAL,
OT-01187,2026-06-23T23:55:30Z,CRANE07,STOP,ALM-107,RUNNING,OP027,MEDIUM,YES,NORMAL,
OT-01188,2026-06-02T06:37:58Z,YARD-06,SPEED_SET,NONE,IDLE,OP024,LOW,YES,NORMAL,
OT-01189,2026-06-17T19:01:29Z,YARD-08,HOIST_UP,NONE,NORMAL,OP017,LOW,YES,NORMAL,
OT-01190,2026-06-05T06:39:02Z,CRANE06,SPEED_OVERRIDE,ALM-418,ABNORMAL,OP021,CRITICAL,NO,SUSPICIOUS,
OT-01191,2026-06-04T11:30:14Z,CRANE03,MOVE_RIGHT,NONE,RUNNING,OP001,LOW,YES,NORMAL,
OT-01192,2026-06-15T06:55:15Z,YARD-07,HOIST_UP,NONE,RUNNING,OP014,LOW,YES,NORMAL,
OT-01193,2026-06-26T18:15:05Z,PLC11,STOP,NONE,IDLE,OP019,LOW,YES,NORMAL,
OT-01194,2026-06-28T18:49:21Z,YARD-02,HOIST_DOWN,NONE,IDLE,OP031,LOW,YES,NORMAL,
OT-01195,2026-06-06T18:17:36Z,CRANE06,STOP,NONE,RUNNING,OP012,LOW,YES,NORMAL,
OT-01196,2026-06-20T10:11:38Z,PLC03,MOVE_RIGHT,NONE,IDLE,OP022,LOW,YES,NORMAL,
OT-01197,2026-06-06T03:02:11Z,YARD-01,STOP,NONE,RUNNING,OP018,LOW,YES,NORMAL,
OT-01198,2026-06-21T16:57:17Z,PLC04,SPEED_SET,NONE,IDLE,OP017,LOW,YES,NORMAL,
OT-01199,2026-06-15T01:34:28Z,PLC08,SPEED_SET,NONE,RUNNING,OP010,LOW,YES,NORMAL,
OT-01200,2026-06-20T04:54:41Z,CRANE01,SPEED_SET,NONE,IDLE,OP009,LOW,YES,NORMAL,
OT-01201,2026-06-29T12:46:16Z,CRANE06,STATUS_READ,NONE,IDLE,OP012,LOW,YES,NORMAL,
OT-01202,2026-06-01T13:02:44Z,PLC02,STATUS_READ,NONE,NORMAL,OP040,LOW,YES,NORMAL,
OT-01203,2026-06-10T07:05:37Z,YARD-04,STATUS_READ,ALM-107,IDLE,OP039,MEDIUM,YES,NORMAL,
OT-01204,2026-06-29T02:02:47Z,PLC02,STATUS_READ,NONE,IDLE,OP034,LOW,YES,NORMAL,
OT-01205,2026-06-03T14:11:45Z,YARD-01,OUT_OF_SEQUENCE,ALM-418,SAFE_STOP,OP003,CRITICAL,NO,SUSPICIOUS,
OT-01206,2026-06-29T13:41:57Z,YARD-08,STOP,NONE,RUNNING,OP020,LOW,YES,NORMAL,
OT-01207,2026-06-30T02:29:08Z,YARD-08,STOP,NONE,NORMAL,OP004,LOW,YES,NORMAL,
OT-01208,2026-06-15T01:08:06Z,YARD-06,STATUS_READ,NONE,RUNNING,OP003,LOW,YES,NORMAL,
OT-01209,2026-06-28T08:02:56Z,YARD-06,OUT_OF_SEQUENCE,ALM-509,ABNORMAL,OP030,HIGH,NO,SUSPICIOUS,
OT-01210,2026-06-19T21:09:10Z,PLC10,HOIST_UP,NONE,NORMAL,OP035,LOW,YES,NORMAL,
OT-01211,2026-06-21T12:45:51Z,YARD-05,IDLE,NONE,IDLE,OP014,LOW,YES,NORMAL,
OT-01212,2026-06-30T14:32:34Z,CRANE04,IDLE,ALM-107,NORMAL,OP020,MEDIUM,YES,NORMAL,
OT-01213,2026-06-09T02:02:02Z,YARD-06,HOIST_UP,NONE,NORMAL,OP015,LOW,YES,NORMAL,
OT-01214,2026-06-25T15:14:27Z,PLC02,STATUS_READ,NONE,IDLE,OP012,LOW,YES,NORMAL,
OT-01215,2026-06-14T04:38:32Z,CRANE05,STOP,NONE,IDLE,OP017,LOW,YES,NORMAL,
OT-01216,2026-06-07T13:14:53Z,PLC06,HOIST_UP,NONE,NORMAL,OP018,LOW,YES,NORMAL,
OT-01217,2026-06-26T03:40:35Z,YARD-04,HOIST_DOWN,NONE,RUNNING,OP016,LOW,YES,NORMAL,
OT-01218,2026-06-20T14:16:32Z,PLC02,SPEED_SET,NONE,NORMAL,OP038,LOW,YES,NORMAL,
OT-01219,2026-06-16T23:20:48Z,CRANE02,MOVE_LEFT,ALM-107,RUNNING,OP034,MEDIUM,YES,NORMAL,
OT-01220,2026-06-27T05:53:32Z,PLC02,STOP,NONE,NORMAL,OP032,LOW,YES,NORMAL,
OT-01221,2026-06-21T20:57:10Z,PLC04,MOVE_RIGHT,NONE,RUNNING,OP019,LOW,YES,NORMAL,
OT-01222,2026-06-19T03:20:05Z,CRANE01,HOIST_DOWN,NONE,NORMAL,OP040,LOW,YES,NORMAL,
OT-01223,2026-06-14T13:28:44Z,CRANE05,PLC_MODE_CHANGE,ALM-509,DEGRADED,OP014,CRITICAL,NO,SUSPICIOUS,
OT-01224,2026-06-18T12:07:45Z,CRANE08,IDLE,NONE,NORMAL,OP023,LOW,YES,NORMAL,
OT-01225,2026-06-22T11:45:41Z,YARD-04,HOIST_DOWN,NONE,NORMAL,OP028,LOW,YES,NORMAL,
OT-01226,2026-06-21T22:58:10Z,YARD-04,HOIST_DOWN,NONE,RUNNING,OP010,LOW,YES,NORMAL,
OT-01227,2026-06-22T04:28:52Z,YARD-07,STOP,NONE,IDLE,OP013,LOW,YES,NORMAL,
OT-01228,2026-06-28T23:28:04Z,PLC12,STATUS_READ,NONE,NORMAL,OP005,LOW,YES,NORMAL,
OT-01229,2026-06-17T22:54:03Z,PLC06,STOP,NONE,IDLE,OP011,LOW,YES,NORMAL,
OT-01230,2026-06-11T01:41:27Z,YARD-04,HOIST_DOWN,NONE,NORMAL,OP007,LOW,YES,NORMAL,
OT-01231,2026-06-10T07:09:11Z,YARD-08,STATUS_READ,NONE,IDLE,OP014,LOW,YES,NORMAL,
OT-01232,2026-06-17T18:43:50Z,CRANE06,MOVE_LEFT,NONE,NORMAL,OP028,LOW,YES,NORMAL,
OT-01233,2026-06-09T18:19:25Z,YARD-07,SPEED_SET,NONE,RUNNING,OP034,LOW,YES,NORMAL,
OT-01234,2026-06-25T13:24:44Z,PLC11,HOIST_UP,NONE,RUNNING,OP023,LOW,YES,NORMAL,
OT-01235,2026-06-01T10:56:06Z,PLC01,HOIST_DOWN,NONE,NORMAL,OP007,LOW,YES,NORMAL,
OT-01236,2026-06-12T07:19:01Z,PLC11,HOIST_DOWN,ALM-107,IDLE,OP025,MEDIUM,YES,NORMAL,
OT-01237,2026-06-09T16:23:57Z,PLC05,IDLE,NONE,NORMAL,OP035,LOW,YES,NORMAL,
OT-01238,2026-06-14T07:20:38Z,YARD-06,SPEED_SET,ALM-107,IDLE,OP022,MEDIUM,YES,NORMAL,
OT-01239,2026-06-23T13:05:39Z,PLC03,HOIST_DOWN,NONE,RUNNING,OP029,LOW,YES,NORMAL,
OT-01240,2026-06-22T12:20:58Z,YARD-07,IDLE,NONE,RUNNING,OP017,LOW,YES,NORMAL,
OT-01241,2026-06-04T09:57:03Z,PLC05,HOIST_UP,NONE,RUNNING,OP030,LOW,YES,NORMAL,
OT-01242,2026-06-02T09:44:36Z,CRANE01,IDLE,NONE,IDLE,OP037,LOW,YES,NORMAL,
OT-01243,2026-06-21T16:10:45Z,YARD-04,IDLE,NONE,NORMAL,OP020,LOW,YES,NORMAL,
OT-01244,2026-06-29T12:31:18Z,PLC12,STOP,NONE,IDLE,OP017,LOW,YES,NORMAL,
OT-01245,2026-06-07T12:06:25Z,PLC03,IDLE,NONE,IDLE,OP019,LOW,YES,NORMAL,
OT-01246,2026-06-27T16:08:40Z,PLC09,STATUS_READ,NONE,NORMAL,OP017,LOW,YES,NORMAL,
OT-01247,2026-06-01T19:12:23Z,CRANE04,MOVE_LEFT,NONE,IDLE,OP022,LOW,YES,NORMAL,
OT-01248,2026-06-02T09:02:49Z,YARD-05,IDLE,NONE,NORMAL,OP004,LOW,YES,NORMAL,
OT-01249,2026-06-30T17:26:05Z,PLC09,HOIST_UP,NONE,IDLE,OP026,LOW,YES,NORMAL,
OT-01250,2026-06-09T02:29:08Z,PLC09,HOIST_DOWN,NONE,RUNNING,OP016,LOW,YES,NORMAL,
OT-01251,2026-06-20T04:31:38Z,PLC05,SPEED_SET,NONE,RUNNING,OP039,LOW,YES,NORMAL,
OT-01252,2026-06-11T03:48:51Z,YARD-07,IDLE,NONE,NORMAL,OP014,LOW,YES,NORMAL,
OT-01253,2026-06-12T02:27:41Z,PLC01,HOIST_UP,NONE,IDLE,OP022,LOW,YES,NORMAL,
OT-01254,2026-06-21T23:34:06Z,CRANE06,MOVE_RIGHT,NONE,RUNNING,OP037,LOW,YES,NORMAL,
OT-01255,2026-06-02T15:52:59Z,YARD-02,STOP,NONE,IDLE,OP037,LOW,YES,NORMAL,
OT-01256,2026-06-29T07:20:37Z,CRANE01,IDLE,NONE,NORMAL,OP017,LOW,YES,NORMAL,
OT-01257,2026-06-26T11:46:32Z,PLC08,STATUS_READ,ALM-107,RUNNING,OP032,MEDIUM,YES,NORMAL,
OT-01258,2026-06-01T23:38:19Z,PLC01,MOVE_LEFT,NONE,NORMAL,OP005,LOW,YES,NORMAL,
OT-01259,2026-06-05T02:45:59Z,CRANE05,MOVE_RIGHT,NONE,RUNNING,OP013,LOW,YES,NORMAL,
OT-01260,2026-06-07T11:10:57Z,YARD-06,STATUS_READ,NONE,RUNNING,OP029,LOW,YES,NORMAL,
OT-01261,2026-06-13T08:54:34Z,PLC05,IDLE,NONE,IDLE,OP031,LOW,YES,NORMAL,
OT-01262,2026-06-07T11:49:49Z,CRANE07,STATUS_READ,NONE,IDLE,OP024,LOW,YES,NORMAL,
OT-01263,2026-06-17T05:32:23Z,PLC09,IDLE,NONE,RUNNING,OP029,LOW,YES,NORMAL,
OT-01264,2026-06-27T14:23:57Z,PLC02,HOIST_UP,NONE,NORMAL,OP005,LOW,YES,NORMAL,
OT-01265,2026-06-09T01:22:04Z,YARD-08,SPEED_SET,NONE,RUNNING,OP003,LOW,YES,NORMAL,
OT-01266,2026-06-02T11:22:23Z,YARD-05,HOIST_UP,NONE,NORMAL,OP036,LOW,YES,NORMAL,
OT-01267,2026-06-18T09:37:28Z,YARD-05,SPEED_SET,NONE,RUNNING,OP011,LOW,YES,NORMAL,
OT-01268,2026-06-20T21:01:53Z,YARD-04,STOP,NONE,IDLE,OP020,LOW,YES,NORMAL,
OT-01269,2026-06-29T10:23:58Z,YARD-08,MOVE_LEFT,NONE,RUNNING,OP025,LOW,YES,NORMAL,
OT-01270,2026-06-01T11:31:18Z,YARD-07,UNAUTHORIZED_COMMAND,ALM-509,DEGRADED,OP028,CRITICAL,NO,SUSPICIOUS,
OT-01271,2026-06-24T19:47:07Z,YARD-05,REPEATED_COMMAND,ALM-418,SAFE_STOP,OP026,CRITICAL,NO,SUSPICIOUS,INC-T21-004
OT-01272,2026-06-13T06:13:50Z,PLC10,SPEED_SET,NONE,RUNNING,OP022,LOW,YES,NORMAL,
OT-01273,2026-06-14T14:00:02Z,CRANE03,MOVE_LEFT,NONE,NORMAL,OP020,LOW,YES,NORMAL,
OT-01274,2026-06-27T11:26:06Z,PLC07,HOIST_DOWN,NONE,IDLE,OP015,LOW,YES,NORMAL,
OT-01275,2026-06-08T22:18:35Z,PLC02,MOVE_RIGHT,NONE,IDLE,OP035,LOW,YES,NORMAL,
OT-01276,2026-06-23T09:21:02Z,PLC09,MOVE_LEFT,NONE,IDLE,OP019,LOW,YES,NORMAL,
OT-01277,2026-06-22T05:46:34Z,YARD-07,MOVE_RIGHT,NONE,NORMAL,OP016,LOW,YES,NORMAL,
OT-01278,2026-06-25T09:50:42Z,PLC10,STATUS_READ,NONE,RUNNING,OP023,LOW,YES,NORMAL,
OT-01279,2026-06-11T21:45:21Z,YARD-06,SPEED_SET,NONE,NORMAL,OP025,LOW,YES,NORMAL,
OT-01280,2026-06-27T04:25:51Z,PLC12,SPEED_SET,NONE,RUNNING,OP025,LOW,YES,NORMAL,
OT-01281,2026-06-03T07:26:53Z,CRANE02,MOVE_RIGHT,NONE,NORMAL,OP040,LOW,YES,NORMAL,
OT-01282,2026-06-04T17:33:52Z,YARD-01,IDLE,NONE,RUNNING,OP040,LOW,YES,NORMAL,
OT-01283,2026-06-30T03:13:47Z,YARD-05,MOVE_RIGHT,NONE,IDLE,OP010,LOW,YES,NORMAL,
OT-01284,2026-06-25T05:23:13Z,CRANE06,MOVE_LEFT,NONE,RUNNING,OP013,LOW,YES,NORMAL,
OT-01285,2026-06-17T03:50:36Z,YARD-02,IDLE,NONE,RUNNING,OP010,LOW,YES,NORMAL,
OT-01286,2026-06-28T15:01:53Z,YARD-01,HOIST_UP,NONE,NORMAL,OP005,LOW,YES,NORMAL,
OT-01287,2026-06-13T14:40:03Z,PLC03,STATUS_READ,NONE,IDLE,OP017,LOW,YES,NORMAL,
OT-01288,2026-06-20T01:43:17Z,PLC11,SPEED_SET,NONE,IDLE,OP031,LOW,YES,NORMAL,
OT-01289,2026-06-02T13:16:15Z,YARD-07,MOVE_RIGHT,NONE,IDLE,OP037,LOW,YES,NORMAL,
OT-01290,2026-06-22T03:00:45Z,PLC04,HOIST_DOWN,NONE,RUNNING,OP033,LOW,YES,NORMAL,
OT-01291,2026-06-09T02:56:25Z,PLC09,IDLE,NONE,RUNNING,OP003,LOW,YES,NORMAL,
OT-01292,2026-06-19T13:56:03Z,CRANE06,MOVE_LEFT,NONE,IDLE,OP018,LOW,YES,NORMAL,
OT-01293,2026-06-13T14:59:30Z,CRANE07,HOIST_UP,ALM-101,RUNNING,OP039,MEDIUM,YES,NORMAL,
OT-01294,2026-06-27T17:08:20Z,CRANE01,MOVE_RIGHT,NONE,IDLE,OP004,LOW,YES,NORMAL,
OT-01295,2026-06-22T16:29:58Z,PLC12,MOVE_LEFT,NONE,RUNNING,OP002,LOW,YES,NORMAL,
OT-01296,2026-06-21T23:57:37Z,CRANE08,IDLE,NONE,NORMAL,OP028,LOW,YES,NORMAL,
OT-01297,2026-06-14T21:11:33Z,CRANE07,STATUS_READ,NONE,RUNNING,OP023,LOW,YES,NORMAL,
OT-01298,2026-06-18T04:11:13Z,PLC01,MOVE_LEFT,NONE,NORMAL,OP039,LOW,YES,NORMAL,
OT-01299,2026-06-21T13:41:28Z,YARD-02,HOIST_DOWN,NONE,NORMAL,OP008,LOW,YES,NORMAL,
OT-01300,2026-06-01T23:23:58Z,CRANE04,HOIST_UP,NONE,RUNNING,OP015,LOW,YES,NORMAL,
OT-01301,2026-06-01T04:41:44Z,CRANE06,IDLE,NONE,RUNNING,OP017,LOW,YES,NORMAL,
OT-01302,2026-06-22T06:03:02Z,CRANE03,HOIST_DOWN,NONE,NORMAL,OP034,LOW,YES,NORMAL,
OT-01303,2026-06-27T10:32:36Z,PLC01,MOVE_RIGHT,NONE,NORMAL,OP027,LOW,YES,NORMAL,
OT-01304,2026-06-02T19:24:25Z,PLC10,MOVE_RIGHT,NONE,IDLE,OP010,LOW,YES,NORMAL,
OT-01305,2026-06-26T05:44:39Z,PLC08,HOIST_UP,NONE,IDLE,OP003,LOW,YES,NORMAL,
OT-01306,2026-06-28T02:38:13Z,YARD-04,HOIST_DOWN,NONE,IDLE,OP025,LOW,YES,NORMAL,
OT-01307,2026-06-30T10:38:30Z,YARD-02,STATUS_READ,NONE,RUNNING,OP003,LOW,YES,NORMAL,
OT-01308,2026-06-27T23:09:00Z,YARD-03,IDLE,NONE,NORMAL,OP012,LOW,YES,NORMAL,
OT-01309,2026-06-03T17:26:21Z,PLC12,STOP,NONE,IDLE,OP002,LOW,YES,NORMAL,
OT-01310,2026-06-06T05:14:21Z,CRANE03,STATUS_READ,NONE,IDLE,OP012,LOW,YES,NORMAL,
OT-01311,2026-06-20T11:52:10Z,YARD-02,STOP,NONE,IDLE,OP008,LOW,YES,NORMAL,
OT-01312,2026-06-18T23:55:25Z,CRANE04,MOVE_RIGHT,NONE,NORMAL,OP040,LOW,YES,NORMAL,
OT-01313,2026-06-16T01:21:26Z,YARD-03,SPEED_SET,NONE,RUNNING,OP017,LOW,YES,NORMAL,
OT-01314,2026-06-20T19:39:34Z,PLC05,STOP,NONE,NORMAL,OP032,LOW,YES,NORMAL,
OT-01315,2026-06-29T02:54:27Z,YARD-08,SPEED_SET,NONE,RUNNING,OP006,LOW,YES,NORMAL,
OT-01316,2026-06-27T15:05:16Z,YARD-06,STOP,NONE,IDLE,OP037,LOW,YES,NORMAL,
OT-01317,2026-06-28T22:33:53Z,YARD-03,HOIST_UP,NONE,NORMAL,OP021,LOW,YES,NORMAL,
OT-01318,2026-06-16T08:11:35Z,CRANE06,IDLE,NONE,RUNNING,OP001,LOW,YES,NORMAL,
OT-01319,2026-06-07T09:42:59Z,PLC05,MOVE_RIGHT,NONE,IDLE,OP015,LOW,YES,NORMAL,
OT-01320,2026-06-03T22:12:05Z,YARD-02,MOVE_LEFT,NONE,NORMAL,OP031,LOW,YES,NORMAL,
OT-01321,2026-06-15T12:33:04Z,YARD-06,IDLE,NONE,IDLE,OP015,LOW,YES,NORMAL,
OT-01322,2026-06-19T18:08:11Z,CRANE03,MOVE_LEFT,NONE,RUNNING,OP027,LOW,YES,NORMAL,
OT-01323,2026-06-27T07:48:42Z,YARD-06,STATUS_READ,ALM-101,NORMAL,OP019,MEDIUM,YES,NORMAL,
OT-01324,2026-06-24T18:30:55Z,YARD-01,MOVE_LEFT,NONE,IDLE,OP017,LOW,YES,NORMAL,
OT-01325,2026-06-26T01:55:33Z,PLC12,STOP,NONE,IDLE,OP006,LOW,YES,NORMAL,
OT-01326,2026-06-07T03:37:44Z,CRANE05,HOIST_UP,NONE,IDLE,OP022,LOW,YES,NORMAL,
OT-01327,2026-06-06T19:47:19Z,PLC07,IDLE,ALM-107,RUNNING,OP016,MEDIUM,YES,NORMAL,
OT-01328,2026-06-15T03:51:11Z,PLC03,STATUS_READ,NONE,RUNNING,OP034,LOW,YES,NORMAL,
OT-01329,2026-06-06T03:56:15Z,CRANE01,STOP,NONE,IDLE,OP039,LOW,YES,NORMAL,
OT-01330,2026-06-29T02:06:31Z,YARD-03,MOVE_LEFT,NONE,NORMAL,OP002,LOW,YES,NORMAL,
OT-01331,2026-06-07T22:16:58Z,YARD-06,MOVE_LEFT,NONE,NORMAL,OP022,LOW,YES,NORMAL,
OT-01332,2026-06-03T10:13:37Z,YARD-06,MOVE_LEFT,NONE,IDLE,OP005,LOW,YES,NORMAL,
OT-01333,2026-06-07T11:10:20Z,PLC05,MOVE_RIGHT,NONE,NORMAL,OP013,LOW,YES,NORMAL,
OT-01334,2026-06-07T21:04:19Z,CRANE08,HOIST_DOWN,NONE,NORMAL,OP029,LOW,YES,NORMAL,
OT-01335,2026-06-10T20:43:43Z,PLC01,HOIST_UP,NONE,RUNNING,OP016,LOW,YES,NORMAL,
OT-01336,2026-06-08T03:08:38Z,YARD-07,HOIST_DOWN,NONE,IDLE,OP023,LOW,YES,NORMAL,
OT-01337,2026-06-01T20:23:30Z,PLC07,MOVE_LEFT,NONE,IDLE,OP003,LOW,YES,NORMAL,
OT-01338,2026-06-13T14:33:42Z,YARD-05,MOVE_LEFT,NONE,NORMAL,OP015,LOW,YES,NORMAL,
OT-01339,2026-06-24T06:43:25Z,CRANE04,OUT_OF_SEQUENCE,ALM-204,DEGRADED,OP025,HIGH,NO,SUSPICIOUS,
OT-01340,2026-06-19T23:25:30Z,CRANE04,IDLE,NONE,NORMAL,OP014,LOW,YES,NORMAL,
OT-01341,2026-06-06T04:27:38Z,YARD-04,HOIST_UP,NONE,NORMAL,OP019,LOW,YES,NORMAL,
OT-01342,2026-06-07T09:47:04Z,CRANE06,STOP,NONE,RUNNING,OP030,LOW,YES,NORMAL,
OT-01343,2026-06-06T12:43:50Z,PLC07,STOP,NONE,IDLE,OP012,LOW,YES,NORMAL,
OT-01344,2026-06-25T04:52:54Z,CRANE08,STATUS_READ,NONE,NORMAL,OP003,LOW,YES,NORMAL,
OT-01345,2026-06-07T19:27:55Z,PLC02,HOIST_UP,ALM-107,NORMAL,OP005,MEDIUM,YES,NORMAL,
OT-01346,2026-06-22T09:44:52Z,YARD-02,SPEED_OVERRIDE,ALM-311,ABNORMAL,OP029,CRITICAL,NO,SUSPICIOUS,
OT-01347,2026-06-30T19:25:01Z,CRANE06,HOIST_DOWN,NONE,RUNNING,OP005,LOW,YES,NORMAL,
OT-01348,2026-06-11T06:30:09Z,PLC06,IDLE,NONE,RUNNING,OP011,LOW,YES,NORMAL,
OT-01349,2026-06-22T12:46:25Z,YARD-08,HOIST_DOWN,NONE,NORMAL,OP029,LOW,YES,NORMAL,
OT-01350,2026-06-25T13:36:34Z,YARD-04,MOVE_LEFT,NONE,IDLE,OP036,LOW,YES,NORMAL,
OT-01351,2026-06-18T12:01:26Z,PLC10,STOP,NONE,RUNNING,OP024,LOW,YES,NORMAL,
OT-01352,2026-06-29T10:11:43Z,YARD-05,HOIST_DOWN,NONE,NORMAL,OP026,LOW,YES,NORMAL,
OT-01353,2026-06-05T04:19:22Z,YARD-02,HOIST_DOWN,NONE,RUNNING,OP013,LOW,YES,NORMAL,
OT-01354,2026-06-29T22:01:22Z,PLC11,HOIST_UP,NONE,NORMAL,OP036,LOW,YES,NORMAL,
OT-01355,2026-06-16T23:23:01Z,PLC09,STOP,NONE,RUNNING,OP001,LOW,YES,NORMAL,
OT-01356,2026-06-13T19:08:45Z,YARD-04,MOVE_RIGHT,NONE,RUNNING,OP019,LOW,YES,NORMAL,
OT-01357,2026-06-12T22:25:42Z,PLC01,SPEED_SET,NONE,NORMAL,OP016,LOW,YES,NORMAL,
OT-01358,2026-06-12T16:04:04Z,YARD-05,IDLE,NONE,NORMAL,OP035,LOW,YES,NORMAL,
OT-01359,2026-06-30T07:05:34Z,PLC04,HOIST_UP,NONE,NORMAL,OP027,LOW,YES,NORMAL,
OT-01360,2026-06-22T00:57:07Z,CRANE06,MOVE_LEFT,NONE,IDLE,OP005,LOW,YES,NORMAL,
OT-01361,2026-06-05T18:34:29Z,PLC03,MOVE_RIGHT,NONE,RUNNING,OP036,LOW,YES,NORMAL,
OT-01362,2026-06-12T15:35:05Z,YARD-06,STATUS_READ,NONE,IDLE,OP016,LOW,YES,NORMAL,
OT-01363,2026-06-30T11:39:56Z,YARD-04,HOIST_UP,NONE,IDLE,OP033,LOW,YES,NORMAL,
OT-01364,2026-06-27T06:35:33Z,PLC05,STOP,NONE,NORMAL,OP030,LOW,YES,NORMAL,
OT-01365,2026-06-21T11:00:15Z,PLC03,IDLE,ALM-107,RUNNING,OP029,MEDIUM,YES,NORMAL,
OT-01366,2026-06-30T15:39:08Z,CRANE06,HOIST_UP,NONE,RUNNING,OP024,LOW,YES,NORMAL,
OT-01367,2026-06-11T01:13:04Z,PLC10,MOVE_LEFT,NONE,RUNNING,OP013,LOW,YES,NORMAL,
OT-01368,2026-06-05T21:11:09Z,PLC04,STOP,NONE,RUNNING,OP018,LOW,YES,NORMAL,
OT-01369,2026-06-14T02:28:11Z,PLC06,HOIST_DOWN,NONE,RUNNING,OP009,LOW,YES,NORMAL,
OT-01370,2026-06-01T20:38:56Z,CRANE02,STOP,NONE,NORMAL,OP035,LOW,YES,NORMAL,
OT-01371,2026-06-18T19:24:33Z,PLC07,MOVE_RIGHT,NONE,NORMAL,OP038,LOW,YES,NORMAL,
OT-01372,2026-06-19T16:58:45Z,YARD-02,SPEED_SET,NONE,RUNNING,OP028,LOW,YES,NORMAL,
OT-01373,2026-06-06T03:34:56Z,YARD-02,MOVE_RIGHT,NONE,NORMAL,OP017,LOW,YES,NORMAL,
OT-01374,2026-06-30T15:51:34Z,YARD-02,HOIST_DOWN,ALM-101,RUNNING,OP032,MEDIUM,YES,NORMAL,
OT-01375,2026-06-22T17:52:56Z,PLC07,STOP,NONE,IDLE,OP014,LOW,YES,NORMAL,
OT-01376,2026-06-11T20:10:07Z,CRANE01,PLC_MODE_CHANGE,ALM-509,ABNORMAL,OP009,HIGH,NO,SUSPICIOUS,
OT-01377,2026-06-04T09:23:36Z,CRANE03,MOVE_RIGHT,NONE,IDLE,OP013,LOW,YES,NORMAL,
OT-01378,2026-06-24T00:32:41Z,CRANE07,MOVE_RIGHT,NONE,RUNNING,OP008,LOW,YES,NORMAL,
OT-01379,2026-06-26T23:25:15Z,YARD-05,MOVE_LEFT,NONE,IDLE,OP017,LOW,YES,NORMAL,
OT-01380,2026-06-21T09:41:00Z,PLC07,MOVE_RIGHT,NONE,RUNNING,OP040,LOW,YES,NORMAL,
OT-01381,2026-06-11T02:39:54Z,PLC05,MOVE_RIGHT,NONE,NORMAL,OP009,LOW,YES,NORMAL,
OT-01382,2026-06-23T15:29:33Z,YARD-08,HOIST_UP,NONE,RUNNING,OP031,LOW,YES,NORMAL,
OT-01383,2026-06-08T23:36:38Z,YARD-08,STOP,NONE,NORMAL,OP027,LOW,YES,NORMAL,
OT-01384,2026-06-06T12:36:12Z,PLC10,SPEED_OVERRIDE,ALM-509,SAFE_STOP,OP015,HIGH,NO,SUSPICIOUS,
OT-01385,2026-06-27T12:48:52Z,PLC11,HOIST_DOWN,NONE,RUNNING,OP018,LOW,YES,NORMAL,
OT-01386,2026-06-06T19:28:30Z,PLC02,MOVE_LEFT,NONE,IDLE,OP001,LOW,YES,NORMAL,
OT-01387,2026-06-15T07:06:50Z,PLC11,SPEED_SET,NONE,RUNNING,OP007,LOW,YES,NORMAL,
OT-01388,2026-06-10T23:12:30Z,PLC01,SPEED_SET,NONE,RUNNING,OP001,LOW,YES,NORMAL,
OT-01389,2026-06-16T07:53:00Z,PLC12,SPEED_SET,NONE,NORMAL,OP031,LOW,YES,NORMAL,
OT-01390,2026-06-06T20:25:43Z,CRANE08,HOIST_UP,NONE,RUNNING,OP029,LOW,YES,NORMAL,
OT-01391,2026-06-19T11:16:28Z,PLC03,MOVE_LEFT,NONE,RUNNING,OP038,LOW,YES,NORMAL,
OT-01392,2026-06-11T14:08:29Z,CRANE02,MOVE_RIGHT,NONE,NORMAL,OP016,LOW,YES,NORMAL,
OT-01393,2026-06-03T20:30:15Z,PLC04,SPEED_SET,NONE,NORMAL,OP030,LOW,YES,NORMAL,
OT-01394,2026-06-11T11:37:48Z,YARD-04,IDLE,NONE,NORMAL,OP030,LOW,YES,NORMAL,
OT-01395,2026-06-09T13:02:31Z,YARD-02,HOIST_DOWN,NONE,RUNNING,OP040,LOW,YES,NORMAL,
OT-01396,2026-06-09T18:04:26Z,CRANE03,MOVE_LEFT,NONE,RUNNING,OP023,LOW,YES,NORMAL,
OT-01397,2026-06-16T14:53:21Z,CRANE02,STATUS_READ,NONE,NORMAL,OP002,LOW,YES,NORMAL,
OT-01398,2026-06-07T22:08:14Z,YARD-02,STATUS_READ,NONE,IDLE,OP015,LOW,YES,NORMAL,
OT-01399,2026-06-01T18:46:47Z,CRANE01,HOIST_DOWN,NONE,RUNNING,OP015,LOW,YES,NORMAL,
OT-01400,2026-06-15T04:34:41Z,CRANE06,REPEATED_COMMAND,ALM-311,DEGRADED,OP026,CRITICAL,NO,SUSPICIOUS,
OT-01401,2026-06-27T11:29:44Z,CRANE02,STATUS_READ,NONE,NORMAL,OP007,LOW,YES,NORMAL,
OT-01402,2026-06-07T07:44:26Z,YARD-04,HOIST_DOWN,NONE,RUNNING,OP032,LOW,YES,NORMAL,
OT-01403,2026-06-20T11:57:22Z,CRANE08,HOIST_DOWN,NONE,RUNNING,OP020,LOW,YES,NORMAL,
OT-01404,2026-06-17T06:23:08Z,PLC04,SPEED_SET,NONE,NORMAL,OP015,LOW,YES,NORMAL,
OT-01405,2026-06-04T17:45:39Z,YARD-05,STATUS_READ,NONE,NORMAL,OP021,LOW,YES,NORMAL,
OT-01406,2026-06-11T15:18:48Z,PLC04,HOIST_UP,ALM-101,NORMAL,OP016,MEDIUM,YES,NORMAL,
OT-01407,2026-06-29T21:02:20Z,YARD-03,MOVE_RIGHT,NONE,RUNNING,OP016,LOW,YES,NORMAL,
OT-01408,2026-06-17T16:46:58Z,CRANE01,SPEED_SET,NONE,IDLE,OP029,LOW,YES,NORMAL,
OT-01409,2026-06-18T13:36:12Z,YARD-02,STATUS_READ,NONE,RUNNING,OP018,LOW,YES,NORMAL,
OT-01410,2026-06-18T23:08:44Z,PLC05,STATUS_READ,NONE,RUNNING,OP030,LOW,YES,NORMAL,
OT-01411,2026-06-19T18:04:14Z,YARD-03,HOIST_UP,NONE,RUNNING,OP014,LOW,YES,NORMAL,
OT-01412,2026-06-21T15:14:12Z,CRANE08,IDLE,NONE,RUNNING,OP023,LOW,YES,NORMAL,
OT-01413,2026-06-21T12:04:39Z,PLC11,STATUS_READ,NONE,IDLE,OP028,LOW,YES,NORMAL,
OT-01414,2026-06-09T16:31:28Z,YARD-01,HOIST_UP,NONE,NORMAL,OP008,LOW,YES,NORMAL,
OT-01415,2026-06-29T02:30:36Z,PLC03,MOVE_RIGHT,NONE,RUNNING,OP028,LOW,YES,NORMAL,
OT-01416,2026-06-07T07:45:33Z,PLC07,MOVE_LEFT,NONE,IDLE,OP037,LOW,YES,NORMAL,
OT-01417,2026-06-10T21:13:39Z,CRANE03,MOVE_LEFT,NONE,NORMAL,OP040,LOW,YES,NORMAL,
OT-01418,2026-06-13T18:12:08Z,YARD-01,MOVE_LEFT,NONE,RUNNING,OP019,LOW,YES,NORMAL,
OT-01419,2026-06-13T14:10:20Z,CRANE01,STOP,ALM-107,RUNNING,OP025,MEDIUM,YES,NORMAL,
OT-01420,2026-06-03T16:32:40Z,YARD-01,STATUS_READ,NONE,NORMAL,OP006,LOW,YES,NORMAL,
OT-01421,2026-06-03T13:32:34Z,PLC04,HOIST_UP,NONE,NORMAL,OP027,LOW,YES,NORMAL,
OT-01422,2026-06-14T14:30:14Z,CRANE01,IDLE,NONE,RUNNING,OP010,LOW,YES,NORMAL,
OT-01423,2026-06-21T18:27:34Z,CRANE05,MOVE_RIGHT,NONE,RUNNING,OP008,LOW,YES,NORMAL,
OT-01424,2026-06-22T17:42:09Z,CRANE01,HOIST_UP,NONE,IDLE,OP005,LOW,YES,NORMAL,
OT-01425,2026-06-12T00:04:11Z,YARD-06,MOVE_RIGHT,NONE,IDLE,OP037,LOW,YES,NORMAL,
OT-01426,2026-06-30T22:21:56Z,PLC03,HOIST_DOWN,NONE,NORMAL,OP007,LOW,YES,NORMAL,
OT-01427,2026-06-05T21:04:41Z,PLC05,SPEED_SET,NONE,NORMAL,OP037,LOW,YES,NORMAL,
OT-01428,2026-06-30T05:37:41Z,PLC12,HOIST_DOWN,NONE,RUNNING,OP019,LOW,YES,NORMAL,
OT-01429,2026-06-14T13:37:00Z,CRANE07,HOIST_UP,NONE,NORMAL,OP039,LOW,YES,NORMAL,
OT-01430,2026-06-08T10:31:40Z,PLC03,STOP,ALM-101,NORMAL,OP022,MEDIUM,YES,NORMAL,
OT-01431,2026-06-21T02:08:57Z,PLC02,MOVE_LEFT,NONE,RUNNING,OP038,LOW,YES,NORMAL,
OT-01432,2026-06-20T23:11:58Z,PLC03,IDLE,NONE,RUNNING,OP022,LOW,YES,NORMAL,
OT-01433,2026-06-05T21:39:12Z,PLC04,IDLE,ALM-101,NORMAL,OP002,MEDIUM,YES,NORMAL,
OT-01434,2026-06-18T10:56:38Z,YARD-02,MOVE_RIGHT,NONE,IDLE,OP017,LOW,YES,NORMAL,
OT-01435,2026-06-05T13:00:08Z,PLC11,MOVE_RIGHT,NONE,RUNNING,OP009,LOW,YES,NORMAL,
OT-01436,2026-06-11T12:32:12Z,CRANE06,STATUS_READ,NONE,RUNNING,OP018,LOW,YES,NORMAL,
OT-01437,2026-06-06T09:24:02Z,PLC07,MOVE_LEFT,NONE,NORMAL,OP024,LOW,YES,NORMAL,
OT-01438,2026-06-17T03:43:02Z,PLC05,HOIST_DOWN,ALM-107,RUNNING,OP023,MEDIUM,YES,NORMAL,
OT-01439,2026-06-19T00:28:19Z,CRANE05,IDLE,NONE,IDLE,OP021,LOW,YES,NORMAL,
OT-01440,2026-06-18T03:57:18Z,YARD-03,HOIST_UP,NONE,RUNNING,OP015,LOW,YES,NORMAL,
OT-01441,2026-06-14T01:15:51Z,CRANE05,MOVE_RIGHT,NONE,RUNNING,OP018,LOW,YES,NORMAL,
OT-01442,2026-06-11T12:39:50Z,YARD-07,MOVE_LEFT,NONE,IDLE,OP015,LOW,YES,NORMAL,
OT-01443,2026-06-22T23:20:51Z,YARD-04,STATUS_READ,NONE,RUNNING,OP009,LOW,YES,NORMAL,
OT-01444,2026-06-10T17:27:53Z,CRANE05,MOVE_RIGHT,NONE,RUNNING,OP019,LOW,YES,NORMAL,
OT-01445,2026-06-28T15:40:00Z,CRANE01,HOIST_DOWN,NONE,RUNNING,OP038,LOW,YES,NORMAL,
OT-01446,2026-06-27T00:33:33Z,PLC03,MOVE_RIGHT,NONE,IDLE,OP010,LOW,YES,NORMAL,
OT-01447,2026-06-15T08:31:31Z,CRANE02,MOVE_LEFT,NONE,RUNNING,OP018,LOW,YES,NORMAL,
OT-01448,2026-06-08T21:28:00Z,PLC05,MOVE_RIGHT,NONE,IDLE,OP023,LOW,YES,NORMAL,
OT-01449,2026-06-01T13:51:44Z,CRANE07,HOIST_UP,NONE,NORMAL,OP011,LOW,YES,NORMAL,
OT-01450,2026-06-28T01:09:40Z,YARD-01,MOVE_LEFT,NONE,IDLE,OP037,LOW,YES,NORMAL,
OT-01451,2026-06-14T22:25:12Z,YARD-06,HOIST_DOWN,NONE,NORMAL,OP009,LOW,YES,NORMAL,
OT-01452,2026-06-26T11:35:11Z,YARD-01,STOP,NONE,RUNNING,OP010,LOW,YES,NORMAL,
OT-01453,2026-06-02T09:55:21Z,PLC05,STOP,NONE,NORMAL,OP010,LOW,YES,NORMAL,
OT-01454,2026-06-18T23:05:52Z,CRANE06,REPEATED_COMMAND,ALM-311,DEGRADED,OP037,HIGH,NO,SUSPICIOUS,INC-T21-003
OT-01455,2026-06-28T04:13:37Z,CRANE02,HOIST_UP,NONE,RUNNING,OP021,LOW,YES,NORMAL,
OT-01456,2026-06-22T13:01:23Z,CRANE05,HOIST_DOWN,NONE,RUNNING,OP022,LOW,YES,NORMAL,
OT-01457,2026-06-19T04:32:07Z,YARD-03,STATUS_READ,NONE,NORMAL,OP036,LOW,YES,NORMAL,
OT-01458,2026-06-09T01:27:04Z,CRANE03,STOP,NONE,IDLE,OP029,LOW,YES,NORMAL,
OT-01459,2026-06-28T12:39:08Z,PLC05,SPEED_SET,NONE,NORMAL,OP031,LOW,YES,NORMAL,
OT-01460,2026-06-30T10:17:14Z,PLC03,STATUS_READ,NONE,RUNNING,OP015,LOW,YES,NORMAL,
OT-01461,2026-06-25T17:54:17Z,PLC05,IDLE,ALM-107,IDLE,OP022,MEDIUM,YES,NORMAL,
OT-01462,2026-06-09T20:59:27Z,CRANE07,IDLE,NONE,RUNNING,OP021,LOW,YES,NORMAL,
OT-01463,2026-06-01T03:08:53Z,CRANE04,MOVE_RIGHT,NONE,RUNNING,OP034,LOW,YES,NORMAL,
OT-01464,2026-06-19T19:13:00Z,PLC03,IDLE,NONE,RUNNING,OP031,LOW,YES,NORMAL,
OT-01465,2026-06-27T10:55:54Z,PLC05,STATUS_READ,NONE,RUNNING,OP014,LOW,YES,NORMAL,
OT-01466,2026-06-21T09:03:38Z,CRANE06,MOVE_LEFT,NONE,NORMAL,OP029,LOW,YES,NORMAL,
OT-01467,2026-06-15T17:16:55Z,PLC07,MOVE_RIGHT,NONE,NORMAL,OP007,LOW,YES,NORMAL,
OT-01468,2026-06-22T21:21:13Z,PLC01,MOVE_RIGHT,NONE,NORMAL,OP030,LOW,YES,NORMAL,
OT-01469,2026-06-09T17:37:45Z,PLC05,HOIST_UP,NONE,IDLE,OP015,LOW,YES,NORMAL,
OT-01470,2026-06-10T20:15:42Z,CRANE04,SPEED_SET,NONE,IDLE,OP023,LOW,YES,NORMAL,
OT-01471,2026-06-18T17:39:16Z,YARD-02,HOIST_UP,NONE,NORMAL,OP026,LOW,YES,NORMAL,
OT-01472,2026-06-08T21:55:20Z,YARD-03,STOP,NONE,IDLE,OP013,LOW,YES,NORMAL,
OT-01473,2026-06-30T11:56:38Z,CRANE08,SPEED_SET,NONE,RUNNING,OP016,LOW,YES,NORMAL,
OT-01474,2026-06-27T19:18:00Z,PLC12,STOP,NONE,IDLE,OP032,LOW,YES,NORMAL,
OT-01475,2026-06-10T09:56:47Z,YARD-01,HOIST_DOWN,NONE,NORMAL,OP033,LOW,YES,NORMAL,
OT-01476,2026-06-08T08:30:17Z,YARD-03,HOIST_UP,NONE,RUNNING,OP033,LOW,YES,NORMAL,
OT-01477,2026-06-09T11:56:39Z,YARD-06,SPEED_SET,NONE,NORMAL,OP027,LOW,YES,NORMAL,
OT-01478,2026-06-07T15:04:18Z,YARD-06,SPEED_SET,NONE,IDLE,OP023,LOW,YES,NORMAL,
OT-01479,2026-06-24T00:13:09Z,PLC02,MOVE_RIGHT,NONE,IDLE,OP026,LOW,YES,NORMAL,
OT-01480,2026-06-15T03:10:11Z,PLC04,STATUS_READ,NONE,RUNNING,OP037,LOW,YES,NORMAL,
OT-01481,2026-06-13T08:32:53Z,CRANE01,HOIST_UP,NONE,NORMAL,OP021,LOW,YES,NORMAL,
OT-01482,2026-06-17T17:05:16Z,PLC10,HOIST_DOWN,NONE,IDLE,OP015,LOW,YES,NORMAL,
OT-01483,2026-06-16T09:25:18Z,PLC01,IDLE,NONE,NORMAL,OP006,LOW,YES,NORMAL,
OT-01484,2026-06-16T08:27:28Z,CRANE08,HOIST_DOWN,NONE,RUNNING,OP031,LOW,YES,NORMAL,
OT-01485,2026-06-01T20:03:47Z,CRANE07,HOIST_DOWN,ALM-107,RUNNING,OP011,MEDIUM,YES,NORMAL,
OT-01486,2026-06-09T06:50:35Z,YARD-05,HOIST_DOWN,NONE,NORMAL,OP027,LOW,YES,NORMAL,
OT-01487,2026-06-30T10:31:44Z,CRANE01,IDLE,NONE,RUNNING,OP017,LOW,YES,NORMAL,
OT-01488,2026-06-05T03:33:55Z,PLC03,STOP,NONE,NORMAL,OP009,LOW,YES,NORMAL,
OT-01489,2026-06-24T08:07:28Z,PLC07,SPEED_SET,NONE,IDLE,OP018,LOW,YES,NORMAL,
OT-01490,2026-06-24T00:29:02Z,PLC01,STATUS_READ,NONE,RUNNING,OP027,LOW,YES,NORMAL,
OT-01491,2026-06-03T02:03:22Z,YARD-02,MOVE_LEFT,ALM-107,IDLE,OP030,MEDIUM,YES,NORMAL,
OT-01492,2026-06-11T15:05:00Z,PLC08,IDLE,NONE,IDLE,OP011,LOW,YES,NORMAL,
OT-01493,2026-06-20T01:17:48Z,YARD-03,HOIST_DOWN,NONE,RUNNING,OP006,LOW,YES,NORMAL,
OT-01494,2026-06-26T21:21:09Z,PLC02,SPEED_SET,NONE,NORMAL,OP036,LOW,YES,NORMAL,
OT-01495,2026-06-30T20:04:52Z,CRANE06,UNAUTHORIZED_COMMAND,ALM-418,ABNORMAL,OP028,HIGH,NO,SUSPICIOUS,
OT-01496,2026-06-10T22:39:30Z,PLC06,HOIST_UP,ALM-107,RUNNING,OP024,MEDIUM,YES,NORMAL,
OT-01497,2026-06-20T05:47:35Z,CRANE07,STOP,ALM-101,RUNNING,OP001,MEDIUM,YES,NORMAL,
OT-01498,2026-06-22T21:43:23Z,CRANE07,HOIST_UP,NONE,IDLE,OP040,LOW,YES,NORMAL,
OT-01499,2026-06-09T03:43:51Z,PLC03,IDLE,NONE,IDLE,OP020,LOW,YES,NORMAL,
OT-01500,2026-06-20T03:22:38Z,PLC04,IDLE,NONE,NORMAL,OP038,LOW,YES,NORMAL,
OT-01501,2026-06-22T20:34:29Z,PLC12,HOIST_DOWN,NONE,RUNNING,OP018,LOW,YES,NORMAL,
OT-01502,2026-06-23T08:55:52Z,PLC01,IDLE,ALM-101,IDLE,OP040,MEDIUM,YES,NORMAL,
OT-01503,2026-06-17T03:26:34Z,PLC05,HOIST_UP,NONE,RUNNING,OP022,LOW,YES,NORMAL,
OT-01504,2026-06-27T12:07:30Z,PLC01,MOVE_LEFT,NONE,NORMAL,OP004,LOW,YES,NORMAL,
OT-01505,2026-06-08T16:02:34Z,YARD-01,MOVE_LEFT,NONE,NORMAL,OP009,LOW,YES,NORMAL,
OT-01506,2026-06-12T04:50:43Z,CRANE06,HOIST_DOWN,NONE,RUNNING,OP038,LOW,YES,NORMAL,
OT-01507,2026-06-15T15:15:47Z,CRANE05,MOVE_RIGHT,NONE,RUNNING,OP019,LOW,YES,NORMAL,
OT-01508,2026-06-22T05:53:16Z,CRANE04,MOVE_RIGHT,NONE,NORMAL,OP036,LOW,YES,NORMAL,
OT-01509,2026-06-15T08:05:22Z,CRANE02,HOIST_UP,NONE,IDLE,OP028,LOW,YES,NORMAL,
OT-01510,2026-06-05T22:49:12Z,CRANE03,PLC_MODE_CHANGE,ALM-509,DEGRADED,OP038,CRITICAL,NO,SUSPICIOUS,INC-T21-001
OT-01511,2026-06-14T03:57:31Z,PLC08,HOIST_UP,NONE,IDLE,OP018,LOW,YES,NORMAL,
OT-01512,2026-06-23T05:41:15Z,YARD-07,STATUS_READ,NONE,NORMAL,OP005,LOW,YES,NORMAL,
OT-01513,2026-06-10T23:08:15Z,YARD-07,MOVE_LEFT,NONE,IDLE,OP020,LOW,YES,NORMAL,
OT-01514,2026-06-19T18:18:22Z,CRANE01,STOP,NONE,IDLE,OP037,LOW,YES,NORMAL,
OT-01515,2026-06-22T18:26:08Z,YARD-01,STOP,ALM-107,RUNNING,OP018,MEDIUM,YES,NORMAL,
OT-01516,2026-06-20T09:57:43Z,CRANE06,IDLE,NONE,NORMAL,OP018,LOW,YES,NORMAL,
OT-01517,2026-06-27T21:19:30Z,CRANE04,OUT_OF_SEQUENCE,ALM-311,ABNORMAL,OP007,CRITICAL,NO,SUSPICIOUS,
OT-01518,2026-06-17T10:26:27Z,PLC06,MOVE_RIGHT,NONE,NORMAL,OP035,LOW,YES,NORMAL,
OT-01519,2026-06-12T16:05:27Z,YARD-01,IDLE,NONE,IDLE,OP033,LOW,YES,NORMAL,
OT-01520,2026-06-26T18:24:59Z,PLC07,MOVE_LEFT,NONE,NORMAL,OP020,LOW,YES,NORMAL,
OT-01521,2026-06-24T19:32:12Z,YARD-05,SPEED_OVERRIDE,ALM-204,ABNORMAL,OP001,CRITICAL,NO,SUSPICIOUS,INC-T21-004
OT-01522,2026-06-14T00:52:08Z,PLC03,HOIST_UP,NONE,IDLE,OP003,LOW,YES,NORMAL,
OT-01523,2026-06-10T00:10:22Z,CRANE08,STOP,NONE,IDLE,OP032,LOW,YES,NORMAL,
OT-01524,2026-06-07T23:25:11Z,PLC08,MOVE_RIGHT,NONE,NORMAL,OP017,LOW,YES,NORMAL,
OT-01525,2026-06-11T23:13:12Z,PLC07,STOP,NONE,NORMAL,OP025,LOW,YES,NORMAL,
OT-01526,2026-06-18T22:44:25Z,PLC10,MOVE_RIGHT,NONE,IDLE,OP033,LOW,YES,NORMAL,
OT-01527,2026-06-28T02:18:06Z,CRANE02,MOVE_RIGHT,NONE,IDLE,OP008,LOW,YES,NORMAL,
OT-01528,2026-06-13T19:42:13Z,PLC05,HOIST_DOWN,NONE,RUNNING,OP033,LOW,YES,NORMAL,
OT-01529,2026-06-28T03:29:42Z,CRANE06,IDLE,NONE,NORMAL,OP020,LOW,YES,NORMAL,
OT-01530,2026-06-20T08:08:34Z,YARD-05,HOIST_DOWN,NONE,IDLE,OP034,LOW,YES,NORMAL,
OT-01531,2026-06-05T11:49:30Z,PLC05,SPEED_SET,NONE,IDLE,OP019,LOW,YES,NORMAL,
OT-01532,2026-06-09T07:39:38Z,PLC06,MOVE_RIGHT,NONE,RUNNING,OP028,LOW,YES,NORMAL,
OT-01533,2026-06-23T07:38:33Z,CRANE07,STOP,NONE,IDLE,OP031,LOW,YES,NORMAL,
OT-01534,2026-06-09T10:51:28Z,YARD-01,IDLE,NONE,RUNNING,OP006,LOW,YES,NORMAL,
OT-01535,2026-06-25T01:21:48Z,PLC04,HOIST_UP,NONE,RUNNING,OP030,LOW,YES,NORMAL,
OT-01536,2026-06-24T19:43:28Z,CRANE03,MOVE_LEFT,NONE,NORMAL,OP022,LOW,YES,NORMAL,
OT-01537,2026-06-21T11:10:37Z,PLC06,MOVE_LEFT,NONE,NORMAL,OP023,LOW,YES,NORMAL,
OT-01538,2026-06-13T03:04:33Z,YARD-07,IDLE,NONE,NORMAL,OP032,LOW,YES,NORMAL,
OT-01539,2026-06-25T10:40:44Z,PLC01,MOVE_LEFT,NONE,IDLE,OP012,LOW,YES,NORMAL,
OT-01540,2026-06-26T01:45:56Z,YARD-05,HOIST_DOWN,NONE,RUNNING,OP010,LOW,YES,NORMAL,
OT-01541,2026-06-02T18:01:24Z,CRANE08,SPEED_SET,NONE,NORMAL,OP024,LOW,YES,NORMAL,
OT-01542,2026-06-14T05:47:40Z,CRANE02,MOVE_LEFT,NONE,NORMAL,OP033,LOW,YES,NORMAL,
OT-01543,2026-06-04T10:07:28Z,YARD-07,MOVE_LEFT,NONE,IDLE,OP024,LOW,YES,NORMAL,
OT-01544,2026-06-28T16:24:39Z,YARD-08,IDLE,NONE,RUNNING,OP011,LOW,YES,NORMAL,
OT-01545,2026-06-17T00:30:55Z,PLC12,STATUS_READ,NONE,RUNNING,OP026,LOW,YES,NORMAL,
OT-01546,2026-06-26T20:26:42Z,YARD-07,HOIST_DOWN,NONE,RUNNING,OP004,LOW,YES,NORMAL,
OT-01547,2026-06-15T08:23:33Z,PLC02,HOIST_UP,NONE,NORMAL,OP004,LOW,YES,NORMAL,
OT-01548,2026-06-15T08:02:04Z,YARD-08,MOVE_RIGHT,NONE,RUNNING,OP006,LOW,YES,NORMAL,
OT-01549,2026-06-17T08:40:09Z,PLC07,MOVE_RIGHT,NONE,RUNNING,OP033,LOW,YES,NORMAL,
OT-01550,2026-06-26T07:18:49Z,CRANE06,MOVE_RIGHT,NONE,IDLE,OP030,LOW,YES,NORMAL,
OT-01551,2026-06-24T03:07:45Z,PLC08,MOVE_LEFT,NONE,NORMAL,OP031,LOW,YES,NORMAL,
OT-01552,2026-06-24T22:54:07Z,YARD-01,MOVE_LEFT,NONE,RUNNING,OP023,LOW,YES,NORMAL,
OT-01553,2026-06-10T07:00:05Z,PLC12,HOIST_UP,NONE,NORMAL,OP034,LOW,YES,NORMAL,
OT-01554,2026-06-30T23:47:27Z,CRANE07,STOP,NONE,IDLE,OP017,LOW,YES,NORMAL,
OT-01555,2026-06-25T09:12:58Z,PLC06,HOIST_UP,NONE,NORMAL,OP017,LOW,YES,NORMAL,
OT-01556,2026-06-27T22:11:10Z,PLC06,IDLE,NONE,NORMAL,OP003,LOW,YES,NORMAL,
OT-01557,2026-06-01T10:39:00Z,PLC11,MOVE_LEFT,NONE,NORMAL,OP017,LOW,YES,NORMAL,
OT-01558,2026-06-27T02:40:41Z,YARD-04,HOIST_UP,NONE,NORMAL,OP012,LOW,YES,NORMAL,
OT-01559,2026-06-05T11:47:56Z,CRANE02,SPEED_SET,NONE,RUNNING,OP014,LOW,YES,NORMAL,
OT-01560,2026-06-07T00:57:07Z,CRANE07,SPEED_SET,NONE,RUNNING,OP026,LOW,YES,NORMAL,
OT-01561,2026-06-09T17:10:52Z,PLC10,MOVE_LEFT,NONE,NORMAL,OP021,LOW,YES,NORMAL,
OT-01562,2026-06-29T17:47:40Z,CRANE07,SPEED_SET,NONE,NORMAL,OP036,LOW,YES,NORMAL,
OT-01563,2026-06-25T05:40:50Z,YARD-05,MOVE_RIGHT,NONE,RUNNING,OP006,LOW,YES,NORMAL,
OT-01564,2026-06-22T19:44:41Z,PLC11,HOIST_UP,NONE,RUNNING,OP010,LOW,YES,NORMAL,
OT-01565,2026-06-25T12:00:25Z,CRANE05,MOVE_LEFT,NONE,NORMAL,OP025,LOW,YES,NORMAL,
OT-01566,2026-06-21T10:37:03Z,PLC08,HOIST_DOWN,NONE,RUNNING,OP021,LOW,YES,NORMAL,
OT-01567,2026-06-21T20:30:23Z,YARD-07,IDLE,NONE,NORMAL,OP038,LOW,YES,NORMAL,
OT-01568,2026-06-06T17:04:38Z,CRANE08,HOIST_UP,NONE,IDLE,OP017,LOW,YES,NORMAL,
OT-01569,2026-06-19T00:03:48Z,YARD-01,IDLE,NONE,NORMAL,OP003,LOW,YES,NORMAL,
OT-01570,2026-06-29T09:36:14Z,PLC07,MOVE_LEFT,NONE,IDLE,OP008,LOW,YES,NORMAL,
OT-01571,2026-06-10T09:55:29Z,PLC07,HOIST_UP,NONE,IDLE,OP024,LOW,YES,NORMAL,
OT-01572,2026-06-04T23:37:54Z,CRANE07,MOVE_RIGHT,NONE,RUNNING,OP012,LOW,YES,NORMAL,
OT-01573,2026-06-26T17:15:36Z,CRANE04,MOVE_LEFT,NONE,RUNNING,OP011,LOW,YES,NORMAL,
OT-01574,2026-06-24T00:55:20Z,PLC10,MOVE_LEFT,NONE,RUNNING,OP040,LOW,YES,NORMAL,
OT-01575,2026-06-02T19:02:04Z,PLC04,SPEED_SET,NONE,IDLE,OP025,LOW,YES,NORMAL,
OT-01576,2026-06-17T13:22:15Z,CRANE07,MOVE_RIGHT,NONE,IDLE,OP007,LOW,YES,NORMAL,
OT-01577,2026-06-10T18:03:25Z,YARD-04,STATUS_READ,ALM-101,IDLE,OP033,MEDIUM,YES,NORMAL,
OT-01578,2026-06-21T13:07:32Z,YARD-02,STOP,NONE,NORMAL,OP039,LOW,YES,NORMAL,
OT-01579,2026-06-29T10:00:11Z,YARD-01,HOIST_UP,NONE,NORMAL,OP021,LOW,YES,NORMAL,
OT-01580,2026-06-21T08:48:28Z,YARD-04,HOIST_UP,NONE,NORMAL,OP029,LOW,YES,NORMAL,
OT-01581,2026-06-30T05:18:51Z,PLC02,HOIST_DOWN,NONE,NORMAL,OP027,LOW,YES,NORMAL,
OT-01582,2026-06-03T21:35:59Z,CRANE02,STATUS_READ,ALM-101,IDLE,OP038,MEDIUM,YES,NORMAL,
OT-01583,2026-06-12T19:49:12Z,PLC03,SPEED_SET,NONE,NORMAL,OP029,LOW,YES,NORMAL,
OT-01584,2026-06-17T03:05:07Z,CRANE04,IDLE,NONE,NORMAL,OP033,LOW,YES,NORMAL,
OT-01585,2026-06-05T12:22:53Z,YARD-01,SPEED_SET,NONE,NORMAL,OP006,LOW,YES,NORMAL,
OT-01586,2026-06-14T19:18:55Z,YARD-05,HOIST_DOWN,NONE,IDLE,OP008,LOW,YES,NORMAL,
OT-01587,2026-06-28T22:52:51Z,YARD-05,MOVE_RIGHT,NONE,IDLE,OP013,LOW,YES,NORMAL,
OT-01588,2026-06-27T02:57:20Z,YARD-02,HOIST_UP,NONE,IDLE,OP037,LOW,YES,NORMAL,
OT-01589,2026-06-04T06:04:30Z,YARD-02,UNAUTHORIZED_COMMAND,ALM-418,DEGRADED,OP003,HIGH,NO,SUSPICIOUS,
OT-01590,2026-06-24T09:52:45Z,CRANE04,HOIST_DOWN,NONE,IDLE,OP033,LOW,YES,NORMAL,
OT-01591,2026-06-16T19:14:08Z,PLC02,MOVE_RIGHT,NONE,NORMAL,OP017,LOW,YES,NORMAL,
OT-01592,2026-06-07T20:37:40Z,PLC07,HOIST_UP,NONE,IDLE,OP012,LOW,YES,NORMAL,
OT-01593,2026-06-10T23:28:18Z,CRANE08,SPEED_SET,NONE,IDLE,OP023,LOW,YES,NORMAL,
OT-01594,2026-06-01T17:08:24Z,YARD-08,STOP,NONE,IDLE,OP037,LOW,YES,NORMAL,
OT-01595,2026-06-30T05:28:27Z,CRANE05,IDLE,NONE,RUNNING,OP032,LOW,YES,NORMAL,
OT-01596,2026-06-02T05:34:59Z,PLC11,MOVE_LEFT,NONE,IDLE,OP036,LOW,YES,NORMAL,
OT-01597,2026-06-10T19:49:27Z,PLC08,HOIST_UP,NONE,IDLE,OP003,LOW,YES,NORMAL,
OT-01598,2026-06-03T03:09:25Z,CRANE08,MOVE_RIGHT,NONE,RUNNING,OP012,LOW,YES,NORMAL,
OT-01599,2026-06-14T19:51:07Z,YARD-08,SPEED_SET,NONE,RUNNING,OP007,LOW,YES,NORMAL,
OT-01600,2026-06-17T03:25:58Z,CRANE06,HOIST_UP,NONE,IDLE,OP016,LOW,YES,NORMAL,
OT-01601,2026-06-25T21:45:45Z,YARD-01,STOP,NONE,NORMAL,OP004,LOW,YES,NORMAL,
OT-01602,2026-06-30T08:04:39Z,CRANE01,HOIST_UP,NONE,RUNNING,OP011,LOW,YES,NORMAL,
OT-01603,2026-06-08T05:18:18Z,PLC12,MOVE_LEFT,NONE,NORMAL,OP010,LOW,YES,NORMAL,
OT-01604,2026-06-20T13:46:20Z,PLC01,MOVE_RIGHT,ALM-101,NORMAL,OP027,MEDIUM,YES,NORMAL,
OT-01605,2026-06-28T15:43:25Z,CRANE04,HOIST_DOWN,NONE,IDLE,OP009,LOW,YES,NORMAL,
OT-01606,2026-06-01T21:42:51Z,YARD-02,IDLE,NONE,IDLE,OP025,LOW,YES,NORMAL,
OT-01607,2026-06-25T06:50:18Z,YARD-06,SPEED_SET,NONE,NORMAL,OP009,LOW,YES,NORMAL,
OT-01608,2026-06-25T03:32:28Z,PLC07,MOVE_RIGHT,NONE,RUNNING,OP036,LOW,YES,NORMAL,
OT-01609,2026-06-06T03:39:10Z,PLC05,HOIST_UP,NONE,RUNNING,OP013,LOW,YES,NORMAL,
OT-01610,2026-06-02T09:23:36Z,CRANE01,HOIST_UP,NONE,IDLE,OP027,LOW,YES,NORMAL,
OT-01611,2026-06-21T14:25:24Z,CRANE05,STOP,NONE,IDLE,OP039,LOW,YES,NORMAL,
OT-01612,2026-06-21T06:06:30Z,YARD-07,STOP,ALM-101,IDLE,OP019,MEDIUM,YES,NORMAL,
OT-01613,2026-06-30T18:40:28Z,YARD-05,HOIST_UP,NONE,IDLE,OP008,LOW,YES,NORMAL,
OT-01614,2026-06-19T19:56:26Z,YARD-05,IDLE,NONE,NORMAL,OP035,LOW,YES,NORMAL,
OT-01615,2026-06-22T01:17:42Z,PLC05,MOVE_RIGHT,NONE,IDLE,OP032,LOW,YES,NORMAL,
OT-01616,2026-06-12T16:01:04Z,YARD-02,IDLE,NONE,RUNNING,OP026,LOW,YES,NORMAL,
OT-01617,2026-06-05T22:57:34Z,CRANE03,PLC_MODE_CHANGE,ALM-509,DEGRADED,OP031,HIGH,NO,SUSPICIOUS,INC-T21-001
OT-01618,2026-06-25T18:49:37Z,CRANE04,STOP,NONE,RUNNING,OP029,LOW,YES,NORMAL,
OT-01619,2026-06-01T02:28:24Z,YARD-08,HOIST_UP,NONE,NORMAL,OP025,LOW,YES,NORMAL,
OT-01620,2026-06-10T19:01:34Z,PLC06,SPEED_SET,NONE,RUNNING,OP031,LOW,YES,NORMAL,
OT-01621,2026-06-14T04:09:30Z,YARD-03,MOVE_LEFT,NONE,IDLE,OP025,LOW,YES,NORMAL,
OT-01622,2026-06-02T12:57:27Z,CRANE02,MOVE_RIGHT,NONE,NORMAL,OP030,LOW,YES,NORMAL,
OT-01623,2026-06-19T18:33:05Z,YARD-06,STOP,NONE,RUNNING,OP003,LOW,YES,NORMAL,
OT-01624,2026-06-27T12:47:44Z,YARD-05,STATUS_READ,NONE,RUNNING,OP024,LOW,YES,NORMAL,
OT-01625,2026-06-09T03:49:10Z,CRANE08,HOIST_DOWN,NONE,RUNNING,OP004,LOW,YES,NORMAL,
OT-01626,2026-06-17T19:38:23Z,YARD-01,HOIST_UP,NONE,RUNNING,OP009,LOW,YES,NORMAL,
OT-01627,2026-06-01T12:11:02Z,CRANE06,STOP,ALM-101,RUNNING,OP032,MEDIUM,YES,NORMAL,
OT-01628,2026-06-05T12:30:07Z,CRANE03,HOIST_DOWN,NONE,NORMAL,OP005,LOW,YES,NORMAL,
OT-01629,2026-06-05T15:36:19Z,CRANE01,SPEED_SET,NONE,NORMAL,OP007,LOW,YES,NORMAL,
OT-01630,2026-06-28T19:09:52Z,YARD-04,SPEED_SET,NONE,NORMAL,OP029,LOW,YES,NORMAL,
OT-01631,2026-06-08T15:27:18Z,CRANE05,IDLE,NONE,NORMAL,OP005,LOW,YES,NORMAL,
OT-01632,2026-06-02T18:42:24Z,PLC07,HOIST_UP,NONE,IDLE,OP036,LOW,YES,NORMAL,
OT-01633,2026-06-21T02:56:15Z,YARD-08,IDLE,NONE,IDLE,OP031,LOW,YES,NORMAL,
OT-01634,2026-06-01T09:03:10Z,PLC12,MOVE_RIGHT,NONE,IDLE,OP031,LOW,YES,NORMAL,
OT-01635,2026-06-24T11:54:28Z,PLC01,STOP,NONE,IDLE,OP014,LOW,YES,NORMAL,
OT-01636,2026-06-01T16:58:49Z,YARD-03,HOIST_UP,NONE,RUNNING,OP039,LOW,YES,NORMAL,
OT-01637,2026-06-08T09:11:00Z,PLC02,STOP,NONE,NORMAL,OP031,LOW,YES,NORMAL,
OT-01638,2026-06-19T21:48:48Z,PLC06,MOVE_LEFT,NONE,IDLE,OP016,LOW,YES,NORMAL,
OT-01639,2026-06-25T18:43:05Z,YARD-01,MOVE_LEFT,NONE,RUNNING,OP006,LOW,YES,NORMAL,
OT-01640,2026-06-24T07:32:33Z,YARD-04,IDLE,NONE,IDLE,OP039,LOW,YES,NORMAL,
OT-01641,2026-06-02T16:01:38Z,CRANE06,OUT_OF_SEQUENCE,ALM-311,DEGRADED,OP003,HIGH,NO,SUSPICIOUS,
OT-01642,2026-06-15T23:54:25Z,PLC01,HOIST_UP,NONE,IDLE,OP032,LOW,YES,NORMAL,
OT-01643,2026-06-11T10:53:21Z,YARD-05,STATUS_READ,NONE,RUNNING,OP014,LOW,YES,NORMAL,
OT-01644,2026-06-19T10:28:33Z,PLC07,HOIST_UP,NONE,NORMAL,OP008,LOW,YES,NORMAL,
OT-01645,2026-06-23T07:53:26Z,YARD-05,PLC_MODE_CHANGE,ALM-509,ABNORMAL,OP002,HIGH,NO,SUSPICIOUS,
OT-01646,2026-06-17T23:49:03Z,CRANE02,UNAUTHORIZED_COMMAND,ALM-204,SAFE_STOP,OP011,HIGH,NO,SUSPICIOUS,
OT-01647,2026-06-13T06:44:12Z,PLC04,HOIST_DOWN,NONE,IDLE,OP012,LOW,YES,NORMAL,
OT-01648,2026-06-26T11:06:27Z,YARD-07,HOIST_DOWN,NONE,NORMAL,OP015,LOW,YES,NORMAL,
OT-01649,2026-06-05T23:19:01Z,PLC01,SPEED_SET,NONE,IDLE,OP019,LOW,YES,NORMAL,
OT-01650,2026-06-25T13:13:56Z,PLC05,STATUS_READ,NONE,NORMAL,OP009,LOW,YES,NORMAL,
OT-01651,2026-06-28T14:36:51Z,CRANE08,STOP,NONE,NORMAL,OP040,LOW,YES,NORMAL,
OT-01652,2026-06-21T13:52:12Z,CRANE03,STOP,NONE,IDLE,OP023,LOW,YES,NORMAL,
OT-01653,2026-06-12T15:38:23Z,YARD-08,STOP,NONE,NORMAL,OP010,LOW,YES,NORMAL,
OT-01654,2026-06-19T05:08:37Z,CRANE05,HOIST_UP,NONE,NORMAL,OP006,LOW,YES,NORMAL,
OT-01655,2026-06-26T02:51:07Z,CRANE05,IDLE,NONE,NORMAL,OP015,LOW,YES,NORMAL,
OT-01656,2026-06-18T18:42:32Z,YARD-04,MOVE_RIGHT,NONE,NORMAL,OP004,LOW,YES,NORMAL,
OT-01657,2026-06-11T14:26:49Z,CRANE04,STOP,NONE,IDLE,OP006,LOW,YES,NORMAL,
OT-01658,2026-06-14T00:39:53Z,PLC05,MOVE_LEFT,NONE,RUNNING,OP008,LOW,YES,NORMAL,
OT-01659,2026-06-27T12:23:36Z,CRANE03,HOIST_DOWN,NONE,NORMAL,OP021,LOW,YES,NORMAL,
OT-01660,2026-06-14T14:34:18Z,YARD-06,HOIST_UP,NONE,IDLE,OP012,LOW,YES,NORMAL,
OT-01661,2026-06-13T01:19:30Z,YARD-05,HOIST_DOWN,NONE,NORMAL,OP031,LOW,YES,NORMAL,
OT-01662,2026-06-24T13:40:59Z,CRANE03,MOVE_LEFT,NONE,IDLE,OP018,LOW,YES,NORMAL,
OT-01663,2026-06-21T20:43:56Z,PLC02,HOIST_DOWN,NONE,IDLE,OP013,LOW,YES,NORMAL,
OT-01664,2026-06-20T17:11:30Z,PLC12,SPEED_OVERRIDE,ALM-204,SAFE_STOP,OP028,CRITICAL,NO,SUSPICIOUS,
OT-01665,2026-06-29T21:28:54Z,PLC08,HOIST_UP,NONE,IDLE,OP018,LOW,YES,NORMAL,
OT-01666,2026-06-19T08:27:20Z,CRANE05,STATUS_READ,ALM-107,RUNNING,OP021,MEDIUM,YES,NORMAL,
OT-01667,2026-06-22T02:01:50Z,CRANE08,MOVE_RIGHT,NONE,IDLE,OP012,LOW,YES,NORMAL,
OT-01668,2026-06-07T15:57:29Z,YARD-07,MOVE_RIGHT,NONE,RUNNING,OP004,LOW,YES,NORMAL,
OT-01669,2026-06-19T09:52:30Z,PLC09,STOP,NONE,NORMAL,OP004,LOW,YES,NORMAL,
OT-01670,2026-06-11T20:02:59Z,YARD-04,MOVE_LEFT,NONE,RUNNING,OP031,LOW,YES,NORMAL,
OT-01671,2026-06-29T06:29:19Z,CRANE07,STOP,ALM-107,NORMAL,OP029,MEDIUM,YES,NORMAL,
OT-01672,2026-06-24T15:44:41Z,YARD-05,HOIST_DOWN,NONE,IDLE,OP035,LOW,YES,NORMAL,
OT-01673,2026-06-17T14:22:23Z,YARD-02,STATUS_READ,NONE,RUNNING,OP013,LOW,YES,NORMAL,
OT-01674,2026-06-01T17:19:50Z,PLC06,SPEED_SET,NONE,NORMAL,OP036,LOW,YES,NORMAL,
OT-01675,2026-06-06T19:54:53Z,YARD-07,HOIST_UP,NONE,IDLE,OP003,LOW,YES,NORMAL,
OT-01676,2026-06-22T23:57:25Z,CRANE06,MOVE_LEFT,NONE,IDLE,OP001,LOW,YES,NORMAL,
OT-01677,2026-06-15T00:43:43Z,PLC04,STOP,NONE,IDLE,OP026,LOW,YES,NORMAL,
OT-01678,2026-06-17T10:50:14Z,CRANE06,IDLE,NONE,IDLE,OP032,LOW,YES,NORMAL,
OT-01679,2026-06-27T03:53:38Z,PLC10,STATUS_READ,NONE,IDLE,OP031,LOW,YES,NORMAL,
OT-01680,2026-06-15T00:51:13Z,PLC11,STOP,ALM-101,RUNNING,OP006,MEDIUM,YES,NORMAL,
OT-01681,2026-06-23T16:29:40Z,CRANE07,STATUS_READ,NONE,NORMAL,OP015,LOW,YES,NORMAL,
OT-01682,2026-06-04T20:21:53Z,YARD-01,MOVE_LEFT,NONE,IDLE,OP004,LOW,YES,NORMAL,
OT-01683,2026-06-09T21:52:06Z,PLC11,MOVE_LEFT,NONE,RUNNING,OP003,LOW,YES,NORMAL,
OT-01684,2026-06-20T03:09:17Z,CRANE06,IDLE,NONE,RUNNING,OP003,LOW,YES,NORMAL,
OT-01685,2026-06-07T05:58:54Z,PLC10,HOIST_DOWN,NONE,IDLE,OP040,LOW,YES,NORMAL,
OT-01686,2026-06-22T05:27:12Z,YARD-08,IDLE,NONE,RUNNING,OP035,LOW,YES,NORMAL,
OT-01687,2026-06-16T00:32:51Z,YARD-04,STATUS_READ,ALM-107,IDLE,OP015,MEDIUM,YES,NORMAL,
OT-01688,2026-06-23T20:45:38Z,CRANE05,HOIST_DOWN,NONE,IDLE,OP030,LOW,YES,NORMAL,
OT-01689,2026-06-17T06:35:40Z,YARD-08,MOVE_LEFT,NONE,RUNNING,OP015,LOW,YES,NORMAL,
OT-01690,2026-06-14T18:14:43Z,PLC03,IDLE,NONE,NORMAL,OP006,LOW,YES,NORMAL,
OT-01691,2026-06-01T02:36:20Z,PLC01,SPEED_SET,NONE,NORMAL,OP028,LOW,YES,NORMAL,
OT-01692,2026-06-05T00:45:02Z,CRANE02,MOVE_LEFT,NONE,NORMAL,OP026,LOW,YES,NORMAL,
OT-01693,2026-06-07T23:35:11Z,PLC12,HOIST_DOWN,NONE,NORMAL,OP037,LOW,YES,NORMAL,
OT-01694,2026-06-07T20:00:07Z,PLC09,MOVE_RIGHT,NONE,IDLE,OP028,LOW,YES,NORMAL,
OT-01695,2026-06-07T07:49:34Z,PLC01,IDLE,NONE,RUNNING,OP039,LOW,YES,NORMAL,
OT-01696,2026-06-28T13:07:44Z,PLC12,HOIST_DOWN,NONE,RUNNING,OP016,LOW,YES,NORMAL,
OT-01697,2026-06-07T18:01:40Z,YARD-07,MOVE_LEFT,ALM-107,IDLE,OP040,MEDIUM,YES,NORMAL,
OT-01698,2026-06-18T20:02:19Z,PLC09,PLC_MODE_CHANGE,ALM-204,SAFE_STOP,OP026,HIGH,NO,SUSPICIOUS,
OT-01699,2026-06-04T19:09:25Z,PLC11,MOVE_LEFT,NONE,NORMAL,OP007,LOW,YES,NORMAL,
OT-01700,2026-06-11T02:36:43Z,YARD-04,HOIST_DOWN,NONE,NORMAL,OP008,LOW,YES,NORMAL,
OT-01701,2026-06-16T20:43:52Z,PLC03,HOIST_DOWN,NONE,NORMAL,OP014,LOW,YES,NORMAL,
OT-01702,2026-06-28T04:28:56Z,CRANE04,HOIST_DOWN,NONE,RUNNING,OP030,LOW,YES,NORMAL,
OT-01703,2026-06-17T13:17:32Z,YARD-06,HOIST_UP,ALM-107,RUNNING,OP020,MEDIUM,YES,NORMAL,
OT-01704,2026-06-26T17:36:09Z,CRANE08,MOVE_RIGHT,ALM-101,IDLE,OP011,MEDIUM,YES,NORMAL,
OT-01705,2026-06-01T14:11:26Z,PLC01,MOVE_LEFT,NONE,RUNNING,OP001,LOW,YES,NORMAL,
OT-01706,2026-06-25T15:10:39Z,CRANE04,MOVE_RIGHT,NONE,IDLE,OP016,LOW,YES,NORMAL,
OT-01707,2026-06-03T16:59:24Z,PLC07,HOIST_DOWN,NONE,NORMAL,OP012,LOW,YES,NORMAL,
OT-01708,2026-06-28T19:01:37Z,CRANE06,HOIST_UP,NONE,NORMAL,OP008,LOW,YES,NORMAL,
OT-01709,2026-06-20T16:19:35Z,PLC07,SPEED_SET,NONE,RUNNING,OP013,LOW,YES,NORMAL,
OT-01710,2026-06-05T17:09:48Z,YARD-08,SPEED_SET,NONE,NORMAL,OP016,LOW,YES,NORMAL,
OT-01711,2026-06-08T17:04:00Z,CRANE06,MOVE_LEFT,NONE,NORMAL,OP006,LOW,YES,NORMAL,
OT-01712,2026-06-01T22:02:39Z,PLC10,STOP,ALM-101,IDLE,OP027,MEDIUM,YES,NORMAL,
OT-01713,2026-06-20T05:28:12Z,YARD-01,SPEED_SET,ALM-107,RUNNING,OP003,MEDIUM,YES,NORMAL,
OT-01714,2026-06-25T14:49:27Z,CRANE01,STATUS_READ,NONE,RUNNING,OP004,LOW,YES,NORMAL,
OT-01715,2026-06-27T04:57:27Z,PLC03,SPEED_SET,NONE,IDLE,OP002,LOW,YES,NORMAL,
OT-01716,2026-06-04T16:38:23Z,PLC05,SPEED_SET,NONE,RUNNING,OP035,LOW,YES,NORMAL,
OT-01717,2026-06-18T14:50:24Z,PLC05,MOVE_RIGHT,NONE,NORMAL,OP009,LOW,YES,NORMAL,
OT-01718,2026-06-29T23:21:39Z,PLC02,MOVE_RIGHT,NONE,NORMAL,OP040,LOW,YES,NORMAL,
OT-01719,2026-06-10T22:40:33Z,PLC02,HOIST_DOWN,NONE,NORMAL,OP038,LOW,YES,NORMAL,
OT-01720,2026-06-13T20:18:54Z,YARD-06,MOVE_LEFT,NONE,NORMAL,OP020,LOW,YES,NORMAL,
OT-01721,2026-06-19T14:45:03Z,PLC08,STOP,NONE,IDLE,OP005,LOW,YES,NORMAL,
OT-01722,2026-06-03T09:10:20Z,PLC12,STATUS_READ,NONE,RUNNING,OP039,LOW,YES,NORMAL,
OT-01723,2026-06-12T08:33:57Z,CRANE08,STOP,NONE,IDLE,OP020,LOW,YES,NORMAL,
OT-01724,2026-06-04T21:43:43Z,PLC04,SPEED_SET,NONE,NORMAL,OP010,LOW,YES,NORMAL,
OT-01725,2026-06-02T00:17:12Z,YARD-08,STATUS_READ,NONE,RUNNING,OP036,LOW,YES,NORMAL,
OT-01726,2026-06-17T16:33:01Z,YARD-07,STOP,NONE,RUNNING,OP007,LOW,YES,NORMAL,
OT-01727,2026-06-06T10:36:58Z,YARD-04,STOP,NONE,RUNNING,OP031,LOW,YES,NORMAL,
OT-01728,2026-06-15T18:46:34Z,PLC10,MOVE_LEFT,NONE,RUNNING,OP008,LOW,YES,NORMAL,
OT-01729,2026-06-13T19:00:47Z,CRANE05,HOIST_UP,NONE,IDLE,OP005,LOW,YES,NORMAL,
OT-01730,2026-06-09T14:34:13Z,PLC11,SPEED_SET,NONE,RUNNING,OP024,LOW,YES,NORMAL,
OT-01731,2026-06-14T11:31:37Z,YARD-07,STOP,NONE,NORMAL,OP007,LOW,YES,NORMAL,
OT-01732,2026-06-21T19:48:54Z,CRANE01,STATUS_READ,NONE,RUNNING,OP022,LOW,YES,NORMAL,
OT-01733,2026-06-03T22:20:19Z,PLC07,MOVE_RIGHT,NONE,NORMAL,OP005,LOW,YES,NORMAL,
OT-01734,2026-06-19T18:51:18Z,PLC06,MOVE_RIGHT,NONE,RUNNING,OP016,LOW,YES,NORMAL,
OT-01735,2026-06-07T10:57:29Z,CRANE07,SPEED_SET,NONE,NORMAL,OP032,LOW,YES,NORMAL,
OT-01736,2026-06-10T01:36:08Z,YARD-07,SPEED_SET,NONE,IDLE,OP036,LOW,YES,NORMAL,
OT-01737,2026-06-19T15:48:36Z,PLC07,HOIST_UP,NONE,NORMAL,OP001,LOW,YES,NORMAL,
OT-01738,2026-06-29T10:03:45Z,PLC07,MOVE_LEFT,NONE,IDLE,OP020,LOW,YES,NORMAL,
OT-01739,2026-06-19T10:11:45Z,PLC10,HOIST_DOWN,NONE,RUNNING,OP028,LOW,YES,NORMAL,
OT-01740,2026-06-05T12:56:02Z,CRANE04,MOVE_LEFT,NONE,RUNNING,OP025,LOW,YES,NORMAL,
OT-01741,2026-06-18T01:20:56Z,PLC06,MOVE_LEFT,NONE,IDLE,OP037,LOW,YES,NORMAL,
OT-01742,2026-06-17T11:03:21Z,YARD-01,HOIST_DOWN,NONE,IDLE,OP017,LOW,YES,NORMAL,
OT-01743,2026-06-14T12:22:39Z,PLC02,MOVE_LEFT,ALM-107,NORMAL,OP028,MEDIUM,YES,NORMAL,
OT-01744,2026-06-15T06:06:29Z,CRANE02,MOVE_LEFT,NONE,RUNNING,OP005,LOW,YES,NORMAL,
OT-01745,2026-06-22T14:10:47Z,YARD-03,STOP,NONE,RUNNING,OP014,LOW,YES,NORMAL,
OT-01746,2026-06-24T19:36:18Z,YARD-05,REPEATED_COMMAND,ALM-204,DEGRADED,OP017,CRITICAL,NO,SUSPICIOUS,INC-T21-004
OT-01747,2026-06-21T02:22:24Z,CRANE05,HOIST_DOWN,NONE,NORMAL,OP026,LOW,YES,NORMAL,
OT-01748,2026-06-04T00:44:21Z,CRANE07,MOVE_RIGHT,NONE,NORMAL,OP009,LOW,YES,NORMAL,
OT-01749,2026-06-11T23:11:41Z,PLC03,SPEED_SET,NONE,RUNNING,OP001,LOW,YES,NORMAL,
OT-01750,2026-06-10T11:34:45Z,CRANE03,STATUS_READ,NONE,IDLE,OP026,LOW,YES,NORMAL,
OT-01751,2026-06-03T21:50:22Z,PLC10,STOP,ALM-107,NORMAL,OP004,MEDIUM,YES,NORMAL,
OT-01752,2026-06-11T15:16:09Z,CRANE04,SPEED_SET,NONE,NORMAL,OP038,LOW,YES,NORMAL,
OT-01753,2026-06-08T11:15:21Z,PLC07,REPEATED_COMMAND,ALM-418,SAFE_STOP,OP030,CRITICAL,NO,SUSPICIOUS,
OT-01754,2026-06-24T01:28:17Z,PLC10,MOVE_LEFT,NONE,IDLE,OP014,LOW,YES,NORMAL,
OT-01755,2026-06-17T07:53:40Z,YARD-02,MOVE_RIGHT,NONE,IDLE,OP031,LOW,YES,NORMAL,
OT-01756,2026-06-30T21:23:16Z,CRANE08,MOVE_LEFT,NONE,NORMAL,OP009,LOW,YES,NORMAL,
OT-01757,2026-06-05T08:27:42Z,YARD-03,SPEED_SET,NONE,RUNNING,OP023,LOW,YES,NORMAL,
OT-01758,2026-06-04T06:25:50Z,YARD-03,STOP,NONE,IDLE,OP024,LOW,YES,NORMAL,
OT-01759,2026-06-01T01:40:53Z,YARD-02,IDLE,ALM-101,NORMAL,OP001,MEDIUM,YES,NORMAL,
OT-01760,2026-06-18T12:43:21Z,PLC01,MOVE_RIGHT,NONE,RUNNING,OP014,LOW,YES,NORMAL,
OT-01761,2026-06-04T14:27:13Z,PLC05,MOVE_RIGHT,ALM-107,IDLE,OP019,MEDIUM,YES,NORMAL,
OT-01762,2026-06-28T12:47:21Z,CRANE03,HOIST_DOWN,ALM-107,RUNNING,OP002,MEDIUM,YES,NORMAL,
OT-01763,2026-06-11T21:13:41Z,CRANE08,IDLE,NONE,RUNNING,OP003,LOW,YES,NORMAL,
OT-01764,2026-06-06T16:47:26Z,PLC09,STATUS_READ,NONE,RUNNING,OP017,LOW,YES,NORMAL,
OT-01765,2026-06-23T08:04:35Z,PLC03,IDLE,NONE,NORMAL,OP014,LOW,YES,NORMAL,
OT-01766,2026-06-17T05:49:29Z,YARD-04,HOIST_UP,NONE,RUNNING,OP016,LOW,YES,NORMAL,
OT-01767,2026-06-04T09:48:45Z,CRANE07,MOVE_RIGHT,NONE,NORMAL,OP014,LOW,YES,NORMAL,
OT-01768,2026-06-20T02:19:04Z,YARD-05,STATUS_READ,NONE,RUNNING,OP019,LOW,YES,NORMAL,
OT-01769,2026-06-08T17:15:19Z,YARD-04,IDLE,ALM-101,RUNNING,OP039,MEDIUM,YES,NORMAL,
OT-01770,2026-06-29T23:30:00Z,CRANE02,SPEED_SET,NONE,NORMAL,OP040,LOW,YES,NORMAL,
OT-01771,2026-06-14T04:12:21Z,PLC04,STOP,NONE,IDLE,OP007,LOW,YES,NORMAL,
OT-01772,2026-06-22T00:26:14Z,PLC02,SPEED_SET,NONE,RUNNING,OP010,LOW,YES,NORMAL,
OT-01773,2026-06-07T01:38:43Z,CRANE08,STOP,NONE,NORMAL,OP011,LOW,YES,NORMAL,
OT-01774,2026-06-13T01:15:16Z,PLC05,SPEED_SET,NONE,IDLE,OP035,LOW,YES,NORMAL,
OT-01775,2026-06-25T22:26:56Z,CRANE06,STOP,NONE,RUNNING,OP003,LOW,YES,NORMAL,
OT-01776,2026-06-09T08:18:44Z,CRANE03,IDLE,NONE,IDLE,OP034,LOW,YES,NORMAL,
OT-01777,2026-06-08T18:29:52Z,YARD-08,MOVE_RIGHT,NONE,NORMAL,OP008,LOW,YES,NORMAL,
OT-01778,2026-06-15T00:18:59Z,PLC05,MOVE_RIGHT,NONE,NORMAL,OP007,LOW,YES,NORMAL,
OT-01779,2026-06-08T01:19:29Z,YARD-08,STOP,NONE,IDLE,OP016,LOW,YES,NORMAL,
OT-01780,2026-06-28T02:16:11Z,PLC05,MOVE_LEFT,NONE,RUNNING,OP012,LOW,YES,NORMAL,
OT-01781,2026-06-25T00:49:48Z,PLC05,HOIST_UP,NONE,RUNNING,OP035,LOW,YES,NORMAL,
OT-01782,2026-06-28T04:19:45Z,YARD-07,SPEED_SET,NONE,NORMAL,OP036,LOW,YES,NORMAL,
OT-01783,2026-06-09T06:11:10Z,PLC10,HOIST_UP,NONE,RUNNING,OP034,LOW,YES,NORMAL,
OT-01784,2026-06-05T04:09:27Z,CRANE01,STATUS_READ,NONE,RUNNING,OP008,LOW,YES,NORMAL,
OT-01785,2026-06-20T08:26:21Z,PLC01,HOIST_DOWN,NONE,IDLE,OP024,LOW,YES,NORMAL,
OT-01786,2026-06-08T21:47:53Z,YARD-06,MOVE_LEFT,ALM-101,RUNNING,OP031,MEDIUM,YES,NORMAL,
OT-01787,2026-06-21T14:18:33Z,YARD-06,IDLE,NONE,NORMAL,OP035,LOW,YES,NORMAL,
OT-01788,2026-06-16T15:43:53Z,CRANE03,STATUS_READ,NONE,IDLE,OP037,LOW,YES,NORMAL,
OT-01789,2026-06-22T22:48:21Z,PLC11,SPEED_SET,ALM-107,RUNNING,OP015,MEDIUM,YES,NORMAL,
OT-01790,2026-06-11T03:35:17Z,PLC10,STOP,NONE,RUNNING,OP008,LOW,YES,NORMAL,
OT-01791,2026-06-21T16:05:14Z,PLC03,SPEED_OVERRIDE,ALM-509,DEGRADED,OP018,HIGH,NO,SUSPICIOUS,
OT-01792,2026-06-15T09:13:41Z,YARD-02,STOP,NONE,NORMAL,OP026,LOW,YES,NORMAL,
OT-01793,2026-06-23T03:29:39Z,PLC10,STOP,NONE,RUNNING,OP008,LOW,YES,NORMAL,
OT-01794,2026-06-27T04:29:09Z,PLC10,IDLE,NONE,RUNNING,OP034,LOW,YES,NORMAL,
OT-01795,2026-06-09T10:42:03Z,YARD-05,IDLE,NONE,RUNNING,OP003,LOW,YES,NORMAL,
OT-01796,2026-06-06T07:01:12Z,PLC01,STOP,ALM-101,IDLE,OP009,MEDIUM,YES,NORMAL,
OT-01797,2026-06-23T19:11:40Z,CRANE08,STATUS_READ,NONE,NORMAL,OP032,LOW,YES,NORMAL,
OT-01798,2026-06-15T00:46:35Z,PLC03,MOVE_LEFT,NONE,NORMAL,OP040,LOW,YES,NORMAL,
OT-01799,2026-06-09T23:18:24Z,PLC10,SPEED_SET,NONE,IDLE,OP008,LOW,YES,NORMAL,
OT-01800,2026-06-17T14:26:46Z,CRANE06,SPEED_SET,NONE,RUNNING,OP013,LOW,YES,NORMAL,
OT-01801,2026-06-12T22:57:33Z,CRANE06,HOIST_DOWN,NONE,NORMAL,OP007,LOW,YES,NORMAL,
OT-01802,2026-06-15T19:01:12Z,PLC05,HOIST_DOWN,NONE,NORMAL,OP005,LOW,YES,NORMAL,
OT-01803,2026-06-22T18:33:23Z,CRANE05,STATUS_READ,ALM-101,NORMAL,OP027,MEDIUM,YES,NORMAL,
OT-01804,2026-06-23T09:16:22Z,CRANE06,STATUS_READ,NONE,NORMAL,OP013,LOW,YES,NORMAL,
OT-01805,2026-06-30T01:51:19Z,YARD-04,STOP,NONE,RUNNING,OP036,LOW,YES,NORMAL,
OT-01806,2026-06-30T03:02:39Z,YARD-05,HOIST_UP,NONE,IDLE,OP023,LOW,YES,NORMAL,
OT-01807,2026-06-05T10:57:27Z,YARD-03,IDLE,NONE,IDLE,OP011,LOW,YES,NORMAL,
OT-01808,2026-06-08T05:39:08Z,PLC04,IDLE,NONE,NORMAL,OP002,LOW,YES,NORMAL,
OT-01809,2026-06-06T13:41:19Z,PLC12,STOP,NONE,IDLE,OP036,LOW,YES,NORMAL,
OT-01810,2026-06-22T13:54:21Z,YARD-07,STATUS_READ,NONE,NORMAL,OP019,LOW,YES,NORMAL,
OT-01811,2026-06-04T15:10:59Z,CRANE05,MOVE_LEFT,NONE,RUNNING,OP015,LOW,YES,NORMAL,
OT-01812,2026-06-16T03:08:46Z,YARD-05,HOIST_UP,NONE,NORMAL,OP036,LOW,YES,NORMAL,
OT-01813,2026-06-17T01:32:49Z,PLC06,MOVE_LEFT,NONE,NORMAL,OP028,LOW,YES,NORMAL,
OT-01814,2026-06-03T12:41:41Z,CRANE01,SPEED_SET,NONE,IDLE,OP013,LOW,YES,NORMAL,
OT-01815,2026-06-15T11:08:34Z,PLC09,MOVE_LEFT,NONE,NORMAL,OP033,LOW,YES,NORMAL,
OT-01816,2026-06-19T02:36:32Z,YARD-06,MOVE_RIGHT,NONE,NORMAL,OP004,LOW,YES,NORMAL,
OT-01817,2026-06-20T10:38:16Z,YARD-04,STOP,NONE,RUNNING,OP035,LOW,YES,NORMAL,
OT-01818,2026-06-13T01:51:20Z,YARD-05,HOIST_DOWN,NONE,IDLE,OP026,LOW,YES,NORMAL,
OT-01819,2026-06-25T00:04:46Z,YARD-08,IDLE,NONE,NORMAL,OP028,LOW,YES,NORMAL,
OT-01820,2026-06-04T07:03:05Z,YARD-08,STATUS_READ,NONE,NORMAL,OP006,LOW,YES,NORMAL,
OT-01821,2026-06-20T16:58:32Z,PLC01,IDLE,NONE,NORMAL,OP010,LOW,YES,NORMAL,
OT-01822,2026-06-25T05:27:51Z,CRANE02,HOIST_UP,NONE,RUNNING,OP037,LOW,YES,NORMAL,
OT-01823,2026-06-15T22:11:02Z,CRANE04,STATUS_READ,NONE,NORMAL,OP015,LOW,YES,NORMAL,
OT-01824,2026-06-01T08:32:23Z,YARD-02,HOIST_UP,NONE,IDLE,OP033,LOW,YES,NORMAL,
OT-01825,2026-06-25T13:21:56Z,PLC07,MOVE_LEFT,NONE,NORMAL,OP015,LOW,YES,NORMAL,
OT-01826,2026-06-16T18:18:44Z,YARD-03,STOP,NONE,RUNNING,OP011,LOW,YES,NORMAL,
OT-01827,2026-06-14T02:25:06Z,PLC08,IDLE,NONE,IDLE,OP029,LOW,YES,NORMAL,
OT-01828,2026-06-27T21:53:22Z,YARD-05,MOVE_LEFT,NONE,RUNNING,OP010,LOW,YES,NORMAL,
OT-01829,2026-06-18T20:27:48Z,PLC07,MOVE_LEFT,NONE,IDLE,OP025,LOW,YES,NORMAL,
OT-01830,2026-06-23T04:55:46Z,CRANE04,HOIST_UP,NONE,RUNNING,OP024,LOW,YES,NORMAL,
OT-01831,2026-06-05T08:02:50Z,YARD-06,HOIST_UP,NONE,RUNNING,OP008,LOW,YES,NORMAL,
OT-01832,2026-06-15T07:42:20Z,PLC08,STATUS_READ,NONE,RUNNING,OP012,LOW,YES,NORMAL,
OT-01833,2026-06-13T12:04:40Z,PLC08,IDLE,NONE,NORMAL,OP029,LOW,YES,NORMAL,
OT-01834,2026-06-12T02:50:50Z,CRANE07,STOP,NONE,NORMAL,OP039,LOW,YES,NORMAL,
OT-01835,2026-06-19T03:23:14Z,YARD-04,MOVE_RIGHT,NONE,RUNNING,OP040,LOW,YES,NORMAL,
OT-01836,2026-06-26T04:03:57Z,PLC04,STATUS_READ,NONE,NORMAL,OP019,LOW,YES,NORMAL,
OT-01837,2026-06-29T19:27:50Z,PLC01,SPEED_SET,NONE,IDLE,OP037,LOW,YES,NORMAL,
OT-01838,2026-06-17T16:19:01Z,YARD-07,SPEED_SET,NONE,IDLE,OP024,LOW,YES,NORMAL,
OT-01839,2026-06-19T18:22:31Z,YARD-05,HOIST_DOWN,NONE,RUNNING,OP010,LOW,YES,NORMAL,
OT-01840,2026-06-16T02:11:26Z,CRANE01,IDLE,NONE,RUNNING,OP029,LOW,YES,NORMAL,
OT-01841,2026-06-12T06:07:14Z,CRANE03,SPEED_OVERRIDE,ALM-509,SAFE_STOP,OP001,HIGH,NO,SUSPICIOUS,
OT-01842,2026-06-12T12:07:56Z,CRANE03,IDLE,NONE,IDLE,OP027,LOW,YES,NORMAL,
OT-01843,2026-06-23T06:06:11Z,PLC04,HOIST_UP,NONE,RUNNING,OP033,LOW,YES,NORMAL,
OT-01844,2026-06-23T10:55:43Z,CRANE08,IDLE,NONE,NORMAL,OP022,LOW,YES,NORMAL,
OT-01845,2026-06-04T16:26:08Z,PLC10,MOVE_RIGHT,NONE,IDLE,OP004,LOW,YES,NORMAL,
OT-01846,2026-06-28T12:58:52Z,PLC08,SPEED_SET,NONE,NORMAL,OP025,LOW,YES,NORMAL,
OT-01847,2026-06-27T09:25:45Z,YARD-04,STATUS_READ,NONE,IDLE,OP009,LOW,YES,NORMAL,
OT-01848,2026-06-22T10:53:57Z,PLC10,IDLE,NONE,IDLE,OP007,LOW,YES,NORMAL,
OT-01849,2026-06-03T01:53:58Z,CRANE04,STOP,NONE,IDLE,OP019,LOW,YES,NORMAL,
OT-01850,2026-06-11T22:02:09Z,CRANE07,STOP,NONE,RUNNING,OP002,LOW,YES,NORMAL,
OT-01851,2026-06-16T03:11:41Z,YARD-02,MOVE_RIGHT,NONE,NORMAL,OP033,LOW,YES,NORMAL,
OT-01852,2026-06-11T07:11:49Z,PLC01,MOVE_RIGHT,NONE,NORMAL,OP001,LOW,YES,NORMAL,
OT-01853,2026-06-10T02:40:38Z,PLC06,IDLE,NONE,IDLE,OP038,LOW,YES,NORMAL,
OT-01854,2026-06-02T18:18:21Z,PLC11,MOVE_LEFT,NONE,IDLE,OP005,LOW,YES,NORMAL,
OT-01855,2026-06-02T10:31:33Z,PLC11,STOP,NONE,IDLE,OP002,LOW,YES,NORMAL,
OT-01856,2026-06-13T09:03:22Z,CRANE01,IDLE,NONE,IDLE,OP021,LOW,YES,NORMAL,
OT-01857,2026-06-20T11:25:40Z,PLC04,IDLE,NONE,RUNNING,OP027,LOW,YES,NORMAL,
OT-01858,2026-06-05T21:24:30Z,PLC01,SPEED_SET,NONE,RUNNING,OP035,LOW,YES,NORMAL,
OT-01859,2026-06-13T13:48:49Z,YARD-07,IDLE,NONE,IDLE,OP004,LOW,YES,NORMAL,
OT-01860,2026-06-22T18:17:09Z,CRANE07,MOVE_LEFT,NONE,RUNNING,OP008,LOW,YES,NORMAL,
OT-01861,2026-06-29T09:32:25Z,YARD-05,MOVE_RIGHT,NONE,RUNNING,OP023,LOW,YES,NORMAL,
OT-01862,2026-06-07T19:07:59Z,CRANE06,MOVE_RIGHT,NONE,IDLE,OP006,LOW,YES,NORMAL,
OT-01863,2026-06-17T17:09:34Z,CRANE04,HOIST_UP,ALM-101,NORMAL,OP023,MEDIUM,YES,NORMAL,
OT-01864,2026-06-05T07:46:21Z,YARD-08,IDLE,NONE,IDLE,OP004,LOW,YES,NORMAL,
OT-01865,2026-06-10T10:28:11Z,YARD-05,IDLE,NONE,RUNNING,OP011,LOW,YES,NORMAL,
OT-01866,2026-06-25T17:04:24Z,CRANE02,SPEED_SET,NONE,IDLE,OP037,LOW,YES,NORMAL,
OT-01867,2026-06-28T17:45:34Z,PLC06,HOIST_UP,NONE,NORMAL,OP036,LOW,YES,NORMAL,
OT-01868,2026-06-16T08:18:02Z,YARD-04,STOP,NONE,RUNNING,OP028,LOW,YES,NORMAL,
OT-01869,2026-06-29T18:34:16Z,PLC06,SPEED_SET,NONE,RUNNING,OP019,LOW,YES,NORMAL,
OT-01870,2026-06-22T06:06:22Z,CRANE04,IDLE,NONE,IDLE,OP013,LOW,YES,NORMAL,
OT-01871,2026-06-24T03:20:10Z,YARD-07,IDLE,NONE,IDLE,OP040,LOW,YES,NORMAL,
OT-01872,2026-06-19T23:33:13Z,YARD-02,HOIST_DOWN,NONE,RUNNING,OP010,LOW,YES,NORMAL,
OT-01873,2026-06-22T08:22:45Z,CRANE08,MOVE_LEFT,ALM-107,IDLE,OP003,MEDIUM,YES,NORMAL,
OT-01874,2026-06-26T20:39:51Z,PLC06,SPEED_SET,NONE,RUNNING,OP024,LOW,YES,NORMAL,
OT-01875,2026-06-19T03:10:00Z,PLC11,STATUS_READ,NONE,IDLE,OP021,LOW,YES,NORMAL,
OT-01876,2026-06-09T15:40:39Z,PLC01,MOVE_LEFT,NONE,RUNNING,OP019,LOW,YES,NORMAL,
OT-01877,2026-06-09T22:07:02Z,YARD-03,HOIST_UP,NONE,NORMAL,OP013,LOW,YES,NORMAL,
OT-01878,2026-06-18T23:36:19Z,PLC09,STATUS_READ,NONE,IDLE,OP024,LOW,YES,NORMAL,
OT-01879,2026-06-04T04:57:28Z,YARD-03,HOIST_UP,NONE,IDLE,OP027,LOW,YES,NORMAL,
OT-01880,2026-06-12T05:50:16Z,PLC06,MOVE_RIGHT,NONE,NORMAL,OP030,LOW,YES,NORMAL,
OT-01881,2026-06-18T03:19:50Z,PLC02,MOVE_LEFT,NONE,NORMAL,OP024,LOW,YES,NORMAL,
OT-01882,2026-06-24T00:38:09Z,PLC03,HOIST_DOWN,NONE,NORMAL,OP019,LOW,YES,NORMAL,
OT-01883,2026-06-24T06:57:54Z,CRANE06,SPEED_SET,NONE,NORMAL,OP026,LOW,YES,NORMAL,
OT-01884,2026-06-11T20:06:56Z,PLC11,IDLE,NONE,RUNNING,OP017,LOW,YES,NORMAL,
OT-01885,2026-06-12T14:34:38Z,CRANE02,HOIST_UP,NONE,RUNNING,OP005,LOW,YES,NORMAL,
OT-01886,2026-06-24T01:40:22Z,CRANE05,STOP,NONE,IDLE,OP039,LOW,YES,NORMAL,
OT-01887,2026-06-02T17:39:20Z,CRANE06,STOP,NONE,NORMAL,OP024,LOW,YES,NORMAL,
OT-01888,2026-06-15T01:29:17Z,PLC12,HOIST_DOWN,NONE,RUNNING,OP040,LOW,YES,NORMAL,
OT-01889,2026-06-21T13:20:13Z,YARD-04,SPEED_SET,ALM-101,RUNNING,OP036,MEDIUM,YES,NORMAL,
OT-01890,2026-06-05T09:25:02Z,PLC12,OUT_OF_SEQUENCE,ALM-418,DEGRADED,OP006,CRITICAL,NO,SUSPICIOUS,
OT-01891,2026-06-23T04:44:34Z,CRANE05,SPEED_SET,NONE,NORMAL,OP031,LOW,YES,NORMAL,
OT-01892,2026-06-18T05:14:35Z,YARD-06,STATUS_READ,NONE,NORMAL,OP024,LOW,YES,NORMAL,
OT-01893,2026-06-01T02:52:39Z,PLC03,STATUS_READ,NONE,RUNNING,OP033,LOW,YES,NORMAL,
OT-01894,2026-06-07T15:27:41Z,CRANE04,IDLE,NONE,IDLE,OP039,LOW,YES,NORMAL,
OT-01895,2026-06-25T12:05:56Z,YARD-04,SPEED_SET,NONE,RUNNING,OP035,LOW,YES,NORMAL,
OT-01896,2026-06-12T10:41:48Z,PLC04,MOVE_LEFT,ALM-101,NORMAL,OP003,MEDIUM,YES,NORMAL,
OT-01897,2026-06-06T22:10:41Z,YARD-04,SPEED_SET,NONE,IDLE,OP015,LOW,YES,NORMAL,
OT-01898,2026-06-10T10:02:12Z,PLC02,MOVE_LEFT,NONE,NORMAL,OP006,LOW,YES,NORMAL,
OT-01899,2026-06-12T20:46:23Z,YARD-02,MOVE_LEFT,NONE,IDLE,OP015,LOW,YES,NORMAL,
OT-01900,2026-06-01T10:07:14Z,PLC01,IDLE,NONE,NORMAL,OP009,LOW,YES,NORMAL,
OT-01901,2026-06-06T18:55:24Z,PLC01,MOVE_LEFT,NONE,NORMAL,OP001,LOW,YES,NORMAL,
OT-01902,2026-06-24T20:07:09Z,YARD-06,SPEED_SET,NONE,NORMAL,OP014,LOW,YES,NORMAL,
OT-01903,2026-06-01T17:43:50Z,CRANE03,MOVE_RIGHT,NONE,IDLE,OP008,LOW,YES,NORMAL,
OT-01904,2026-06-13T06:15:49Z,PLC08,MOVE_RIGHT,NONE,NORMAL,OP005,LOW,YES,NORMAL,
OT-01905,2026-06-27T17:07:12Z,CRANE07,HOIST_UP,NONE,IDLE,OP011,LOW,YES,NORMAL,
OT-01906,2026-06-26T10:34:35Z,PLC12,MOVE_LEFT,NONE,IDLE,OP019,LOW,YES,NORMAL,
OT-01907,2026-06-28T21:04:14Z,PLC12,OUT_OF_SEQUENCE,ALM-204,ABNORMAL,OP021,CRITICAL,NO,SUSPICIOUS,
OT-01908,2026-06-13T20:31:31Z,CRANE06,STATUS_READ,ALM-107,IDLE,OP015,MEDIUM,YES,NORMAL,
OT-01909,2026-06-24T03:53:07Z,PLC11,MOVE_RIGHT,NONE,IDLE,OP018,LOW,YES,NORMAL,
OT-01910,2026-06-27T17:04:40Z,PLC05,SPEED_SET,NONE,RUNNING,OP005,LOW,YES,NORMAL,
OT-01911,2026-06-02T06:26:27Z,YARD-03,SPEED_SET,NONE,RUNNING,OP022,LOW,YES,NORMAL,
OT-01912,2026-06-19T06:21:43Z,PLC08,HOIST_UP,NONE,RUNNING,OP017,LOW,YES,NORMAL,
OT-01913,2026-06-21T17:58:12Z,CRANE03,HOIST_DOWN,NONE,RUNNING,OP031,LOW,YES,NORMAL,
OT-01914,2026-06-02T16:50:40Z,PLC05,STOP,NONE,RUNNING,OP002,LOW,YES,NORMAL,
OT-01915,2026-06-08T13:30:02Z,CRANE05,MOVE_RIGHT,NONE,IDLE,OP010,LOW,YES,NORMAL,
OT-01916,2026-06-01T13:28:25Z,YARD-04,STATUS_READ,NONE,NORMAL,OP024,LOW,YES,NORMAL,
OT-01917,2026-06-21T23:03:16Z,YARD-08,MOVE_RIGHT,NONE,NORMAL,OP011,LOW,YES,NORMAL,
OT-01918,2026-06-17T04:57:59Z,YARD-03,IDLE,NONE,IDLE,OP015,LOW,YES,NORMAL,
OT-01919,2026-06-19T17:49:24Z,PLC07,HOIST_UP,NONE,NORMAL,OP014,LOW,YES,NORMAL,
OT-01920,2026-06-11T12:32:31Z,PLC08,STOP,NONE,NORMAL,OP023,LOW,YES,NORMAL,
OT-01921,2026-06-29T20:14:22Z,CRANE06,MOVE_RIGHT,NONE,NORMAL,OP019,LOW,YES,NORMAL,
OT-01922,2026-06-19T21:41:33Z,YARD-03,MOVE_LEFT,NONE,NORMAL,OP017,LOW,YES,NORMAL,
OT-01923,2026-06-30T01:29:22Z,PLC04,SPEED_SET,NONE,NORMAL,OP033,LOW,YES,NORMAL,
OT-01924,2026-06-25T10:09:35Z,CRANE05,STOP,NONE,IDLE,OP018,LOW,YES,NORMAL,
OT-01925,2026-06-10T01:58:05Z,YARD-03,MOVE_RIGHT,NONE,IDLE,OP015,LOW,YES,NORMAL,
OT-01926,2026-06-17T01:34:53Z,PLC05,STATUS_READ,NONE,NORMAL,OP037,LOW,YES,NORMAL,
OT-01927,2026-06-12T21:21:15Z,CRANE01,MOVE_LEFT,NONE,IDLE,OP032,LOW,YES,NORMAL,
OT-01928,2026-06-06T01:05:40Z,PLC03,STATUS_READ,NONE,RUNNING,OP010,LOW,YES,NORMAL,
OT-01929,2026-06-17T09:58:41Z,PLC07,SPEED_SET,NONE,RUNNING,OP007,LOW,YES,NORMAL,
OT-01930,2026-06-01T04:13:33Z,PLC05,HOIST_DOWN,NONE,RUNNING,OP002,LOW,YES,NORMAL,
OT-01931,2026-06-13T19:32:45Z,CRANE05,STOP,NONE,NORMAL,OP014,LOW,YES,NORMAL,
OT-01932,2026-06-23T22:45:43Z,YARD-01,STATUS_READ,NONE,RUNNING,OP022,LOW,YES,NORMAL,
OT-01933,2026-06-26T11:23:05Z,PLC02,HOIST_UP,NONE,NORMAL,OP019,LOW,YES,NORMAL,
OT-01934,2026-06-11T09:34:31Z,YARD-02,MOVE_RIGHT,NONE,RUNNING,OP024,LOW,YES,NORMAL,
OT-01935,2026-06-23T08:36:39Z,PLC02,HOIST_UP,NONE,RUNNING,OP026,LOW,YES,NORMAL,
OT-01936,2026-06-08T06:56:38Z,PLC06,REPEATED_COMMAND,ALM-418,DEGRADED,OP027,HIGH,NO,SUSPICIOUS,
OT-01937,2026-06-19T12:06:47Z,PLC08,HOIST_UP,NONE,NORMAL,OP006,LOW,YES,NORMAL,
OT-01938,2026-06-17T16:18:19Z,PLC12,MOVE_RIGHT,NONE,RUNNING,OP011,LOW,YES,NORMAL,
OT-01939,2026-06-14T06:21:26Z,PLC05,MOVE_LEFT,NONE,NORMAL,OP008,LOW,YES,NORMAL,
OT-01940,2026-06-10T01:20:05Z,PLC08,HOIST_DOWN,NONE,NORMAL,OP036,LOW,YES,NORMAL,
OT-01941,2026-06-06T05:17:31Z,PLC11,SPEED_SET,NONE,NORMAL,OP040,LOW,YES,NORMAL,
OT-01942,2026-06-26T15:17:57Z,PLC04,STOP,NONE,NORMAL,OP028,LOW,YES,NORMAL,
OT-01943,2026-06-16T09:04:18Z,CRANE01,SPEED_SET,NONE,NORMAL,OP030,LOW,YES,NORMAL,
OT-01944,2026-06-25T08:10:37Z,CRANE08,HOIST_DOWN,NONE,IDLE,OP026,LOW,YES,NORMAL,
OT-01945,2026-06-01T15:08:47Z,CRANE01,HOIST_UP,NONE,RUNNING,OP028,LOW,YES,NORMAL,
OT-01946,2026-06-19T11:37:58Z,CRANE01,MOVE_LEFT,NONE,RUNNING,OP018,LOW,YES,NORMAL,
OT-01947,2026-06-26T01:24:20Z,PLC01,EMERGENCY_STOP,ALM-509,ABNORMAL,OP036,HIGH,NO,SUSPICIOUS,
OT-01948,2026-06-23T17:30:30Z,PLC07,HOIST_DOWN,NONE,RUNNING,OP023,LOW,YES,NORMAL,
OT-01949,2026-06-12T04:42:37Z,CRANE02,HOIST_UP,NONE,IDLE,OP026,LOW,YES,NORMAL,
OT-01950,2026-06-16T09:27:47Z,CRANE08,MOVE_RIGHT,NONE,NORMAL,OP015,LOW,YES,NORMAL,
OT-01951,2026-06-21T07:08:09Z,CRANE08,IDLE,NONE,RUNNING,OP004,LOW,YES,NORMAL,
OT-01952,2026-06-13T09:29:45Z,CRANE05,STOP,NONE,IDLE,OP039,LOW,YES,NORMAL,
OT-01953,2026-06-12T01:20:21Z,YARD-01,STOP,NONE,RUNNING,OP028,LOW,YES,NORMAL,
OT-01954,2026-06-29T09:42:08Z,YARD-07,HOIST_UP,NONE,NORMAL,OP004,LOW,YES,NORMAL,
OT-01955,2026-06-06T02:11:37Z,CRANE02,MOVE_LEFT,NONE,RUNNING,OP008,LOW,YES,NORMAL,
OT-01956,2026-06-26T13:30:16Z,CRANE01,IDLE,NONE,NORMAL,OP015,LOW,YES,NORMAL,
OT-01957,2026-06-15T05:01:55Z,YARD-06,MOVE_LEFT,NONE,NORMAL,OP019,LOW,YES,NORMAL,
OT-01958,2026-06-07T01:26:46Z,YARD-06,STOP,NONE,IDLE,OP010,LOW,YES,NORMAL,
OT-01959,2026-06-28T14:02:45Z,YARD-01,MOVE_LEFT,NONE,IDLE,OP010,LOW,YES,NORMAL,
OT-01960,2026-06-18T23:20:40Z,CRANE06,OUT_OF_SEQUENCE,ALM-204,ABNORMAL,OP007,HIGH,NO,SUSPICIOUS,INC-T21-003
OT-01961,2026-06-12T01:26:31Z,PLC07,REPEATED_COMMAND,ALM-418,DEGRADED,OP025,HIGH,NO,SUSPICIOUS,INC-T21-002
OT-01962,2026-06-27T23:51:20Z,CRANE08,STOP,NONE,NORMAL,OP028,LOW,YES,NORMAL,
OT-01963,2026-06-16T20:10:30Z,PLC01,MOVE_RIGHT,NONE,RUNNING,OP024,LOW,YES,NORMAL,
OT-01964,2026-06-28T14:37:42Z,CRANE07,MOVE_RIGHT,NONE,RUNNING,OP007,LOW,YES,NORMAL,
OT-01965,2026-06-12T00:18:22Z,PLC08,IDLE,NONE,IDLE,OP038,LOW,YES,NORMAL,
OT-01966,2026-06-18T01:47:08Z,PLC02,STATUS_READ,NONE,IDLE,OP020,LOW,YES,NORMAL,
OT-01967,2026-06-04T15:11:25Z,CRANE06,IDLE,NONE,NORMAL,OP004,LOW,YES,NORMAL,
OT-01968,2026-06-24T09:12:53Z,PLC06,IDLE,NONE,IDLE,OP004,LOW,YES,NORMAL,
OT-01969,2026-06-04T09:49:34Z,PLC03,IDLE,NONE,NORMAL,OP018,LOW,YES,NORMAL,
OT-01970,2026-06-24T03:03:37Z,PLC03,HOIST_DOWN,NONE,NORMAL,OP040,LOW,YES,NORMAL,
OT-01971,2026-06-18T15:36:39Z,PLC05,HOIST_UP,NONE,RUNNING,OP035,LOW,YES,NORMAL,
OT-01972,2026-06-13T15:45:57Z,YARD-04,SPEED_SET,NONE,NORMAL,OP020,LOW,YES,NORMAL,
OT-01973,2026-06-19T03:26:34Z,YARD-08,HOIST_UP,NONE,NORMAL,OP021,LOW,YES,NORMAL,
OT-01974,2026-06-01T12:54:09Z,YARD-03,STOP,NONE,IDLE,OP036,LOW,YES,NORMAL,
OT-01975,2026-06-15T18:21:03Z,PLC10,SPEED_SET,NONE,NORMAL,OP038,LOW,YES,NORMAL,
OT-01976,2026-06-25T20:13:00Z,PLC08,IDLE,NONE,RUNNING,OP009,LOW,YES,NORMAL,
OT-01977,2026-06-22T19:07:33Z,YARD-08,SPEED_SET,NONE,RUNNING,OP032,LOW,YES,NORMAL,
OT-01978,2026-06-30T18:20:57Z,PLC12,STOP,NONE,NORMAL,OP031,LOW,YES,NORMAL,
OT-01979,2026-06-05T02:27:19Z,PLC01,STOP,NONE,IDLE,OP038,LOW,YES,NORMAL,
OT-01980,2026-06-30T08:50:18Z,PLC12,HOIST_UP,NONE,IDLE,OP036,LOW,YES,NORMAL,
OT-01981,2026-06-06T21:19:46Z,CRANE03,HOIST_DOWN,NONE,IDLE,OP005,LOW,YES,NORMAL,
OT-01982,2026-06-13T03:25:34Z,PLC03,HOIST_UP,NONE,RUNNING,OP040,LOW,YES,NORMAL,
OT-01983,2026-06-01T11:56:04Z,CRANE06,SPEED_SET,NONE,RUNNING,OP023,LOW,YES,NORMAL,
OT-01984,2026-06-22T00:04:10Z,PLC05,HOIST_UP,NONE,IDLE,OP023,LOW,YES,NORMAL,
OT-01985,2026-06-12T23:01:45Z,CRANE07,STOP,NONE,RUNNING,OP010,LOW,YES,NORMAL,
OT-01986,2026-06-26T03:46:26Z,YARD-01,HOIST_DOWN,NONE,NORMAL,OP002,LOW,YES,NORMAL,
OT-01987,2026-06-10T13:45:35Z,PLC06,OUT_OF_SEQUENCE,ALM-204,SAFE_STOP,OP037,HIGH,NO,SUSPICIOUS,
OT-01988,2026-06-15T05:40:54Z,YARD-05,HOIST_UP,NONE,RUNNING,OP023,LOW,YES,NORMAL,
OT-01989,2026-06-04T03:58:55Z,CRANE03,STATUS_READ,NONE,IDLE,OP038,LOW,YES,NORMAL,
OT-01990,2026-06-13T22:24:08Z,YARD-02,MOVE_LEFT,NONE,RUNNING,OP003,LOW,YES,NORMAL,
OT-01991,2026-06-14T01:50:56Z,YARD-05,STATUS_READ,NONE,RUNNING,OP037,LOW,YES,NORMAL,
OT-01992,2026-06-22T14:14:38Z,PLC10,MOVE_RIGHT,NONE,NORMAL,OP018,LOW,YES,NORMAL,
OT-01993,2026-06-02T05:56:46Z,CRANE06,HOIST_UP,NONE,RUNNING,OP020,LOW,YES,NORMAL,
OT-01994,2026-06-01T06:56:23Z,YARD-07,SPEED_SET,NONE,RUNNING,OP011,LOW,YES,NORMAL,
OT-01995,2026-06-23T05:37:54Z,PLC09,MOVE_LEFT,NONE,NORMAL,OP034,LOW,YES,NORMAL,
OT-01996,2026-06-01T02:42:06Z,CRANE07,IDLE,ALM-101,RUNNING,OP004,MEDIUM,YES,NORMAL,
OT-01997,2026-06-14T18:13:08Z,CRANE06,STOP,NONE,IDLE,OP015,LOW,YES,NORMAL,
OT-01998,2026-06-15T05:23:34Z,CRANE07,STOP,NONE,NORMAL,OP025,LOW,YES,NORMAL,
OT-01999,2026-06-02T23:59:15Z,CRANE08,STOP,NONE,RUNNING,OP038,LOW,YES,NORMAL,
OT-INC-001-01,2026-06-05T22:46:00Z,CRANE03,STATUS_READ,NONE,RUNNING,OP014,LOW,YES,INCIDENT,INC-T21-001
OT-INC-001-02,2026-06-05T22:47:00Z,CRANE03,PLC_MODE_CHANGE,ALM-204,ABNORMAL,OP014,HIGH,NO,INCIDENT,INC-T21-001
OT-INC-001-03,2026-06-05T22:48:00Z,CRANE03,UNAUTHORIZED_COMMAND,ALM-311,DEGRADED,OP014,HIGH,NO,INCIDENT,INC-T21-001
OT-INC-001-04,2026-06-05T22:49:00Z,CRANE03,EMERGENCY_STOP,ALM-418,SAFE_STOP,OP014,CRITICAL,NO,INCIDENT,INC-T21-001
OT-INC-002-01,2026-06-12T01:21:00Z,PLC07,STATUS_READ,NONE,RUNNING,OP014,LOW,YES,INCIDENT,INC-T21-002
OT-INC-002-02,2026-06-12T01:22:00Z,PLC07,PLC_MODE_CHANGE,ALM-204,ABNORMAL,OP014,HIGH,NO,INCIDENT,INC-T21-002
OT-INC-002-03,2026-06-12T01:23:00Z,PLC07,UNAUTHORIZED_COMMAND,ALM-311,DEGRADED,OP014,HIGH,NO,INCIDENT,INC-T21-002
OT-INC-002-04,2026-06-12T01:24:00Z,PLC07,EMERGENCY_STOP,ALM-418,SAFE_STOP,OP014,CRITICAL,NO,INCIDENT,INC-T21-002
OT-INC-003-01,2026-06-18T23:11:00Z,CRANE06,STATUS_READ,NONE,RUNNING,OP014,LOW,YES,INCIDENT,INC-T21-003
OT-INC-003-02,2026-06-18T23:12:00Z,CRANE06,PLC_MODE_CHANGE,ALM-204,ABNORMAL,OP014,HIGH,NO,INCIDENT,INC-T21-003
OT-INC-003-03,2026-06-18T23:13:00Z,CRANE06,UNAUTHORIZED_COMMAND,ALM-311,DEGRADED,OP014,HIGH,NO,INCIDENT,INC-T21-003
OT-INC-003-04,2026-06-18T23:14:00Z,CRANE06,EMERGENCY_STOP,ALM-418,SAFE_STOP,OP014,CRITICAL,NO,INCIDENT,INC-T21-003
OT-INC-004-01,2026-06-24T19:36:00Z,YARD-05,STATUS_READ,NONE,RUNNING,OP014,LOW,YES,INCIDENT,INC-T21-004
OT-INC-004-02,2026-06-24T19:37:00Z,YARD-05,PLC_MODE_CHANGE,ALM-204,ABNORMAL,OP014,HIGH,NO,INCIDENT,INC-T21-004
OT-INC-004-03,2026-06-24T19:38:00Z,YARD-05,UNAUTHORIZED_COMMAND,ALM-311,DEGRADED,OP014,HIGH,NO,INCIDENT,INC-T21-004
OT-INC-004-04,2026-06-24T19:39:00Z,YARD-05,EMERGENCY_STOP,ALM-418,SAFE_STOP,OP014,CRITICAL,NO,INCIDENT,INC-T21-004
